area_sqft,bedrooms,bathrooms,age_years,location_score,distance_to_city_km,distance_to_metro_km,school_rating,hospital_distance_km,crime_rate,parking_spaces,economic_growth_rate,historical_price_trend_pct,property_type,current_price,years_ahead,future_price,price_growth_percent
981.0,2.0,1.0,19.0,6.4,15.5,3.4,4.7,1.5,18.2,0.0,7.27,2.85,Apartment,2840000.0,1,2981000.0,4.96
2981.0,6.0,5.0,30.0,8.5,10.8,2.2,7.3,3.6,29.9,2.0,6.18,6.15,Independent House,14302000.0,3,16440000.0,14.95
788.0,1.0,1.0,6.0,6.4,8.4,3.7,3.0,1.5,17.8,2.0,7.33,2.51,Apartment,2595000.0,3,3094000.0,19.23
1792.0,3.0,3.0,10.0,8.0,12.7,6.7,6.5,2.8,17.2,2.0,7.69,5.2,Independent House,7937000.0,2,8890000.0,12.01
1015.0,1.0,1.0,7.0,9.9,0.5,2.3,6.7,0.5,16.9,2.0,6.13,2.01,Apartment,7487000.0,2,8540000.0,14.06
1843.0,3.0,3.0,4.0,6.6,14.1,2.6,4.1,0.8,,2.0,3.6,-0.48,Apartment,6306000.0,5,7215000.0,14.41
1057.0,1.0,,19.0,2.6,17.3,2.7,5.3,1.2,38.7,0.0,5.38,1.73,Apartment,2134000.0,4,2340000.0,9.65
1006.0,2.0,2.0,5.0,8.5,7.5,3.9,10.0,1.6,20.0,2.0,4.24,3.22,Apartment,6768000.0,4,8175000.0,20.79
1138.0,2.0,2.0,6.0,4.5,10.4,5.5,5.8,1.2,42.7,2.0,5.98,7.02,Apartment,2776000.0,5,3635000.0,30.94
921.0,2.0,2.0,10.0,8.0,9.9,1.2,5.3,3.5,20.2,,5.34,5.63,,4098000.0,1,4323000.0,5.49
679.0,1.0,1.0,25.0,6.6,5.0,1.9,5.6,1.7,26.1,2.0,8.04,6.01,Apartment,2924000.0,3,3662000.0,25.24
922.0,1.0,2.0,7.0,5.0,8.9,4.9,3.7,0.7,29.4,1.0,4.86,2.35,Apartment,2710000.0,1,2840000.0,4.8
935.0,1.0,1.0,6.0,4.7,10.2,3.3,3.7,1.4,40.5,2.0,3.51,-0.94,Apartment,2386000.0,5,2751000.0,15.3
3456.0,6.0,4.0,1.0,7.8,9.3,,7.7,4.6,20.1,2.0,6.17,5.38,Villa,28374000.0,2,32449000.0,14.36
965.0,2.0,2.0,4.0,9.0,2.4,1.5,4.8,0.4,29.0,1.0,7.01,5.89,Apartment,4766000.0,5,6358000.0,33.4
1311.0,2.0,2.0,16.0,5.2,5.4,1.4,3.7,1.9,34.7,3.0,4.32,2.6,Independent House,3778000.0,1,3890000.0,2.96
3137.0,5.0,4.0,15.0,8.4,10.3,3.0,7.2,1.5,2.0,1.0,5.53,3.28,Independent House,19386000.0,5,24118000.0,24.41
1228.0,3.0,3.0,11.0,8.5,12.1,1.0,,2.0,37.3,1.0,9.08,9.45,Apartment,6569000.0,1,7153000.0,8.89
995.0,2.0,3.0,7.0,3.4,9.6,4.9,1.2,2.9,23.3,,6.68,2.12,Apartment,2373000.0,3,2594000.0,9.31
1629.0,4.0,4.0,1.0,6.1,6.6,4.7,5.7,1.8,21.3,3.0,6.05,2.05,Independent House,8245000.0,1,8761000.0,6.26
1518.0,3.0,3.0,31.0,4.8,5.6,6.5,,1.5,17.4,0.0,7.17,3.88,Flat,3727000.0,3,4304000.0,15.48
609.0,1.0,1.0,3.0,7.6,11.1,8.3,7.2,3.4,27.7,2.0,7.72,6.07,Apartment,2417000.0,2,2681000.0,10.92
974.0,2.0,4.0,3.0,7.9,5.1,4.1,7.8,0.7,23.7,1.0,7.37,4.8,Apartment,5626000.0,5,7885000.0,40.15
1155.0,,4.0,43.0,4.8,,1.4,5.5,2.4,24.3,1.0,5.21,4.39,Apartment,3009000.0,5,3761000.0,24.99
1271.0,2.0,2.0,20.0,6.2,5.1,2.4,5.5,4.2,37.4,2.0,8.36,5.11,Apartment,3980000.0,3,4762000.0,19.65
3455.0,1.0,2.0,26.0,8.4,3.7,4.0,5.5,1.1,20.6,1.0,8.66,8.66,Apartment,2719000.0,4,3572000.0,31.37
1128.0,3.0,2.0,5.0,6.9,10.0,4.9,3.3,1.6,33.2,0.0,4.94,4.68,Apartment,3613000.0,4,4276000.0,18.35
1232.0,1.0,1.0,,5.4,12.7,6.0,4.4,2.6,47.6,0.0,6.22,2.28,Apartment,2248000.0,3,2468000.0,9.79
864.0,3.0,2.0,17.0,6.3,14.6,4.3,9.1,2.2,24.2,1.0,2.4,2.07,Apartment,3102000.0,5,3436000.0,10.77
1839.0,3.0,3.0,10.0,8.5,11.2,12.2,5.5,1.8,21.6,2.0,3.68,4.53,Independent House,6166000.0,2,6674000.0,8.24
951.0,2.0,2.0,4.0,8.2,9.5,2.3,6.2,3.4,29.9,1.0,10.0,6.08,Apartment,4851000.0,1,5263000.0,8.49
1513.0,3.0,3.0,3.0,5.5,17.2,3.8,6.0,,15.8,2.0,6.16,5.43,Independent House,5851000.0,2,6626000.0,13.25
787.0,1.0,1.0,6.0,4.6,6.3,3.0,3.3,1.6,35.0,2.0,5.12,5.25,Apartment,2241000.0,2,2429000.0,8.39
1367.0,3.0,3.0,10.0,8.1,6.9,1.6,7.0,1.5,23.0,3.0,6.27,3.44,Independent House,8601000.0,1,9155000.0,6.44
1102.0,2.0,1.0,13.0,5.2,13.3,2.5,1.0,,26.9,0.0,6.6,4.98,Apartment,2675000.0,4,3343000.0,24.97
3571.0,6.0,5.0,,4.8,12.3,1.4,6.9,10.8,40.4,3.0,8.01,6.97,Villa,17173000.0,3,20961000.0,22.06
1000.0,1.0,1.0,14.0,5.4,16.4,10.1,,1.2,31.4,0.0,7.85,4.37,Apartment,1886000.0,4,2236000.0,18.56
2273.0,5.0,4.0,2.0,8.2,7.5,4.7,5.7,2.5,39.8,1.0,4.88,2.17,Independent House,11477000.0,4,12900000.0,12.4
634.0,1.0,1.0,10.0,5.5,10.8,3.6,6.1,0.9,26.2,2.0,4.91,-0.03,Apartment,2142000.0,5,2558000.0,19.42
2450.0,4.0,3.0,8.0,4.7,22.8,4.8,5.8,8.4,19.6,4.0,6.29,3.91,,8993000.0,4,10421000.0,15.88
1039.0,1.0,1.0,8.0,4.0,10.4,3.8,3.8,1.7,29.8,3.0,4.39,4.03,Independent House,2824000.0,4,3150000.0,11.54
2960.0,6.0,4.0,21.0,5.6,14.8,5.8,4.5,4.4,23.4,4.0,4.44,3.78,Villa,11873000.0,2,12475000.0,5.07
859.0,2.0,2.0,18.0,5.6,14.3,2.3,5.3,4.0,29.9,0.0,5.17,6.43,Apartment,1896000.0,4,2333000.0,23.05
1174.0,2.0,1.0,9.0,6.3,13.7,6.0,4.9,2.5,42.4,2.0,5.91,3.06,Apartment,3214000.0,1,3354000.0,4.36
1275.0,2.0,2.0,10.0,5.9,13.3,1.9,5.5,,35.0,,6.18,1.38,Independent House,3951000.0,3,4466000.0,13.03
674.0,1.0,1.0,5.0,1.9,21.8,3.1,3.9,3.3,37.2,0.0,7.49,2.5,Apartment,1148000.0,3,1253000.0,9.15
2547.0,5.0,5.0,22.0,3.7,15.1,2.4,6.3,2.2,37.6,2.0,7.24,3.51,Independent House,6818000.0,2,7337000.0,7.61
2436.0,4.0,3.0,2.0,3.4,10.9,0.2,2.8,1.4,33.7,3.0,6.63,0.89,Villa,9959000.0,5,12194000.0,22.44
815.0,1.0,2.0,6.0,3.6,20.8,7.5,3.1,9.2,38.0,0.0,4.38,1.41,Apartment,1320000.0,3,1414000.0,7.12
1447.0,2.0,2.0,8.0,5.0,12.0,3.0,3.7,5.0,32.5,0.0,4.91,4.25,Apartment,3459000.0,1,3562000.0,2.98
1955.0,4.0,4.0,21.0,4.6,12.5,3.9,4.2,3.1,26.7,1.0,4.76,1.77,Independent House,4774000.0,2,5081000.0,6.43
1402.0,3.0,3.0,11.0,6.8,0.5,0.5,7.0,1.4,50.9,1.0,8.15,2.35,Independent House,6763000.0,4,8316000.0,22.96
729.0,1.0,2.0,6.0,4.4,6.1,0.4,5.1,,22.6,1.0,7.46,1.92,Apartment,2272000.0,2,2506000.0,10.3
1231.0,2.0,2.0,6.0,1.4,8.5,5.8,2.5,2.6,45.5,1.0,6.92,3.83,Independent House,2502000.0,2,2676000.0,6.95
1346.0,2.0,2.0,15.0,3.5,16.8,13.6,3.1,0.8,44.3,2.0,3.64,1.64,Apartment,1782000.0,3,1885000.0,5.78
1213.0,3.0,3.0,11.0,4.8,17.8,3.1,5.8,3.1,40.8,0.0,3.97,3.85,Apartment,2847000.0,1,2968000.0,4.25
1357.0,2.0,2.0,1.0,8.3,7.5,7.8,7.8,2.4,15.2,,8.9,4.74,Apartment,7381000.0,2,8526000.0,15.51
1050.0,2.0,2.0,8.0,4.4,13.4,2.2,4.2,3.2,,,5.58,5.91,Apartment,2456000.0,5,3242000.0,32.0
3540.0,6.0,5.0,5.0,6.6,11.7,6.8,4.2,1.5,47.3,2.0,2.67,2.23,Villa,10995000.0,5,12139000.0,10.4
904.0,1.0,2.0,7.0,5.8,12.5,6.8,5.0,1.9,17.5,1.0,6.84,3.74,Apartment,2724000.0,2,2985000.0,9.58
2587.0,4.0,3.0,26.0,7.8,2.3,2.1,4.7,0.9,,1.0,6.25,3.91,Independent House,9454000.0,5,12491000.0,32.12
814.0,3.0,2.0,16.0,6.8,10.2,2.1,7.3,0.6,38.4,1.0,6.46,6.11,Apartment,3163000.0,3,3768000.0,19.13
1468.0,3.0,2.0,50.0,3.9,21.7,15.5,5.2,5.7,28.2,2.0,8.01,4.86,Apartment,1587000.0,4,1776000.0,11.91
3013.0,5.0,4.0,9.0,2.8,20.3,4.0,7.0,,50.1,3.0,3.6,3.67,Independent House,6492000.0,3,6907000.0,6.39
1275.0,3.0,3.0,3.0,,6.1,8.2,8.7,1.1,30.9,1.0,7.08,6.57,Independent House,6812000.0,5,9758000.0,43.25
1535.0,2.0,2.0,17.0,7.5,21.9,8.7,6.1,1.7,29.4,3.0,7.3,0.81,Independent House,5013000.0,1,5233000.0,4.39
3645.0,6.0,5.0,7.0,7.1,21.0,5.4,4.8,8.0,38.8,1.0,6.6,5.75,Independent House,11507000.0,2,12521000.0,8.81
1402.0,2.0,3.0,6.0,2.3,16.4,4.0,,2.7,47.0,1.0,5.65,2.17,Apartment,2736000.0,5,2842000.0,3.87
686.0,1.0,1.0,23.0,9.0,7.5,4.2,6.4,2.8,30.3,1.0,6.1,6.29,Apartment,2439000.0,2,2720000.0,11.52
1820.0,4.0,4.0,12.0,3.2,23.9,3.6,4.7,3.4,16.2,2.0,4.25,5.66,Independent House,4457000.0,1,4584000.0,2.85
1333.0,3.0,2.0,9.0,4.8,9.6,,5.2,2.6,35.0,1.0,6.01,0.58,Apartment,4067000.0,1,4206000.0,3.42
1249.0,,3.0,1.0,7.0,13.0,2.3,6.2,4.6,25.9,2.0,5.54,4.91,Apartment,4460000.0,3,5302000.0,18.88
2006.0,3.0,3.0,10.0,7.0,9.9,12.4,,2.1,29.7,3.0,7.77,5.34,Independent House,5236000.0,2,5828000.0,11.31
1076.0,3.0,2.0,17.0,6.4,3.8,1.9,5.8,0.4,34.8,0.0,7.59,7.01,Apartment,3900000.0,3,4810000.0,23.33
787.0,2.0,2.0,23.0,9.8,8.5,2.6,6.9,2.7,26.2,0.0,7.07,5.31,Apartment,3837000.0,5,5054000.0,31.72
1292.0,2.0,2.0,14.0,4.4,10.4,10.0,4.2,1.2,44.7,1.0,5.68,2.45,Apartment,2601000.0,2,2775000.0,6.69
1940.0,4.0,4.0,2.0,3.9,11.0,2.1,5.7,1.5,28.8,2.0,6.18,4.95,Independent House,7054000.0,5,9220000.0,30.71
750.0,1.0,1.0,39.0,3.3,13.7,5.9,4.0,0.9,45.0,0.0,5.84,3.09,Apartment,843000.0,4,969000.0,14.95
1328.0,2.0,2.0,14.0,4.5,21.4,6.8,6.9,1.7,33.4,0.0,4.85,0.99,Apartment,2725000.0,5,3234000.0,18.68
1436.0,3.0,2.0,11.0,4.0,13.5,5.1,8.0,2.8,33.2,2.0,,1.76,Apartment,3815000.0,3,3935000.0,3.15
2820.0,5.0,4.0,8.0,1.9,18.2,5.9,4.7,1.0,28.3,4.0,7.17,4.37,,8053000.0,5,10187000.0,26.5
1454.0,3.0,2.0,6.0,3.0,20.8,5.3,6.3,2.9,40.5,1.0,5.79,3.74,Independent House,3158000.0,2,3406000.0,7.85
1750.0,3.0,4.0,4.0,8.9,,7.9,4.8,1.9,13.7,2.0,7.03,7.88,Independent House,8446000.0,1,9078000.0,7.48
1043.0,1.0,1.0,10.0,4.1,12.0,1.3,4.8,3.1,25.5,0.0,4.48,3.44,Apartment,2564000.0,5,3199000.0,24.77
832.0,2.0,3.0,24.0,6.4,12.4,3.0,7.1,1.9,44.5,0.0,4.83,4.97,Apartment,2303000.0,5,2852000.0,23.84
2379.0,5.0,4.0,11.0,6.6,9.2,4.7,3.6,2.6,13.4,2.0,5.65,3.7,Independent House,8446000.0,5,10345000.0,22.48
838.0,2.0,2.0,11.0,8.1,8.2,1.0,6.2,0.6,44.6,1.0,5.29,,Apartment,3522000.0,2,3885000.0,10.31
1211.0,1.0,1.0,10.0,5.5,20.4,7.7,2.7,2.3,14.8,1.0,5.25,5.31,Apartment,2417000.0,2,2583000.0,6.87
2215.0,4.0,3.0,13.0,8.4,11.4,1.4,6.6,1.7,22.2,2.0,5.22,6.36,Villa,13110000.0,5,18272000.0,39.37
967.0,3.0,4.0,17.0,9.3,10.4,15.3,5.7,4.9,16.8,0.0,7.9,6.84,Apartment,3530000.0,1,3813000.0,8.02
1032.0,2.0,3.0,7.0,4.7,22.4,5.1,5.9,11.1,31.4,1.0,6.08,4.08,Apartment,2312000.0,5,2806000.0,21.37
1790.0,3.0,3.0,26.0,4.4,10.3,0.1,6.4,1.6,35.0,3.0,7.12,7.25,Independent House,5239000.0,2,5850000.0,11.66
2692.0,,4.0,30.0,6.9,6.8,2.4,3.8,0.8,,3.0,4.53,3.52,Villa,12563000.0,4,14029000.0,11.67
1794.0,3.0,2.0,18.0,,14.0,1.8,4.2,1.8,11.3,1.0,5.88,7.24,Independent House,7978000.0,3,9797000.0,22.8
570.0,1.0,,8.0,3.1,18.4,5.6,3.2,5.2,36.1,2.0,5.7,2.99,Apartment,1158000.0,5,1349000.0,16.49
993.0,2.0,2.0,13.0,4.3,13.1,2.7,7.0,1.5,21.0,0.0,7.18,3.97,Apartment,2727000.0,1,2873000.0,5.35
856.0,2.0,1.0,6.0,5.8,27.1,17.2,2.0,1.0,33.4,0.0,6.12,,Apt,1267000.0,3,1372000.0,8.29
1554.0,4.0,3.0,14.0,7.9,17.4,2.7,5.6,1.5,16.7,,4.92,6.83,Apartment,6753000.0,4,8047000.0,19.16
645.0,1.0,1.0,31.0,2.4,16.1,1.8,5.8,10.0,49.1,1.0,4.98,1.62,Apartment,953000.0,3,1024000.0,7.45
1195.0,3.0,3.0,4.0,7.3,12.8,4.9,,2.5,30.4,1.0,2.08,-0.88,Apartment,4105000.0,4,4146000.0,1.0
1239.0,0.0,2.0,7.0,5.4,10.7,4.4,4.4,2.6,15.7,0.0,5.65,3.06,Apartment,3832000.0,5,4821000.0,25.81
2084.0,4.0,3.0,10.0,6.2,15.5,11.7,5.1,1.0,47.3,3.0,5.55,6.74,Independent House,4416000.0,5,5220000.0,18.21
1166.0,2.0,2.0,,5.8,11.8,2.4,3.7,6.5,21.2,1.0,6.37,,Apartment,3631000.0,1,3803000.0,4.74
1594.0,3.0,2.0,8.0,6.9,9.0,5.1,8.0,0.6,30.4,0.0,5.72,6.7,Apartment,6527000.0,3,7820000.0,19.81
752.0,1.0,1.0,29.0,7.9,5.1,1.0,5.7,0.7,34.5,2.0,6.03,6.42,Apartment,2627000.0,2,2937000.0,11.8
1539.0,2.0,2.0,11.0,6.3,9.6,2.7,6.7,3.4,31.1,2.0,7.39,7.33,Apartment,5955000.0,4,7339000.0,23.24
1128.0,2.0,2.0,10.0,3.6,17.3,5.6,4.7,4.1,54.4,0.0,4.98,1.86,Apartment,1952000.0,1,2008000.0,2.87
809.0,1.0,2.0,16.0,6.3,6.9,4.4,4.1,1.4,,2.0,5.32,2.95,Independent House,2355000.0,5,2881000.0,22.34
1218.0,1.0,1.0,10.0,6.2,,1.6,,1.2,45.9,2.0,8.84,4.99,Apartment,4083000.0,5,5982000.0,46.51
2746.0,5.0,5.0,7.0,2.1,22.4,3.3,3.0,2.5,,3.0,2.76,,Villa,6775000.0,3,6864000.0,1.31
4275.0,6.0,5.0,12.0,6.9,9.4,0.9,8.7,0.7,23.1,3.0,5.98,6.58,Villa,32865000.0,3,39366000.0,19.78
1557.0,1.0,1.0,11.0,6.8,14.7,3.3,6.3,3.9,21.5,1.0,6.13,6.2,Independent House,5941000.0,3,7061000.0,18.85
2197.0,5.0,4.0,46.0,5.0,23.3,0.7,6.9,1.6,,3.0,4.84,4.94,Independent House,5357000.0,3,6006000.0,12.11
,2.0,2.0,11.0,6.0,13.3,4.4,5.7,1.6,33.7,2.0,7.17,4.31,Independent House,5693000.0,1,6027000.0,5.87
824.0,1.0,1.0,13.0,6.3,12.2,6.0,5.8,1.4,15.8,0.0,6.63,3.27,Apartment,2492000.0,3,2921000.0,17.22
1678.0,3.0,3.0,12.0,5.9,9.3,3.1,5.0,1.7,10.3,2.0,4.55,-0.62,Apartment,6151000.0,5,7427000.0,20.74
1737.0,3.0,3.0,7.0,9.7,3.3,1.2,3.4,4.1,18.8,2.0,6.24,7.36,Apartment,8473000.0,3,10333000.0,21.95
1347.0,3.0,3.0,6.0,5.1,8.2,1.6,6.0,3.0,31.7,1.0,7.04,5.92,Apartment,4646000.0,2,5190000.0,11.71
4977.0,6.0,,9.0,7.4,10.1,4.7,7.3,2.8,33.8,2.0,3.43,1.76,Villa,27051000.0,3,29811000.0,10.2
2842.0,5.0,5.0,6.0,1.7,21.4,7.6,3.5,5.3,40.7,1.0,8.56,5.45,Independent House,5937000.0,2,6309000.0,6.27
4976.0,6.0,5.0,22.0,1.9,16.4,10.4,3.7,4.1,44.3,2.0,6.01,2.52,Villa,9926000.0,2,10489000.0,5.67
1668.0,2.0,3.0,8.0,7.1,9.7,2.4,8.0,4.5,21.4,2.0,6.49,4.24,Independent House,8790000.0,2,9800000.0,11.49
1363.0,2.0,2.0,12.0,5.0,16.3,7.0,4.0,1.7,46.4,2.0,5.33,2.16,independent house,3330000.0,5,3989000.0,19.79
1372.0,2.0,1.0,14.0,9.2,1.3,2.0,7.7,0.8,38.0,1.0,7.55,6.5,Apartment,7880000.0,2,9074000.0,15.15
1367.0,2.0,2.0,8.0,4.8,13.2,4.3,5.6,4.2,26.9,0.0,5.76,5.25,Apartment,3634000.0,3,4253000.0,17.03
1185.0,,3.0,9.0,3.7,14.1,0.9,3.6,1.3,32.4,2.0,5.65,4.36,Apartment,3207000.0,5,3857000.0,20.27
1344.0,3.0,2.0,38.0,4.7,21.4,0.6,5.2,6.3,43.1,0.0,4.89,2.95,Apartment,2640000.0,2,2809000.0,6.4
1197.0,2.0,2.0,14.0,6.7,17.2,2.7,9.0,2.2,21.4,2.0,9.17,6.88,Apartment,4832000.0,1,5258000.0,8.82
,2.0,2.0,31.0,,21.0,8.3,7.1,8.7,36.7,2.0,5.01,3.91,Apartment,1952000.0,3,2050000.0,5.02
2006.0,5.0,3.0,6.0,7.2,9.8,4.1,5.8,4.0,20.3,2.0,6.45,8.36,Independent House,10287000.0,5,15480000.0,50.48
1307.0,2.0,2.0,26.0,2.9,13.2,3.5,5.1,1.8,41.9,2.0,5.17,2.3,Apartment,2520000.0,3,2757000.0,9.4
2513.0,4.0,4.0,10.0,4.0,14.9,3.6,4.0,12.1,50.4,2.0,6.6,5.04,Villa ,6577000.0,3,7455000.0,13.35
1301.0,2.0,2.0,7.0,8.7,7.9,2.6,7.5,0.5,14.4,2.0,8.25,6.8,Apartment,9108000.0,1,9874000.0,8.41
1911.0,3.0,3.0,3.0,4.9,9.1,1.6,8.5,4.3,38.7,2.0,4.6,1.91,Independent House,7170000.0,3,7716000.0,7.62
3167.0,6.0,5.0,10.0,3.9,7.7,2.4,4.7,1.2,51.8,2.0,4.33,-0.21,Villa,12656000.0,1,12696000.0,0.32
1781.0,3.0,3.0,13.0,7.6,8.8,0.8,5.9,3.6,28.0,2.0,6.4,5.31,Independent House,8061000.0,2,9091000.0,12.78
1370.0,2.0,3.0,17.0,3.7,12.7,,4.2,2.5,23.7,0.0,4.84,1.26,Apartment,3024000.0,1,3115000.0,3.01
714.0,2.0,1.0,18.0,8.8,1.2,0.8,5.2,1.9,32.6,2.0,5.99,3.31,Apartment,3511000.0,5,4515000.0,28.6
946.0,2.0,1.0,8.0,7.6,15.7,3.8,5.1,2.4,32.0,1.0,5.57,1.88,Apartment,3357000.0,1,3520000.0,4.86
1530.0,3.0,2.0,10.0,7.8,1.4,3.9,8.1,1.1,39.0,2.0,7.78,9.84,Independent House,7216000.0,5,10079000.0,39.68
2250.0,3.0,3.0,35.0,5.9,7.7,3.6,6.5,1.5,37.9,3.0,5.94,1.22,Independent House,7338000.0,3,8183000.0,11.52
961.0,1.0,1.0,5.0,6.6,10.6,3.5,1.5,1.2,15.3,2.0,7.8,7.33,Apartment,3210000.0,2,3742000.0,16.57
2799.0,5.0,4.0,17.0,7.0,13.2,6.5,5.9,4.5,14.3,3.0,7.05,5.48,Independent House,11082000.0,5,14016000.0,26.48
1349.0,2.0,2.0,12.0,5.0,12.4,0.9,5.6,2.8,38.5,2.0,5.73,0.7,Apartment,3715000.0,1,3814000.0,2.66
1205.0,2.0,2.0,11.0,6.5,11.3,0.6,3.2,1.9,30.3,1.0,6.13,3.25,Apartment,3565000.0,4,4253000.0,19.3
2372.0,4.0,4.0,9.0,5.8,18.2,7.4,3.2,3.3,31.4,1.0,5.5,4.45,Independent House,6735000.0,2,7114000.0,5.63
2228.0,5.0,4.0,25.0,4.4,11.7,2.6,4.7,1.0,40.0,3.0,5.1,0.25,Independent House,6083000.0,1,6268000.0,3.04
1668.0,3.0,2.0,14.0,6.2,12.3,11.1,4.4,1.4,43.4,2.0,6.17,5.87,Independent House,4250000.0,4,5053000.0,18.89
908.0,2.0,2.0,9.0,4.3,8.4,1.4,1.9,2.6,19.6,1.0,4.96,5.03,Apartment,2333000.0,1,2442000.0,4.67
730.0,2.0,,8.0,3.7,6.9,1.9,9.0,2.4,33.6,1.0,6.48,6.72,Apartment,2544000.0,2,2838000.0,11.56
1439.0,2.0,2.0,10.0,4.6,3.6,0.4,3.3,2.6,19.5,2.0,5.94,2.58,Apartment,4983000.0,1,5204000.0,4.44
1724.0,3.0,3.0,7.0,7.6,4.3,1.1,9.0,3.5,13.3,0.0,5.87,7.8,Apt,10143000.0,2,11639000.0,14.75
1044.0,1.0,2.0,10.0,6.3,13.6,9.4,3.1,4.9,16.5,1.0,6.53,2.24,Apartment,2451000.0,2,2637000.0,7.59
1124.0,2.0,2.0,12.0,3.8,17.9,6.5,4.3,3.8,34.9,1.0,6.84,3.36,Apartment,2245000.0,3,2482000.0,10.56
1625.0,3.0,3.0,9.0,6.5,1.8,0.9,5.7,1.6,18.2,1.0,7.23,3.93,Independent House,8487000.0,3,10245000.0,20.71
1201.0,2.0,2.0,2.0,10.0,0.5,3.1,,1.2,7.0,2.0,6.22,5.22,Apartment,8634000.0,1,9281000.0,7.49
1654.0,3.0,3.0,9.0,6.6,19.7,2.9,5.6,,40.3,2.0,6.94,3.81,Independent House,5392000.0,4,6418000.0,19.03
1790.0,4.0,3.0,10.0,5.0,11.6,14.0,3.4,1.3,18.4,2.0,7.86,6.09,Independent House,4334000.0,3,5100000.0,17.67
2856.0,5.0,4.0,25.0,6.2,8.2,0.6,5.9,3.2,30.6,2.0,4.01,2.34,Villa,14304000.0,5,18108000.0,26.59
639.0,2.0,2.0,7.0,6.6,10.2,4.6,5.2,2.1,20.4,2.0,6.43,5.69,Apartment,2816000.0,1,2992000.0,6.25
952.0,2.0,1.0,11.0,3.4,28.4,12.1,5.2,4.1,46.5,1.0,5.92,4.18,Apartment,1352000.0,3,1465000.0,8.36
1202.0,3.0,2.0,12.0,5.8,12.9,9.0,3.1,3.8,32.1,1.0,6.49,3.43,Apartment,2730000.0,3,2989000.0,9.49
1323.0,3.0,2.0,3.0,3.0,14.3,4.8,4.2,3.2,30.9,0.0,6.28,1.2,Apartment,2889000.0,3,3252000.0,12.56
1455.0,4.0,3.0,24.0,10.0,5.6,4.3,8.0,1.9,30.4,1.0,5.62,6.81,Apartment,9565000.0,5,13639000.0,42.59
1879.0,3.0,3.0,12.0,4.6,15.8,3.6,6.2,8.3,56.1,0.0,4.21,2.27,Apartment,4166000.0,3,4594000.0,10.27
1249.0,3.0,4.0,13.0,8.8,0.5,0.1,5.9,,28.3,2.0,7.23,3.89,Apartment,7190000.0,4,9344000.0,29.96
3041.0,6.0,5.0,9.0,5.6,8.0,1.3,7.5,2.4,31.5,3.0,3.83,3.75,Villa,15395000.0,3,16812000.0,9.2
1568.0,4.0,3.0,10.0,5.8,12.0,1.3,6.8,1.0,30.3,2.0,7.87,2.33,APARTMENT,6537000.0,2,7147000.0,9.33
1796.0,4.0,3.0,8.0,3.9,22.0,1.5,6.1,3.6,26.8,2.0,2.07,2.66,Independent House,5298000.0,5,5828000.0,10.0
917.0,3.0,3.0,6.0,6.0,16.6,3.8,5.9,2.0,33.4,1.0,4.53,6.63,Apartment,2774000.0,4,3473000.0,25.2
1287.0,3.0,3.0,5.0,5.0,12.8,3.5,5.0,2.6,34.5,2.0,3.61,3.28,Apartment,3926000.0,3,4258000.0,8.46
1916.0,3.0,3.0,,6.1,12.8,4.6,4.8,1.6,38.1,4.0,8.65,7.5,Villa,7530000.0,2,8919000.0,18.45
1059.0,1.0,1.0,2.0,5.9,8.2,2.9,5.2,1.0,43.4,0.0,3.31,6.31,Apartment,2742000.0,1,2855000.0,4.12
689.0,2.0,2.0,7.0,7.0,6.2,3.5,,1.4,22.8,2.0,8.0,4.54,Apartment,3086000.0,4,4019000.0,30.23
1284.0,2.0,1.0,8.0,3.3,15.2,2.3,4.8,7.2,42.4,1.0,5.68,3.92,apartment,2646000.0,1,2744000.0,3.7
2040.0,4.0,3.0,14.0,6.8,12.9,2.1,7.5,2.7,12.2,0.0,6.99,4.79,Apartment,8974000.0,3,10799000.0,20.34
1251.0,3.0,3.0,20.0,7.1,7.3,1.4,5.6,0.7,37.1,0.0,5.63,2.9,Apartment,4593000.0,5,5863000.0,27.65
1972.0,4.0,4.0,7.0,4.5,11.1,,5.9,5.9,30.9,3.0,6.28,2.6,independent house,5216000.0,1,5381000.0,3.16
903.0,1.0,2.0,19.0,8.1,6.9,2.7,6.0,2.1,22.4,0.0,6.32,7.46,Apartment,3018000.0,5,4377000.0,45.03
1723.0,3.0,3.0,23.0,5.6,11.1,2.7,6.6,2.6,39.0,1.0,6.06,4.7,Independent House,5804000.0,2,6398000.0,10.23
1411.0,3.0,2.0,14.0,3.6,15.2,0.6,,10.3,36.3,1.0,6.36,0.98,Apartment,2939000.0,5,3593000.0,22.25
679.0,2.0,3.0,11.0,5.5,11.1,2.7,4.2,2.6,32.5,2.0,7.15,3.33,Apartment,1741000.0,4,2013000.0,15.62
1574.0,3.0,3.0,24.0,7.5,10.4,7.1,5.7,1.5,2.0,2.0,7.94,9.31,Independent House,5934000.0,3,7392000.0,24.57
3039.0,5.0,4.0,5.0,6.5,11.3,1.5,6.3,2.1,35.8,2.0,7.19,2.44,Villa,16612000.0,4,20746000.0,24.89
577.0,1.0,1.0,11.0,7.2,7.4,6.0,4.0,2.4,22.5,0.0,6.97,6.0,Apartment,1854000.0,2,2057000.0,10.95
4324.0,6.0,5.0,5.0,5.9,18.5,3.5,5.5,3.0,34.3,3.0,6.75,5.29,Villa,19301000.0,2,21453000.0,11.15
1522.0,2.0,2.0,14.0,4.6,6.8,1.0,5.8,2.5,38.1,0.0,8.25,3.9,Apartment,4290000.0,3,5151000.0,20.07
1253.0,2.0,2.0,33.0,5.7,13.3,12.9,6.3,4.2,26.5,0.0,7.25,8.52,Apartment,2204000.0,3,2506000.0,13.7
779.0,2.0,2.0,25.0,9.6,0.5,,,1.6,30.1,2.0,8.73,8.31,Apartment,3685000.0,4,4946000.0,34.22
781.0,1.0,1.0,11.0,6.6,,3.3,4.9,2.2,30.2,1.0,6.47,1.05,Apartment,2690000.0,2,2930000.0,8.92
1478.0,3.0,3.0,9.0,7.0,15.4,2.7,7.2,1.0,37.1,2.0,7.22,5.68,Independent House,6254000.0,2,7030000.0,12.41
1062.0,1.0,1.0,16.0,6.1,10.4,5.6,,1.2,,2.0,6.6,2.68,Apartment,3334000.0,3,3814000.0,14.4
1070.0,2.0,3.0,10.0,7.7,9.0,9.5,6.3,2.7,32.3,1.0,6.61,5.97,Apartment,3333000.0,3,3922000.0,17.67
1224.0,3.0,3.0,11.0,8.0,7.1,2.7,6.1,3.0,24.4,1.0,5.55,7.2,Apartment,5447000.0,2,6132000.0,12.58
2036.0,4.0,4.0,10.0,4.4,22.0,3.8,5.9,1.3,36.8,1.0,4.47,3.16,Apartment,5398000.0,3,5923000.0,9.73
1677.0,4.0,4.0,,6.3,12.9,1.8,4.9,2.1,31.8,1.0,,6.61,Independent House,6483000.0,2,7258000.0,11.95
1614.0,,2.0,13.0,9.5,18.8,12.3,5.6,8.1,29.8,1.0,6.38,4.3,Independent House,4900000.0,4,5789000.0,18.14
3263.0,6.0,5.0,9.0,6.0,12.1,1.5,8.2,1.8,23.7,4.0,5.71,2.83,Villa,23347000.0,3,27081000.0,15.99
1265.0,3.0,2.0,3.0,2.8,17.4,2.0,6.9,4.2,48.1,1.0,6.94,1.71,INDEPENDENT HOUSE,2967000.0,3,3346000.0,12.77
1716.0,2.0,2.0,7.0,2.5,14.3,0.5,2.7,0.8,31.2,3.0,5.41,1.46,Independent House,4432000.0,2,4768000.0,7.58
2210.0,4.0,4.0,15.0,5.1,10.7,10.8,4.8,1.6,21.8,3.0,5.39,3.53,INDEPENDENT HOUSE,6197000.0,1,6397000.0,3.23
2447.0,6.0,4.0,22.0,4.7,14.9,1.1,5.3,3.4,28.8,1.0,6.67,5.87,Independent House,7408000.0,1,7707000.0,4.04
923.0,2.0,3.0,14.0,8.7,9.3,3.4,6.1,1.6,14.9,0.0,4.76,5.81,Apartment,4120000.0,5,5396000.0,30.97
611.0,2.0,2.0,46.0,6.6,6.5,3.7,5.0,0.8,27.8,1.0,5.12,5.26,Apartment,1511000.0,4,1711000.0,13.24
1340.0,2.0,2.0,6.0,9.2,5.7,7.8,7.2,2.1,20.4,0.0,7.38,8.69,Apartment,6597000.0,1,7119000.0,7.91
1151.0,2.0,2.0,7.0,6.8,12.2,2.8,5.1,1.1,31.9,1.0,7.35,5.08,Apartment,4315000.0,5,5848000.0,35.53
1297.0,2.0,2.0,6.0,7.0,4.7,1.4,5.8,1.5,34.4,0.0,7.61,5.46,Apartment,4723000.0,1,5082000.0,7.6
1832.0,3.0,3.0,17.0,7.7,0.5,0.6,6.4,0.8,31.9,2.0,6.23,2.97,Independent House,10240000.0,2,11502000.0,12.32
1065.0,3.0,3.0,13.0,3.8,17.5,4.7,4.6,1.4,43.6,1.0,6.18,4.32,Apartment,2452000.0,3,2761000.0,12.6
799.0,1.0,1.0,5.0,2.0,22.4,5.9,6.8,2.4,54.8,1.0,2.96,-1.23,Apartment,1142000.0,1,1138000.0,-0.35
1855.0,4.0,4.0,25.0,9.0,7.3,3.8,5.5,1.6,16.5,2.0,5.49,8.64,Apartment,7969000.0,5,10847000.0,36.11
1904.0,4.0,3.0,21.0,10.0,0.5,0.5,5.5,0.9,30.7,0.0,5.1,4.21,Apartment,9307000.0,1,9981000.0,7.24
2279.0,5.0,6.0,3.0,4.6,19.5,24.3,5.7,15.9,,2.0,7.19,4.14,Independent House,3741000.0,1,3835000.0,2.51
5825.0,3.0,2.0,10.0,7.1,15.9,8.0,6.2,1.2,11.7,1.0,7.48,4.59,Apartment,4783000.0,1,5052000.0,5.62
2477.0,4.0,3.0,7.0,7.8,0.9,0.4,,1.5,23.5,1.0,6.3,5.5,Independent House,15869000.0,1,16818000.0,5.98
1005.0,2.0,2.0,11.0,4.6,10.7,3.1,7.7,4.0,26.2,0.0,6.33,7.34,Apartment,3218000.0,2,3617000.0,12.4
4198.0,6.0,5.0,2.0,4.5,12.0,1.6,4.4,2.2,39.6,4.0,6.81,1.68,Villa,18755000.0,1,19590000.0,4.45
1991.0,4.0,4.0,13.0,2.7,11.2,1.3,2.9,2.2,36.9,1.0,5.8,2.42,Apartment,4842000.0,4,5484000.0,13.26
1199.0,3.0,2.0,3.0,3.4,13.0,8.2,8.3,4.5,30.3,1.0,6.81,2.39,Apartment,2895000.0,4,3383000.0,16.86
886.0,3.0,3.0,24.0,10.0,4.5,1.9,7.1,0.7,14.2,1.0,7.9,7.34,Apartment,5510000.0,1,5930000.0,7.62
1588.0,3.0,2.0,27.0,6.6,12.3,0.7,5.8,1.8,20.7,2.0,7.01,2.67,Independent House,5798000.0,2,6346000.0,9.45
1664.0,3.0,2.0,7.0,8.4,5.0,0.9,5.5,1.7,13.1,2.0,,6.18,Apartment,9920000.0,5,13540000.0,36.49
1398.0,2.0,2.0,12.0,5.3,15.9,,6.5,3.0,33.4,1.0,4.03,1.65,Apartment,3795000.0,3,4107000.0,8.22
1808.0,2.0,2.0,16.0,5.3,17.9,3.7,4.1,7.1,22.6,1.0,9.41,4.95,Independent House,4981000.0,2,5652000.0,13.47
1782.0,3.0,3.0,8.0,6.2,13.2,9.7,7.0,1.0,18.4,3.0,6.25,5.8,Independent House,6974000.0,4,8503000.0,21.92
1930.0,3.0,3.0,12.0,5.1,15.9,12.6,1.4,1.3,29.2,2.0,4.49,2.37,Apartment,3258000.0,1,3335000.0,2.36
1540.0,3.0,2.0,9.0,6.1,6.6,3.6,7.3,3.0,33.2,2.0,6.18,3.57,Apartment,5716000.0,2,6278000.0,9.83
729.0,2.0,2.0,19.0,7.0,9.7,3.8,5.1,1.7,11.6,1.0,6.31,3.53,Apartment,2388000.0,5,2839000.0,18.89
3151.0,5.0,3.0,14.0,8.9,4.8,0.8,6.7,1.2,15.3,1.0,7.74,6.22,Independent House,19952000.0,4,27305000.0,36.85
1383.0,3.0,3.0,25.0,7.4,10.2,1.5,5.9,1.2,,0.0,5.69,4.24,Apartment,4653000.0,2,5154000.0,10.77
1187.0,2.0,3.0,,9.8,5.3,2.6,7.7,2.5,33.6,1.0,5.7,4.0,Apartment,6072000.0,4,7718000.0,27.11
855.0,1.0,1.0,31.0,2.6,17.5,12.0,6.6,3.2,43.5,2.0,5.49,2.53,Apartment,1080000.0,1,1105000.0,2.31
627.0,2.0,2.0,5.0,5.7,15.3,8.5,7.2,1.5,36.5,2.0,5.42,3.88,Apartment,1919000.0,5,2353000.0,22.62
1321.0,2.0,2.0,10.0,4.7,9.1,1.8,3.3,3.8,52.8,0.0,6.02,3.64,Apartment,2718000.0,1,2798000.0,2.94
1375.0,2.0,3.0,4.0,4.5,10.9,0.5,4.8,2.5,39.8,0.0,6.35,5.57,Apartment,4094000.0,2,4461000.0,8.96
970.0,1.0,2.0,18.0,8.1,5.8,4.2,6.5,0.8,11.8,0.0,5.09,4.52,Apartment,3805000.0,3,4513000.0,18.61
930.0,1.0,1.0,19.0,5.0,9.1,1.1,6.1,1.8,22.2,0.0,3.7,5.43,Apartment,2547000.0,5,3149000.0,23.64
1317.0,1.0,1.0,5.0,4.3,20.9,2.8,5.6,5.4,45.9,0.0,4.97,1.51,Apartment,2852000.0,5,3386000.0,18.72
1418.0,3.0,3.0,25.0,6.7,7.2,5.2,5.8,2.7,28.2,2.0,4.25,2.15,Apartment,3857000.0,5,4607000.0,19.45
1633.0,4.0,3.0,11.0,3.7,13.9,3.7,4.0,2.0,32.5,1.0,5.41,3.93,Independent House,4511000.0,5,5556000.0,23.17
718.0,2.0,2.0,10.0,1.3,15.5,3.8,5.2,3.3,28.0,2.0,5.74,1.23,Apartment,1700000.0,1,1746000.0,2.71
1448.0,3.0,3.0,13.0,1.0,21.1,1.7,5.8,6.5,40.1,3.0,4.7,-0.75,Independent House,2638000.0,3,2627000.0,-0.42
812.0,1.0,2.0,10.0,5.6,15.5,1.6,5.1,7.4,26.2,2.0,9.34,6.56,Apartment,2493000.0,4,3260000.0,30.77
909.0,2.0,1.0,18.0,6.4,13.8,4.4,5.8,5.1,45.5,0.0,5.66,3.92,Apartment,2308000.0,5,2589000.0,12.18
713.0,3.0,4.0,11.0,10.0,0.5,0.7,4.7,1.2,40.2,1.0,4.73,4.54,Apartment,4067000.0,3,4691000.0,15.34
637.0,2.0,3.0,9.0,7.6,10.6,5.8,3.6,6.4,24.7,0.0,7.14,5.9,Flat,2005000.0,5,2546000.0,26.98
2938.0,6.0,5.0,8.0,5.8,12.4,2.6,5.8,6.7,29.4,1.0,3.75,2.93,Independent House,9706000.0,3,10653000.0,9.76
1280.0,3.0,4.0,6.0,6.8,8.5,5.4,4.9,2.4,20.3,2.0,5.41,3.63,Apartment,4564000.0,3,5266000.0,15.38
1166.0,2.0,2.0,4.0,8.6,0.5,1.6,7.4,2.1,36.0,2.0,7.12,3.82,Apartment,8241000.0,4,11012000.0,33.62
895.0,1.0,1.0,9.0,3.7,16.0,3.2,5.3,4.7,26.0,0.0,6.22,2.56,Apartment,2035000.0,1,2091000.0,2.75
796.0,1.0,1.0,5.0,6.6,10.3,1.1,6.3,0.6,35.3,2.0,5.91,4.61,Apartment,3071000.0,2,3377000.0,9.96
940.0,1.0,1.0,11.0,3.0,,4.9,2.0,7.8,31.2,0.0,5.68,-1.4,APARTMENT,1601000.0,1,1620000.0,1.19
1839.0,4.0,4.0,14.0,6.9,6.3,5.7,5.9,5.2,27.4,1.0,6.17,8.87,Independent House,6499000.0,3,7842000.0,20.66
1378.0,1.0,1.0,12.0,5.6,18.6,4.2,5.3,1.6,57.5,0.0,4.54,3.33,Apartment,2878000.0,3,3316000.0,15.22
1729.0,4.0,,12.0,1.0,16.3,11.4,2.1,11.2,48.0,1.0,4.08,2.15,Apartment,1923000.0,5,1941000.0,0.94
1450.0,3.0,3.0,,7.5,4.5,1.9,5.5,1.6,26.2,1.0,5.47,0.07,Apartment,5370000.0,1,5570000.0,3.72
912.0,2.0,1.0,5.0,6.3,17.9,1.9,7.1,5.0,33.8,2.0,5.47,3.75,Apartment,2904000.0,4,3401000.0,17.11
637.0,1.0,2.0,21.0,4.1,21.0,7.9,5.6,,37.8,2.0,4.94,-0.83,apartment,1082000.0,1,1091000.0,0.83
1898.0,5.0,4.0,15.0,7.8,10.7,0.8,6.9,3.4,17.2,0.0,6.51,3.65,Apartment,9407000.0,5,11904000.0,26.54
1412.0,2.0,2.0,7.0,4.6,20.9,7.7,5.3,1.8,36.8,0.0,5.59,3.6,Apartment,3070000.0,4,3576000.0,16.48
1143.0,3.0,3.0,11.0,10.0,0.5,2.5,7.5,1.2,22.9,3.0,4.53,,Independent House,9679000.0,5,12786000.0,32.1
1534.0,3.0,3.0,6.0,6.0,5.7,2.5,3.6,,27.3,2.0,3.86,2.9,Independent House,5069000.0,5,6073000.0,19.81
1431.0,3.0,4.0,4.0,6.6,10.7,7.4,7.4,2.9,17.8,0.0,6.73,7.09,Apartment,6168000.0,2,7004000.0,13.55
2025.0,3.0,4.0,7.0,6.8,16.9,4.1,4.1,2.4,36.3,3.0,7.33,4.6,Independent House,7042000.0,2,7790000.0,10.62
1287.0,3.0,2.0,14.0,8.5,0.5,0.8,7.2,1.6,30.6,1.0,6.14,6.37,Apartment,6976000.0,3,8573000.0,22.89
4316.0,6.0,,25.0,7.7,3.6,0.7,5.7,,18.3,1.0,5.67,5.17,Independent House,20180000.0,5,24829000.0,23.04
1661.0,4.0,4.0,11.0,4.5,13.4,5.8,5.7,1.9,26.1,3.0,5.56,2.52,Independent House,5141000.0,3,5750000.0,11.85
1358.0,3.0,3.0,3.0,10.0,10.3,4.8,5.8,1.2,3.0,1.0,6.29,8.45,Apartment,7866000.0,2,9060000.0,15.18
1501.0,3.0,3.0,12.0,9.1,0.5,1.3,3.7,0.5,19.6,1.0,5.07,7.19,House,8338000.0,3,9965000.0,19.51
2019.0,3.0,2.0,14.0,2.2,22.2,5.5,3.5,14.1,,3.0,5.59,1.53,Independent House,3971000.0,3,4289000.0,8.01
1703.0,3.0,3.0,21.0,9.4,13.5,2.1,6.1,3.0,14.7,0.0,8.38,5.03,Apartment,8984000.0,2,10167000.0,13.17
1103.0,3.0,3.0,13.0,6.2,10.3,3.7,7.5,4.1,28.6,1.0,5.59,1.28,Apartment,4125000.0,2,4443000.0,7.71
1317.0,2.0,2.0,26.0,6.2,14.8,4.9,6.0,2.5,22.5,2.0,6.25,4.09,Independent House,3803000.0,5,4757000.0,25.09
1238.0,2.0,2.0,7.0,1.8,21.7,18.6,4.4,1.8,40.7,3.0,3.05,1.28,Independent House,1521000.0,2,1524000.0,0.2
1740.0,3.0,3.0,7.0,4.6,19.0,8.9,5.0,0.4,,0.0,8.71,8.23,Apartment,3673000.0,5,5111000.0,39.15
1291.0,2.0,2.0,9.0,7.1,4.0,1.9,5.1,0.7,24.4,2.0,4.16,0.33,Apartment,4536000.0,5,5614000.0,23.77
1853.0,4.0,3.0,5.0,6.2,13.0,2.9,2.7,2.1,,3.0,7.16,5.93,Independent House,6788000.0,5,8960000.0,32.0
2209.0,5.0,4.0,1.0,6.2,4.9,3.6,3.0,,22.5,2.0,5.64,7.54,Independent House,9791000.0,4,12409000.0,26.74
1155.0,3.0,3.0,12.0,5.8,8.7,1.6,4.7,4.3,29.2,2.0,5.66,3.01,Apartment,4162000.0,4,4873000.0,17.08
3119.0,6.0,5.0,9.0,3.2,7.9,4.0,2.3,2.3,33.0,,5.76,5.53,Independent House,8796000.0,2,9547000.0,8.54
3262.0,6.0,5.0,3.0,8.5,0.5,3.2,7.4,0.6,31.9,2.0,7.12,7.09,Villa,25018000.0,1,26926000.0,7.63
1596.0,3.0,3.0,50.0,5.5,10.2,2.4,5.2,7.9,39.0,3.0,6.04,4.3,Independent House,3239000.0,3,3678000.0,13.55
1175.0,2.0,1.0,6.0,4.1,7.5,1.1,4.9,2.2,42.7,1.0,5.07,3.06,Apartment,3027000.0,3,3448000.0,13.91
678.0,2.0,2.0,17.0,4.0,11.8,4.0,4.3,3.2,29.4,1.0,5.99,5.27,Apartment,1459000.0,5,1780000.0,22.0
994.0,2.0,2.0,2.0,6.2,18.6,3.8,6.0,3.2,,2.0,6.16,4.81,Apartment,3749000.0,4,4636000.0,23.66
1649.0,4.0,4.0,11.0,8.0,0.5,0.8,7.0,1.2,23.4,,5.97,5.62,Independent House,11751000.0,5,15851000.0,34.89
1212.0,2.0,2.0,25.0,5.0,13.0,3.9,3.2,3.4,27.8,0.0,6.9,-2.19,Apartment,2615000.0,1,2689000.0,2.83
1555.0,3.0,3.0,31.0,8.6,8.9,6.3,6.8,5.6,24.1,3.0,7.76,5.02,Independent House,6290000.0,3,7472000.0,18.79
2488.0,4.0,4.0,16.0,6.0,7.2,2.8,6.2,2.1,43.5,3.0,4.49,4.58,Independent House,8465000.0,5,10175000.0,20.2
2049.0,4.0,3.0,12.0,5.2,15.1,13.0,6.6,5.2,40.2,3.0,4.98,3.4,Independent House,4848000.0,1,4969000.0,2.5
911.0,1.0,1.0,3.0,6.9,1.5,1.9,5.3,1.7,34.0,0.0,5.61,1.22,Apartment,3354000.0,1,3508000.0,4.59
2059.0,3.0,3.0,7.0,8.4,11.9,9.0,6.4,3.5,25.2,3.0,5.45,2.54,Independent House,9104000.0,4,10810000.0,18.74
,4.0,4.0,6.0,3.4,20.3,4.5,5.3,14.0,39.3,3.0,7.2,5.8,INDEPENDENT HOUSE,4923000.0,3,5741000.0,16.62
1038.0,2.0,3.0,6.0,6.1,19.3,1.7,7.3,2.4,12.8,1.0,6.59,5.78,Apartment,3962000.0,2,4484000.0,13.18
1837.0,4.0,3.0,-10.0,7.8,7.2,1.9,3.1,1.2,33.5,0.0,6.28,4.21,Apartment,6628000.0,5,8806000.0,32.86
850.0,2.0,1.0,5.0,6.3,6.1,1.4,7.4,0.7,20.6,1.0,7.33,4.36,Apartment,3812000.0,3,4633000.0,21.54
820.0,2.0,3.0,22.0,5.1,13.2,5.4,3.8,6.3,43.6,0.0,7.04,,Apartment,1897000.0,4,2306000.0,21.56
1260.0,3.0,3.0,6.0,8.8,4.5,3.0,6.7,0.7,22.0,1.0,7.74,6.58,Apartment,6976000.0,4,9333000.0,33.79
1003.0,1.0,1.0,17.0,8.2,4.8,1.1,5.1,,14.0,1.0,4.71,3.54,Apartment,4531000.0,1,4789000.0,5.69
1388.0,3.0,3.0,4.0,1.9,13.4,1.6,4.3,4.3,37.1,0.0,5.58,2.53,Apartment,3275000.0,4,3835000.0,17.1
1023.0,2.0,3.0,18.0,4.6,18.0,3.1,5.3,,21.7,2.0,8.45,7.2,Apartment,2802000.0,1,3004000.0,7.21
1280.0,2.0,2.0,11.0,6.3,21.1,10.1,3.9,5.4,39.7,0.0,6.02,4.37,Apartment,2773000.0,3,3103000.0,11.9
3040.0,5.0,3.0,13.0,5.3,18.3,16.9,6.2,2.5,27.6,1.0,4.67,3.87,Independent House,6371000.0,1,6531000.0,2.51
1703.0,2.0,1.0,35.0,7.2,9.2,2.6,1.8,0.9,13.0,1.0,4.43,2.83,Independent House,4504000.0,5,5213000.0,15.74
822.0,2.0,2.0,14.0,7.3,12.5,,5.9,5.5,31.0,0.0,5.15,4.53,Apartment,2501000.0,1,2617000.0,4.64
1139.0,3.0,2.0,4.0,7.1,13.9,5.3,2.5,2.0,18.4,2.0,6.18,10.1,Apartment,3772000.0,4,5062000.0,34.2
3288.0,6.0,5.0,12.0,3.3,7.3,1.4,5.0,2.3,25.2,2.0,4.83,1.68,Villa,14796000.0,1,15217000.0,2.85
3502.0,6.0,4.0,19.0,5.1,8.2,5.0,4.2,3.9,34.9,4.0,4.33,3.22,Villa,13265000.0,4,15077000.0,13.66
689.0,2.0,1.0,28.0,7.5,6.7,1.7,8.3,1.7,37.5,0.0,6.48,5.76,Apartment,2537000.0,4,3218000.0,26.84
973.0,2.0,2.0,,5.3,9.9,5.6,4.3,0.9,35.6,0.0,7.03,3.11,Apartment,2062000.0,5,2447000.0,18.67
901.0,1.0,2.0,18.0,6.6,11.5,0.4,5.4,5.1,20.3,1.0,4.7,1.42,Apartment,2905000.0,1,3029000.0,4.27
1114.0,3.0,3.0,14.0,1.5,18.9,2.1,4.3,0.8,43.5,2.0,,0.97,Apartment,1576000.0,1,1590000.0,0.89
847.0,1.0,1.0,11.0,7.0,9.3,4.2,7.6,5.3,,1.0,7.58,6.19,Apartment,2825000.0,1,2988000.0,5.77
1862.0,4.0,3.0,16.0,3.4,28.0,20.5,3.8,3.7,13.3,,5.1,0.62,Independent House,2827000.0,4,2784000.0,-1.52
1091.0,1.0,2.0,16.0,2.7,24.7,1.7,2.8,5.4,49.5,2.0,6.15,5.52,Apartment,1517000.0,3,1695000.0,11.73
1130.0,3.0,2.0,7.0,8.0,7.1,1.6,4.4,1.6,24.8,2.0,5.56,2.38,Apartment,4755000.0,5,6045000.0,27.13
1444.0,2.0,2.0,12.0,5.3,10.8,3.9,4.2,4.1,34.8,2.0,8.16,5.88,Apartment,3845000.0,5,5138000.0,33.63
872.0,1.0,1.0,21.0,5.9,14.4,6.6,6.8,3.0,30.5,2.0,6.85,5.56,Apartment,2089000.0,4,2531000.0,21.16
1784.0,3.0,2.0,12.0,9.6,2.1,1.8,8.2,2.8,15.7,2.0,6.56,4.77,Villa,15608000.0,5,21375000.0,36.95
4002.0,6.0,4.0,25.0,6.6,9.5,1.3,5.3,1.1,28.9,3.0,6.59,7.3,Villa,18644000.0,1,19626000.0,5.27
1876.0,2.0,3.0,8.0,5.2,12.5,6.1,6.8,6.5,25.6,0.0,6.2,1.03,Apartment,4418000.0,3,5116000.0,15.8
2704.0,5.0,5.0,24.0,8.2,14.9,4.1,4.2,0.9,,1.0,3.95,3.69,Independent House,10028000.0,3,10943000.0,9.12
912.0,1.0,2.0,9.0,7.6,11.7,3.3,6.8,,18.9,0.0,4.74,4.11,Apartment,3510000.0,5,4766000.0,35.78
1433.0,3.0,,12.0,5.6,11.3,2.7,6.9,0.6,36.1,0.0,7.5,7.4,Apartment,4262000.0,3,4923000.0,15.51
1719.0,3.0,3.0,18.0,6.8,4.3,3.9,6.5,0.4,18.4,2.0,7.82,5.07,Independent House,6949000.0,1,7330000.0,5.48
538.0,1.0,1.0,22.0,6.6,2.6,0.5,7.4,0.6,38.4,1.0,7.24,3.47,Apartment,2169000.0,2,2411000.0,11.16
1455.0,3.0,,8.0,6.3,2.2,1.2,5.1,0.8,28.7,3.0,4.94,4.82,independent house,7309000.0,1,7627000.0,4.35
4385.0,6.0,6.0,7.0,6.0,7.3,7.8,7.6,2.7,19.2,2.0,5.2,3.38,Villa,24454000.0,4,29009000.0,18.63
1278.0,2.0,2.0,3.0,7.1,0.5,0.4,6.7,1.1,33.5,,7.22,3.87,Apartment,6565000.0,5,8731000.0,32.99
876.0,2.0,2.0,5.0,6.9,10.9,1.0,4.5,1.4,25.2,0.0,5.52,7.91,Apartment,3224000.0,3,3944000.0,22.33
1580.0,3.0,4.0,6.0,8.4,0.5,0.1,6.3,0.7,21.6,0.0,8.38,5.48,Apartment,10501000.0,2,12042000.0,14.67
1857.0,4.0,4.0,13.0,3.4,23.6,2.6,5.2,8.1,,3.0,6.7,3.45,Independent House,4592000.0,5,5459000.0,18.88
1007.0,1.0,1.0,1.0,8.5,0.7,3.2,5.4,1.2,,1.0,4.96,4.99,Apartment,5327000.0,3,6027000.0,13.14
923.0,2.0,2.0,3.0,7.7,10.1,4.8,5.4,3.3,18.5,2.0,6.22,3.25,Apartment,4271000.0,1,4490000.0,5.13
1457.0,2.0,2.0,16.0,8.6,10.6,6.9,9.7,,42.1,1.0,5.71,5.44,Independent House,6527000.0,3,7743000.0,18.63
1072.0,3.0,2.0,,6.7,9.8,2.5,6.0,1.3,7.4,0.0,4.33,3.15,Apartment,4500000.0,4,5548000.0,23.29
949.0,1.0,2.0,30.0,3.5,12.6,6.5,4.9,,51.7,1.0,6.24,3.7,Apartment,1452000.0,4,1617000.0,11.36
718.0,1.0,1.0,3.0,4.7,13.6,2.2,4.3,2.8,30.1,,7.45,5.77,Apartment,2151000.0,5,2966000.0,37.89
1277.0,3.0,2.0,21.0,8.7,5.0,0.2,8.6,2.5,36.2,1.0,6.41,6.34,Independent House,8750000.0,1,9328000.0,6.61
1421.0,2.0,2.0,8.0,5.4,14.9,9.3,,5.3,28.0,0.0,6.11,3.72,Apartment,2951000.0,3,3277000.0,11.05
1076.0,2.0,3.0,5.0,3.4,17.1,3.0,5.0,2.9,32.4,1.0,7.67,3.8,Independent House,2689000.0,2,2935000.0,9.15
2329.0,5.0,4.0,38.0,8.7,0.5,1.3,6.4,0.6,12.4,2.0,7.5,4.51,Independent House,13427000.0,5,19551000.0,45.61
1172.0,2.0,2.0,12.0,4.1,8.2,2.2,5.4,3.6,39.7,1.0,7.73,3.97,Apartment,3016000.0,1,3181000.0,5.47
1274.0,2.0,2.0,14.0,5.0,10.9,7.7,4.2,7.6,30.9,0.0,4.94,2.25,Apartment,2756000.0,5,3324000.0,20.61
1668.0,3.0,2.0,28.0,7.5,3.3,3.9,7.2,1.4,25.2,3.0,5.64,-0.53,Independent House,7847000.0,3,8906000.0,13.5
1951.0,4.0,3.0,5.0,7.7,14.9,1.1,4.1,1.8,19.2,1.0,5.82,7.43,Apartment,7472000.0,4,9621000.0,28.76
1369.0,3.0,2.0,19.0,7.5,13.9,3.8,7.8,2.6,12.4,3.0,4.6,,Independent House,5994000.0,3,6984000.0,16.52
727.0,,2.0,15.0,6.3,9.0,1.3,5.0,3.3,40.6,0.0,5.85,7.61,Apartment,2039000.0,3,2445000.0,19.91
1190.0,1.0,2.0,7.0,5.1,15.8,3.6,5.9,2.1,40.2,0.0,4.56,5.73,Apartment,2938000.0,1,3093000.0,5.28
1424.0,2.0,2.0,15.0,5.9,9.4,5.0,6.1,1.2,28.6,3.0,4.83,2.93,Independent House,5332000.0,2,5802000.0,8.81
528.0,1.0,1.0,11.0,7.8,1.5,2.8,5.5,0.4,44.0,2.0,5.59,4.04,Apt,2529000.0,5,3142000.0,24.24
2644.0,4.0,4.0,6.0,9.3,14.6,,6.3,2.9,26.0,3.0,6.67,8.71,Independent House,14486000.0,1,15409000.0,6.37
1388.0,2.0,3.0,14.0,6.6,4.2,1.5,6.1,1.7,15.0,1.0,5.23,3.96,Independent House,6807000.0,2,7452000.0,9.48
2266.0,3.0,3.0,38.0,4.3,14.3,2.4,4.4,1.4,32.2,1.0,3.16,,Independent House,4355000.0,5,4514000.0,3.65
693.0,2.0,2.0,12.0,5.5,12.3,2.9,7.1,3.4,22.7,2.0,6.88,7.46,Apartment,2336000.0,3,2804000.0,20.03
807.0,1.0,1.0,5.0,7.1,7.5,3.4,4.6,0.8,18.0,2.0,5.06,4.44,Apartment,3816000.0,1,3969000.0,4.01
1357.0,2.0,1.0,50.0,5.8,13.3,2.8,7.1,1.5,28.8,2.0,6.24,4.14,Apartment,3125000.0,4,3646000.0,16.67
954.0,1.0,1.0,10.0,5.4,7.2,3.7,4.0,4.5,27.5,1.0,7.0,2.66,Apartment,2688000.0,5,3596000.0,33.78
804.0,2.0,3.0,14.0,5.7,14.9,1.7,2.6,1.2,24.7,1.0,6.0,5.18,Apartment,2444000.0,4,3027000.0,23.85
,2.0,2.0,13.0,9.0,12.1,5.3,6.7,5.5,32.4,2.0,4.86,6.06,Independent House,6059000.0,5,7667000.0,26.54
847.0,3.0,,18.0,5.8,17.4,2.4,6.1,1.2,36.3,1.0,4.56,3.44,Apartment,2343000.0,4,2804000.0,19.68
1210.0,2.0,2.0,5.0,7.2,14.9,0.3,7.2,8.4,28.2,2.0,8.32,5.23,Independent House,6107000.0,4,8147000.0,33.4
906.0,1.0,1.0,18.0,6.2,10.4,0.6,4.1,3.1,17.1,2.0,5.95,2.42,Apartment,3062000.0,5,3745000.0,22.31
1957.0,3.0,4.0,6.0,3.2,14.7,5.2,1.1,4.1,38.9,3.0,5.85,-2.31,Independent House,4286000.0,5,4583000.0,6.93
728.0,1.0,1.0,33.0,5.4,14.0,3.1,3.9,4.7,27.7,1.0,3.73,5.19,Apartment,1606000.0,2,1715000.0,6.79
1484.0,2.0,2.0,16.0,7.5,10.0,2.0,7.5,1.8,33.7,2.0,4.6,7.05,Apartment,5686000.0,3,6594000.0,15.97
820.0,2.0,1.0,15.0,7.7,14.8,5.6,8.4,2.0,17.1,1.0,6.07,4.21,Apartment,3787000.0,1,4018000.0,6.1
1938.0,4.0,4.0,10.0,6.1,11.7,5.8,3.6,2.6,19.2,2.0,8.1,3.9,Independent House,6961000.0,1,7328000.0,5.27
1283.0,3.0,3.0,9.0,5.2,18.3,1.8,5.6,3.6,47.1,0.0,6.31,5.65,Apartment,3697000.0,4,4358000.0,17.88
5638.0,6.0,5.0,7.0,6.4,11.3,7.1,8.5,1.4,24.3,4.0,5.17,4.14,Villa,35973000.0,5,44752000.0,24.4
1431.0,3.0,2.0,22.0,6.5,15.8,5.3,5.3,1.3,29.0,1.0,6.81,5.57,Apartment,3558000.0,1,3717000.0,4.47
1142.0,3.0,2.0,11.0,4.1,11.9,7.7,4.1,1.9,34.3,2.0,6.76,3.5,Apartment,2693000.0,3,3061000.0,13.67
1597.0,3.0,3.0,6.0,9.2,8.1,3.4,4.9,1.4,29.7,1.0,5.21,,Independent House,7836000.0,4,9455000.0,20.66
1063.0,2.0,,9.0,3.2,13.2,3.7,4.4,3.2,45.4,1.0,5.88,4.24,Apartment,2190000.0,5,2577000.0,17.67
2401.0,5.0,5.0,38.0,4.9,15.1,1.3,3.1,3.4,21.4,3.0,6.12,4.67,Independent House,5873000.0,5,7381000.0,25.68
958.0,2.0,2.0,6.0,6.6,5.2,1.8,4.5,0.6,12.9,3.0,7.12,3.66,Independent House,4152000.0,5,5648000.0,36.03
,3.0,2.0,19.0,10.0,3.1,0.7,6.8,1.8,26.2,2.0,7.46,4.38,Independent House,11508000.0,3,14497000.0,25.97
1197.0,2.0,2.0,4.0,5.3,11.5,1.0,4.0,5.7,36.4,1.0,6.46,4.43,Apartment,3295000.0,1,3520000.0,6.83
2063.0,3.0,,3.0,6.4,8.4,0.9,7.0,2.6,13.2,2.0,6.61,3.67,Independent House,12825000.0,3,15072000.0,17.52
1307.0,3.0,2.0,16.0,5.9,15.9,3.2,7.0,1.9,26.4,2.0,5.43,6.66,Independent House,4368000.0,5,5687000.0,30.2
1527.0,3.0,3.0,9.0,8.8,8.1,1.0,3.8,4.9,28.0,1.0,5.6,4.9,Independent House,7647000.0,4,9481000.0,23.98
1252.0,2.0,2.0,16.0,5.2,13.0,4.3,2.1,2.6,33.9,2.0,6.9,5.69,Apartment,2945000.0,4,3531000.0,19.9
666.0,1.0,1.0,17.0,5.9,11.4,4.0,7.3,1.6,44.6,0.0,3.91,6.04,Apartment,1467000.0,2,1557000.0,6.13
1443.0,2.0,2.0,21.0,7.4,0.5,0.3,4.6,2.3,42.6,1.0,6.36,4.88,Apartment,5134000.0,5,6593000.0,28.42
3141.0,6.0,5.0,11.0,5.8,10.0,0.6,5.8,6.5,33.1,,7.37,5.99,Villa,16224000.0,2,18500000.0,14.03
1457.0,3.0,3.0,35.0,6.3,2.1,1.0,4.2,1.1,37.4,1.0,6.69,3.35,House,4444000.0,3,5162000.0,16.16
1363.0,2.0,2.0,11.0,3.0,10.7,1.0,2.9,4.4,,0.0,6.26,3.76,Apartment,2379000.0,3,2601000.0,9.33
1627.0,3.0,3.0,11.0,5.5,15.3,3.0,4.7,1.3,17.9,1.0,6.98,7.26,independent house,5773000.0,3,7042000.0,21.98
3059.0,6.0,5.0,20.0,4.2,16.8,22.8,4.4,7.2,39.3,3.0,5.03,2.75,Villa,4396000.0,1,4457000.0,1.39
1235.0,2.0,2.0,3.0,7.9,0.5,0.8,6.6,2.5,,1.0,6.54,6.07,Apartment,7026000.0,2,8281000.0,17.86
4043.0,6.0,5.0,8.0,8.9,0.5,0.2,4.8,0.7,31.4,4.0,7.09,5.3,Villa,33848000.0,3,40695000.0,20.23
2550.0,5.0,5.0,21.0,5.0,17.0,12.5,7.2,4.7,20.9,3.0,5.33,1.81,Independent House,6084000.0,5,6521000.0,7.18
882.0,2.0,3.0,8.0,6.6,12.9,4.3,4.2,6.0,32.7,2.0,5.45,6.64,Apartment,2887000.0,2,3202000.0,10.91
3722.0,6.0,5.0,26.0,3.7,16.0,1.4,3.0,3.6,21.3,2.0,4.31,1.49,Villa,13722000.0,1,14034000.0,2.27
841.0,2.0,2.0,13.0,4.9,8.6,3.0,4.1,1.4,29.9,2.0,5.26,1.95,Apartment,2566000.0,3,2808000.0,9.43
1523.0,3.0,3.0,5.0,4.1,19.4,4.2,7.3,2.7,32.3,1.0,3.78,0.65,Independent House,4077000.0,5,4303000.0,5.54
1399.0,3.0,3.0,7.0,5.4,20.1,3.9,5.2,1.5,38.9,2.0,3.29,4.93,Apartment,4126000.0,2,4471000.0,8.36
1239.0,2.0,2.0,11.0,6.0,13.6,2.8,5.5,3.6,43.5,0.0,7.57,2.21,Flat,3544000.0,3,4012000.0,13.21
961.0,1.0,1.0,14.0,5.6,10.2,1.9,2.9,2.2,33.8,1.0,5.12,4.13,Apartment,2085000.0,4,2340000.0,12.23
869.0,2.0,2.0,,7.4,6.3,7.0,6.1,0.6,21.5,1.0,6.13,5.18,Apartment,3489000.0,2,3892000.0,11.55
2465.0,5.0,4.0,5.0,6.2,6.9,0.1,4.9,3.2,19.4,2.0,5.87,3.82,Villa,15369000.0,3,17768000.0,15.61
1877.0,4.0,3.0,6.0,7.5,13.2,0.3,8.2,4.7,34.0,2.0,5.87,4.25,Independent House,9814000.0,3,11257000.0,14.7
1475.0,3.0,3.0,18.0,3.8,12.3,4.5,7.5,1.9,28.6,3.0,4.01,1.88,Independent House,4397000.0,2,4685000.0,6.55
2649.0,4.0,3.0,31.0,8.4,14.1,11.7,4.6,1.7,16.1,1.0,5.3,4.57,Independent House,7006000.0,5,8697000.0,24.14
2063.0,3.0,2.0,31.0,4.2,12.0,2.6,6.0,3.6,42.3,3.0,6.07,4.67,Independent House,5122000.0,1,5348000.0,4.41
2671.0,5.0,4.0,6.0,6.9,18.6,6.1,6.3,2.3,35.0,3.0,6.19,6.28,Villa,12215000.0,5,15442000.0,26.42
3368.0,6.0,5.0,10.0,5.5,11.9,6.9,7.4,2.0,,1.0,3.84,0.35,Independent House,11944000.0,4,13266000.0,11.07
1372.0,3.0,3.0,30.0,3.9,16.3,,3.7,11.5,,1.0,6.23,,Apartment,1188000.0,4,1320000.0,11.11
1592.0,3.0,3.0,4.0,8.1,8.3,3.4,8.0,2.6,2.0,3.0,5.83,1.65,Independent House,9990000.0,3,11782000.0,17.94
1754.0,3.0,3.0,8.0,7.9,11.9,3.9,7.0,3.6,34.4,3.0,7.13,4.72,Independent House,8885000.0,4,11068000.0,24.57
2042.0,4.0,4.0,9.0,5.5,11.0,8.7,6.0,2.7,36.3,2.0,6.8,4.4,Independent House,6133000.0,4,7369000.0,20.15
2060.0,4.0,3.0,8.0,7.3,10.6,2.9,5.6,3.4,18.7,2.0,4.37,6.37,Independent House,10671000.0,1,11191000.0,4.87
1918.0,5.0,4.0,6.0,9.6,7.7,2.9,5.4,3.2,14.2,0.0,5.82,6.86,Apartment,10806000.0,1,11404000.0,5.53
1414.0,2.0,2.0,2.0,5.6,15.5,7.2,4.9,2.1,27.9,3.0,5.85,3.12,Independent House,4548000.0,5,5436000.0,19.53
3485.0,6.0,5.0,15.0,6.9,11.7,1.0,6.9,1.1,21.4,1.0,6.79,3.55,Independent House,16116000.0,2,17954000.0,11.4
1322.0,3.0,3.0,11.0,6.3,6.8,3.4,5.7,1.8,26.6,1.0,3.37,1.62,Apartment,4651000.0,2,4916000.0,5.7
688.0,1.0,1.0,9.0,4.7,16.1,9.0,6.0,3.8,48.2,2.0,5.86,2.9,Apartment,1476000.0,2,1594000.0,7.99
3998.0,6.0,4.0,5.0,4.8,16.1,4.5,8.1,2.6,27.8,2.0,6.16,,Villa,15730000.0,3,18111000.0,15.14
1799.0,3.0,2.0,23.0,6.8,13.2,5.1,4.6,1.0,23.3,1.0,8.39,5.25,Apartment,5553000.0,5,7666000.0,38.05
1070.0,2.0,3.0,4.0,4.8,12.1,1.2,5.3,5.2,29.6,0.0,7.86,5.09,Apartment,3631000.0,4,4841000.0,33.32
3828.0,6.0,5.0,33.0,3.5,12.8,7.3,2.3,3.1,63.5,4.0,4.29,2.75,Villa,7802000.0,4,7770000.0,-0.41
1983.0,3.0,3.0,9.0,3.9,13.2,4.0,6.5,2.3,35.9,2.0,3.54,,Independent House,5344000.0,2,5564000.0,4.12
1613.0,3.0,3.0,8.0,5.7,4.7,6.0,5.7,0.8,39.4,3.0,5.32,,Independent House,5421000.0,4,6813000.0,25.68
3868.0,6.0,5.0,12.0,6.9,14.0,7.0,6.6,0.8,28.3,3.0,7.09,6.29,Villa,18060000.0,1,19301000.0,6.87
1010.0,1.0,1.0,2.0,3.8,14.1,3.1,4.2,0.9,36.0,2.0,4.85,3.51,Apartment,2733000.0,3,3089000.0,13.03
1632.0,3.0,3.0,9.0,4.8,10.7,2.8,6.0,3.5,24.8,1.0,7.33,6.38,Apartment,5539000.0,3,6738000.0,21.65
1068.0,2.0,2.0,23.0,6.3,11.8,9.2,6.0,1.8,34.5,3.0,4.31,2.94,Independent House,2723000.0,4,2947000.0,8.23
1200.0,2.0,2.0,35.0,7.0,9.5,0.5,4.4,2.6,39.4,2.0,6.99,6.69,Apartment,3104000.0,5,4116000.0,32.6
2727.0,5.0,3.0,21.0,2.5,28.0,12.3,4.4,2.6,45.3,4.0,6.39,1.74,Villa,4730000.0,3,5154000.0,8.96
1321.0,3.0,3.0,27.0,5.2,8.3,2.1,4.6,7.2,37.8,2.0,3.14,-2.13,Apartment,3177000.0,1,3241000.0,2.01
4006.0,6.0,4.0,12.0,5.6,6.4,1.3,6.5,2.8,36.8,3.0,7.18,1.7,Independent House,15536000.0,2,16922000.0,8.92
1464.0,3.0,2.0,7.0,7.2,7.4,5.6,6.2,1.5,37.1,2.0,4.59,8.24,Apartment,5636000.0,4,6780000.0,20.3
1275.0,3.0,3.0,7.0,5.5,8.7,4.2,1.3,1.2,34.2,2.0,5.48,1.79,Apartment,3729000.0,2,3902000.0,4.64
1537.0,4.0,4.0,39.0,6.6,13.1,1.8,4.1,3.9,32.7,0.0,5.88,1.28,Apartment,3926000.0,5,4603000.0,17.24
3026.0,5.0,5.0,11.0,8.2,9.7,2.0,4.9,8.9,38.5,,5.77,5.55,Villa,14853000.0,3,17402000.0,17.16
723.0,1.0,1.0,10.0,3.2,8.8,2.9,6.1,0.9,41.0,1.0,4.8,3.44,Apartment,1666000.0,2,1799000.0,7.98
3075.0,,6.0,8.0,,14.9,4.1,5.1,6.6,52.6,2.0,3.62,5.06,Villa,9494000.0,2,10203000.0,7.47
1259.0,3.0,2.0,18.0,7.6,10.8,4.9,6.9,1.0,28.2,2.0,6.67,,Apartment,4842000.0,3,5634000.0,16.36
1884.0,3.0,3.0,7.0,7.1,5.8,3.7,5.1,2.9,40.2,2.0,5.15,4.99,Apartment,6975000.0,5,8906000.0,27.68
2442.0,5.0,5.0,11.0,5.7,11.5,0.9,3.2,1.1,24.5,3.0,3.9,3.64,Independent House,10172000.0,2,10895000.0,7.11
4481.0,6.0,5.0,36.0,8.1,3.4,1.5,5.1,2.3,24.8,2.0,5.34,4.89,Villa,25719000.0,3,29672000.0,15.37
827.0,2.0,2.0,14.0,5.3,8.2,1.1,9.6,2.8,20.1,2.0,4.48,1.86,Apartment,3759000.0,3,4228000.0,12.48
1435.0,3.0,2.0,30.0,6.0,7.6,6.6,5.9,0.7,41.0,3.0,7.57,6.6,Independent House,3536000.0,4,4639000.0,31.19
915.0,2.0,2.0,5.0,6.1,10.4,1.3,2.6,1.3,31.9,0.0,6.75,3.58,Apartment,3090000.0,4,3657000.0,18.35
1210.0,1.0,2.0,8.0,7.7,2.4,1.0,6.2,2.2,10.9,3.0,5.92,5.02,,53369000.0,1,56248000.0,5.39
,2.0,1.0,6.0,6.9,1.7,0.4,5.5,1.0,40.4,2.0,7.03,5.11,,5026000.0,4,6721000.0,33.72
875.0,2.0,1.0,5.0,5.9,8.1,1.7,3.8,2.0,28.6,2.0,5.18,5.42,Apartment,2919000.0,5,3600000.0,23.33
1080.0,2.0,1.0,1.0,6.1,11.3,3.4,5.8,1.8,29.4,2.0,8.03,5.92,Apartment,4200000.0,1,4491000.0,6.93
1344.0,3.0,3.0,-27.0,6.6,5.4,3.9,5.7,2.7,15.5,1.0,4.74,4.34,,4336000.0,4,4937000.0,13.86
2647.0,5.0,4.0,23.0,6.7,8.4,1.5,,3.3,19.1,2.0,4.31,3.05,House,11980000.0,2,13037000.0,8.82
1168.0,3.0,3.0,18.0,7.2,1.8,4.8,6.2,1.1,37.5,3.0,6.51,4.29,Independent House,4883000.0,4,6161000.0,26.17
690.0,1.0,1.0,28.0,,4.9,1.1,5.7,1.0,18.5,2.0,3.91,3.15,Apartment,2274000.0,4,2656000.0,16.8
1002.0,1.0,1.0,18.0,4.8,10.5,5.4,6.4,3.4,,1.0,7.11,7.49,Apartment,2649000.0,5,3664000.0,38.32
1446.0,3.0,3.0,23.0,6.8,12.5,3.0,8.2,3.0,23.0,2.0,5.1,0.21,apartment,5450000.0,2,5861000.0,7.54
1468.0,2.0,1.0,6.0,2.4,20.9,2.0,3.5,2.9,27.8,2.0,5.3,2.81,Independent House,3445000.0,3,3723000.0,8.07
1457.0,2.0,2.0,15.0,3.8,14.9,8.0,6.3,1.3,,1.0,5.2,3.06,Apartment,2901000.0,1,2969000.0,2.34
927.0,2.0,3.0,10.0,4.3,9.0,3.3,6.2,5.5,27.0,0.0,3.29,1.92,Apartment,2350000.0,5,2564000.0,9.11
1663.0,3.0,3.0,4.0,8.7,9.9,3.2,7.2,2.5,27.6,1.0,7.11,7.76,Independent House,10401000.0,5,15054000.0,44.74
1071.0,2.0,2.0,25.0,5.8,9.9,1.9,4.5,1.7,33.6,2.0,5.64,2.82,Apartment,2653000.0,1,2769000.0,4.37
1211.0,3.0,3.0,8.0,6.8,12.3,0.6,6.8,4.8,20.2,0.0,6.2,6.32,Apartment,5121000.0,3,6021000.0,17.57
1862.0,3.0,2.0,11.0,7.6,0.5,0.3,8.9,,31.5,1.0,6.84,3.13,Independent House,12220000.0,5,16399000.0,34.2
1406.0,3.0,4.0,35.0,5.4,12.1,6.2,,,42.6,1.0,3.76,5.03,Independent House,3333000.0,3,3611000.0,8.34
2036.0,4.0,4.0,9.0,4.3,15.5,8.3,4.1,3.1,33.9,2.0,5.4,-0.99,Independent House,6051000.0,4,6528000.0,7.88
1024.0,1.0,2.0,10.0,5.3,11.0,1.8,6.8,2.6,33.7,0.0,6.86,3.52,Apartment,2967000.0,4,3613000.0,21.77
3165.0,6.0,5.0,39.0,6.7,9.1,2.8,5.7,3.9,19.3,2.0,5.74,2.56,Villa,16123000.0,3,18313000.0,13.58
3241.0,6.0,5.0,2.0,6.2,19.3,1.7,4.8,2.3,31.0,3.0,5.73,3.85,Villa,14483000.0,1,15276000.0,5.48
2503.0,5.0,4.0,16.0,,15.3,3.5,8.2,2.8,18.0,3.0,6.28,3.52,Villa,12939000.0,5,16541000.0,27.84
984.0,1.0,2.0,5.0,3.5,5.5,1.9,5.4,0.8,18.0,1.0,3.72,-0.06,Apartment,2806000.0,5,3088000.0,10.05
3874.0,6.0,5.0,17.0,5.2,15.2,1.4,6.3,6.6,32.7,3.0,6.26,4.0,Villa,15377000.0,2,16500000.0,7.3
1715.0,4.0,3.0,13.0,7.5,0.5,0.4,5.1,1.1,13.4,1.0,6.53,6.72,Independent House,9824000.0,5,14496000.0,47.56
760.0,2.0,2.0,29.0,4.7,2.2,1.0,5.4,1.5,33.4,2.0,8.07,5.41,Apartment,2301000.0,3,2762000.0,20.03
2717.0,5.0,3.0,5.0,7.8,9.7,3.0,6.7,1.7,17.7,3.0,6.86,7.6,Villa,19780000.0,4,26249000.0,32.7
2385.0,4.0,4.0,31.0,8.6,13.7,2.5,5.6,5.2,28.9,3.0,2.94,3.25,Villa,11988000.0,2,12579000.0,4.93
1911.0,3.0,3.0,7.0,6.3,3.2,1.0,5.5,3.7,30.4,2.0,4.11,-0.1,Apartment,7178000.0,1,7356000.0,2.48
820.0,1.0,1.0,17.0,6.2,15.5,1.5,3.8,1.1,25.8,2.0,4.99,3.45,Apt,2577000.0,4,2990000.0,16.03
969.0,2.0,2.0,7.0,3.7,21.4,5.3,4.6,9.2,18.9,0.0,4.55,2.94,Apartment,1724000.0,3,1872000.0,8.58
1862.0,3.0,2.0,11.0,7.6,0.5,0.3,8.9,,31.5,1.0,6.84,3.13,Independent House,12220000.0,5,16399000.0,34.2
1254.0,3.0,2.0,23.0,6.9,5.0,2.2,6.3,5.4,31.9,3.0,5.3,5.52,Independent House,4584000.0,2,5036000.0,9.86
1999.0,4.0,4.0,8.0,8.5,4.5,2.8,5.3,1.0,21.8,3.0,6.55,6.46,Independent House,13013000.0,4,16578000.0,27.4
1094.0,3.0,2.0,19.0,10.0,0.5,0.6,5.0,0.8,31.9,0.0,6.73,5.74,Apartment,5501000.0,3,6643000.0,20.76
1592.0,3.0,3.0,15.0,6.4,15.7,5.7,6.1,2.8,,1.0,6.45,6.16,Apartment,4217000.0,3,4944000.0,17.24
1727.0,3.0,2.0,25.0,4.0,19.1,6.2,4.5,1.8,47.6,1.0,4.45,4.27,Apartment,2863000.0,3,2961000.0,3.42
2232.0,3.0,2.0,4.0,4.2,13.4,2.8,4.0,3.2,45.8,1.0,5.92,0.86,Independent House,6014000.0,5,7157000.0,19.01
1979.0,3.0,2.0,11.0,3.8,27.8,4.1,6.1,17.3,48.1,2.0,7.82,-1.19,Independent House,3658000.0,2,3910000.0,6.89
1766.0,2.0,2.0,17.0,7.4,13.3,6.1,7.3,2.3,19.2,3.0,6.18,5.03,Independent House,6907000.0,5,9163000.0,32.66
3358.0,6.0,5.0,11.0,6.2,0.5,1.5,6.9,0.7,19.5,2.0,6.86,4.69,Villa,22033000.0,4,27884000.0,26.56
850.0,2.0,1.0,5.0,6.3,6.1,1.4,7.4,0.7,20.6,1.0,7.33,4.36,Apartment,3812000.0,3,4633000.0,21.54
2539.0,6.0,,19.0,8.3,10.4,0.9,,0.9,20.3,1.0,7.03,2.36,Apartment,14418000.0,4,18116000.0,25.65
828.0,2.0,1.0,23.0,10.0,6.3,1.2,6.4,1.6,18.6,0.0,6.19,5.96,Apartment,4413000.0,1,4617000.0,4.62
877.0,1.0,2.0,22.0,3.8,17.0,2.1,4.3,3.0,35.1,2.0,6.82,4.3,Apartment,1749000.0,3,2018000.0,15.38
890.0,2.0,2.0,20.0,3.6,16.2,4.3,6.1,1.6,39.3,1.0,4.7,4.82,Apartment,1660000.0,5,1937000.0,16.69
1245.0,3.0,3.0,21.0,8.0,3.4,5.9,6.5,0.6,14.9,1.0,6.0,4.04,Apartment,5287000.0,4,6604000.0,24.91
3015.0,5.0,4.0,7.0,8.9,2.5,0.7,8.6,1.4,15.9,2.0,7.53,6.34,Villa,31566000.0,4,44816000.0,41.98
1964.0,4.0,4.0,15.0,1.5,26.0,3.0,4.2,2.8,37.7,3.0,3.64,-0.38,Independent House,3751000.0,4,4034000.0,7.54
928.0,2.0,,,4.0,20.2,5.2,4.0,3.5,38.1,2.0,5.08,2.34,Apartment,1706000.0,4,1900000.0,11.37
2245.0,4.0,3.0,9.0,9.3,10.6,6.3,4.9,2.4,5.8,2.0,8.16,5.95,Independent House,11153000.0,1,12128000.0,8.74
1111.0,3.0,3.0,3.0,6.3,13.8,3.1,3.1,0.5,42.9,1.0,5.57,5.13,Independent House,3503000.0,1,3619000.0,3.31
1544.0,3.0,3.0,14.0,7.4,6.8,3.2,5.3,6.7,14.2,1.0,8.2,4.15,Independent House,6091000.0,1,6411000.0,5.25
1770.0,3.0,3.0,14.0,4.3,8.7,5.6,5.6,1.9,21.4,1.0,5.47,8.48,Apartment,4911000.0,1,5136000.0,4.58
3472.0,1.0,2.0,13.0,5.6,11.3,5.7,6.7,4.5,35.4,2.0,8.95,9.21,Apartment,2086000.0,3,2554000.0,22.44
1411.0,2.0,2.0,2.0,6.8,8.5,0.4,6.8,0.8,11.1,0.0,8.77,4.05,Apartment,8121000.0,1,8730000.0,7.5
850.0,2.0,2.0,22.0,7.3,0.7,1.3,8.2,1.3,29.1,2.0,7.12,6.75,Apartment,4143000.0,1,4439000.0,7.14
1302.0,2.0,1.0,14.0,6.3,12.6,4.7,3.3,4.0,36.2,2.0,6.98,7.3,Independent House,3543000.0,5,4599000.0,29.81
1165.0,2.0,1.0,50.0,4.7,11.3,2.1,3.2,8.5,36.1,2.0,2.71,1.4,Apartment,1841000.0,5,1895000.0,2.93
2453.0,4.0,3.0,18.0,7.1,4.5,2.5,6.2,1.1,30.1,1.0,7.03,2.88,Independent House,11115000.0,3,12875000.0,15.83
855.0,2.0,3.0,12.0,7.4,14.8,1.2,7.0,2.5,,0.0,9.72,6.9,Flat,4019000.0,1,4330000.0,7.74
1634.0,3.0,3.0,13.0,4.6,20.3,8.6,4.7,2.9,33.4,1.0,5.77,3.89,Apartment,3059000.0,3,3348000.0,9.45
3427.0,6.0,6.0,5.0,5.1,11.3,2.6,6.3,2.5,33.0,2.0,,5.98,Independent House,14105000.0,4,16447000.0,16.6
1452.0,2.0,3.0,23.0,5.3,11.3,2.1,6.3,1.6,19.1,2.0,6.89,1.34,Apartment,4681000.0,1,4880000.0,4.25
1027.0,2.0,2.0,15.0,7.5,5.0,5.6,7.3,2.1,19.2,0.0,5.16,3.59,Apartment,4227000.0,4,5179000.0,22.52
1685.0,4.0,4.0,7.0,5.7,10.5,6.6,3.2,2.3,41.7,2.0,3.78,3.12,Independent House,4525000.0,5,5131000.0,13.39
1025.0,2.0,3.0,16.0,3.3,17.3,13.7,5.5,3.1,33.2,2.0,5.88,2.42,Flat,1748000.0,1,1797000.0,2.8
1489.0,3.0,3.0,21.0,6.0,7.0,0.9,5.8,1.0,18.8,1.0,5.08,1.26,Independent House,5377000.0,4,6425000.0,19.49
2182.0,4.0,3.0,17.0,5.3,3.8,2.9,,1.5,38.9,3.0,4.65,4.92,INDEPENDENT HOUSE,7435000.0,1,7718000.0,3.81
728.0,1.0,1.0,4.0,9.3,6.2,1.9,5.5,1.3,18.8,0.0,8.56,8.73,Apartment,4141000.0,4,6024000.0,45.47
1073.0,3.0,3.0,13.0,7.8,2.7,1.7,7.4,1.0,12.4,3.0,4.82,6.58,Independent House,6547000.0,1,7005000.0,7.0
791.0,2.0,2.0,,9.8,4.9,1.0,7.0,1.9,27.0,2.0,6.83,4.49,APARTMENT,5084000.0,3,6283000.0,23.58
1310.0,3.0,3.0,22.0,8.9,10.9,6.1,4.6,3.1,31.8,0.0,8.31,7.69,Apartment,4268000.0,1,4551000.0,6.63
1290.0,2.0,3.0,4.0,6.9,0.5,1.4,5.8,0.8,17.2,1.0,5.72,4.08,Apartment,6542000.0,3,7536000.0,15.19
2362.0,5.0,4.0,10.0,3.0,26.8,2.3,6.6,2.7,44.0,1.0,4.4,,Independent House,4727000.0,5,5301000.0,12.14
1232.0,2.0,2.0,25.0,6.0,4.5,1.6,,1.4,,1.0,7.09,7.1,Apartment,4093000.0,1,4306000.0,5.2
1393.0,2.0,3.0,7.0,9.1,0.5,0.3,5.1,0.6,36.0,2.0,4.3,1.92,INDEPENDENT HOUSE,9029000.0,3,10707000.0,18.58
942.0,2.0,3.0,8.0,7.3,8.2,2.1,4.7,1.5,35.0,1.0,6.61,5.97,Apartment,3692000.0,1,3944000.0,6.83
1864.0,2.0,3.0,5.0,1.7,20.4,2.5,2.0,0.5,45.2,3.0,5.01,2.86,Independent House,3436000.0,3,3684000.0,7.22
991.0,2.0,3.0,21.0,8.3,10.4,0.9,6.3,1.0,13.5,1.0,7.59,1.62,Apartment,4574000.0,1,4854000.0,6.12
787.0,2.0,1.0,31.0,4.3,17.1,3.8,5.9,1.1,36.9,1.0,6.44,3.69,Apartment,1552000.0,1,1605000.0,3.41
1080.0,2.0,1.0,33.0,6.9,0.5,0.7,5.2,1.4,40.4,2.0,6.3,6.58,Independent House,3975000.0,3,4712000.0,18.54
1907.0,5.0,5.0,1.0,4.2,8.8,4.4,5.3,1.1,28.8,3.0,,0.05,Independent House,7029000.0,2,7626000.0,8.49
1235.0,2.0,2.0,1.0,5.1,14.5,2.2,7.4,2.6,33.6,1.0,4.45,2.58,Apartment,4025000.0,5,4698000.0,16.72
,4.0,4.0,11.0,9.1,4.2,3.8,6.2,1.5,25.2,2.0,5.85,4.84,Villa,18626000.0,2,20722000.0,11.25
1631.0,3.0,2.0,10.0,4.8,12.2,3.5,6.5,3.3,39.1,0.0,5.35,0.61,Apartment,3763000.0,2,3986000.0,5.93
739.0,1.0,2.0,5.0,6.6,15.6,3.2,6.5,1.4,29.9,0.0,3.51,3.96,Apartment,2280000.0,1,2373000.0,4.08
2470.0,5.0,4.0,2.0,7.7,13.6,12.8,7.8,,16.8,2.0,5.71,3.72,Villa,13809000.0,1,14326000.0,3.74
1156.0,2.0,1.0,1.0,8.5,1.6,2.3,7.5,1.1,30.1,0.0,7.07,3.99,Apartment,5496000.0,5,7134000.0,29.8
1955.0,,3.0,7.0,5.5,17.8,0.7,5.0,6.8,26.1,2.0,5.42,4.65,Independent House,6512000.0,1,6771000.0,3.98
1485.0,3.0,3.0,2.0,6.7,0.5,2.0,4.0,0.5,19.5,1.0,6.79,5.47,Apartment,7215000.0,4,9122000.0,26.43
2064.0,4.0,3.0,4.0,4.1,15.5,2.4,5.0,9.8,33.3,0.0,6.21,0.25,Apartment,4913000.0,3,5452000.0,10.97
,1.0,1.0,10.0,4.5,15.8,4.0,2.7,0.6,34.6,1.0,5.12,0.79,Apartment,1269000.0,3,1374000.0,8.27
721.0,2.0,2.0,8.0,6.5,10.7,5.1,,3.4,41.2,1.0,5.99,2.56,Apartment,2389000.0,5,3034000.0,27.0
1047.0,2.0,1.0,8.0,1.5,14.6,5.5,2.1,4.9,42.9,2.0,6.26,2.1,Apartment,1693000.0,1,1740000.0,2.78
920.0,2.0,2.0,3.0,8.3,6.8,3.8,6.4,4.6,20.2,1.0,6.13,7.37,Apartment,5204000.0,1,5526000.0,6.19
741.0,,1.0,5.0,6.6,14.9,2.0,4.6,1.2,26.0,2.0,4.21,5.92,Apartment,2718000.0,4,3332000.0,22.59
1187.0,2.0,2.0,5.0,6.6,7.1,2.0,,0.8,24.2,2.0,4.24,5.04,Apartment,4468000.0,1,4704000.0,5.28
2631.0,5.0,5.0,12.0,4.2,23.3,3.1,7.3,5.2,41.2,3.0,5.5,4.69,Independent House,7650000.0,3,8889000.0,16.2
924.0,2.0,2.0,6.0,4.3,14.2,17.4,4.5,3.8,21.5,0.0,5.53,5.22,Apartment,1558000.0,4,1727000.0,10.85
1554.0,3.0,3.0,4.0,6.4,1.9,0.1,6.4,0.7,27.8,1.0,6.21,3.75,House,7613000.0,5,9879000.0,29.76
2176.0,4.0,4.0,25.0,4.7,19.6,1.7,4.0,1.8,34.0,2.0,4.26,1.65,INDEPENDENT HOUSE,4878000.0,1,4915000.0,0.76
3166.0,6.0,5.0,3.0,7.7,9.5,4.7,6.2,2.1,39.4,2.0,4.47,3.72,Villa,15741000.0,2,17289000.0,9.83
1046.0,1.0,1.0,5.0,8.2,9.2,3.8,7.0,1.1,41.7,0.0,8.69,9.48,Apartment,4865000.0,4,6601000.0,35.68
4312.0,6.0,5.0,22.0,7.2,4.4,1.9,6.3,1.7,39.9,3.0,6.68,3.88,Villa,24578000.0,3,28410000.0,15.59
1075.0,2.0,2.0,11.0,5.6,12.6,4.8,4.6,1.7,30.7,2.0,5.15,4.56,Apartment,2925000.0,3,3241000.0,10.8
639.0,1.0,2.0,13.0,8.1,1.5,0.4,8.4,1.3,29.6,2.0,8.04,6.47,Apartment,3832000.0,5,5642000.0,47.23
1496.0,3.0,3.0,7.0,8.6,3.4,2.0,6.2,1.4,22.1,2.0,7.01,6.45,Independent House,11335000.0,2,13121000.0,15.76
2298.0,5.0,5.0,19.0,7.4,9.1,1.9,4.6,2.2,34.1,2.0,6.64,4.37,Independent House,8530000.0,3,10206000.0,19.65
1746.0,2.0,3.0,31.0,5.5,17.4,2.9,5.7,5.5,35.4,2.0,4.98,1.79,Independent House,4164000.0,4,4502000.0,8.12
1391.0,3.0,3.0,10.0,5.5,6.1,0.9,3.3,0.8,33.4,3.0,3.73,3.22,Independent House,4882000.0,3,5610000.0,14.91
2733.0,5.0,4.0,22.0,7.2,10.0,6.9,4.9,2.5,34.3,2.0,6.47,8.59,Villa,10527000.0,1,11080000.0,5.25
2753.0,5.0,4.0,2.0,4.5,26.9,2.8,4.7,10.6,38.1,2.0,7.49,3.71,Villa ,8096000.0,1,8495000.0,4.93
1015.0,2.0,3.0,21.0,5.6,10.1,1.9,5.7,1.6,26.8,0.0,7.18,3.61,Flat,2894000.0,2,3274000.0,13.13
1544.0,3.0,2.0,7.0,8.6,0.5,2.7,6.6,0.8,,2.0,8.67,7.56,Independent House,11753000.0,2,13924000.0,18.47
1868.0,4.0,3.0,11.0,3.6,19.4,12.3,3.7,,56.5,2.0,4.36,1.42,Independent House,3252000.0,3,3327000.0,2.31
803.0,2.0,2.0,11.0,7.0,10.4,13.8,4.8,6.2,22.1,1.0,6.79,2.85,Apartment,2166000.0,1,2277000.0,5.12
1707.0,3.0,2.0,10.0,3.6,16.0,2.2,4.9,11.5,32.1,1.0,4.93,4.67,Independent House,3857000.0,5,4555000.0,18.1
1240.0,2.0,1.0,21.0,7.2,14.3,3.0,7.1,4.6,22.0,2.0,3.49,0.79,Apt,4237000.0,4,4792000.0,13.1
2065.0,4.0,4.0,36.0,6.8,21.6,8.5,5.9,11.9,33.6,2.0,6.38,8.54,Independent House,4716000.0,4,5841000.0,23.85
1543.0,3.0,2.0,6.0,10.0,1.1,0.7,7.0,1.4,22.3,3.0,5.57,5.06,Independent House,12363000.0,5,17235000.0,39.41
2495.0,4.0,,20.0,5.6,9.8,5.6,5.6,7.7,34.0,0.0,5.61,,Apartment,6917000.0,1,7160000.0,3.51
1736.0,3.0,3.0,32.0,4.9,14.0,4.0,5.5,1.1,34.3,1.0,5.24,2.49,Apartment,3998000.0,3,4387000.0,9.73
762.0,1.0,1.0,14.0,7.0,12.2,1.9,4.8,1.4,22.8,2.0,8.01,2.26,Apartment,2884000.0,4,3765000.0,30.55
834.0,2.0,3.0,19.0,6.7,12.0,11.7,4.9,7.2,32.3,2.0,7.05,7.02,Apartment,2022000.0,2,2215000.0,9.55
1116.0,2.0,2.0,33.0,6.5,20.2,9.7,5.8,2.9,41.0,1.0,6.4,6.39,Apartment,1955000.0,1,2033000.0,3.99
1140.0,3.0,3.0,14.0,7.0,5.4,1.5,3.9,2.9,8.7,2.0,6.13,2.44,Apartment,4469000.0,2,4950000.0,10.76
690.0,2.0,2.0,14.0,6.2,5.0,3.2,3.9,4.8,21.7,2.0,4.86,2.15,Apartment,2222000.0,1,2307000.0,3.83
1337.0,2.0,2.0,3.0,7.2,0.5,1.1,7.6,0.9,41.9,2.0,5.45,3.72,Independent House,6592000.0,1,6915000.0,4.9
1794.0,3.0,3.0,6.0,6.9,5.6,8.3,5.0,2.0,29.2,4.0,4.83,5.5,Villa,8114000.0,5,10357000.0,27.64
,2.0,2.0,16.0,6.9,3.2,,4.5,1.1,28.4,1.0,7.85,9.12,Apartment,3563000.0,1,3827000.0,7.41
3169.0,6.0,5.0,4.0,10.0,0.5,0.3,5.6,1.3,12.3,1.0,7.66,6.24,Independent House,27357000.0,1,29726000.0,8.66
1249.0,2.0,2.0,9.0,7.4,0.5,2.2,6.8,1.0,14.8,2.0,6.08,4.0,Independent House,7361000.0,3,8552000.0,16.18
2224.0,4.0,3.0,16.0,5.6,11.6,4.9,4.6,2.0,36.4,1.0,10.0,6.32,Independent House,6712000.0,2,7679000.0,14.41
1296.0,2.0,2.0,8.0,5.3,24.9,7.2,6.5,0.7,52.1,2.0,6.44,5.4,Independent House,16009000.0,1,16627000.0,3.86
961.0,,1.0,16.0,7.5,9.0,4.1,3.6,1.9,25.0,1.0,8.22,6.78,Apartment,2793000.0,2,3229000.0,15.61
3189.0,6.0,5.0,9.0,10.0,9.5,2.6,5.9,1.9,28.3,1.0,6.24,4.43,Independent House,22358000.0,2,25475000.0,13.94
510.0,1.0,1.0,7.0,5.1,14.7,7.6,4.4,2.5,12.9,2.0,4.48,0.74,Apartment,1358000.0,1,1410000.0,3.83
1522.0,2.0,3.0,9.0,6.6,6.6,0.7,7.8,3.7,9.2,2.0,7.1,5.56,Independent House,7938000.0,4,10535000.0,32.72
1401.0,3.0,3.0,30.0,5.7,19.5,6.8,5.0,9.8,28.7,1.0,7.57,5.54,Apartment,2920000.0,2,3248000.0,11.23
3629.0,6.0,5.0,15.0,7.2,7.3,0.7,7.5,1.9,36.8,2.0,7.74,4.74,Villa,25597000.0,3,31012000.0,21.15
2773.0,5.0,4.0,20.0,7.8,15.8,7.7,8.9,4.4,8.4,4.0,7.06,1.03,Villa,18279000.0,5,23989000.0,31.24
970.0,2.0,3.0,7.0,4.5,17.7,4.9,4.3,3.6,40.8,1.0,4.93,1.21,Apartment,2420000.0,1,2490000.0,2.89
5283.0,6.0,5.0,22.0,6.5,8.1,2.4,2.2,,20.7,2.0,4.54,6.1,Villa,22957000.0,4,26851000.0,16.96
983.0,2.0,2.0,30.0,7.6,9.7,2.8,7.9,1.2,39.5,2.0,5.04,4.33,Apartment,3240000.0,2,3563000.0,9.97
1297.0,2.0,3.0,10.0,7.5,17.0,0.7,8.6,6.7,23.3,1.0,5.34,6.59,Apartment,5859000.0,5,7357000.0,25.57
1273.0,2.0,3.0,7.0,5.8,11.6,1.1,4.3,2.9,34.1,1.0,4.97,4.58,Apartment,4225000.0,2,4582000.0,8.45
1171.0,1.0,1.0,9.0,4.4,22.5,6.2,4.0,5.7,25.3,2.0,5.66,2.87,Apartment,2322000.0,3,2583000.0,11.24
2326.0,4.0,3.0,19.0,4.6,11.6,3.8,5.8,1.4,26.8,1.0,4.52,0.79,Independent House,6843000.0,3,7277000.0,6.34
1486.0,3.0,3.0,28.0,5.1,13.6,2.3,5.5,8.0,17.9,3.0,4.47,3.92,House,4044000.0,5,4836000.0,19.58
1054.0,1.0,1.0,6.0,7.9,14.7,3.4,6.9,3.4,38.6,0.0,6.7,5.85,Apartment,3445000.0,3,4072000.0,18.2
914.0,2.0,3.0,11.0,3.4,9.7,0.7,4.0,6.1,26.1,2.0,4.27,1.91,Apartment,2235000.0,3,2501000.0,11.9
1639.0,3.0,4.0,16.0,5.8,10.3,1.3,6.5,1.5,22.5,2.0,7.75,2.99,Independent House,7871000.0,4,10179000.0,29.32
2396.0,5.0,4.0,5.0,4.9,9.7,1.7,4.4,4.3,,2.0,8.37,7.36,Independent House,8585000.0,4,10892000.0,26.87
1020.0,1.0,1.0,9.0,3.9,17.8,6.0,2.4,2.4,26.9,2.0,6.79,6.06,Apartment,2223000.0,2,2418000.0,8.77
1640.0,4.0,3.0,6.0,6.4,13.1,4.0,3.5,6.1,25.3,2.0,4.75,1.39,Independent House,4929000.0,2,5425000.0,10.06
2714.0,6.0,5.0,3.0,4.3,17.5,4.4,8.8,2.4,33.1,2.0,5.39,,,8710000.0,4,10052000.0,15.41
1542.0,2.0,2.0,4.0,8.8,15.5,0.9,7.9,11.1,30.3,2.0,5.48,3.0,Independent House,7183000.0,4,9274000.0,29.11
854.0,1.0,1.0,31.0,5.8,15.0,3.3,4.5,6.3,38.8,1.0,4.54,2.81,Apartment,1609000.0,2,1649000.0,2.49
780.0,1.0,1.0,20.0,3.5,10.2,3.8,4.5,2.4,43.9,2.0,4.31,-1.66,Apartment,1546000.0,5,1643000.0,6.27
966.0,2.0,2.0,22.0,5.8,12.1,1.8,7.4,1.6,27.1,0.0,6.21,0.99,Apartment,3311000.0,4,3988000.0,20.45
1311.0,3.0,2.0,13.0,6.1,15.0,4.7,5.6,4.9,28.6,0.0,6.11,5.21,Apartment,3117000.0,5,4043000.0,29.71
952.0,1.0,1.0,10.0,4.2,14.5,15.4,2.2,3.5,24.4,0.0,6.41,4.38,Apartment,1454000.0,3,1639000.0,12.72
1466.0,2.0,2.0,1.0,5.3,14.3,0.5,3.5,2.1,38.2,1.0,5.16,6.89,Apartment,4315000.0,5,5508000.0,27.65
3525.0,6.0,5.0,16.0,8.3,1.6,1.1,6.4,0.9,18.2,4.0,4.33,4.98,Villa,30085000.0,5,37579000.0,24.91
3686.0,6.0,4.0,11.0,6.2,12.4,1.7,4.8,1.2,33.5,3.0,6.52,6.45,,15534000.0,4,18156000.0,16.88
2811.0,5.0,4.0,11.0,6.5,6.5,0.7,7.0,2.9,25.8,2.0,8.14,8.08,Independent House,19575000.0,4,26024000.0,32.95
1034.0,2.0,2.0,20.0,5.9,2.6,3.5,3.5,0.9,29.5,0.0,4.69,5.79,Apartment,2779000.0,2,2961000.0,6.55
914.0,2.0,2.0,17.0,5.9,10.2,1.6,6.7,1.0,31.3,2.0,3.03,,Apartment,2919000.0,1,3019000.0,3.43
1149.0,2.0,2.0,6.0,7.5,18.0,4.0,6.4,3.7,31.2,0.0,4.81,2.3,Apartment,3891000.0,5,4741000.0,21.85
1138.0,2.0,2.0,6.0,9.5,5.9,1.2,7.1,1.8,12.6,0.0,4.91,0.75,Apartment,7852000.0,4,9570000.0,21.88
1561.0,3.0,3.0,16.0,6.6,11.4,9.1,6.7,2.0,26.7,1.0,7.04,2.76,Apartment,4988000.0,3,5692000.0,14.11
724.0,1.0,2.0,14.0,4.2,13.4,7.3,5.0,1.4,48.6,1.0,6.75,,Apartment,1451000.0,5,1687000.0,16.26
1114.0,1.0,1.0,11.0,4.6,13.3,7.1,6.6,1.2,21.8,2.0,3.04,0.99,Apartment,2653000.0,3,2796000.0,5.39
2255.0,4.0,3.0,6.0,7.1,18.8,6.7,7.5,3.1,14.5,2.0,6.54,3.66,Independent House,11603000.0,3,13696000.0,18.04
934.0,2.0,2.0,25.0,8.4,14.5,,7.6,2.0,31.7,2.0,6.43,4.39,Apartment,3461000.0,2,3814000.0,10.2
1473.0,2.0,2.0,5.0,4.4,12.5,5.2,5.6,4.5,31.8,1.0,5.08,5.82,Independent House,4097000.0,1,4318000.0,5.39
962.0,1.0,1.0,30.0,7.2,9.2,1.4,5.4,1.4,20.7,2.0,7.42,5.18,Apartment,2980000.0,1,3179000.0,6.68
2655.0,4.0,3.0,22.0,3.1,18.3,2.1,7.2,9.7,44.8,2.0,3.56,2.39,independent house,4933000.0,3,5057000.0,2.51
887.0,1.0,1.0,23.0,4.5,13.7,11.1,4.4,6.4,43.4,2.0,6.17,6.01,Apartment,1478000.0,1,1524000.0,3.11
671.0,2.0,2.0,14.0,7.8,3.1,2.0,5.0,1.3,17.3,0.0,5.06,5.45,Apartment,2956000.0,1,3107000.0,5.11
879.0,1.0,2.0,6.0,7.1,8.8,3.2,7.5,3.0,25.5,1.0,6.21,5.56,Apartment,3823000.0,3,4708000.0,23.15
1917.0,4.0,3.0,7.0,5.8,11.4,7.6,5.2,2.4,41.0,4.0,6.23,2.46,Villa,7227000.0,3,8055000.0,11.46
3830.0,6.0,6.0,22.0,6.5,15.1,7.2,5.3,3.3,24.8,4.0,6.88,7.9,Villa,17398000.0,3,20731000.0,19.16
789.0,1.0,1.0,16.0,8.2,1.1,1.3,10.0,1.6,,1.0,6.98,3.05,Apartment,5552000.0,2,6259000.0,12.73
1822.0,3.0,3.0,15.0,5.8,12.0,0.5,4.7,2.4,15.4,1.0,6.34,2.02,Independent House,5783000.0,2,6433000.0,11.24
1002.0,2.0,2.0,15.0,8.0,3.3,2.0,4.8,1.8,9.7,1.0,7.88,6.39,Apartment,5215000.0,1,5611000.0,7.59
1313.0,2.0,,14.0,6.4,12.2,0.6,7.1,1.4,18.9,0.0,7.4,7.32,Apartment,5192000.0,1,5578000.0,7.43
1069.0,3.0,2.0,16.0,3.5,23.7,3.5,6.6,3.6,21.3,1.0,7.45,2.85,Apartment,2503000.0,5,3043000.0,21.57
1410.0,2.0,1.0,16.0,4.9,20.3,2.6,5.2,1.5,,0.0,5.67,4.22,Apartment,3418000.0,3,3697000.0,8.16
1423.0,3.0,2.0,14.0,5.5,9.5,2.8,5.3,3.0,27.9,2.0,3.77,1.69,Apartment,4371000.0,5,5439000.0,24.43
859.0,2.0,2.0,11.0,9.4,6.4,3.2,6.7,0.5,12.8,2.0,6.87,5.54,Apartment,5353000.0,5,7443000.0,39.04
2166.0,4.0,5.0,9.0,6.4,17.9,5.1,8.2,0.6,39.4,0.0,5.32,4.11,Apartment,6859000.0,5,8504000.0,23.98
1158.0,2.0,2.0,5.0,3.6,18.5,6.4,3.9,5.8,152.1,2.0,3.89,-0.61,Apartment,2192000.0,3,2329000.0,6.25
666.0,2.0,2.0,2.0,7.9,,4.2,4.2,1.5,29.3,2.0,6.1,,Apartment,2848000.0,4,3511000.0,23.28
2011.0,4.0,3.0,,6.8,1.9,0.6,2.2,2.5,19.5,2.0,8.24,5.6,Independent House,9573000.0,5,13417000.0,40.15
4468.0,,5.0,19.0,7.7,7.5,1.2,7.2,0.7,26.2,4.0,7.04,8.35,Villa,31098000.0,1,33418000.0,7.46
874.0,1.0,2.0,17.0,9.8,3.5,0.7,6.7,2.9,32.7,0.0,6.21,6.54,Apartment,4359000.0,1,4671000.0,7.16
2474.0,3.0,3.0,12.0,2.1,12.7,2.8,4.8,4.0,30.2,1.0,3.69,1.64,House,5397000.0,4,6123000.0,13.45
2906.0,5.0,4.0,25.0,6.1,11.8,3.5,4.8,3.6,30.2,1.0,6.07,2.07,Independent House,9155000.0,2,9848000.0,7.57
1179.0,1.0,,15.0,4.1,8.5,2.5,2.4,5.1,19.2,1.0,5.89,5.33,Apt,3106000.0,4,3651000.0,17.55
783.0,1.0,1.0,,4.8,10.5,0.3,4.2,1.3,39.9,1.0,5.06,6.42,Apartment,1966000.0,3,2224000.0,13.12
1249.0,1.0,1.0,12.0,6.6,7.7,2.9,6.7,1.1,10.4,0.0,6.39,2.89,Apartment,4467000.0,4,5489000.0,22.88
1433.0,3.0,3.0,13.0,5.3,8.2,2.6,4.2,1.4,29.3,3.0,6.83,2.73,Independent House,5386000.0,5,6672000.0,23.88
1145.0,0.0,2.0,14.0,5.5,9.8,5.2,5.0,1.1,46.3,1.0,5.44,2.41,Apartment,3074000.0,1,3190000.0,3.77
1332.0,4.0,4.0,3.0,4.8,23.4,5.9,6.5,2.1,40.8,2.0,6.29,2.15,Independent House,3982000.0,1,4179000.0,4.95
1226.0,2.0,2.0,8.0,8.0,3.9,2.2,7.1,2.2,32.2,3.0,7.13,2.38,Independent House,8174000.0,5,10496000.0,28.41
2218.0,4.0,4.0,36.0,7.8,8.2,1.1,8.0,1.0,33.5,2.0,5.08,4.39,Independent House,11691000.0,5,14536000.0,24.33
2131.0,,3.0,,7.4,3.4,1.4,5.5,2.3,,0.0,5.67,4.2,Apartment,9172000.0,5,11967000.0,30.47
1279.0,2.0,2.0,18.0,6.3,11.0,4.2,6.6,2.5,36.8,0.0,5.48,6.85,Apartment,3638000.0,1,3767000.0,3.55
1128.0,3.0,3.0,14.0,4.4,18.3,3.0,2.3,3.3,36.8,2.0,6.88,6.66,Apartment,2220000.0,5,2645000.0,19.14
1174.0,2.0,,25.0,5.8,26.1,8.5,4.2,3.1,15.0,2.0,5.57,3.72,Apartment,2287000.0,3,2489000.0,8.83
2270.0,3.0,3.0,4.0,8.1,12.3,7.2,7.6,1.9,,3.0,6.48,6.71,Independent House,12652000.0,4,16432000.0,29.88
1200.0,3.0,2.0,15.0,9.7,,0.5,5.3,3.6,20.1,3.0,7.64,7.11,Independent House,7432000.0,4,9836000.0,32.35
963.0,2.0,2.0,3.0,9.5,5.9,9.5,6.6,2.1,32.9,0.0,6.71,5.95,Apartment,4173000.0,5,5504000.0,31.9
642.0,1.0,1.0,27.0,8.0,10.4,,8.2,1.8,16.7,0.0,7.39,5.51,Apartment,2471000.0,2,2833000.0,14.65
3249.0,6.0,5.0,7.0,7.5,7.6,1.4,4.8,2.4,22.5,2.0,5.75,3.34,Villa,19462000.0,4,25016000.0,28.54
4008.0,6.0,5.0,7.0,1.1,20.2,7.3,2.1,6.9,36.5,4.0,6.14,4.33,Villa,9568000.0,1,9791000.0,2.33
986.0,2.0,2.0,3.0,4.4,10.0,5.4,3.7,1.8,34.3,0.0,6.37,4.73,Apartment,2526000.0,2,2733000.0,8.19
4867.0,6.0,5.0,20.0,5.6,6.7,0.6,4.3,1.0,34.9,3.0,2.46,1.34,Villa,22222000.0,2,23482000.0,5.67
1693.0,3.0,3.0,31.0,7.5,9.5,4.0,4.4,1.3,,2.0,5.83,4.34,Apartment,5226000.0,5,6418000.0,22.81
1025.0,2.0,2.0,21.0,5.8,12.1,1.6,7.5,5.1,24.8,1.0,6.17,2.88,Apartment,2989000.0,1,3128000.0,4.65
723.0,2.0,3.0,10.0,8.7,8.0,4.1,7.4,2.9,33.1,1.0,4.68,5.49,Apartment,3795000.0,3,4514000.0,18.95
1943.0,4.0,4.0,17.0,2.6,20.5,17.5,4.5,4.3,30.5,2.0,4.93,4.72,Apartment,2737000.0,5,2886000.0,5.44
1856.0,3.0,2.0,3.0,8.1,0.5,0.9,6.6,0.8,28.0,2.0,5.79,2.47,Independent House,11639000.0,3,13785000.0,18.44
1451.0,3.0,3.0,27.0,8.7,6.3,3.7,10.0,1.3,15.7,,6.15,4.12,Apartment,8738000.0,1,9164000.0,4.88
3630.0,6.0,6.0,7.0,3.5,13.3,3.6,4.3,1.8,41.9,2.0,4.5,2.4,Villa,13073000.0,3,13663000.0,4.51
877.0,1.0,2.0,18.0,4.1,23.3,12.7,6.2,7.3,25.3,1.0,5.57,3.35,Apartment,1270000.0,5,1372000.0,8.03
680.0,2.0,3.0,27.0,3.4,13.9,6.1,4.3,3.4,36.7,1.0,5.66,5.75,Apartment,1198000.0,1,1241000.0,3.59
1889.0,2.0,2.0,6.0,7.5,0.5,0.1,6.1,1.2,19.7,1.0,6.43,3.72,Independent House,11128000.0,4,14262000.0,28.16
868.0,3.0,2.0,21.0,6.8,13.2,4.4,4.6,3.6,38.4,0.0,6.57,4.46,Apartment,2478000.0,4,2986000.0,20.5
1003.0,2.0,2.0,14.0,5.3,13.2,4.5,7.1,1.1,33.9,2.0,6.72,3.29,Apartment,2784000.0,1,2911000.0,4.56
,4.0,,15.0,4.0,13.3,6.0,4.5,2.2,45.4,1.0,5.42,2.94,Apartment,3203000.0,3,3602000.0,12.46
877.0,2.0,2.0,15.0,8.2,8.4,1.6,,3.8,21.2,0.0,7.55,8.76,APARTMENT,3824000.0,3,4789000.0,25.24
2021.0,4.0,4.0,17.0,6.8,8.0,3.1,,1.3,39.1,1.0,6.7,4.51,Independent House,7204000.0,2,8028000.0,11.44
1211.0,2.0,2.0,17.0,5.9,,2.1,2.8,4.2,28.2,1.0,6.85,2.95,Apartment,3704000.0,2,4064000.0,9.72
1712.0,3.0,2.0,3.0,7.8,8.6,4.0,5.3,2.6,11.9,2.0,6.28,5.68,Independent House,8741000.0,3,10508000.0,20.22
787.0,2.0,2.0,7.0,8.8,2.7,3.3,5.3,2.9,19.1,2.0,7.36,4.5,Apartment,4314000.0,2,4970000.0,15.21
1373.0,3.0,2.0,20.0,6.6,8.8,5.1,5.4,1.9,30.0,2.0,8.25,9.79,Apartment,4010000.0,2,4572000.0,14.01
989.0,2.0,2.0,6.0,4.5,14.2,4.7,2.6,1.6,47.0,1.0,7.24,4.16,Apartment,2074000.0,5,2654000.0,27.97
2545.0,5.0,4.0,13.0,3.2,6.9,2.6,4.0,1.1,,2.0,5.33,3.22,Independent House,7349000.0,5,8759000.0,19.19
1116.0,3.0,,4.0,5.5,3.7,3.2,4.9,2.1,,2.0,,6.71,Apartment,3992000.0,5,5027000.0,25.93
1349.0,3.0,3.0,16.0,5.9,14.0,7.8,5.7,6.3,23.5,0.0,5.25,2.51,Apartment,3494000.0,5,4219000.0,20.75
1407.0,3.0,3.0,21.0,7.9,10.4,3.3,5.6,1.7,2.0,1.0,7.91,7.29,Apartment,7157000.0,3,8847000.0,23.61
2649.0,5.0,3.0,18.0,5.3,11.0,3.6,5.9,2.2,25.4,2.0,6.43,5.18,Independent House,8208000.0,5,10204000.0,24.32
5094.0,6.0,5.0,8.0,6.0,13.0,2.9,6.3,1.2,33.2,3.0,6.89,,Villa,25583000.0,5,33533000.0,31.08
3081.0,6.0,5.0,7.0,8.0,17.5,10.0,5.4,4.7,39.6,4.0,7.86,6.91,Villa,16739000.0,2,18494000.0,10.48
2212.0,4.0,4.0,4.0,5.1,3.4,2.2,6.4,1.1,19.9,0.0,6.64,5.45,Apartment,8813000.0,4,11603000.0,31.66
1379.0,3.0,2.0,1.0,4.6,15.1,4.3,6.5,3.7,51.4,3.0,5.13,3.21,Independent House,3726000.0,3,4225000.0,13.39
1432.0,2.0,3.0,14.0,4.9,8.0,3.4,3.5,4.2,32.9,3.0,6.67,3.22,Independent House,4898000.0,4,5983000.0,22.15
1484.0,2.0,2.0,14.0,3.1,18.4,4.4,3.2,5.6,25.6,1.0,4.72,1.53,Apartment,3173000.0,5,3701000.0,16.64
928.0,1.0,2.0,12.0,4.0,12.1,3.4,7.7,2.9,38.3,0.0,8.35,7.45,Apartment,2466000.0,2,2776000.0,12.57
1212.0,1.0,1.0,2.0,2.6,20.3,8.1,5.5,2.9,30.9,2.0,4.34,2.09,Apartment,1997000.0,2,2114000.0,5.86
2443.0,6.0,5.0,17.0,4.6,14.3,3.3,2.9,5.3,18.7,2.0,4.46,3.11,INDEPENDENT HOUSE,8334000.0,4,9554000.0,14.64
726.0,1.0,2.0,18.0,8.3,6.2,0.8,5.4,0.7,38.6,0.0,8.78,4.02,Apartment,2949000.0,5,4255000.0,44.29
823.0,2.0,2.0,6.0,10.0,7.7,1.6,8.7,1.2,17.3,0.0,6.0,6.21,Apartment,6406000.0,1,6852000.0,6.96
1259.0,1.0,2.0,15.0,6.0,15.8,2.3,6.4,4.3,19.6,0.0,8.01,4.18,Apartment,3840000.0,3,4644000.0,20.94
2174.0,3.0,3.0,5.0,4.8,10.1,3.9,7.5,0.9,28.2,2.0,4.77,2.26,Independent House,7610000.0,2,8199000.0,7.74
1012.0,3.0,2.0,10.0,5.6,9.6,2.9,7.0,1.0,33.1,2.0,6.26,5.55,Apartment,3512000.0,2,3924000.0,11.73
696.0,3.0,3.0,7.0,8.0,11.5,0.6,7.7,1.4,32.8,,5.02,3.66,Apartment,3672000.0,5,4429000.0,20.62
5016.0,6.0,5.0,10.0,4.3,15.6,15.5,6.4,2.5,49.0,3.0,4.55,2.97,Villa,11160000.0,3,12070000.0,8.15
1861.0,4.0,3.0,5.0,6.8,1.5,0.8,3.6,0.7,19.1,2.0,6.4,5.37,Independent House,8429000.0,5,11600000.0,37.62
2458.0,5.0,4.0,4.0,6.5,6.1,0.7,7.3,3.3,14.2,2.0,4.22,6.59,Independent House,14674000.0,1,15492000.0,5.57
1116.0,2.0,2.0,12.0,8.0,12.5,1.4,5.2,6.7,33.7,2.0,4.61,3.27,Apartment,3704000.0,1,3793000.0,2.4
2402.0,3.0,2.0,7.0,8.6,9.0,1.7,7.7,2.2,22.8,2.0,8.42,10.01,Independent House,14815000.0,5,22762000.0,53.64
2664.0,5.0,5.0,6.0,8.4,2.0,1.9,7.7,1.5,40.9,2.0,6.13,,Independent House,17344000.0,1,18474000.0,6.52
2468.0,4.0,4.0,14.0,3.7,16.7,1.9,2.3,3.1,35.2,1.0,6.65,2.91,Independent House,6107000.0,2,6615000.0,8.32
3214.0,6.0,4.0,,9.7,0.5,0.8,4.9,0.9,13.9,1.0,7.26,3.37,Independent House,22824000.0,1,24392000.0,6.87
2135.0,5.0,4.0,16.0,7.1,12.5,3.7,6.3,1.3,23.0,1.0,4.21,0.63,Independent House,7975000.0,2,8553000.0,7.25
1345.0,2.0,3.0,7.0,7.9,10.2,2.0,4.7,4.3,12.0,1.0,6.08,4.15,Independent House,6675000.0,3,7829000.0,17.29
2870.0,6.0,5.0,16.0,5.2,11.4,3.9,,1.9,32.5,3.0,6.13,3.98,Villa,11734000.0,5,14427000.0,22.95
1344.0,2.0,1.0,19.0,8.5,2.5,4.1,7.7,1.8,18.6,1.0,9.82,6.14,Apartment,7084000.0,3,9005000.0,27.12
2572.0,4.0,4.0,16.0,6.7,16.7,2.8,5.5,2.5,24.3,3.0,5.15,2.09,Villa,10629000.0,5,12713000.0,19.61
1506.0,2.0,3.0,11.0,4.8,18.3,2.9,5.2,3.7,30.8,2.0,6.43,5.33,Apartment,4056000.0,3,4515000.0,11.32
1173.0,2.0,2.0,13.0,6.9,10.7,6.4,6.0,1.2,38.1,2.0,7.7,5.77,Apartment,4009000.0,3,4863000.0,21.3
1205.0,2.0,2.0,,8.5,7.9,3.3,7.8,2.2,20.2,2.0,5.93,4.44,Apartment,7202000.0,1,7608000.0,5.64
1014.0,2.0,2.0,2.0,3.6,14.2,5.2,2.8,6.3,32.3,0.0,7.62,3.09,Apartment,2404000.0,2,2637000.0,9.69
1491.0,3.0,3.0,5.0,6.8,6.5,4.8,5.5,1.9,28.3,0.0,6.22,6.89,Apartment,5628000.0,4,6916000.0,22.89
5805.0,6.0,5.0,13.0,4.2,15.5,5.5,6.3,2.9,40.4,3.0,5.37,0.56,Villa,19904000.0,4,21041000.0,5.71
853.0,3.0,3.0,10.0,3.4,12.8,6.3,3.0,1.3,46.3,1.0,6.18,3.72,Apartment,1544000.0,4,1797000.0,16.39
2333.0,4.0,3.0,23.0,6.2,2.4,0.7,6.8,,28.0,3.0,6.38,2.64,Independent House,10606000.0,2,11810000.0,11.35
1169.0,2.0,2.0,14.0,4.0,10.2,4.2,6.3,3.8,39.0,2.0,6.38,5.39,Apartment,3130000.0,5,4007000.0,28.02
2338.0,5.0,4.0,10.0,5.9,7.3,3.3,2.2,0.5,31.7,2.0,6.78,1.81,Villa,8744000.0,3,10338000.0,18.23
1660.0,4.0,4.0,24.0,5.9,10.8,1.1,8.0,4.7,33.6,2.0,5.25,1.91,Independent House,6497000.0,4,7230000.0,11.28
1405.0,2.0,2.0,7.0,4.3,16.5,5.4,2.4,3.1,26.1,0.0,6.14,4.52,Apartment,3178000.0,3,3609000.0,13.56
1438.0,3.0,3.0,12.0,6.9,11.7,12.0,5.8,,18.7,1.0,6.09,5.5,Independent House,4771000.0,4,5873000.0,23.1
1220.0,2.0,2.0,20.0,4.9,9.5,1.3,4.8,1.6,,1.0,5.7,4.08,Independent House,3533000.0,2,3823000.0,8.21
1568.0,4.0,3.0,23.0,7.6,7.8,2.6,3.9,2.9,22.9,0.0,4.69,2.4,Apartment,5398000.0,2,5869000.0,8.73
1233.0,2.0,2.0,18.0,8.4,0.9,2.4,5.6,1.5,14.6,1.0,6.32,7.23,Apartment,30171000.0,2,34022000.0,12.76
1642.0,3.0,2.0,7.0,2.9,9.4,4.6,4.0,1.1,31.2,1.0,4.47,2.77,Apartment,3553000.0,2,3828000.0,7.74
1244.0,3.0,4.0,25.0,2.7,10.9,3.6,3.8,4.2,,1.0,7.01,,Apartment,2290000.0,1,2361000.0,3.1
2152.0,4.0,3.0,2.0,6.9,11.0,3.7,6.8,1.6,39.6,2.0,6.73,5.22,Independent House,9221000.0,1,9810000.0,6.39
958.0,2.0,,7.0,2.1,19.3,2.8,7.1,2.5,36.7,0.0,4.98,3.37,Apartment,1997000.0,1,2060000.0,3.15
1288.0,3.0,2.0,29.0,6.7,5.7,1.1,5.9,2.7,26.6,1.0,4.46,2.04,Apartment,4970000.0,2,5396000.0,8.57
3359.0,6.0,5.0,11.0,2.7,18.1,1.0,4.5,8.3,34.5,4.0,5.72,3.18,Villa,11260000.0,2,12108000.0,7.53
1806.0,4.0,3.0,10.0,10.0,2.6,1.7,5.4,1.2,28.3,0.0,6.57,4.29,Apartment,10002000.0,4,13316000.0,33.13
1396.0,3.0,3.0,31.0,5.0,12.7,1.9,5.4,0.9,36.4,2.0,,4.17,Independent House,4016000.0,5,5082000.0,26.54
647.0,1.0,1.0,13.0,5.2,12.2,2.4,7.7,2.1,50.2,2.0,5.3,3.57,Apartment,1822000.0,2,1900000.0,4.28
1233.0,2.0,3.0,14.0,4.2,13.8,4.1,6.9,1.1,31.1,2.0,8.37,4.89,Apartment,3450000.0,5,4218000.0,22.26
784.0,2.0,1.0,17.0,3.8,5.0,1.5,5.6,6.5,38.9,2.0,5.36,4.65,Apartment,2061000.0,4,2540000.0,23.24
975.0,1.0,1.0,28.0,9.0,7.2,0.8,5.4,3.2,3.5,2.0,8.42,5.14,Apartment,5238000.0,1,5612000.0,7.14
1364.0,3.0,2.0,16.0,6.7,10.4,1.6,4.4,3.8,25.6,3.0,5.68,3.29,Independent House,5421000.0,5,6910000.0,27.47
1172.0,2.0,2.0,29.0,5.0,15.5,4.0,5.3,6.3,46.4,0.0,8.83,6.52,Apartment,2415000.0,1,2545000.0,5.38
1445.0,2.0,2.0,11.0,7.8,5.3,1.3,6.3,0.9,41.4,0.0,7.34,4.77,Apartment,6887000.0,2,7832000.0,13.72
1499.0,2.0,2.0,9.0,6.0,14.1,2.1,7.7,4.7,25.3,0.0,4.96,2.53,Apartment,5212000.0,5,6233000.0,19.59
1058.0,2.0,2.0,4.0,6.7,0.5,0.7,3.2,0.9,19.9,0.0,4.35,5.13,Apartment,3696000.0,1,3884000.0,5.09
960.0,1.0,1.0,,3.6,13.8,5.8,4.5,2.4,47.6,0.0,6.18,0.94,Apartment,1646000.0,2,1755000.0,6.62
1619.0,3.0,3.0,14.0,6.3,13.1,5.1,6.9,4.5,20.9,2.0,5.78,2.22,Independent House,6053000.0,4,7129000.0,17.78
2805.0,4.0,3.0,3.0,5.2,13.8,2.0,3.7,3.7,39.1,2.0,5.03,2.16,Independent House,9331000.0,4,10782000.0,15.55
1488.0,3.0,3.0,13.0,5.1,7.2,2.9,7.2,0.8,10.3,1.0,5.17,0.39,Apartment,6398000.0,5,8060000.0,25.98
963.0,2.0,2.0,5.0,1.7,19.0,20.3,3.1,1.9,43.8,1.0,7.64,1.77,Apartment,1004000.0,4,1062000.0,5.78
1413.0,2.0,2.0,11.0,4.8,10.1,0.5,,2.7,,1.0,6.38,3.44,Flat,4047000.0,1,4294000.0,6.1
971.0,2.0,2.0,3.0,10.0,15.9,2.4,5.2,2.6,21.3,2.0,5.08,7.64,Apartment,5691000.0,2,6539000.0,14.9
2188.0,5.0,4.0,13.0,6.0,8.5,5.9,2.9,1.8,35.1,3.0,4.69,6.34,Independent House,6468000.0,5,8171000.0,26.33
4855.0,6.0,5.0,13.0,5.3,11.7,1.8,7.9,1.9,48.0,4.0,6.77,,Villa,21888000.0,3,24988000.0,14.16
1252.0,2.0,2.0,9.0,5.1,12.6,4.6,7.3,2.8,26.3,0.0,4.67,8.28,Apartment,3023000.0,1,3223000.0,6.62
732.0,1.0,1.0,12.0,6.5,12.0,1.9,6.4,2.1,31.8,2.0,6.01,2.96,Apartment,2589000.0,4,3111000.0,20.16
1326.0,3.0,4.0,9.0,8.3,3.0,2.7,,1.0,22.9,0.0,6.73,1.43,Apartment,6927000.0,2,7606000.0,9.8
,3.0,3.0,25.0,3.8,12.2,2.1,3.0,4.6,27.9,0.0,5.17,2.68,Apartment,1909000.0,1,1975000.0,3.46
829.0,1.0,1.0,24.0,8.0,6.8,1.5,6.7,3.4,,2.0,8.72,6.59,Apartment,3603000.0,2,4262000.0,18.29
1986.0,4.0,4.0,10.0,5.9,16.2,1.9,5.7,6.7,40.8,2.0,6.73,4.74,Independent House,6142000.0,1,6481000.0,5.52
1366.0,3.0,3.0,10.0,5.9,16.0,3.7,7.3,5.6,,,6.79,6.73,Independent House,4961000.0,1,5271000.0,6.25
1546.0,2.0,1.0,2.0,9.7,0.5,2.2,4.3,1.4,23.5,3.0,7.4,3.19,Independent House,10174000.0,1,10844000.0,6.59
1687.0,4.0,4.0,17.0,4.1,23.7,2.2,3.8,2.4,34.1,3.0,5.24,2.47,Independent House,3938000.0,3,4369000.0,10.94
891.0,2.0,2.0,8.0,5.6,15.4,0.6,5.8,1.2,29.4,0.0,7.67,5.04,Apartment,2710000.0,2,3009000.0,11.03
1633.0,3.0,3.0,9.0,9.7,6.4,2.1,8.4,2.6,19.2,1.0,7.65,5.4,Independent House,14160000.0,1,15311000.0,8.13
818.0,2.0,2.0,,3.6,17.3,13.0,6.4,2.2,36.7,0.0,6.49,3.5,Apartment,1446000.0,2,1542000.0,6.64
866.0,2.0,3.0,1.0,6.3,1.3,0.6,5.2,1.8,31.2,0.0,7.79,5.83,Apartment,3463000.0,3,4236000.0,22.32
945.0,2.0,2.0,14.0,3.8,15.2,9.5,5.8,2.9,37.2,2.0,4.61,1.98,Apartment,1733000.0,2,1819000.0,4.96
1146.0,2.0,3.0,4.0,5.3,7.9,2.0,5.2,0.9,31.7,2.0,5.92,3.61,Independent House,3899000.0,4,4878000.0,25.11
1512.0,2.0,2.0,7.0,5.1,18.6,2.3,6.5,1.0,34.3,2.0,3.5,1.11,Apartment,4170000.0,2,4408000.0,5.71
912.0,3.0,2.0,19.0,7.2,5.5,2.7,8.5,4.8,27.6,1.0,5.91,5.34,Apartment,4530000.0,1,4801000.0,5.98
,3.0,3.0,16.0,6.3,9.9,3.8,4.9,2.6,23.1,2.0,7.06,6.0,Apartment,4702000.0,3,5663000.0,20.44
984.0,1.0,1.0,11.0,7.3,10.6,1.5,7.4,1.6,8.5,3.0,5.72,5.78,Independent House,4835000.0,3,5718000.0,18.26
1086.0,3.0,3.0,9.0,2.3,24.8,8.9,3.4,1.1,38.8,1.0,5.89,3.12,Apartment,1603000.0,2,1691000.0,5.49
1006.0,2.0,3.0,5.0,8.3,8.9,4.4,4.4,0.5,,2.0,5.63,5.02,Apartment,4256000.0,4,5298000.0,24.48
1093.0,2.0,2.0,24.0,6.9,7.8,,4.9,0.6,44.3,1.0,6.62,4.32,Apartment,3189000.0,2,3521000.0,10.41
1429.0,2.0,2.0,18.0,8.1,6.6,1.9,4.9,4.7,13.1,1.0,5.37,2.21,Apartment,5791000.0,3,6572000.0,13.49
1692.0,3.0,2.0,2.0,8.1,8.4,0.7,5.1,1.2,21.3,1.0,7.35,3.96,Independent House,7948000.0,1,8450000.0,6.32
692.0,1.0,1.0,9.0,5.1,19.1,10.6,5.1,2.5,31.6,0.0,3.87,4.36,Apartment,1285000.0,3,1380000.0,7.39
2009.0,3.0,3.0,15.0,2.9,16.0,6.1,4.2,3.3,,3.0,6.52,,Independent House,4518000.0,1,4631000.0,2.5
2145.0,4.0,4.0,0.0,4.6,14.4,5.3,6.5,3.0,42.1,3.0,5.0,2.42,Independent House,7065000.0,5,8577000.0,21.4
916.0,2.0,2.0,7.0,1.6,20.2,10.2,4.4,2.9,,0.0,6.55,1.87,Apartment,1406000.0,2,1489000.0,5.9
1875.0,3.0,2.0,2.0,6.8,5.8,3.7,7.9,0.4,31.6,3.0,4.82,4.29,Independent House,8924000.0,5,11699000.0,31.1
2518.0,5.0,4.0,26.0,4.3,13.6,1.6,5.6,1.0,33.8,3.0,3.11,5.9,Independent House,6770000.0,5,7673000.0,13.34
1269.0,2.0,3.0,13.0,5.5,11.9,4.6,5.4,4.1,34.0,3.0,8.7,5.44,Independent House,3860000.0,3,4640000.0,20.21
3545.0,6.0,5.0,17.0,6.8,8.2,1.7,4.8,1.2,29.1,3.0,5.64,6.03,Villa,16803000.0,1,17669000.0,5.15
605.0,1.0,2.0,10.0,4.8,12.9,3.5,4.1,7.4,35.5,0.0,6.08,2.83,Apartment,1326000.0,4,1469000.0,10.78
1099.0,0.0,2.0,23.0,10.0,0.5,0.4,5.2,1.0,11.8,1.0,7.27,5.89,Apartment,6326000.0,4,8456000.0,33.67
2461.0,5.0,5.0,3.0,6.3,6.0,2.6,6.1,1.3,37.7,2.0,5.52,3.01,Independent House,11718000.0,3,12827000.0,9.46
3087.0,0.0,5.0,22.0,3.3,10.9,1.9,5.5,,30.6,3.0,6.94,6.95,Villa,11982000.0,5,15226000.0,27.07
3729.0,6.0,5.0,16.0,6.2,10.5,5.0,6.1,1.7,42.1,4.0,9.5,5.65,Villa,18638000.0,1,19820000.0,6.34
5108.0,6.0,5.0,34.0,4.6,23.2,,5.0,4.6,23.0,4.0,5.84,3.49,Villa,12811000.0,2,13651000.0,6.56
775.0,2.0,2.0,9.0,5.7,15.9,1.1,5.9,0.9,39.2,0.0,7.49,5.03,Apartment,2490000.0,3,2883000.0,15.78
2266.0,4.0,4.0,5.0,5.1,15.8,3.5,3.7,3.5,26.0,3.0,6.53,0.76,Independent House,7428000.0,2,7863000.0,5.86
1612.0,3.0,3.0,24.0,7.1,5.8,3.1,3.8,1.4,35.6,2.0,6.06,5.92,Apartment,4778000.0,1,5025000.0,5.17
1445.0,2.0,2.0,9.0,5.3,9.5,3.2,5.8,6.0,36.7,2.0,5.18,3.93,Apartment,3972000.0,4,4642000.0,16.87
482.0,1.0,2.0,9.0,6.6,10.9,6.0,6.9,2.0,34.0,0.0,6.49,7.52,Apartment,1387000.0,4,1739000.0,25.38
2054.0,4.0,4.0,11.0,,3.2,0.7,3.5,1.2,27.6,2.0,6.28,6.41,Independent House,8505000.0,1,9113000.0,7.15
2628.0,6.0,6.0,6.0,9.7,5.8,1.2,6.8,1.2,27.1,3.0,6.42,5.62,Villa,23822000.0,3,29000000.0,21.74
803.0,1.0,1.0,31.0,7.3,,0.6,9.4,2.1,20.3,2.0,5.69,2.35,Apartment,3285000.0,3,3765000.0,14.61
840.0,2.0,1.0,13.0,7.4,5.0,2.5,5.1,1.9,11.8,0.0,5.4,5.22,Apartment,3039000.0,2,3451000.0,13.56
1867.0,3.0,3.0,18.0,7.2,15.2,4.8,4.3,4.4,33.4,1.0,7.65,4.55,Apartment,5023000.0,3,5967000.0,18.79
3045.0,5.0,4.0,9.0,7.6,15.8,3.9,6.5,4.2,32.8,2.0,5.35,5.28,Independent House,13020000.0,1,13608000.0,4.52
806.0,1.0,1.0,12.0,8.0,5.4,2.3,4.9,4.3,30.5,2.0,5.65,1.52,Apartment,3307000.0,3,3845000.0,16.27
1146.0,1.0,1.0,6.0,4.4,11.8,8.7,2.7,1.2,38.0,0.0,7.4,6.66,Apartment,2150000.0,5,2761000.0,28.42
,4.0,3.0,6.0,4.3,23.3,3.9,3.6,4.8,22.7,3.0,5.09,2.99,Independent House,5190000.0,2,5509000.0,6.15
658.0,1.0,2.0,22.0,7.1,6.5,0.9,4.2,1.5,28.0,1.0,6.28,2.99,Apartment,2437000.0,3,2735000.0,12.23
1216.0,1.0,1.0,9.0,4.2,15.3,1.1,2.3,3.0,42.3,1.0,7.38,,Apartment,2516000.0,4,3021000.0,20.07
1564.0,3.0,2.0,12.0,8.8,9.7,5.7,7.6,3.9,,2.0,9.09,7.39,Independent House,8232000.0,2,9645000.0,17.16
890.0,2.0,2.0,37.0,7.1,16.8,2.3,5.5,2.8,30.7,0.0,4.57,0.54,Apartment,2228000.0,4,2447000.0,9.83
2380.0,5.0,4.0,2.0,5.7,9.8,4.6,4.2,2.8,44.8,0.0,5.35,4.28,Apartment,7185000.0,4,8640000.0,20.25
1052.0,2.0,2.0,15.0,5.7,12.9,2.9,5.9,1.5,46.3,2.0,5.16,4.49,Apartment,2941000.0,4,3296000.0,12.07
2628.0,5.0,4.0,7.0,3.4,26.3,12.5,4.7,8.8,30.7,1.0,7.95,0.73,Independent House,4201000.0,4,4728000.0,12.54
887.0,2.0,2.0,15.0,8.7,1.6,1.5,5.2,0.7,21.8,2.0,6.73,7.04,Apartment,4826000.0,4,6440000.0,33.44
1222.0,2.0,1.0,,3.4,19.1,1.2,7.5,7.9,33.7,0.0,6.51,4.68,Apartment,2909000.0,4,3495000.0,20.14
799.0,1.0,1.0,20.0,6.0,3.0,2.4,5.2,2.6,21.8,1.0,4.75,2.93,Apartment,2543000.0,2,2779000.0,9.28
2340.0,4.0,4.0,22.0,2.8,19.7,5.7,5.7,4.7,38.6,3.0,4.42,3.61,Independent House,4353000.0,1,4382000.0,0.67
1012.0,4.0,4.0,28.0,4.8,19.1,4.9,4.9,4.5,35.2,1.0,7.75,1.65,Apartment,2158000.0,1,2242000.0,3.89
1022.0,1.0,2.0,3.0,4.4,3.0,1.1,7.5,0.8,40.9,1.0,5.82,1.12,Apartment,3821000.0,1,3990000.0,4.42
1105.0,3.0,3.0,20.0,4.8,21.4,4.1,3.0,10.2,34.7,1.0,5.81,1.5,Apartment,2087000.0,3,2298000.0,10.11
2235.0,5.0,5.0,6.0,2.9,10.2,6.1,3.0,2.5,11.9,1.0,6.57,5.07,Independent House,6332000.0,4,7895000.0,24.68
1639.0,3.0,3.0,7.0,6.7,6.3,2.0,4.3,2.1,15.9,3.0,4.07,2.44,Independent House,6584000.0,4,7508000.0,14.03
2007.0,3.0,3.0,9.0,5.1,21.5,9.7,,1.7,27.8,2.0,4.09,-1.19,Independent House,4870000.0,5,5506000.0,13.06
1444.0,3.0,3.0,17.0,6.8,5.6,1.4,3.6,2.9,24.1,1.0,5.58,3.19,Independent House,4445000.0,3,5092000.0,14.56
1992.0,4.0,4.0,4.0,5.2,20.7,4.6,2.8,0.6,44.4,2.0,4.98,3.08,independent house,4946000.0,5,5739000.0,16.03
927.0,1.0,1.0,16.0,5.7,4.1,0.7,4.5,1.3,26.5,1.0,5.68,4.42,Apartment,3103000.0,2,3507000.0,13.02
1324.0,3.0,3.0,8.0,5.2,17.3,6.0,,9.6,24.3,0.0,6.2,3.77,Apartment,3705000.0,3,4253000.0,14.79
2484.0,6.0,5.0,13.0,6.2,15.9,6.6,7.3,0.8,36.4,2.0,6.58,3.22,Apartment,8763000.0,3,9642000.0,10.03
2022.0,3.0,3.0,8.0,6.4,20.7,1.4,4.4,1.2,21.4,2.0,7.48,8.68,Independent House,6231000.0,3,7626000.0,22.39
1062.0,2.0,3.0,,5.7,14.4,3.3,6.0,4.1,26.3,2.0,6.02,1.99,Apartment,3834000.0,2,4152000.0,8.29
1337.0,2.0,1.0,7.0,7.2,14.3,0.5,5.4,1.4,24.9,2.0,6.7,0.33,Apartment,5069000.0,1,5308000.0,4.71
1214.0,2.0,3.0,4.0,7.7,13.9,2.2,4.3,2.2,20.3,1.0,5.7,7.07,Apartment,4387000.0,4,5748000.0,31.02
2215.0,3.0,3.0,14.0,8.6,8.1,0.7,6.3,2.1,21.2,1.0,7.8,7.11,Independent House,10865000.0,5,15971000.0,46.99
1224.0,2.0,2.0,5.0,4.6,18.8,7.5,3.6,1.7,27.8,1.0,7.11,3.83,Apartment,2464000.0,2,2678000.0,8.69
2124.0,3.0,2.0,8.0,5.0,12.6,4.4,6.2,1.8,18.8,2.0,6.9,5.53,Independent House,7507000.0,3,8915000.0,18.76
553.0,1.0,1.0,25.0,3.5,18.5,9.5,4.4,0.9,47.3,0.0,6.42,2.8,Apartment,686000.0,5,724000.0,5.54
1366.0,3.0,2.0,25.0,4.4,15.5,5.1,4.2,4.3,33.3,0.0,7.66,4.96,Apt,2801000.0,5,3271000.0,16.78
1043.0,2.0,2.0,10.0,4.0,14.5,11.2,6.3,5.9,36.3,0.0,5.47,3.05,Apartment,1852000.0,4,2033000.0,9.77
829.0,1.0,1.0,14.0,7.1,0.5,0.2,8.1,1.2,30.2,0.0,6.0,3.17,apartment,3702000.0,2,4174000.0,12.75
2464.0,5.0,5.0,19.0,6.2,13.3,2.1,4.2,3.0,26.8,3.0,5.76,7.09,Villa,10053000.0,3,11929000.0,18.66
1285.0,2.0,2.0,18.0,6.2,14.1,4.0,4.5,5.3,32.5,2.0,7.01,4.91,Independent House,3676000.0,3,4262000.0,15.94
901.0,1.0,2.0,,9.4,0.5,1.0,4.4,1.5,27.2,1.0,6.57,8.4,Apartment,3728000.0,2,4368000.0,17.17
641.0,2.0,1.0,14.0,5.2,19.6,2.2,,2.4,49.8,0.0,7.86,1.95,Apt,1329000.0,5,1652000.0,24.3
954.0,2.0,2.0,17.0,3.6,23.7,4.1,7.3,2.4,45.0,0.0,7.33,1.79,Apartment,1702000.0,4,2026000.0,19.04
4913.0,6.0,4.0,10.0,6.6,12.4,4.7,4.3,,17.4,3.0,5.24,4.45,Villa,22441000.0,3,26464000.0,17.93
531.0,1.0,2.0,11.0,9.9,5.8,1.4,7.2,1.2,11.1,0.0,7.3,8.19,Apartment,3819000.0,2,4504000.0,17.94
829.0,2.0,2.0,14.0,6.1,8.3,2.0,5.4,2.1,24.6,1.0,8.48,5.51,Apartment,3353000.0,1,3623000.0,8.05
,2.0,2.0,2.0,4.7,16.6,1.0,3.3,0.5,33.0,2.0,7.52,2.91,Apartment,3903000.0,5,5079000.0,30.13
892.0,1.0,1.0,,6.2,16.6,11.7,4.9,2.3,37.1,0.0,6.7,3.21,Apartment,1829000.0,3,1985000.0,8.53
725.0,1.0,1.0,4.0,7.6,13.9,0.7,3.6,5.9,27.8,0.0,5.54,6.3,Apartment,2490000.0,5,3204000.0,28.67
1598.0,3.0,2.0,5.0,7.6,8.8,2.1,7.1,0.7,45.8,0.0,9.27,2.41,Apartment,7340000.0,2,8326000.0,13.43
1516.0,3.0,2.0,21.0,6.0,10.2,6.3,3.5,2.3,17.9,1.0,6.37,4.79,Apartment,3600000.0,2,3908000.0,8.56
1331.0,2.0,2.0,15.0,5.0,8.4,4.9,6.6,2.0,40.0,2.0,4.62,2.76,apartment,3542000.0,4,4184000.0,18.13
795.0,2.0,2.0,9.0,4.6,18.0,8.7,9.9,2.4,44.3,1.0,6.68,5.01,Apartment,1835000.0,3,2126000.0,15.86
652.0,1.0,1.0,,6.8,11.0,10.4,5.5,3.3,29.4,1.0,9.68,6.31,Apartment,2007000.0,5,2779000.0,38.47
1834.0,4.0,3.0,13.0,5.3,18.2,16.0,5.3,1.7,28.1,0.0,6.71,4.05,Apartment,3552000.0,1,3640000.0,2.48
1685.0,2.0,2.0,4.0,5.1,13.9,2.5,5.5,,32.0,0.0,6.69,4.44,Apartment,4541000.0,1,4816000.0,6.06
2678.0,5.0,5.0,8.0,10.0,7.1,0.8,10.0,1.7,20.3,2.0,8.6,6.95,Independent House,24350000.0,2,29534000.0,21.29
1950.0,3.0,3.0,10.0,3.9,19.3,0.4,4.3,6.6,33.1,3.0,6.24,2.56,Independent House,5129000.0,5,6372000.0,24.23
1226.0,2.0,2.0,9.0,3.2,22.0,2.7,6.1,3.9,46.5,0.0,5.64,2.0,Apartment,2347000.0,5,2867000.0,22.16
1784.0,3.0,3.0,3.0,5.1,17.1,11.0,6.5,4.6,49.4,2.0,5.17,0.81,apartment,4253000.0,2,4406000.0,3.6
1491.0,2.0,2.0,8.0,6.8,0.5,0.5,6.9,1.1,14.9,0.0,5.01,7.88,Apartment,6949000.0,5,9573000.0,37.76
1651.0,3.0,2.0,16.0,5.0,12.9,0.3,4.1,4.9,35.2,1.0,,4.7,Apartment,4510000.0,1,4762000.0,5.59
1573.0,1.0,1.0,13.0,6.8,11.5,1.0,5.0,4.2,18.6,3.0,6.42,5.69,Independent House,6241000.0,2,6961000.0,11.54
1120.0,2.0,2.0,11.0,5.7,14.6,2.2,4.8,4.5,28.8,2.0,8.6,5.21,Apartment,3543000.0,3,4124000.0,16.4
1137.0,2.0,2.0,10.0,3.1,16.1,7.9,4.1,0.6,14.7,2.0,6.45,5.38,APARTMENT,2918000.0,5,3686000.0,26.32
919.0,2.0,1.0,14.0,4.0,20.4,13.6,6.8,3.3,40.8,2.0,5.88,1.57,,1404000.0,2,1469000.0,4.63
716.0,1.0,1.0,2.0,9.5,6.6,1.8,5.8,1.0,13.6,2.0,5.4,4.64,Apartment,4443000.0,1,4692000.0,5.6
2310.0,0.0,3.0,19.0,4.9,6.4,2.0,6.3,2.4,49.2,2.0,6.0,3.73,Independent House,9038000.0,3,10032000.0,11.0
2254.0,5.0,4.0,2.0,3.5,27.7,14.9,4.2,5.7,37.0,2.0,6.1,2.21,Villa,4199000.0,4,4680000.0,11.46
815.0,2.0,2.0,1.0,7.9,9.1,12.3,3.8,2.9,40.0,2.0,2.28,1.82,Apartment,2107000.0,1,2136000.0,1.38
1720.0,3.0,3.0,4.0,7.1,5.9,1.1,3.6,2.2,31.4,1.0,5.42,3.84,Apartment,7050000.0,2,7713000.0,9.4
2449.0,5.0,,9.0,5.7,5.5,1.2,6.5,2.3,19.9,3.0,3.41,1.35,Villa,13046000.0,2,14058000.0,7.76
924.0,,1.0,2.0,6.4,12.6,0.4,6.0,1.0,37.8,2.0,6.75,5.45,Apartment,3171000.0,5,4235000.0,33.55
486.0,1.0,1.0,28.0,8.3,3.6,1.1,4.6,1.0,37.6,0.0,4.67,1.8,Apartment,1452000.0,3,1597000.0,9.99
4045.0,,6.0,3.0,5.1,10.1,2.7,4.0,2.9,41.1,4.0,5.98,4.82,Villa,17062000.0,3,20525000.0,20.3
3216.0,6.0,5.0,21.0,5.1,10.1,4.6,3.0,1.4,24.3,,8.8,4.38,Villa,13502000.0,4,16648000.0,23.3
2792.0,4.0,4.0,16.0,6.2,9.7,8.0,4.1,1.2,27.9,1.0,5.17,1.42,Independent House,7224000.0,2,7803000.0,8.01
1565.0,3.0,3.0,13.0,7.2,6.1,1.1,4.2,2.9,18.1,1.0,4.74,2.56,Independent House,6815000.0,1,7165000.0,5.14
1796.0,4.0,3.0,8.0,3.9,22.0,1.5,6.1,3.6,26.8,2.0,2.07,2.66,Independent House,5298000.0,5,5828000.0,10.0
598.0,1.0,1.0,14.0,4.5,13.1,,8.4,1.9,31.3,2.0,6.73,3.98,Apt,1826000.0,1,1900000.0,4.05
618.0,1.0,1.0,5.0,7.6,6.0,1.2,6.2,2.4,29.6,0.0,4.31,3.03,Apartment,2454000.0,3,2829000.0,15.28
1660.0,2.0,3.0,,8.9,5.5,1.9,4.5,1.0,24.6,3.0,4.4,3.99,INDEPENDENT HOUSE,9129000.0,1,9611000.0,5.28
3952.0,6.0,5.0,16.0,5.5,16.6,2.4,4.9,3.8,30.9,3.0,5.46,3.48,Villa,15054000.0,4,18414000.0,22.32
729.0,1.0,2.0,4.0,5.9,14.0,9.8,4.9,5.0,,0.0,4.47,0.98,Apartment,1929000.0,5,2253000.0,16.8
1567.0,3.0,2.0,4.0,5.4,8.0,0.9,5.7,3.8,41.0,3.0,5.32,3.7,Independent House,7016000.0,5,9417000.0,34.22
1185.0,3.0,2.0,3.0,6.2,22.0,10.1,4.7,1.1,27.2,1.0,5.77,3.61,Apartment,2816000.0,4,3201000.0,13.67
2160.0,3.0,2.0,9.0,5.9,13.7,,7.0,2.1,32.8,1.0,5.79,4.69,Independent House,7233000.0,3,8245000.0,13.99
851.0,2.0,1.0,12.0,5.1,19.2,2.0,1.6,3.7,15.9,2.0,7.12,4.43,Apartment,2252000.0,5,2787000.0,23.76
1324.0,3.0,3.0,8.0,5.8,12.6,5.4,7.9,0.8,19.6,1.0,4.52,0.17,Apartment,4873000.0,1,5050000.0,3.63
1132.0,1.0,1.0,6.0,5.3,10.6,4.5,4.7,1.2,28.2,2.0,4.66,6.33,Apartment,2928000.0,5,3722000.0,27.12
1276.0,3.0,2.0,11.0,9.5,13.5,3.8,8.2,1.7,14.0,1.0,6.37,3.94,Apartment,7949000.0,5,10724000.0,34.91
1686.0,,3.0,11.0,3.2,13.3,0.9,4.1,2.7,42.9,1.0,7.42,4.01,Independent House,4257000.0,5,5674000.0,33.29
2313.0,4.0,4.0,,4.5,27.3,12.1,4.4,1.8,34.3,1.0,6.98,-0.18,Independent House,4007000.0,3,4205000.0,4.94
1118.0,2.0,2.0,10.0,6.1,,3.0,6.7,4.1,,1.0,6.21,3.24,Flat,3270000.0,3,3821000.0,16.85
851.0,1.0,1.0,11.0,4.8,20.0,14.7,6.2,3.4,30.3,0.0,7.62,,Apartment,1411000.0,3,1616000.0,14.53
1812.0,4.0,3.0,16.0,8.8,14.9,7.4,5.1,0.9,28.7,1.0,5.15,4.0,Apartment,6100000.0,3,6851000.0,12.31
1895.0,4.0,4.0,,1.8,18.1,8.6,4.1,1.7,38.1,2.0,3.75,0.58,Apartment,3428000.0,1,3432000.0,0.12
1272.0,2.0,2.0,7.0,8.3,2.0,2.2,3.4,0.7,37.9,1.0,8.6,7.3,Apartment,4965000.0,3,6337000.0,27.63
1190.0,2.0,2.0,15.0,2.8,18.2,4.8,6.2,4.2,39.4,1.0,6.22,6.75,Apartment,2293000.0,1,2409000.0,5.06
1336.0,3.0,3.0,6.0,6.6,8.4,0.2,4.8,2.8,31.8,2.0,6.29,0.74,Independent House,5304000.0,4,6344000.0,19.61
1098.0,3.0,3.0,11.0,8.3,13.5,5.8,7.4,1.2,18.4,2.0,6.29,4.52,Apartment,5697000.0,2,6414000.0,12.59
858.0,1.0,1.0,14.0,8.5,0.5,1.5,7.0,1.2,18.2,0.0,6.62,6.65,Apartment,4841000.0,4,6613000.0,36.6
1668.0,2.0,2.0,27.0,7.3,9.3,0.9,3.4,1.9,28.0,2.0,5.69,1.24,Apartment,4806000.0,3,5308000.0,10.45
1360.0,4.0,3.0,11.0,7.5,6.3,3.6,7.1,1.1,19.7,1.0,9.03,7.16,Apartment,7163000.0,2,8507000.0,18.76
1068.0,2.0,2.0,7.0,4.6,13.9,4.2,5.0,2.3,25.0,1.0,4.27,2.21,Apartment,2872000.0,4,3390000.0,18.04
1110.0,2.0,2.0,10.0,7.5,7.5,4.0,6.7,1.8,247.2,1.0,9.38,5.34,Independent House,5883000.0,4,7854000.0,33.5
959.0,1.0,1.0,33.0,6.9,11.5,2.8,4.2,2.8,18.1,1.0,6.16,5.06,Apartment,2636000.0,2,2987000.0,13.32
2549.0,5.0,4.0,11.0,7.3,6.8,1.2,6.8,2.1,25.6,2.0,5.28,5.83,Independent House,13717000.0,3,16364000.0,19.3
1074.0,2.0,2.0,9.0,6.8,17.4,4.8,5.5,8.0,31.9,0.0,5.75,2.74,Apartment,3078000.0,4,3541000.0,15.04
941.0,1.0,1.0,14.0,4.9,10.9,0.5,7.5,1.9,15.9,2.0,8.31,7.5,Apartment,3430000.0,2,3946000.0,15.04
809.0,1.0,1.0,10.0,5.8,6.7,0.5,7.1,1.5,35.1,1.0,6.19,6.16,Apartment,2612000.0,4,3221000.0,23.32
2098.0,4.0,4.0,,4.2,15.7,4.5,4.6,6.6,41.3,1.0,4.53,2.74,Independent House,5857000.0,5,6893000.0,17.69
1037.0,1.0,1.0,15.0,6.3,12.0,3.0,3.7,,32.9,,2.88,1.68,Apartment,2509000.0,2,2606000.0,3.87
853.0,2.0,3.0,9.0,4.9,5.2,0.2,5.8,1.1,31.5,2.0,5.72,0.55,Apartment,3523000.0,3,3940000.0,11.84
537.0,1.0,1.0,9.0,5.8,3.1,2.1,5.2,1.0,47.6,0.0,6.04,0.12,Apartment,1862000.0,4,2159000.0,15.95
1440.0,2.0,3.0,10.0,5.8,11.0,2.3,5.1,1.4,29.0,1.0,7.55,5.15,Apartment,4710000.0,2,5207000.0,10.55
641.0,1.0,1.0,14.0,3.7,13.8,3.1,3.8,3.2,47.2,2.0,8.22,3.71,Apartment,1346000.0,1,1415000.0,5.13
2076.0,5.0,4.0,17.0,10.0,9.7,0.8,6.4,1.2,24.6,2.0,6.94,6.45,Independent House,13707000.0,1,14585000.0,6.41
2253.0,5.0,4.0,16.0,5.4,17.1,4.5,4.9,2.6,27.9,3.0,5.5,2.47,Independent House,7688000.0,3,8664000.0,12.7
1273.0,2.0,2.0,9.0,6.9,9.0,5.8,8.0,5.3,27.9,1.0,6.57,3.58,Apartment,4915000.0,2,5544000.0,12.8
1463.0,2.0,1.0,20.0,1.0,20.9,12.2,5.3,1.5,40.3,2.0,6.22,3.76,Independent House,1881000.0,1,1913000.0,1.7
1930.0,3.0,2.0,9.0,6.4,7.4,3.6,5.2,,39.3,3.0,5.3,3.32,Independent House,7068000.0,4,8086000.0,14.4
3721.0,6.0,5.0,16.0,2.4,,4.9,6.1,1.1,49.0,4.0,7.65,3.7,Villa,9502000.0,5,10807000.0,13.73
715.0,1.0,1.0,10.0,8.5,8.8,3.5,6.0,,18.6,0.0,6.96,3.68,Apartment,3177000.0,2,3592000.0,13.06
769.0,2.0,2.0,5.0,6.9,18.7,4.3,6.4,1.8,28.9,0.0,5.05,6.65,Apartment,2293000.0,1,2426000.0,5.8
2031.0,4.0,4.0,11.0,4.7,18.6,2.9,7.7,1.6,44.6,1.0,6.16,,Independent House,5764000.0,1,5976000.0,3.68
1089.0,2.0,2.0,2.0,1.0,20.2,7.8,3.8,2.4,45.7,1.0,3.25,-0.96,Apartment,1348000.0,3,1366000.0,1.34
1969.0,4.0,4.0,29.0,2.8,12.9,6.1,,1.3,32.0,2.0,3.66,1.27,Villa,5458000.0,2,5730000.0,4.98
2533.0,4.0,3.0,18.0,10.0,1.2,1.1,6.6,1.0,21.7,1.0,6.81,4.92,Independent House,17429000.0,5,24930000.0,43.04
2235.0,4.0,4.0,6.0,5.5,10.6,0.7,7.2,1.3,42.3,1.0,6.67,2.49,Independent House,10735000.0,3,12635000.0,17.7
1021.0,1.0,1.0,30.0,4.5,5.4,1.9,4.6,2.5,23.9,0.0,7.24,7.14,Apartment,2318000.0,4,2922000.0,26.06
2533.0,4.0,3.0,16.0,3.0,15.5,9.5,4.7,1.0,39.9,2.0,5.16,5.64,Independent House,5216000.0,2,5677000.0,8.84
2185.0,4.0,3.0,3.0,6.0,11.7,1.3,4.1,1.6,37.5,1.0,4.9,1.7,Apartment,7215000.0,3,8238000.0,14.18
2818.0,5.0,6.0,13.0,7.0,4.5,1.3,6.1,2.0,30.1,2.0,6.72,4.55,Independent House,14410000.0,4,17936000.0,24.47
1764.0,3.0,3.0,10.0,10.0,12.8,1.8,6.5,2.2,18.8,0.0,7.01,,Apartment,9503000.0,3,12002000.0,26.3
946.0,2.0,2.0,25.0,2.8,12.6,7.3,3.8,1.2,46.9,1.0,5.41,1.87,Apartment,1269000.0,4,1386000.0,9.22
1174.0,4.0,3.0,12.0,4.5,19.0,3.1,3.4,1.1,25.2,2.0,6.17,2.64,Independent House,3374000.0,2,3603000.0,6.79
1426.0,3.0,3.0,18.0,5.3,14.8,10.4,3.6,3.0,27.9,3.0,7.77,2.93,Independent House,3489000.0,3,4094000.0,17.34
975.0,3.0,2.0,19.0,10.0,4.0,1.2,6.2,1.4,9.8,2.0,5.85,5.29,Apartment,6641000.0,2,7575000.0,14.06
1124.0,2.0,3.0,24.0,6.9,13.2,3.9,5.1,3.1,,0.0,6.34,4.41,Apartment,3068000.0,2,3392000.0,10.56
1064.0,1.0,1.0,15.0,4.1,24.2,11.0,5.7,2.0,29.7,1.0,7.38,3.52,Apartment,1760000.0,1,1815000.0,3.12
1188.0,2.0,2.0,24.0,8.1,7.0,1.2,7.4,1.4,23.0,0.0,5.94,4.86,Apartment,5413000.0,2,6071000.0,12.16
562.0,1.0,,11.0,5.0,7.3,3.0,3.6,7.8,49.3,2.0,5.76,6.06,Apartment,1352000.0,3,1524000.0,12.72
1721.0,4.0,4.0,12.0,9.2,0.5,1.7,7.9,1.2,18.8,1.0,5.09,5.26,Apartment,11633000.0,5,15763000.0,35.5
1224.0,3.0,3.0,37.0,9.7,5.6,0.5,8.0,1.7,18.2,2.0,6.38,5.1,Independent House,7648000.0,5,10433000.0,36.41
2542.0,3.0,3.0,7.0,2.8,19.8,1.8,5.2,1.6,48.8,1.0,7.01,2.94,Independent House,6421000.0,3,7185000.0,11.9
1427.0,3.0,3.0,1.0,5.7,15.1,5.1,8.4,1.7,25.0,2.0,4.94,4.32,Apartment,5649000.0,5,7006000.0,24.02
1560.0,3.0,3.0,8.0,7.3,6.6,3.5,6.5,1.4,22.5,3.0,6.37,4.46,Independent House,8316000.0,1,8844000.0,6.35
1219.0,2.0,3.0,23.0,8.2,6.7,0.9,7.5,2.6,10.8,1.0,7.35,6.3,Apartment,6221000.0,4,7777000.0,25.01
1656.0,3.0,2.0,16.0,5.2,11.0,5.5,5.0,0.9,50.8,1.0,3.7,2.99,Apartment,3436000.0,1,3503000.0,1.95
1284.0,2.0,3.0,6.0,5.3,17.8,3.8,3.7,5.6,24.8,0.0,5.69,6.62,Apartment,3115000.0,2,3523000.0,13.1
630.0,1.0,2.0,21.0,6.5,13.2,1.2,8.1,3.6,21.9,2.0,6.15,8.59,Apartment,2678000.0,3,3202000.0,19.57
826.0,2.0,3.0,6.0,4.8,16.8,2.1,3.8,4.1,30.9,2.0,5.41,1.82,apartment,2606000.0,5,3032000.0,16.35
1083.0,2.0,2.0,35.0,5.5,11.8,,6.3,2.3,27.0,1.0,6.67,5.93,Apartment,2636000.0,2,2891000.0,9.67
1613.0,3.0,3.0,13.0,5.9,9.4,2.9,6.6,0.6,42.3,,10.0,5.7,Apartment,5176000.0,1,5563000.0,7.48
1151.0,2.0,1.0,6.0,7.9,6.6,1.6,2.5,0.6,29.5,2.0,5.5,4.89,Apartment,4076000.0,1,4260000.0,4.51
1801.0,4.0,4.0,4.0,6.5,17.1,2.2,4.1,0.5,29.0,1.0,5.67,2.93,Independent House,6316000.0,5,7699000.0,21.9
1896.0,,4.0,6.0,6.1,5.8,0.7,4.9,0.9,35.1,1.0,4.53,-0.22,Independent House,8007000.0,2,8449000.0,5.52
1255.0,4.0,3.0,6.0,8.1,0.5,1.0,6.1,0.8,32.4,1.0,6.85,6.38,Apartment,6697000.0,2,7642000.0,14.11
3170.0,6.0,4.0,5.0,7.0,0.9,1.8,6.1,1.8,37.1,3.0,6.17,0.78,Villa,21922000.0,2,24323000.0,10.95
1301.0,2.0,2.0,16.0,5.5,21.3,3.3,,3.4,19.9,0.0,6.36,4.62,Apartment,3409000.0,2,3808000.0,11.7
1558.0,3.0,3.0,7.0,5.1,19.3,4.5,4.0,2.7,27.0,2.0,5.32,2.95,Independent House,4820000.0,4,5640000.0,17.01
1612.0,4.0,,6.0,4.4,1.9,1.1,3.5,1.2,26.8,1.0,5.94,6.49,Apt,6134000.0,4,7517000.0,22.55
1719.0,4.0,3.0,27.0,9.1,9.3,1.6,7.0,1.3,15.8,1.0,5.97,3.47,Independent House,10580000.0,1,11147000.0,5.36
,2.0,3.0,11.0,6.5,7.4,,,1.3,13.4,2.0,5.93,3.44,Apartment,6172000.0,1,6496000.0,5.25
1661.0,3.0,3.0,15.0,7.8,2.7,0.8,5.0,2.0,31.9,2.0,6.6,4.78,Independent House,7891000.0,5,10168000.0,28.86
2910.0,5.0,4.0,11.0,6.0,20.1,0.7,5.6,1.7,18.6,3.0,7.35,6.91,Villa,16424000.0,2,18540000.0,12.88
1814.0,4.0,4.0,2.0,6.8,5.4,1.8,5.4,0.9,35.5,2.0,5.89,4.48,Independent House,9037000.0,2,10099000.0,11.75
726.0,,1.0,14.0,7.6,12.6,3.2,4.7,3.0,13.4,0.0,7.37,3.09,Apartment,2595000.0,3,3060000.0,17.92
1084.0,2.0,1.0,10.0,3.1,19.9,4.5,3.6,5.8,42.4,2.0,7.7,2.71,Apartment,1823000.0,2,1919000.0,5.27
2276.0,3.0,2.0,5.0,9.0,3.6,1.3,7.1,2.5,29.9,3.0,4.31,5.59,Independent House,13798000.0,1,14571000.0,5.6
861.0,1.0,1.0,9.0,4.1,16.9,7.9,5.4,4.7,,1.0,5.67,3.83,Apartment,1450000.0,5,1751000.0,20.76
1060.0,2.0,1.0,11.0,6.1,10.2,2.5,7.8,1.5,18.4,2.0,6.19,5.68,Independent House,4316000.0,4,5831000.0,35.1
1104.0,2.0,,26.0,8.5,2.8,3.2,6.7,1.1,19.3,1.0,7.17,5.66,Apartment,5035000.0,3,6041000.0,19.98
2180.0,4.0,4.0,17.0,6.8,6.1,4.2,2.4,1.9,25.0,1.0,5.15,3.9,Independent House,7543000.0,1,7859000.0,4.19
2863.0,5.0,5.0,17.0,5.8,6.9,0.9,5.9,,35.3,1.0,2.65,3.44,independent house,9928000.0,2,10502000.0,5.78
663.0,2.0,2.0,14.0,5.1,18.7,6.7,4.8,2.3,48.9,1.0,5.77,0.43,Apartment,1443000.0,3,1560000.0,8.11
780.0,1.0,2.0,11.0,,9.1,1.8,4.3,2.4,36.3,1.0,6.11,2.54,Apartment,1931000.0,2,2094000.0,8.44
575.0,1.0,1.0,13.0,7.6,0.5,0.6,,2.5,24.3,0.0,5.67,5.65,Apartment,2569000.0,5,3486000.0,35.69
1114.0,1.0,3.0,5.0,7.3,0.5,3.9,6.0,1.5,29.9,1.0,3.09,1.34,Flat,4615000.0,4,5239000.0,13.52
1413.0,4.0,3.0,2.0,7.8,3.3,2.0,7.1,0.5,30.3,2.0,6.48,3.08,Apartment,7955000.0,2,8940000.0,12.38
2486.0,5.0,5.0,2.0,7.4,10.9,2.4,6.4,8.7,22.8,1.0,7.45,8.9,Independent House,15100000.0,3,18914000.0,25.26
1043.0,3.0,3.0,17.0,6.7,11.9,3.0,8.2,6.8,39.3,1.0,7.55,3.3,Apartment,3438000.0,5,4750000.0,38.16
2345.0,3.0,3.0,3.0,5.6,10.2,1.4,6.3,8.3,28.9,2.0,5.71,0.78,Independent House,10767000.0,4,12663000.0,17.61
656.0,1.0,1.0,4.0,8.4,13.7,2.2,6.9,5.8,24.0,2.0,,7.02,apartment,3319000.0,4,4332000.0,30.52
1452.0,2.0,3.0,7.0,3.2,14.5,9.3,6.4,1.4,28.5,1.0,5.36,2.56,Apartment,3389000.0,3,3800000.0,12.13
854.0,2.0,2.0,10.0,8.4,9.0,4.9,3.8,3.6,26.4,0.0,8.17,9.12,Apartment,2901000.0,1,3106000.0,7.07
1589.0,3.0,3.0,11.0,5.5,17.3,1.9,5.3,3.2,36.8,2.0,6.69,3.41,Apartment,3892000.0,2,4233000.0,8.76
1802.0,3.0,3.0,2.0,5.6,9.0,2.4,4.9,2.5,13.0,3.0,5.56,1.7,Independent House,8580000.0,5,10761000.0,25.42
2305.0,4.0,3.0,5.0,6.5,9.2,2.5,8.5,1.8,29.8,1.0,5.65,5.75,Independent House,11323000.0,2,12608000.0,11.35
1584.0,3.0,3.0,20.0,7.2,12.9,5.6,7.5,3.2,30.8,1.0,5.28,2.6,Independent House,5659000.0,2,6126000.0,8.25
1000.0,2.0,3.0,12.0,8.9,7.5,0.5,5.3,2.5,32.3,1.0,4.95,4.93,Apartment,4567000.0,5,5842000.0,27.92
1374.0,3.0,2.0,6.0,5.5,10.3,1.6,4.1,1.7,23.6,1.0,4.87,3.06,independent house,4408000.0,4,5300000.0,20.24
1176.0,3.0,4.0,36.0,6.0,12.6,2.8,3.1,4.4,42.1,2.0,5.73,0.88,Apartment,2925000.0,5,3367000.0,15.11
1464.0,3.0,3.0,8.0,6.7,1.1,0.8,4.6,2.2,32.2,0.0,6.88,4.64,Apt,5649000.0,4,7010000.0,24.09
1253.0,3.0,3.0,7.0,3.8,24.6,11.5,6.2,9.4,44.4,0.0,3.17,2.51,Apartment,1963000.0,4,2061000.0,4.99
829.0,1.0,1.0,8.0,5.6,12.1,7.4,6.4,4.1,29.6,1.0,5.05,4.7,Apartment,2162000.0,2,2335000.0,8.0
1505.0,3.0,2.0,17.0,4.3,21.7,6.5,5.1,9.5,37.6,0.0,6.69,3.02,Apartment,2546000.0,2,2717000.0,6.72
1107.0,2.0,2.0,16.0,7.0,11.6,0.5,9.3,1.3,27.9,1.0,9.46,6.31,Apartment,5057000.0,2,5955000.0,17.76
1842.0,2.0,2.0,4.0,7.6,9.6,2.2,8.8,,25.7,1.0,5.34,4.59,Independent House,10235000.0,2,11259000.0,10.0
2667.0,4.0,3.0,4.0,6.6,10.2,1.0,5.3,2.2,23.9,3.0,7.21,3.78,Independent House,11896000.0,2,13388000.0,12.54
775.0,1.0,1.0,6.0,2.5,12.9,1.2,4.6,,35.7,0.0,5.35,2.08,Apartment,1658000.0,5,1962000.0,18.34
898.0,1.0,2.0,18.0,7.1,4.7,,5.9,2.7,28.3,1.0,4.62,2.75,Apartment,3327000.0,2,3594000.0,8.03
1614.0,4.0,3.0,12.0,10.0,4.6,0.3,7.6,3.4,15.4,2.0,7.47,,Independent House,15430000.0,2,17882000.0,15.89
845.0,1.0,2.0,4.0,3.0,9.0,13.1,6.1,1.5,13.4,1.0,4.5,-1.4,Apartment,1521000.0,5,1642000.0,7.96
1105.0,2.0,2.0,12.0,4.9,15.9,1.5,7.1,4.9,25.3,2.0,6.16,4.62,Apartment,3762000.0,4,4661000.0,23.9
3788.0,6.0,6.0,15.0,7.1,13.5,2.4,8.9,5.7,29.6,3.0,6.43,5.26,Villa,24919000.0,4,30439000.0,22.15
988.0,2.0,2.0,4.0,4.6,13.9,4.4,5.7,2.0,39.5,0.0,5.69,3.05,Apartment,2654000.0,1,2779000.0,4.71
2818.0,4.0,4.0,10.0,2.3,30.3,12.6,2.2,7.2,34.3,1.0,7.95,2.88,Independent House,3583000.0,4,3877000.0,8.21
1292.0,2.0,2.0,20.0,5.7,15.4,2.3,3.7,4.9,26.1,0.0,6.13,4.16,Apartment,3171000.0,5,3994000.0,25.95
1715.0,3.0,3.0,10.0,3.3,17.8,5.1,6.0,14.3,40.6,1.0,5.88,0.96,Apartment,2968000.0,2,3172000.0,6.87
2482.0,5.0,4.0,13.0,4.3,15.8,5.0,2.6,1.4,35.1,3.0,7.92,3.27,Independent House,6730000.0,4,7965000.0,18.35
1838.0,3.0,3.0,9.0,4.8,3.0,0.7,4.9,1.3,49.2,1.0,4.93,7.02,Independent House,5847000.0,4,6944000.0,18.76
4412.0,6.0,4.0,7.0,7.8,0.5,0.6,7.7,0.9,22.0,3.0,6.25,6.63,Villa,34354000.0,5,47640000.0,38.67
,2.0,2.0,6.0,9.9,8.3,4.6,8.7,2.7,32.2,1.0,8.39,4.11,Apartment,9182000.0,1,9888000.0,7.69
2928.0,6.0,,5.0,4.4,13.9,1.7,3.6,0.6,22.6,2.0,5.44,0.3,Villa,12714000.0,2,13502000.0,6.2
783.0,1.0,1.0,18.0,8.1,6.2,0.4,5.9,1.7,11.1,2.0,6.95,3.19,Apartment,3991000.0,3,4729000.0,18.49
1282.0,2.0,2.0,13.0,7.7,0.5,0.3,9.9,0.7,28.9,3.0,7.88,6.83,Independent House,7958000.0,5,12071000.0,51.68
1818.0,3.0,3.0,25.0,6.4,13.3,5.4,7.4,1.7,26.6,2.0,6.15,4.84,Apartment,5648000.0,3,6482000.0,14.77
1411.0,3.0,4.0,8.0,7.0,17.8,8.8,6.0,9.6,15.1,0.0,6.25,6.12,Apartment,4515000.0,3,5522000.0,22.3
800.0,1.0,2.0,10.0,6.2,9.9,2.1,7.2,1.8,23.7,1.0,4.86,4.02,Apartment,3188000.0,4,3692000.0,15.81
1711.0,2.0,2.0,37.0,9.2,0.5,1.0,,1.9,31.1,0.0,6.71,,Apartment,7397000.0,5,10427000.0,40.96
909.0,2.0,3.0,13.0,6.4,13.5,14.8,6.2,,25.9,0.0,8.82,5.27,Apartment,2050000.0,2,2268000.0,10.63
1056.0,1.0,,11.0,6.3,9.0,3.8,,2.1,47.6,0.0,5.16,1.3,Apartment,2690000.0,4,3065000.0,13.94
5106.0,6.0,4.0,4.0,2.2,17.9,1.6,4.6,4.1,50.3,4.0,3.11,0.27,Villa,12911000.0,1,12959000.0,0.37
2130.0,4.0,3.0,17.0,5.1,10.8,0.2,5.5,4.1,28.9,0.0,4.78,4.21,Apartment,6951000.0,3,7815000.0,12.43
1764.0,2.0,2.0,5.0,7.4,13.8,2.4,5.5,1.9,25.6,,5.78,5.71,Apartment,6140000.0,4,7318000.0,19.19
2236.0,4.0,3.0,19.0,6.1,16.7,3.7,4.5,4.9,14.3,2.0,6.14,3.97,Apartment,6298000.0,4,7616000.0,20.93
1650.0,3.0,3.0,2.0,4.7,16.0,5.3,4.4,2.1,36.0,2.0,4.5,5.49,Apartment,4133000.0,4,4712000.0,14.01
1539.0,3.0,3.0,7.0,6.3,3.0,4.2,4.5,1.6,22.4,2.0,5.55,4.41,Apartment,5444000.0,5,6869000.0,26.18
1204.0,2.0,2.0,20.0,5.1,5.4,1.5,4.4,2.0,30.1,1.0,7.28,3.72,Independent House,4019000.0,3,4779000.0,18.91
825.0,2.0,2.0,5.0,5.5,7.0,1.8,,2.5,35.0,1.0,4.32,0.02,Independent House,3241000.0,4,3664000.0,13.05
1351.0,3.0,3.0,21.0,5.3,20.2,23.1,4.8,5.7,39.7,2.0,5.96,4.51,Independent House,1718000.0,2,1771000.0,3.08
904.0,2.0,2.0,9.0,9.3,9.4,1.2,5.3,0.5,22.7,2.0,8.31,4.85,Apartment,4842000.0,4,6352000.0,31.19
1284.0,2.0,1.0,19.0,6.8,4.3,0.5,5.0,,23.2,1.0,5.57,6.25,Independent House,5259000.0,5,7023000.0,33.54
1943.0,3.0,3.0,41.0,5.8,16.4,3.2,4.0,10.7,12.5,3.0,5.46,2.99,Independent House,4030000.0,1,4155000.0,3.1
2715.0,4.0,4.0,11.0,5.9,7.0,3.6,5.4,3.4,23.4,3.0,7.3,6.33,Villa,14572000.0,1,15269000.0,4.78
4286.0,6.0,5.0,10.0,7.3,5.3,2.4,7.0,1.5,18.5,2.0,6.33,4.92,Villa ,31388000.0,3,38411000.0,22.37
5140.0,6.0,5.0,11.0,4.6,12.6,3.8,4.0,6.8,30.8,2.0,4.31,3.5,Villa,17032000.0,1,17440000.0,2.4
1457.0,3.0,3.0,3.0,6.6,12.2,4.8,8.7,6.2,30.5,3.0,5.1,6.49,Independent House,6139000.0,3,7090000.0,15.49
951.0,1.0,1.0,20.0,7.1,15.3,3.2,7.7,1.0,29.3,0.0,7.38,6.0,Apartment,2530000.0,5,3139000.0,24.07
1250.0,1.0,1.0,4.0,8.0,9.5,5.6,5.2,0.5,15.5,0.0,4.64,2.18,Apartment,4357000.0,5,5246000.0,20.4
1614.0,3.0,2.0,10.0,4.0,14.8,7.2,6.2,4.3,33.0,0.0,5.09,5.72,Apartment,3359000.0,3,3717000.0,10.66
1047.0,1.0,1.0,6.0,8.2,5.9,1.5,6.2,1.6,32.4,0.0,4.43,3.97,Apartment,4299000.0,4,5541000.0,28.89
8248.0,3.0,3.0,6.0,7.2,8.4,1.1,6.9,3.4,24.7,1.0,4.05,0.11,Independent House,8673000.0,2,9368000.0,8.01
1785.0,3.0,2.0,8.0,4.4,11.0,7.2,4.1,3.3,48.4,2.0,5.18,5.13,Apartment,3711000.0,2,4030000.0,8.6
2194.0,4.0,4.0,6.0,7.2,6.7,1.3,8.2,0.7,4.5,2.0,5.66,5.09,Independent House,14160000.0,2,15509000.0,9.53
1238.0,3.0,2.0,29.0,2.7,19.3,8.9,3.7,2.0,,2.0,6.04,-0.45,Apartment,2312000.0,3,2338000.0,1.12
1997.0,4.0,3.0,18.0,5.3,21.6,2.4,3.9,11.4,38.2,2.0,6.19,5.47,Independent House,4341000.0,2,4753000.0,9.49
952.0,2.0,2.0,7.0,3.6,26.2,9.3,3.8,3.1,41.7,2.0,5.34,2.62,Apartment,1518000.0,2,1636000.0,7.77
778.0,2.0,2.0,8.0,4.5,19.7,4.7,5.7,6.0,27.2,0.0,8.81,1.23,Apartment,2160000.0,5,2836000.0,31.3
3339.0,6.0,5.0,11.0,4.8,11.0,1.6,,3.1,27.0,4.0,4.26,4.49,Villa,13701000.0,5,17099000.0,24.8
926.0,3.0,3.0,8.0,4.1,11.3,3.3,3.8,4.8,41.8,1.0,6.17,5.8,Apartment,2193000.0,1,2263000.0,3.19
1126.0,2.0,3.0,7.0,6.2,12.4,1.1,5.6,2.5,32.2,2.0,7.51,2.13,Apt,4059000.0,3,4712000.0,16.09
2542.0,5.0,4.0,28.0,4.5,25.8,4.4,4.6,11.5,47.6,3.0,4.28,0.96,Independent House,4668000.0,4,4907000.0,5.12
1209.0,2.0,2.0,9.0,2.9,11.5,3.5,1.2,1.2,37.4,2.0,4.07,-0.55,Apartment,2595000.0,4,2593000.0,-0.08
1187.0,3.0,4.0,5.0,5.1,16.6,3.1,4.8,2.1,51.5,1.0,3.92,2.92,Apartment,3373000.0,4,3850000.0,14.14
1142.0,1.0,2.0,7.0,6.0,,6.3,1.5,2.5,29.9,2.0,6.03,4.29,Apartment,2666000.0,2,2870000.0,7.65
3412.0,6.0,4.0,10.0,8.8,7.3,3.5,8.3,2.1,8.3,3.0,6.14,2.85,Villa,34179000.0,2,38585000.0,12.89
1056.0,2.0,2.0,7.0,9.8,7.0,5.9,7.6,3.6,25.0,1.0,7.38,5.89,Independent House,6768000.0,5,9223000.0,36.27
1098.0,2.0,2.0,8.0,5.1,7.6,1.2,5.9,2.7,27.8,0.0,4.02,2.63,Apartment,3021000.0,5,3556000.0,17.71
3042.0,6.0,6.0,6.0,12.0,13.1,1.4,3.8,3.1,24.3,3.0,3.73,2.03,Villa,13383000.0,3,14821000.0,10.74
2012.0,3.0,3.0,32.0,9.5,14.7,2.8,7.4,8.7,26.5,,6.56,7.63,Independent House,9173000.0,1,9742000.0,6.2
1078.0,1.0,2.0,15.0,6.9,5.7,0.7,6.5,2.9,41.2,2.0,7.47,5.4,Apartment,3932000.0,1,4149000.0,5.52
1445.0,3.0,3.0,6.0,5.9,7.1,10.0,6.6,1.7,39.6,3.0,4.17,2.97,Independent House,4492000.0,5,5167000.0,15.03
2084.0,5.0,5.0,6.0,5.8,15.0,3.1,6.8,1.9,22.1,,5.42,3.22,Independent House,8889000.0,3,10014000.0,12.66
2647.0,5.0,4.0,16.0,7.5,9.7,3.0,5.0,1.7,24.8,2.0,4.07,5.17,Independent House,10937000.0,1,11430000.0,4.51
1266.0,2.0,3.0,17.0,3.8,13.3,3.6,4.1,2.4,38.0,0.0,4.47,3.09,Apartment,2387000.0,4,2734000.0,14.54
994.0,2.0,2.0,12.0,6.6,8.4,3.3,5.4,2.9,34.4,2.0,3.69,1.1,Apartment,3029000.0,4,3474000.0,14.69
3118.0,6.0,6.0,2.0,8.3,9.1,2.1,9.5,0.7,29.9,2.0,5.9,4.14,Independent House,29357000.0,2,32811000.0,11.77
1241.0,4.0,3.0,11.0,5.9,11.8,3.0,6.9,0.6,32.5,2.0,8.14,6.53,Apartment,4810000.0,3,5786000.0,20.29
1071.0,2.0,2.0,19.0,12.0,6.7,0.4,4.2,3.0,,1.0,5.8,7.41,Apartment,3397000.0,4,4207000.0,23.84
1218.0,2.0,3.0,,7.6,1.7,0.4,6.1,2.2,36.6,0.0,4.78,3.74,Apartment,5753000.0,2,6248000.0,8.6
1037.0,2.0,2.0,9.0,2.5,18.2,3.6,7.5,3.7,42.3,2.0,6.15,2.68,Apartment,2175000.0,2,2346000.0,7.86
1129.0,3.0,3.0,12.0,4.3,16.6,11.8,7.6,,36.2,0.0,7.52,4.89,Apartment,2368000.0,2,2564000.0,8.28
2637.0,4.0,4.0,9.0,5.3,7.3,4.9,5.2,2.4,12.1,3.0,4.03,2.93,Independent House,10923000.0,2,11463000.0,4.94
2557.0,4.0,3.0,19.0,6.0,18.2,1.0,2.8,3.2,26.9,4.0,5.6,4.43,Villa,9772000.0,4,11417000.0,16.83
1239.0,3.0,4.0,47.0,6.5,11.7,5.5,5.6,0.7,40.5,2.0,5.16,2.69,Apartment,2425000.0,5,2606000.0,7.46
1227.0,2.0,2.0,16.0,10.0,0.5,3.0,7.3,0.9,24.6,0.0,9.24,7.02,Apartment,8390000.0,3,10727000.0,27.85
1731.0,4.0,3.0,13.0,5.5,14.8,4.6,3.8,3.8,36.5,2.0,7.53,5.07,INDEPENDENT HOUSE,5498000.0,2,6197000.0,12.71
1086.0,2.0,2.0,11.0,8.4,20.7,13.9,8.2,1.7,7.9,1.0,5.96,3.64,Apartment,4164000.0,5,4983000.0,19.67
2650.0,5.0,5.0,12.0,6.4,11.5,5.2,1.7,10.5,26.5,3.0,4.62,3.53,Independent House,7447000.0,4,8674000.0,16.48
1289.0,2.0,1.0,11.0,4.3,17.1,4.1,6.0,5.5,35.2,2.0,5.08,0.91,Apartment,2607000.0,1,2675000.0,2.61
577.0,2.0,2.0,10.0,5.9,13.3,1.7,,3.8,28.5,0.0,5.31,5.59,Apartment,1742000.0,3,2089000.0,19.92
965.0,1.0,1.0,14.0,6.3,4.4,0.4,6.5,2.3,28.4,2.0,6.54,6.8,Apartment,4109000.0,5,5445000.0,32.51
1578.0,2.0,2.0,6.0,8.7,6.2,2.6,4.7,,27.4,0.0,6.13,6.17,Apartment,6749000.0,2,7632000.0,13.08
1454.0,3.0,3.0,14.0,1.3,22.5,2.0,3.3,1.0,43.1,0.0,3.9,-1.62,Flat,2183000.0,4,2284000.0,4.63
1837.0,2.0,2.0,16.0,6.5,8.2,5.5,2.8,1.1,,1.0,5.95,5.98,Apartment,4781000.0,5,6253000.0,30.79
4736.0,6.0,6.0,9.0,4.2,14.8,3.4,4.1,4.8,25.1,2.0,3.88,3.62,Villa,15663000.0,1,16259000.0,3.81
2608.0,4.0,3.0,17.0,6.9,4.1,3.8,7.1,1.5,11.5,3.0,5.22,3.7,Villa,17955000.0,4,21846000.0,21.67
1075.0,2.0,4.0,16.0,7.3,9.4,5.5,7.4,7.0,46.0,0.0,4.11,-0.42,Apartment,3259000.0,3,3539000.0,8.59
960.0,2.0,3.0,21.0,4.8,18.3,1.2,2.8,3.6,38.2,0.0,6.32,3.2,Apartment,1921000.0,4,2280000.0,18.69
3586.0,6.0,5.0,14.0,4.6,24.2,5.6,5.0,5.5,53.7,4.0,5.81,3.3,Villa,10043000.0,4,11337000.0,12.88
1663.0,2.0,3.0,23.0,8.9,9.6,8.1,8.4,4.2,27.0,2.0,6.53,5.02,Independent House,8911000.0,5,12073000.0,35.48
980.0,2.0,2.0,7.0,5.7,15.7,3.2,1.4,3.4,33.4,2.0,5.07,4.66,Apartment,2021000.0,1,2123000.0,5.05
1149.0,2.0,2.0,8.0,8.0,2.7,3.1,,1.1,23.4,1.0,6.87,1.61,Apartment,6154000.0,4,7985000.0,29.75
999.0,3.0,2.0,11.0,9.2,4.7,1.4,4.9,1.1,15.9,1.0,5.67,4.4,Apartment,5150000.0,4,6333000.0,22.97
3267.0,6.0,4.0,2.0,4.4,15.6,6.0,6.2,4.4,36.6,,6.13,5.18,Villa,12034000.0,4,14456000.0,20.13
1248.0,1.0,1.0,8.0,8.5,11.0,3.5,5.2,2.0,28.5,2.0,6.08,5.22,Apartment,4965000.0,2,5466000.0,10.09
1037.0,,2.0,3.0,6.8,20.0,5.7,5.6,4.1,17.9,1.0,6.16,2.07,Independent House,3516000.0,1,3681000.0,4.69
2194.0,4.0,4.0,9.0,2.5,17.8,5.0,4.3,9.9,24.3,3.0,5.31,2.98,Independent House,4480000.0,4,5074000.0,13.26
882.0,1.0,2.0,14.0,4.4,11.9,1.0,5.0,,22.3,1.0,5.53,2.98,Flat,2683000.0,1,2852000.0,6.3
1240.0,3.0,3.0,14.0,8.3,3.3,0.6,7.4,0.5,22.8,2.0,5.55,4.27,Apartment,7803000.0,5,10750000.0,37.77
1800.0,3.0,3.0,16.0,7.7,11.6,0.6,5.1,2.3,25.1,1.0,3.05,4.48,Independent House,6894000.0,5,8100000.0,17.49
1666.0,2.0,3.0,6.0,9.9,10.6,2.0,5.7,2.2,25.1,0.0,6.16,4.14,Flat,9307000.0,5,12494000.0,34.24
1726.0,4.0,4.0,7.0,2.5,15.2,4.2,3.2,5.4,47.4,2.0,6.78,2.95,Apartment,3755000.0,1,3877000.0,3.25
3363.0,6.0,4.0,12.0,4.8,10.0,5.8,7.6,0.9,46.7,,4.64,1.64,Villa,12333000.0,1,12756000.0,3.43
2471.0,4.0,4.0,4.0,5.6,14.1,0.4,3.7,4.2,20.8,1.0,6.9,4.67,Independent House,8554000.0,4,10822000.0,26.51
977.0,2.0,2.0,6.0,6.2,20.9,12.9,8.5,0.7,24.5,1.0,6.62,5.87,Apartment,2934000.0,2,3275000.0,11.62
1059.0,2.0,1.0,41.0,6.4,11.8,11.9,3.0,6.4,33.2,1.0,6.99,5.63,Apartment,1622000.0,4,1945000.0,19.91
,1.0,1.0,13.0,5.7,12.6,8.1,6.5,0.8,27.2,0.0,6.71,5.47,Apt,2298000.0,4,2921000.0,27.11
1044.0,3.0,2.0,12.0,3.5,24.5,1.6,,5.3,29.4,2.0,4.95,1.45,Apartment,1997000.0,4,2122000.0,6.26
1341.0,2.0,1.0,3.0,6.5,13.7,2.9,7.7,1.2,19.0,0.0,3.74,0.26,Apartment,5266000.0,2,5666000.0,7.6
1288.0,3.0,2.0,6.0,7.0,11.9,1.4,3.7,2.0,25.9,2.0,6.81,3.07,Apartment,4229000.0,5,5590000.0,32.18
3775.0,6.0,6.0,10.0,3.5,6.4,1.5,6.0,1.9,40.9,2.0,7.1,3.29,Independent House,14175000.0,5,17203000.0,21.36
1741.0,2.0,2.0,7.0,7.0,9.5,5.8,2.1,2.4,20.9,0.0,9.52,7.01,Apartment,5002000.0,4,6939000.0,38.72
1734.0,2.0,2.0,38.0,2.5,22.2,6.5,3.5,1.7,27.0,1.0,6.44,-1.85,Apartment,1907000.0,1,1912000.0,0.26
1256.0,2.0,2.0,33.0,4.3,18.6,1.5,1.0,10.0,27.5,2.0,4.97,2.65,Apartment,2081000.0,5,2337000.0,12.3
1975.0,3.0,3.0,22.0,3.9,15.1,,5.7,2.9,35.5,2.0,4.06,3.41,Independent House,3873000.0,1,3946000.0,1.88
1609.0,3.0,3.0,21.0,3.4,14.3,6.0,4.2,2.2,39.4,1.0,6.03,2.38,Apartment,2937000.0,2,3142000.0,6.98
954.0,2.0,2.0,11.0,7.0,13.3,5.2,6.4,0.9,45.0,2.0,5.5,0.86,Apartment,3302000.0,2,3552000.0,7.57
1184.0,2.0,2.0,12.0,4.8,15.7,2.1,5.6,6.3,17.4,1.0,7.2,2.73,Apartment,3858000.0,5,4991000.0,29.37
1217.0,1.0,1.0,,8.0,16.0,7.1,3.9,,33.4,1.0,7.1,4.49,Apartment,2814000.0,2,3105000.0,10.34
635.0,1.0,1.0,22.0,7.1,12.9,0.3,6.2,3.2,23.0,2.0,5.25,4.05,Apartment,2456000.0,4,2994000.0,21.91
3201.0,6.0,5.0,23.0,2.6,27.1,4.7,3.7,14.5,23.0,3.0,6.04,-0.14,Villa,7780000.0,3,8422000.0,8.25
840.0,2.0,2.0,13.0,4.9,7.8,5.5,5.5,4.2,27.9,2.0,3.2,-1.42,Apartment,2153000.0,3,2239000.0,3.99
1755.0,2.0,2.0,6.0,6.5,5.4,1.6,7.4,1.8,13.1,1.0,8.0,2.35,Apartment,7831000.0,1,8385000.0,7.07
1340.0,2.0,2.0,16.0,6.0,2.7,3.5,4.5,1.1,28.4,3.0,6.6,4.49,Independent House,4902000.0,3,5658000.0,15.42
1180.0,2.0,,20.0,7.6,1.1,0.4,7.0,0.6,15.6,1.0,6.45,8.23,Apartment,6730000.0,4,8723000.0,29.61
1254.0,2.0,2.0,14.0,3.6,16.3,3.0,3.6,2.6,46.4,0.0,4.69,7.36,Flat,2457000.0,2,2581000.0,5.05
543.0,1.0,1.0,10.0,3.3,11.8,5.8,5.0,4.5,53.0,2.0,4.03,3.27,Apartment,1021000.0,5,1182000.0,15.77
2975.0,5.0,4.0,13.0,5.0,8.6,4.5,8.3,2.7,52.4,3.0,5.51,6.84,Villa,12151000.0,3,13903000.0,14.42
855.0,2.0,,3.0,10.0,3.6,1.0,6.8,1.1,29.9,0.0,6.55,5.96,Apartment,5805000.0,4,7370000.0,26.96
1727.0,2.0,2.0,15.0,1.0,22.1,11.3,2.7,5.8,41.6,2.0,7.31,4.23,Independent House,2368000.0,1,2424000.0,2.36
1376.0,2.0,2.0,25.0,6.4,12.3,3.9,6.0,6.1,37.6,0.0,5.09,2.46,Apartment,3460000.0,2,3616000.0,4.51
1618.0,3.0,4.0,7.0,5.1,1.9,2.9,,1.6,31.5,2.0,4.97,4.26,Apartment,6409000.0,3,7349000.0,14.67
7690.0,3.0,3.0,4.0,5.5,6.9,1.4,5.0,0.8,33.9,2.0,4.36,7.16,Apartment,5343000.0,3,6346000.0,18.77
1442.0,2.0,2.0,24.0,6.6,14.5,1.7,5.2,0.7,31.3,2.0,6.18,7.33,Apartment,4079000.0,1,4331000.0,6.18
2011.0,4.0,3.0,7.0,,12.3,2.0,4.6,4.0,28.8,2.0,4.55,1.68,Apartment,5723000.0,4,6396000.0,11.76
1681.0,3.0,3.0,10.0,4.1,16.9,6.8,5.4,1.0,34.6,1.0,5.47,,Apartment,4315000.0,1,4453000.0,3.2
3476.0,6.0,5.0,11.0,6.6,17.8,7.4,5.8,1.7,15.6,4.0,7.41,,Villa,18940000.0,5,24482000.0,29.26
1126.0,2.0,1.0,12.0,6.6,17.2,4.3,3.4,5.9,,0.0,5.56,3.83,APARTMENT,2952000.0,5,3483000.0,17.99
1917.0,3.0,3.0,8.0,1.3,14.1,6.6,3.2,3.0,120.9,0.0,6.94,2.07,Apartment,3012000.0,2,3198000.0,6.18
1003.0,1.0,1.0,,2.9,17.1,3.9,4.7,5.4,37.8,0.0,6.72,2.84,Apartment,1735000.0,3,1851000.0,6.69
783.0,2.0,1.0,16.0,5.3,19.2,0.5,4.4,9.2,43.7,2.0,7.05,1.88,Apartment,2006000.0,4,2252000.0,12.26
720.0,1.0,1.0,7.0,6.1,20.6,10.8,5.6,6.8,30.7,1.0,5.43,4.05,Apartment,1857000.0,4,2105000.0,13.35
1829.0,3.0,3.0,12.0,5.8,15.4,8.0,5.9,1.9,31.1,2.0,5.12,2.45,Apartment,4566000.0,5,5844000.0,27.99
1569.0,4.0,5.0,,2.5,16.2,11.6,5.8,0.8,34.1,1.0,3.77,1.54,Independent House,2646000.0,3,2766000.0,4.54
958.0,2.0,1.0,3.0,4.5,9.3,1.6,6.2,3.6,17.5,2.0,3.65,1.87,Apartment,3298000.0,4,3777000.0,14.52
3293.0,6.0,5.0,6.0,6.0,12.7,0.9,4.1,2.5,,4.0,4.59,1.48,,19256000.0,5,22934000.0,19.1
983.0,2.0,2.0,14.0,5.6,11.2,3.5,5.7,7.8,32.5,1.0,5.76,4.45,Apartment,2927000.0,5,3762000.0,28.53
1730.0,2.0,3.0,15.0,6.0,,3.3,4.5,0.9,31.6,1.0,5.14,1.95,Independent House,5530000.0,1,5703000.0,3.13
1044.0,2.0,2.0,5.0,10.0,5.9,1.7,7.5,3.7,9.7,1.0,6.24,6.83,Apartment,8381000.0,3,9975000.0,19.02
1022.0,2.0,3.0,25.0,6.1,6.8,2.5,5.2,3.3,44.8,0.0,5.98,3.32,Apartment,2931000.0,4,3538000.0,20.71
1001.0,1.0,,6.0,7.3,6.0,1.5,5.8,1.1,222.0,0.0,7.3,3.66,Apartment,4551000.0,1,4841000.0,6.37
1305.0,2.0,2.0,8.0,7.1,13.8,,5.0,1.4,34.3,1.0,6.29,5.12,Independent House,5120000.0,4,6120000.0,19.53
2012.0,4.0,4.0,1.0,2.3,23.9,4.9,4.2,4.6,32.0,2.0,5.94,-0.2,Apartment,3958000.0,3,4251000.0,7.4
2118.0,4.0,4.0,24.0,10.0,6.7,2.3,8.7,2.0,24.1,1.0,5.22,5.05,Independent House,13674000.0,2,15244000.0,11.48
1126.0,2.0,2.0,10.0,4.2,12.0,2.2,4.2,,39.9,1.0,7.45,4.34,Apartment,2867000.0,4,3491000.0,21.76
1460.0,2.0,3.0,14.0,6.6,9.1,1.3,7.4,0.7,17.7,2.0,,4.24,Independent House,7454000.0,4,9299000.0,24.75
1159.0,2.0,3.0,9.0,6.5,19.5,8.9,6.4,,26.5,0.0,5.44,2.48,Apartment,3017000.0,1,3125000.0,3.58
1435.0,3.0,2.0,-12.0,1.7,11.4,2.6,3.2,1.7,31.7,2.0,8.01,3.39,Apartment,3262000.0,3,3791000.0,16.22
813.0,1.0,1.0,11.0,5.4,12.7,1.0,4.7,4.0,26.8,0.0,7.25,3.28,Apartment,2540000.0,1,2682000.0,5.59
667.0,2.0,3.0,6.0,1.8,23.9,4.3,4.4,2.5,37.9,1.0,5.5,2.18,Apartment,1112000.0,3,1219000.0,9.62
1085.0,1.0,1.0,5.0,4.0,14.3,2.3,3.5,1.6,34.5,0.0,6.9,3.03,Apartment,2280000.0,3,2569000.0,12.68
1174.0,3.0,3.0,22.0,7.0,9.6,8.8,6.6,7.7,33.3,2.0,7.35,7.07,Apartment,2812000.0,4,3687000.0,31.12
803.0,2.0,2.0,15.0,8.7,0.5,1.0,10.0,,40.4,0.0,6.49,5.51,Apartment,4863000.0,1,5195000.0,6.83
871.0,1.0,1.0,16.0,3.8,10.6,1.6,5.6,1.0,25.7,2.0,6.24,4.23,Apartment,2323000.0,5,2974000.0,28.02
1085.0,3.0,3.0,11.0,1.8,7.4,3.3,3.6,6.2,45.7,0.0,5.07,2.7,Apartment,1734000.0,3,1857000.0,7.09
1489.0,3.0,2.0,19.0,4.9,11.1,0.7,5.0,3.7,2.0,3.0,8.15,2.37,independent house,5950000.0,1,6347000.0,6.67
1090.0,2.0,2.0,6.0,7.3,2.3,0.9,4.3,0.8,32.3,2.0,6.83,3.78,Apartment,4385000.0,5,5801000.0,32.29
2910.0,6.0,5.0,7.0,10.0,7.1,3.8,4.6,2.1,36.8,3.0,8.22,7.95,Villa,21006000.0,2,24634000.0,17.27
810.0,2.0,2.0,26.0,4.7,9.1,0.5,2.6,4.9,28.1,1.0,5.44,2.68,Apartment,2082000.0,3,2235000.0,7.35
1613.0,3.0,4.0,9.0,7.7,7.2,0.7,4.2,0.8,38.9,2.0,6.93,6.12,Independent House,7011000.0,2,8108000.0,15.65
1576.0,3.0,4.0,6.0,8.1,7.0,0.9,7.8,1.3,26.9,0.0,5.39,4.97,Apartment,9359000.0,1,9813000.0,4.85
2060.0,3.0,2.0,10.0,6.0,18.2,2.4,7.0,5.2,,3.0,3.96,,Independent House,6907000.0,2,7470000.0,8.15
1207.0,3.0,2.0,5.0,5.9,17.3,0.7,3.6,2.9,27.8,0.0,4.89,6.16,Apartment,3605000.0,3,4238000.0,17.56
1300.0,2.0,3.0,3.0,7.8,8.1,,6.1,,33.2,0.0,7.2,6.27,Apartment,6489000.0,1,6928000.0,6.77
1036.0,1.0,1.0,,1.0,15.7,5.8,2.8,1.4,45.1,2.0,5.34,1.1,Apartment,1531000.0,1,1577000.0,3.0
1399.0,3.0,3.0,14.0,4.6,17.1,10.2,5.4,1.9,39.2,2.0,6.34,4.52,Apartment,2641000.0,2,2857000.0,8.18
1251.0,2.0,2.0,5.0,6.5,15.9,3.4,4.9,1.0,15.3,1.0,5.91,3.31,Apartment,4415000.0,2,4839000.0,9.6
1193.0,2.0,2.0,10.0,5.4,15.5,5.9,3.8,5.6,39.9,3.0,4.7,3.47,INDEPENDENT HOUSE,3011000.0,1,3096000.0,2.82
1053.0,2.0,,17.0,7.9,15.0,1.4,6.2,1.6,36.7,0.0,5.01,3.03,Apartment,3701000.0,1,3812000.0,3.0
1828.0,3.0,3.0,16.0,8.6,5.5,0.5,6.5,2.7,4.3,0.0,5.47,3.28,Apartment,9918000.0,5,13255000.0,33.65
1351.0,2.0,2.0,10.0,7.1,8.2,0.7,5.0,1.0,24.0,1.0,6.84,7.38,Independent House,6710000.0,3,8052000.0,20.0
1507.0,2.0,2.0,13.0,5.9,15.9,8.0,3.3,2.1,19.1,2.0,4.49,1.14,Independent House,3983000.0,3,4289000.0,7.68
1581.0,2.0,1.0,9.0,8.8,2.8,1.4,4.6,1.9,41.3,1.0,6.0,5.33,Independent House,6862000.0,2,7806000.0,13.76
1537.0,3.0,2.0,32.0,2.2,22.0,5.1,2.9,2.8,47.7,1.0,3.47,3.83,Apartment,1820000.0,2,1875000.0,3.02
1366.0,3.0,3.0,9.0,3.9,15.2,6.0,4.4,1.8,32.2,1.0,4.35,2.22,Apartment,2830000.0,1,2923000.0,3.29
1324.0,2.0,3.0,9.0,8.4,6.4,,4.8,0.5,34.0,,6.16,6.19,Independent House,5887000.0,4,7350000.0,24.85
1488.0,3.0,3.0,21.0,5.5,8.7,1.8,5.8,3.6,35.7,2.0,5.53,0.38,Apartment,4113000.0,4,4878000.0,18.6
1830.0,3.0,3.0,18.0,4.7,19.0,5.3,5.5,1.3,29.7,3.0,4.84,4.35,Independent House,4327000.0,4,4753000.0,9.85
1086.0,,2.0,7.0,5.7,11.3,3.9,6.2,4.7,26.8,0.0,7.67,4.27,Apartment,3272000.0,3,3912000.0,19.56
720.0,1.0,2.0,3.0,2.9,7.3,2.4,4.8,2.5,42.6,2.0,7.16,4.49,Apartment,1878000.0,5,2444000.0,30.14
1655.0,2.0,3.0,,6.6,0.8,0.4,6.8,2.1,23.2,1.0,7.4,6.17,Apartment,6448000.0,5,8793000.0,36.37
1638.0,4.0,3.0,13.0,6.7,8.7,2.0,5.8,2.6,21.9,0.0,3.76,2.94,Apartment,5364000.0,4,6444000.0,20.13
2217.0,4.0,3.0,3.0,6.2,11.6,4.8,7.5,4.4,31.7,2.0,5.06,2.07,Villa,9416000.0,1,9864000.0,4.76
908.0,1.0,1.0,4.0,3.3,21.7,5.6,3.6,3.3,31.4,2.0,4.22,2.52,Apartment,1604000.0,4,1742000.0,8.6
1127.0,2.0,2.0,4.0,2.2,18.3,2.8,5.1,6.3,16.4,2.0,4.37,-0.11,Independent House,2721000.0,1,2770000.0,1.8
3233.0,6.0,4.0,18.0,9.9,4.6,1.6,7.5,4.5,11.5,2.0,7.55,5.77,Villa,36896000.0,5,54790000.0,48.5
1152.0,2.0,2.0,17.0,,1.1,0.7,6.6,1.1,17.9,0.0,7.52,1.89,Apartment,6803000.0,5,9407000.0,38.28
967.0,3.0,3.0,5.0,3.8,21.7,6.2,3.5,3.8,21.8,2.0,6.58,5.9,Apartment,2414000.0,2,2665000.0,10.4
645.0,2.0,2.0,10.0,7.5,6.3,2.1,5.3,2.5,38.6,2.0,6.57,7.12,Apartment,2433000.0,5,3110000.0,27.83
1293.0,2.0,2.0,7.0,5.6,8.6,6.5,3.5,,38.3,1.0,5.33,1.08,Apartment,3501000.0,4,3954000.0,12.94
1216.0,2.0,,12.0,4.6,10.7,4.6,1.4,0.9,39.2,2.0,4.67,1.46,Apartment,2692000.0,2,2788000.0,3.57
1845.0,4.0,3.0,27.0,7.2,10.8,2.3,7.1,2.8,5.6,3.0,6.76,4.12,Independent House,10087000.0,2,11327000.0,12.29
1143.0,2.0,2.0,19.0,9.4,0.5,0.2,5.9,0.5,32.3,2.0,7.32,6.36,Apartment,7035000.0,1,7469000.0,6.17
774.0,3.0,3.0,16.0,2.1,24.4,4.0,6.5,6.4,43.0,2.0,7.91,2.58,Apartment,1439000.0,3,1601000.0,11.26
867.0,2.0,2.0,12.0,5.1,,3.5,5.4,0.7,35.9,2.0,3.16,2.54,Apartment,2357000.0,2,2463000.0,4.5
1672.0,3.0,3.0,9.0,1.7,19.6,6.7,4.9,6.4,38.7,0.0,4.41,5.52,Apartment,2731000.0,4,3076000.0,12.63
1432.0,3.0,3.0,26.0,1.0,23.0,0.5,,6.5,50.2,2.0,7.98,4.16,Independent House,2489000.0,2,2713000.0,9.0
2065.0,4.0,2.0,37.0,2.6,24.2,9.1,2.3,2.5,56.5,2.0,6.37,1.93,Independent House,2302000.0,2,2404000.0,4.43
650.0,1.0,1.0,12.0,10.0,14.0,5.3,6.0,0.8,2.0,2.0,4.32,4.42,Apartment,3283000.0,3,3782000.0,15.2
1757.0,3.0,3.0,12.0,6.5,12.7,4.9,6.2,1.8,23.5,2.0,5.55,5.27,Independent House,6519000.0,1,6841000.0,4.94
1257.0,2.0,2.0,11.0,9.0,9.8,1.5,4.8,1.6,27.2,0.0,7.85,6.15,Flat,5527000.0,3,6699000.0,21.2
904.0,2.0,3.0,18.0,6.2,10.1,4.5,9.4,6.1,42.5,1.0,5.47,2.84,Apartment,2769000.0,2,3003000.0,8.45
859.0,1.0,1.0,3.0,4.9,9.8,4.1,4.1,4.1,25.3,1.0,6.11,2.97,Apartment,2615000.0,2,2911000.0,11.32
1032.0,2.0,2.0,3.0,10.0,0.5,1.2,8.7,0.6,,1.0,6.18,4.15,Apartment,9798000.0,5,13429000.0,37.06
824.0,2.0,3.0,14.0,6.3,10.9,0.7,4.4,0.4,40.0,1.0,5.33,0.27,Apartment,2450000.0,2,2591000.0,5.76
1414.0,3.0,3.0,19.0,8.0,9.6,3.0,6.9,3.6,42.1,1.0,7.9,3.88,Apartment,5498000.0,3,6669000.0,21.3
2456.0,4.0,3.0,,5.1,18.2,7.2,3.6,0.8,17.5,2.0,5.44,3.28,Independent House,7015000.0,1,7202000.0,2.67
1516.0,3.0,3.0,4.0,9.3,5.7,3.4,6.3,0.5,29.1,1.0,6.55,1.12,Independent House,9472000.0,4,11601000.0,22.48
1404.0,3.0,3.0,27.0,8.4,3.7,4.7,8.7,1.4,12.2,1.0,6.71,4.65,Apartment,6991000.0,3,8473000.0,21.2
1804.0,2.0,2.0,15.0,7.4,16.4,0.9,3.9,2.5,30.5,3.0,6.84,5.45,Villa,8982000.0,1,9569000.0,6.54
828.0,,2.0,11.0,7.6,10.7,3.1,5.0,3.7,22.7,2.0,8.78,5.56,Apartment,3040000.0,3,3799000.0,24.97
2892.0,6.0,6.0,21.0,5.1,11.9,5.3,5.7,2.9,50.6,3.0,5.56,2.86,Villa,10635000.0,4,12611000.0,18.58
1829.0,3.0,2.0,9.0,6.5,5.0,1.6,6.5,,30.3,1.0,4.91,3.87,Independent House,7869000.0,1,8150000.0,3.57
2162.0,3.0,3.0,5.0,6.8,6.6,0.9,5.0,4.8,18.7,2.0,5.33,4.99,Villa,10716000.0,1,11334000.0,5.77
1385.0,2.0,2.0,30.0,6.1,19.7,2.0,5.2,1.3,11.9,1.0,6.2,5.66,Independent House,3835000.0,4,4378000.0,14.16
1115.0,2.0,2.0,23.0,6.3,16.4,7.7,3.5,5.3,31.9,2.0,4.67,2.1,Apartment,2132000.0,1,2194000.0,2.91
1907.0,3.0,4.0,8.0,4.7,19.4,2.7,8.7,8.0,195.5,,6.5,4.84,Independent House,6377000.0,3,7334000.0,15.01
1206.0,2.0,1.0,9.0,3.5,19.3,0.8,3.9,0.9,35.9,0.0,5.86,1.85,,2850000.0,4,3396000.0,19.16
1807.0,4.0,3.0,2.0,4.8,9.4,5.9,4.8,1.7,24.7,1.0,4.57,2.47,Independent House,6496000.0,5,7755000.0,19.38
1160.0,3.0,3.0,5.0,6.3,13.0,1.0,5.0,0.9,17.9,1.0,5.88,3.97,Apartment,4296000.0,2,4678000.0,8.89
967.0,1.0,2.0,14.0,6.1,13.2,5.9,7.0,1.8,30.6,1.0,6.36,1.92,,2656000.0,5,3209000.0,20.82
1504.0,3.0,2.0,7.0,4.9,12.2,2.9,5.7,1.1,41.9,3.0,6.21,4.79,Independent House,4998000.0,4,5974000.0,19.53
772.0,1.0,1.0,19.0,3.1,14.2,1.9,5.0,3.6,41.0,2.0,7.26,4.86,Apartment,1455000.0,3,1682000.0,15.6
577.0,1.0,1.0,7.0,4.8,13.0,3.4,5.2,,28.0,2.0,6.38,3.77,Apartment,1650000.0,1,1720000.0,4.24
1553.0,3.0,3.0,23.0,6.7,16.8,0.7,6.9,4.8,45.8,2.0,7.22,8.78,Apartment,5669000.0,5,8157000.0,43.89
1117.0,2.0,,3.0,9.0,5.6,0.7,7.6,1.5,8.9,2.0,6.51,4.96,Apartment,8865000.0,3,10682000.0,20.5
1367.0,2.0,2.0,5.0,8.5,13.1,6.1,5.6,,22.8,0.0,5.06,2.94,Apartment,4876000.0,5,5695000.0,16.8
1001.0,2.0,4.0,13.0,5.3,13.0,2.7,4.5,4.9,44.7,1.0,6.42,6.67,House,2902000.0,5,3788000.0,30.53
1367.0,2.0,2.0,19.0,9.0,3.4,2.0,7.1,1.0,16.0,1.0,8.66,4.67,Apartment,8352000.0,2,9589000.0,14.81
1284.0,2.0,,24.0,5.7,12.8,2.8,6.2,2.6,24.6,3.0,6.5,2.18,INDEPENDENT HOUSE,3947000.0,3,4468000.0,13.2
1030.0,1.0,1.0,15.0,7.7,5.7,3.4,5.2,0.5,18.5,2.0,6.07,4.42,Apartment,4597000.0,4,5918000.0,28.74
1342.0,2.0,1.0,5.0,5.2,15.2,1.4,5.2,1.1,36.4,2.0,5.78,0.11,INDEPENDENT HOUSE,4210000.0,2,4463000.0,6.01
724.0,2.0,2.0,6.0,6.0,20.6,4.1,5.5,6.1,14.3,1.0,7.1,3.19,Apartment,2396000.0,3,2793000.0,16.57
3271.0,6.0,,11.0,7.3,10.9,1.8,5.7,3.5,6.5,2.0,6.24,5.36,Villa ,19360000.0,4,24800000.0,28.1
1975.0,4.0,4.0,-3.0,3.8,15.4,8.3,5.8,3.3,30.2,3.0,2.39,-0.87,Independent House,5607000.0,2,5759000.0,2.71
2100.0,4.0,3.0,5.0,4.5,20.4,3.5,4.3,4.4,42.8,1.0,8.19,4.62,Independent House,5594000.0,2,6261000.0,11.92
878.0,2.0,1.0,4.0,5.3,16.1,5.7,6.4,1.1,43.1,0.0,7.7,4.18,Apartment,2499000.0,4,2960000.0,18.45
1803.0,,3.0,13.0,4.9,14.2,1.2,4.0,0.5,18.4,2.0,5.92,5.2,Independent House,5875000.0,3,7013000.0,19.37
2673.0,5.0,4.0,50.0,9.5,3.2,0.4,6.7,1.2,23.1,3.0,5.99,2.97,Independent House,12430000.0,5,15941000.0,28.25
1291.0,2.0,1.0,2.0,5.1,17.3,3.8,5.6,0.5,29.3,2.0,6.45,,Apartment,3788000.0,2,4213000.0,11.22
656.0,1.0,2.0,5.0,8.8,0.5,1.0,8.8,1.4,13.7,0.0,6.52,9.87,Apartment,5000000.0,1,5440000.0,8.8
1615.0,3.0,2.0,20.0,3.3,18.3,1.3,5.3,7.7,45.3,0.0,6.56,2.99,Apartment,3024000.0,1,3134000.0,3.64
1205.0,3.0,2.0,18.0,5.3,8.4,2.2,4.4,3.1,20.6,0.0,4.91,4.7,Apartment,2970000.0,2,3238000.0,9.02
1128.0,2.0,2.0,24.0,4.6,13.4,1.5,4.4,1.2,29.2,2.0,4.2,3.15,Apartment,2701000.0,1,2777000.0,2.81
,2.0,2.0,6.0,6.4,10.5,3.6,5.1,1.9,,0.0,5.73,5.91,Apartment,2679000.0,3,3021000.0,12.77
3756.0,6.0,4.0,5.0,4.7,17.0,5.4,5.6,2.1,37.1,2.0,5.95,4.09,Villa,11901000.0,1,12490000.0,4.95
1414.0,2.0,,7.0,8.1,0.5,1.7,8.0,2.6,33.5,2.0,2.99,4.22,Independent House,8237000.0,1,8651000.0,5.03
1383.0,3.0,3.0,14.0,5.7,15.0,4.0,7.0,2.3,27.6,0.0,6.52,5.27,Apartment,3716000.0,1,3923000.0,5.57
1115.0,2.0,2.0,14.0,5.2,14.0,4.2,6.0,2.5,31.7,1.0,6.32,5.76,Apartment,3001000.0,4,3490000.0,16.29
1160.0,3.0,2.0,42.0,4.4,13.4,3.8,4.8,6.2,46.2,2.0,6.64,0.75,Apartment,1906000.0,2,1965000.0,3.1
1606.0,3.0,2.0,20.0,5.9,15.5,7.9,5.8,2.5,28.7,3.0,6.66,4.96,Independent House,4336000.0,1,4571000.0,5.42
2771.0,5.0,5.0,23.0,7.1,14.2,1.3,4.1,1.9,37.9,4.0,4.99,3.96,Villa,12899000.0,4,14670000.0,13.73
1984.0,3.0,4.0,5.0,,10.4,1.6,4.3,2.2,,2.0,4.02,2.01,Independent House,6422000.0,5,7595000.0,18.27
1363.0,2.0,2.0,12.0,5.0,16.3,7.0,4.0,1.7,46.4,2.0,5.33,2.16,independent house,3330000.0,5,3989000.0,19.79
1754.0,5.0,4.0,16.0,6.2,6.3,3.8,5.3,4.1,31.4,3.0,3.34,4.47,Independent House,6761000.0,4,7969000.0,17.87
3257.0,,4.0,1.0,3.9,16.8,4.0,5.0,1.9,37.0,2.0,5.22,2.46,Independent House,8622000.0,4,10590000.0,22.83
1189.0,2.0,2.0,9.0,3.8,14.0,11.3,,2.0,45.3,2.0,6.32,0.83,Apartment,2019000.0,1,2069000.0,2.48
2461.0,5.0,5.0,21.0,7.4,7.6,1.6,5.5,1.2,37.9,2.0,7.46,7.64,Villa,14331000.0,5,21085000.0,47.13
2469.0,4.0,3.0,21.0,4.9,8.0,1.0,3.9,3.8,34.0,1.0,5.25,1.31,Apartment,6914000.0,1,7116000.0,2.92
1410.0,2.0,1.0,50.0,5.2,7.5,3.7,7.3,3.8,32.8,3.0,7.29,0.47,Independent House,3309000.0,2,3500000.0,5.77
3129.0,6.0,4.0,12.0,3.9,13.2,3.7,4.2,1.3,,4.0,7.03,4.19,Villa,14850000.0,4,18315000.0,23.33
1164.0,3.0,3.0,7.0,,0.5,0.9,10.0,1.0,19.8,0.0,5.38,4.73,Apartment,10338000.0,3,13021000.0,25.95
2265.0,4.0,4.0,13.0,5.3,11.8,0.7,5.0,1.9,21.4,4.0,6.76,4.81,Villa,10898000.0,2,12233000.0,12.25
1288.0,1.0,2.0,14.0,6.9,9.0,2.4,6.1,2.4,18.1,0.0,6.4,6.25,Apartment,4576000.0,4,5874000.0,28.37
1732.0,4.0,3.0,4.0,5.3,11.4,3.5,3.9,1.7,30.1,0.0,6.64,3.15,Apartment,4807000.0,3,5557000.0,15.6
633.0,2.0,1.0,11.0,4.3,13.0,,3.6,0.7,42.1,1.0,8.54,4.55,Apartment,1311000.0,5,1653000.0,26.09
1196.0,1.0,1.0,6.0,4.9,13.1,3.4,3.6,1.2,37.1,0.0,4.45,4.18,Apartment,2562000.0,1,2653000.0,3.55
621.0,1.0,1.0,13.0,3.0,16.0,8.3,3.3,2.5,39.7,1.0,4.8,0.46,Apartment,998000.0,3,1083000.0,8.52
2330.0,4.0,4.0,6.0,8.3,0.6,3.1,5.2,0.9,17.0,3.0,6.59,2.94,INDEPENDENT HOUSE,13634000.0,3,15793000.0,15.84
1484.0,4.0,4.0,12.0,6.2,7.7,4.4,6.2,1.6,31.7,2.0,3.18,0.4,Independent House,6093000.0,5,7218000.0,18.46
1579.0,3.0,3.0,19.0,5.0,17.9,6.4,2.9,10.4,41.5,1.0,4.59,1.65,Independent House,2925000.0,3,3096000.0,5.85
1429.0,2.0,2.0,6.0,4.4,10.2,2.2,5.0,3.0,31.6,3.0,5.9,4.57,Independent House,4079000.0,5,5244000.0,28.56
3406.0,6.0,5.0,12.0,9.1,0.5,0.6,6.9,0.5,26.3,,5.86,5.62,Villa,30569000.0,2,35276000.0,15.4
1060.0,2.0,2.0,29.0,8.2,12.9,6.3,8.5,3.9,9.4,1.0,5.35,3.81,Flat,4023000.0,3,4673000.0,16.16
1191.0,3.0,3.0,14.0,7.9,12.5,4.5,6.0,3.3,26.1,0.0,6.75,1.33,Apartment,4955000.0,5,6674000.0,34.69
935.0,2.0,2.0,34.0,10.0,0.5,1.0,6.0,1.2,16.3,0.0,8.94,5.2,Apartment,4626000.0,3,6119000.0,32.27
1466.0,1.0,2.0,17.0,10.0,11.8,1.7,4.1,1.0,21.6,1.0,5.62,3.49,Independent House,6403000.0,3,7603000.0,18.74
1018.0,2.0,2.0,5.0,3.6,22.5,25.0,5.0,5.3,45.3,2.0,6.88,4.37,Apartment,1058000.0,5,1113000.0,5.2
2749.0,6.0,5.0,4.0,4.6,11.4,5.6,5.6,2.8,20.7,3.0,6.99,3.31,Villa,11409000.0,3,13016000.0,14.09
2117.0,4.0,4.0,8.0,7.6,18.9,6.3,4.6,4.5,36.5,1.0,7.56,5.47,Independent House,6284000.0,5,8514000.0,35.49
1681.0,3.0,3.0,29.0,9.3,5.1,1.2,4.2,0.6,23.6,2.0,6.97,6.1,Apartment,7295000.0,2,8189000.0,12.25
1315.0,3.0,3.0,7.0,3.4,16.5,1.3,4.1,0.3,48.1,2.0,6.4,3.4,Apartment,3394000.0,5,4145000.0,22.13
806.0,1.0,1.0,45.0,7.9,5.7,0.8,8.6,0.8,29.6,0.0,6.75,4.67,Apartment,2518000.0,1,2663000.0,5.76
1660.0,3.0,2.0,6.0,,21.6,9.7,8.5,3.4,25.6,3.0,5.21,1.7,Independent House,5919000.0,3,6493000.0,9.7
3321.0,6.0,5.0,10.0,6.1,5.8,2.8,5.3,0.7,35.7,2.0,4.94,3.38,Villa,16236000.0,1,16873000.0,3.92
1423.0,3.0,3.0,6.0,6.6,5.8,0.9,6.8,1.3,38.0,,3.52,0.38,,6657000.0,3,7183000.0,7.9
949.0,2.0,1.0,17.0,7.3,10.2,5.6,7.7,2.0,5.5,2.0,4.23,5.88,Apartment,3699000.0,4,4544000.0,22.84
1203.0,1.0,1.0,11.0,3.5,23.4,2.7,6.0,3.2,29.1,2.0,8.69,3.74,Apartment,2542000.0,5,3281000.0,29.07
904.0,2.0,3.0,38.0,6.4,13.3,4.1,4.5,,21.9,0.0,5.13,2.59,Apartment,2083000.0,5,2554000.0,22.61
1126.0,2.0,1.0,20.0,4.9,9.1,1.8,4.9,1.7,35.8,0.0,7.82,3.23,Apartment,2880000.0,1,3050000.0,5.9
1695.0,4.0,4.0,20.0,4.1,18.7,3.1,5.0,2.0,43.5,2.0,6.16,6.67,independent house,3783000.0,3,4270000.0,12.87
4990.0,6.0,5.0,6.0,8.6,8.6,0.7,5.8,1.2,19.0,2.0,4.95,3.04,Villa,31157000.0,1,33065000.0,6.12
886.0,3.0,2.0,18.0,6.5,12.0,2.0,5.7,5.1,35.5,1.0,5.19,2.83,Apartment,2776000.0,5,3270000.0,17.8
1165.0,2.0,1.0,9.0,6.2,13.4,6.8,5.1,0.7,37.7,2.0,5.33,3.82,Apartment,2625000.0,5,3147000.0,19.89
850.0,1.0,1.0,15.0,7.0,15.3,5.6,10.0,1.1,37.8,1.0,8.54,4.11,Apt,3030000.0,5,4375000.0,44.39
712.0,1.0,2.0,8.0,5.5,11.2,2.8,5.3,1.5,37.9,0.0,8.1,5.76,Apartment,2087000.0,4,2703000.0,29.52
1340.0,3.0,2.0,15.0,3.6,19.5,2.6,6.3,9.1,33.8,1.0,5.96,4.6,Independent House,3025000.0,5,3544000.0,17.16
1089.0,3.0,3.0,2.0,9.6,0.5,3.0,6.0,0.6,21.5,2.0,5.23,3.11,Apartment,7861000.0,5,10302000.0,31.05
1070.0,1.0,2.0,12.0,7.5,9.5,7.4,4.5,1.5,30.0,2.0,7.16,6.16,Flat,3176000.0,1,3359000.0,5.76
999.0,2.0,2.0,13.0,5.8,17.5,1.6,6.8,5.7,23.2,0.0,5.18,,Apartment,3759000.0,3,4368000.0,16.2
1481.0,2.0,2.0,21.0,6.1,13.2,1.9,4.8,1.4,27.3,1.0,6.87,4.84,Apartment,4046000.0,2,4471000.0,10.5
1153.0,2.0,2.0,7.0,3.9,14.3,3.4,5.7,8.8,45.6,2.0,4.92,2.21,Apartment,2703000.0,3,2986000.0,10.47
1048.0,2.0,1.0,2.0,2.7,12.3,4.4,6.7,1.2,36.9,3.0,4.07,1.68,Independent House,2358000.0,5,2763000.0,17.18
1358.0,2.0,2.0,13.0,7.1,18.4,8.7,6.0,5.5,19.4,0.0,6.97,3.02,Apartment,3874000.0,5,4664000.0,20.39
1622.0,4.0,3.0,10.0,7.1,2.6,2.9,7.0,1.7,29.7,1.0,8.28,7.64,Apartment,8221000.0,1,8834000.0,7.46
1015.0,2.0,2.0,21.0,6.7,12.5,4.0,6.0,3.9,41.8,2.0,6.26,,apartment,3485000.0,3,4126000.0,18.39
2822.0,4.0,3.0,15.0,6.8,12.2,3.3,6.1,2.8,39.8,2.0,6.39,4.38,Independent House,12346000.0,4,14379000.0,16.47
2507.0,5.0,5.0,5.0,8.2,8.6,2.4,4.6,3.8,28.6,4.0,5.27,3.67,Villa,16236000.0,2,17803000.0,9.65
821.0,2.0,2.0,8.0,5.8,12.3,1.2,7.0,2.0,37.7,2.0,7.92,5.63,Apartment,2886000.0,5,3835000.0,32.88
887.0,1.0,1.0,9.0,2.5,9.8,1.2,5.4,1.2,170.9,0.0,4.54,2.23,Apartment,2015000.0,4,2370000.0,17.62
2032.0,4.0,3.0,17.0,1.7,18.8,11.0,,10.7,46.1,1.0,6.01,5.52,Apartment,2343000.0,5,2682000.0,14.47
3304.0,6.0,6.0,17.0,4.5,26.4,4.3,3.6,2.6,25.4,4.0,7.24,3.95,Villa,11077000.0,1,11456000.0,3.42
1584.0,3.0,4.0,8.0,3.1,13.7,3.9,7.2,2.6,46.6,1.0,5.65,-0.01,Apartment,3462000.0,5,4146000.0,19.76
3329.0,6.0,5.0,5.0,4.6,12.3,1.9,1.0,5.4,39.4,3.0,6.3,7.92,Villa,10857000.0,4,13233000.0,21.88
968.0,1.0,1.0,13.0,9.3,3.7,1.2,10.0,1.2,22.3,1.0,8.42,8.36,Apartment,6276000.0,2,7521000.0,19.84
570.0,1.0,1.0,17.0,1.7,18.8,0.9,3.5,10.0,43.9,1.0,5.5,0.2,Apartment,896000.0,4,946000.0,5.58
1476.0,3.0,4.0,6.0,7.2,8.7,4.1,7.8,1.2,26.2,1.0,6.23,4.25,Independent House,7385000.0,1,7855000.0,6.36
789.0,1.0,1.0,15.0,6.6,9.1,4.2,6.0,7.3,22.4,1.0,7.44,2.9,Apartment,2997000.0,3,3518000.0,17.38
1265.0,3.0,3.0,2.0,4.9,8.1,2.0,5.1,2.8,21.4,1.0,5.87,0.98,Apartment,4402000.0,1,4623000.0,5.02
1193.0,2.0,2.0,14.0,4.8,11.3,1.9,3.1,1.3,28.4,2.0,7.15,5.25,Apartment,3052000.0,2,3373000.0,10.52
879.0,2.0,2.0,8.0,8.9,0.7,1.8,8.1,0.7,32.7,2.0,6.25,6.72,Apartment,5810000.0,2,6643000.0,14.34
1611.0,2.0,,7.0,5.8,20.4,1.9,5.0,8.2,27.9,1.0,5.24,4.69,Apartment,4030000.0,4,4969000.0,23.3
1567.0,2.0,1.0,11.0,4.7,6.5,5.8,4.2,1.4,36.1,2.0,7.22,,Independent House,4213000.0,4,4946000.0,17.4
910.0,1.0,1.0,8.0,4.4,8.4,2.0,3.8,1.9,30.8,1.0,6.44,0.35,Apartment,2239000.0,4,2661000.0,18.85
2703.0,5.0,6.0,7.0,4.6,13.4,1.5,2.0,1.2,18.4,4.0,3.57,1.99,Villa,10155000.0,1,10459000.0,2.99
1489.0,2.0,3.0,6.0,5.5,20.0,9.4,5.9,3.4,15.7,0.0,5.61,1.77,Apartment,3975000.0,5,4516000.0,13.61
1873.0,3.0,2.0,27.0,2.8,8.5,8.1,5.9,3.5,40.9,1.0,6.17,5.24,Apartment,2995000.0,3,3244000.0,8.31
2487.0,,4.0,10.0,5.7,6.9,0.3,8.8,4.6,42.6,3.0,5.53,2.45,Independent House,10386000.0,1,10928000.0,5.22
1225.0,3.0,3.0,18.0,8.4,16.8,5.4,7.0,2.2,10.1,1.0,9.22,5.38,Independent House,6106000.0,5,8013000.0,31.23
711.0,1.0,1.0,9.0,3.0,13.7,2.8,3.9,1.1,22.4,0.0,5.58,2.86,Apartment,1724000.0,4,2002000.0,16.13
887.0,1.0,1.0,19.0,8.2,9.2,0.4,5.6,3.5,31.5,1.0,8.18,5.27,Apartment,2958000.0,5,4317000.0,45.94
791.0,2.0,1.0,3.0,6.8,15.6,3.5,6.2,7.2,33.2,0.0,7.07,8.03,Apartment,2525000.0,2,2895000.0,14.65
1100.0,3.0,2.0,14.0,5.9,16.7,3.0,4.4,2.0,31.1,1.0,5.11,6.42,Apartment,2961000.0,1,3091000.0,4.39
869.0,2.0,1.0,11.0,2.5,11.4,6.5,,2.5,31.0,2.0,5.19,1.91,Apartment,1422000.0,1,1458000.0,2.53
1621.0,4.0,3.0,11.0,10.0,0.5,0.2,,0.9,23.9,1.0,6.44,7.79,Apartment,14907000.0,5,22126000.0,48.43
1264.0,1.0,1.0,22.0,4.3,10.4,5.8,4.8,1.4,23.0,2.0,5.42,6.45,Apartment,2676000.0,1,2802000.0,4.71
769.0,1.0,1.0,6.0,8.8,0.5,1.4,5.2,0.6,36.5,2.0,7.18,7.22,Apartment,4319000.0,1,4671000.0,8.15
1944.0,4.0,3.0,5.0,10.0,0.5,1.6,7.6,0.4,27.4,,6.27,5.78,Independent House,17017000.0,3,20356000.0,19.62
1577.0,3.0,3.0,7.0,6.5,4.9,2.2,5.1,0.8,34.1,1.0,4.14,3.3,Apartment,5458000.0,4,6252000.0,14.55
2708.0,5.0,4.0,20.0,8.1,7.8,2.4,8.4,2.8,31.0,1.0,8.12,5.71,Independent House,15615000.0,1,16681000.0,6.83
1242.0,3.0,3.0,4.0,6.4,5.2,0.4,4.2,2.9,35.5,1.0,6.11,1.5,Apartment,4919000.0,3,5602000.0,13.88
1844.0,3.0,,5.0,4.7,17.2,,4.3,1.6,42.1,1.0,,1.38,Independent House,5175000.0,2,5313000.0,2.67
1436.0,2.0,2.0,4.0,3.2,17.6,10.4,4.4,1.7,22.6,0.0,8.74,5.7,Apartment,3084000.0,4,3686000.0,19.52
844.0,2.0,2.0,9.0,8.9,9.9,2.2,6.7,3.3,,0.0,5.94,4.99,Apartment,3894000.0,2,4487000.0,15.23
1210.0,2.0,2.0,7.0,4.6,8.0,0.5,4.5,2.3,13.6,2.0,6.36,3.13,Apartment,4231000.0,2,4773000.0,12.81
1652.0,3.0,2.0,9.0,6.8,14.6,5.1,4.2,3.2,32.4,2.0,7.32,6.72,Apartment,4864000.0,4,5935000.0,22.02
974.0,1.0,2.0,15.0,4.8,14.0,1.9,4.3,2.5,35.5,1.0,2.7,5.93,Apartment,2081000.0,4,2359000.0,13.36
2263.0,4.0,4.0,,5.5,4.5,0.3,5.2,1.0,,3.0,4.94,,Villa,10525000.0,5,13649000.0,29.68
2066.0,3.0,2.0,9.0,6.0,1.7,1.2,3.4,1.2,24.7,3.0,8.6,5.08,Independent House,9717000.0,3,11884000.0,22.3
1301.0,3.0,3.0,7.0,3.6,12.1,1.2,7.1,3.1,34.2,2.0,6.96,4.21,APARTMENT,3745000.0,3,4365000.0,16.56
,4.0,2.0,32.0,,15.3,1.5,7.4,5.4,7.8,1.0,6.33,4.23,Independent House,9019000.0,3,11041000.0,22.42
1888.0,3.0,3.0,3.0,5.3,14.9,6.9,5.0,7.8,34.4,3.0,6.49,4.81,Independent House,4674000.0,5,5849000.0,25.14
1363.0,3.0,4.0,8.0,2.9,25.5,16.2,7.2,8.8,29.2,2.0,5.98,0.27,Apartment,2078000.0,4,2357000.0,13.43
864.0,1.0,1.0,18.0,6.2,13.2,9.8,4.9,1.2,18.6,2.0,5.4,5.62,Apartment,2158000.0,3,2426000.0,12.42
3762.0,6.0,5.0,5.0,3.5,12.8,10.5,,4.3,52.0,1.0,7.9,4.97,Independent House,7613000.0,5,9311000.0,22.3
1166.0,1.0,1.0,34.0,6.1,,8.6,3.2,1.7,22.9,2.0,6.78,3.82,Apartment,2034000.0,4,2408000.0,18.39
1089.0,1.0,2.0,7.0,4.3,16.3,2.5,5.1,5.0,39.7,1.0,3.79,1.94,Apartment,2444000.0,4,2682000.0,9.74
2582.0,,3.0,2.0,4.4,12.3,2.9,,1.9,23.3,3.0,5.15,1.19,Independent House,9529000.0,4,11332000.0,18.92
2789.0,5.0,,4.0,1.5,18.4,2.4,5.9,9.8,28.6,2.0,5.93,-1.0,Independent House,6946000.0,3,7631000.0,9.86
1915.0,4.0,4.0,13.0,6.3,6.6,3.5,5.6,2.0,34.5,2.0,5.7,2.87,Apartment,7408000.0,3,8707000.0,17.54
1014.0,2.0,2.0,18.0,1.0,22.8,11.7,4.2,5.1,42.0,0.0,7.0,2.0,Apartment,988000.0,2,1020000.0,3.24
2415.0,5.0,5.0,9.0,10.0,0.5,1.0,9.2,0.8,,3.0,5.86,3.98,Independent House,26324000.0,2,30250000.0,14.91
1346.0,3.0,3.0,4.0,6.6,16.6,8.0,3.2,8.0,18.0,3.0,6.97,3.65,Independent House,3985000.0,2,4434000.0,11.27
1988.0,4.0,4.0,13.0,5.8,13.3,2.7,6.4,4.6,33.8,1.0,7.06,7.23,Independent House,6956000.0,2,7802000.0,12.16
2259.0,5.0,4.0,22.0,5.6,4.7,2.3,5.0,1.3,36.0,2.0,7.51,3.89,Apartment,7175000.0,3,8474000.0,18.1
1241.0,1.0,1.0,9.0,7.7,9.6,1.1,3.0,1.7,19.3,0.0,3.14,3.2,Apartment,4465000.0,4,5081000.0,13.8
1000.0,3.0,3.0,12.0,6.7,7.5,4.9,5.5,2.6,26.8,2.0,5.27,4.1,Apartment,3144000.0,5,3853000.0,22.55
1177.0,2.0,2.0,10.0,5.3,10.8,5.7,2.9,3.5,21.4,1.0,5.21,0.29,Independent House,3418000.0,5,4160000.0,21.71
2462.0,5.0,3.0,15.0,7.7,7.4,1.7,6.5,4.6,25.9,3.0,7.34,6.53,Villa,15093000.0,3,18787000.0,24.47
1065.0,3.0,4.0,,9.5,5.3,0.8,6.8,1.5,20.3,1.0,5.39,3.76,Apartment,5825000.0,3,7013000.0,20.39
1737.0,4.0,4.0,17.0,6.3,15.2,5.0,6.1,2.0,29.1,1.0,5.57,5.27,Apartment,4453000.0,1,4693000.0,5.39
3492.0,6.0,5.0,11.0,4.9,7.3,3.2,2.5,1.1,31.6,3.0,7.44,1.96,Independent House,11850000.0,3,13196000.0,11.36
1880.0,,3.0,13.0,7.0,2.7,0.7,2.7,2.3,26.4,1.0,3.76,4.77,Apartment,6893000.0,2,7330000.0,6.34
2353.0,4.0,4.0,16.0,4.3,17.5,,4.8,3.9,34.6,1.0,4.68,5.63,Independent House,4987000.0,1,5116000.0,2.59
2453.0,5.0,5.0,11.0,2.6,19.3,0.9,7.2,1.1,26.2,2.0,7.31,2.56,Independent House,9163000.0,2,9980000.0,8.92
2617.0,5.0,5.0,10.0,6.2,13.1,3.1,5.9,3.4,30.4,2.0,4.38,4.04,Independent House,9848000.0,4,11765000.0,19.47
2048.0,4.0,3.0,14.0,5.9,10.6,4.5,7.5,2.0,,2.0,6.34,5.39,Independent House,7872000.0,3,9217000.0,17.09
949.0,1.0,1.0,30.0,8.6,11.0,3.6,4.5,1.4,33.4,0.0,6.43,8.4,Apartment,2560000.0,2,2821000.0,10.2
829.0,1.0,1.0,13.0,9.1,5.2,0.7,6.8,3.4,26.1,0.0,9.97,9.81,Apartment,4157000.0,4,6192000.0,48.95
1109.0,1.0,2.0,5.0,6.9,14.1,1.6,6.7,3.7,34.7,1.0,6.2,5.9,Apartment,3915000.0,3,4608000.0,17.7
2733.0,4.0,3.0,9.0,2.6,26.4,3.3,3.9,3.0,32.2,2.0,4.53,0.04,Independent House,6332000.0,4,6840000.0,8.02
3297.0,6.0,5.0,18.0,3.2,14.3,5.0,3.7,3.5,40.4,2.0,4.51,3.35,Villa,9472000.0,1,9705000.0,2.46
1248.0,2.0,2.0,6.0,5.3,3.8,1.3,4.5,1.0,42.3,2.0,4.55,5.47,Apartment,3654000.0,3,4191000.0,14.7
1435.0,3.0,2.0,8.0,9.8,6.9,4.7,,0.8,21.8,1.0,8.31,3.95,Apartment,7864000.0,4,10643000.0,35.34
2331.0,5.0,4.0,12.0,6.7,10.5,1.7,5.9,5.3,26.4,2.0,7.87,4.09,Apartment,9222000.0,4,11715000.0,27.03
1785.0,2.0,1.0,0.0,6.5,7.1,2.2,9.2,0.9,13.1,2.0,6.14,3.58,Independent House,11021000.0,2,12395000.0,12.47
871.0,3.0,3.0,9.0,2.5,16.4,9.8,3.6,2.7,49.0,0.0,7.04,3.01,Apartment,1326000.0,1,1371000.0,3.39
1113.0,1.0,2.0,2.0,6.1,14.2,1.6,6.7,5.3,36.1,1.0,6.28,1.89,APARTMENT,3688000.0,3,4200000.0,13.88
2691.0,6.0,4.0,15.0,5.6,10.2,4.7,5.3,1.2,23.8,3.0,5.36,4.96,Independent House,10022000.0,1,10415000.0,3.92
1657.0,4.0,5.0,11.0,3.2,15.6,2.2,3.9,1.8,41.5,2.0,4.89,0.61,Independent House,3675000.0,3,3973000.0,8.11
1175.0,1.0,1.0,8.0,5.4,16.6,2.3,,7.2,23.4,2.0,5.55,1.64,Apartment,3165000.0,2,3426000.0,8.25
1741.0,3.0,3.0,3.0,9.7,5.4,5.1,8.1,0.9,25.9,3.0,6.97,7.31,Independent House,14058000.0,2,16313000.0,16.04
1277.0,2.0,2.0,8.0,8.5,4.7,2.6,6.2,0.9,22.2,0.0,6.31,3.95,Apartment,6437000.0,1,6837000.0,6.21
948.0,2.0,3.0,15.0,5.2,15.9,3.9,6.2,8.5,26.1,1.0,7.48,,Apartment,2402000.0,1,2547000.0,6.04
3582.0,6.0,5.0,,5.7,15.4,8.8,6.8,0.9,41.1,2.0,5.98,2.31,Villa,11179000.0,3,12165000.0,8.82
1006.0,1.0,1.0,2.0,6.5,8.8,0.6,5.9,1.6,35.4,2.0,5.38,3.62,Apartment,3949000.0,3,4570000.0,15.73
1001.0,2.0,2.0,11.0,5.5,12.5,2.8,4.8,3.2,24.1,2.0,6.06,4.77,Apartment,2724000.0,1,2824000.0,3.67
824.0,2.0,2.0,6.0,3.6,26.5,7.7,7.2,4.2,29.9,2.0,7.61,3.41,Apartment,1847000.0,3,2108000.0,14.13
1989.0,4.0,3.0,18.0,3.8,12.2,2.9,5.7,6.2,25.9,1.0,8.08,4.97,Independent House,4821000.0,1,5118000.0,6.16
1376.0,2.0,2.0,17.0,9.8,2.7,0.4,6.9,1.2,17.1,,4.32,3.42,APARTMENT,10024000.0,4,12591000.0,25.61
875.0,1.0,1.0,26.0,5.0,13.2,3.4,6.0,3.2,36.3,0.0,2.18,0.7,Apartment,1834000.0,3,1811000.0,-1.25
1172.0,2.0,1.0,21.0,4.3,21.6,3.7,2.1,13.0,23.4,0.0,7.4,5.0,Apartment,2333000.0,4,2782000.0,19.25
898.0,2.0,1.0,12.0,3.5,25.1,4.9,6.4,4.0,57.3,0.0,4.0,1.44,Apartment,1338000.0,1,1368000.0,2.24
3408.0,6.0,5.0,5.0,1.7,14.1,1.8,3.7,3.2,39.0,2.0,4.29,-1.02,Villa,10818000.0,4,11668000.0,7.86
892.0,2.0,2.0,3.0,10.0,11.8,2.0,7.7,4.0,24.2,2.0,6.48,2.22,Apartment,6921000.0,1,7359000.0,6.33
,2.0,2.0,36.0,6.5,12.0,1.3,3.5,2.8,21.1,2.0,6.18,5.22,Apartment,3024000.0,4,3782000.0,25.07
1707.0,2.0,2.0,2.0,3.5,12.6,1.9,7.1,2.1,36.9,1.0,4.92,3.25,Independent House,5126000.0,1,5367000.0,4.7
864.0,1.0,1.0,14.0,6.7,9.6,2.4,5.8,1.0,30.8,1.0,5.58,3.23,Independent House,3107000.0,5,3783000.0,21.76
1488.0,3.0,2.0,4.0,3.1,13.0,9.3,7.2,0.5,44.0,2.0,3.91,3.92,Independent House,11073000.0,3,11663000.0,5.33
3069.0,5.0,4.0,13.0,8.9,11.6,1.0,7.1,3.0,7.5,3.0,6.33,6.35,Villa,26050000.0,3,31051000.0,19.2
6000.0,6.0,5.0,8.0,3.2,16.4,2.0,3.3,7.4,52.0,,5.47,3.28,Villa,15757000.0,4,18179000.0,15.37
999.0,2.0,2.0,36.0,6.7,12.0,6.3,3.6,0.8,42.1,1.0,6.18,6.44,Apartment,2030000.0,5,2487000.0,22.51
1233.0,3.0,2.0,5.0,8.4,0.5,1.2,5.7,0.6,27.8,0.0,8.89,8.28,Apartment,5787000.0,2,6887000.0,19.01
2181.0,4.0,4.0,23.0,5.2,11.3,1.2,6.2,1.7,19.8,2.0,7.05,3.5,Villa,11378000.0,5,15073000.0,32.47
1689.0,3.0,2.0,12.0,4.4,12.6,2.6,6.5,2.4,31.1,1.0,5.75,3.71,Independent House,4905000.0,3,5476000.0,11.64
1260.0,3.0,3.0,14.0,6.9,,5.3,7.4,1.5,19.5,1.0,5.12,5.48,Apartment,5733000.0,5,7277000.0,26.93
609.0,2.0,3.0,9.0,5.6,15.1,1.8,5.5,4.1,33.3,0.0,6.9,4.26,Apartment,1526000.0,1,1601000.0,4.91
1486.0,4.0,3.0,22.0,7.1,7.6,1.6,6.8,2.3,38.8,0.0,6.45,6.0,APARTMENT,5525000.0,2,6153000.0,11.37
1104.0,3.0,3.0,8.0,3.0,13.6,4.2,4.3,1.0,40.5,0.0,4.02,7.03,Apartment,2374000.0,2,2567000.0,8.13
1035.0,1.0,1.0,14.0,4.1,13.2,7.9,5.4,4.0,23.9,2.0,4.81,5.69,Apartment,2247000.0,1,2322000.0,3.34
1502.0,3.0,3.0,7.0,8.4,15.2,5.7,6.2,2.4,28.8,0.0,3.61,2.1,Apartment,5891000.0,1,6081000.0,3.23
2721.0,6.0,4.0,17.0,4.5,16.8,1.6,5.4,2.1,37.0,2.0,5.09,4.89,Villa,10669000.0,1,11205000.0,5.02
959.0,2.0,1.0,4.0,3.4,19.9,1.7,3.8,1.8,33.2,2.0,5.94,2.26,Apartment,2124000.0,5,2574000.0,21.19
978.0,2.0,2.0,4.0,6.6,14.5,4.9,4.1,6.3,28.1,0.0,5.87,6.64,Apartment,2878000.0,1,3033000.0,5.39
1579.0,3.0,3.0,22.0,7.5,15.3,8.9,6.1,1.6,30.9,2.0,7.86,5.58,Apartment,4374000.0,3,5249000.0,20.0
1800.0,4.0,4.0,8.0,6.1,14.2,0.6,5.7,5.3,,1.0,6.45,6.08,Apartment,6337000.0,3,7577000.0,19.57
1410.0,3.0,2.0,9.0,6.6,1.3,0.6,7.3,0.9,33.3,3.0,4.83,4.09,Independent House,7906000.0,3,9346000.0,18.21
3520.0,6.0,5.0,14.0,2.7,15.7,7.7,5.8,1.7,36.0,2.0,3.86,2.64,Villa,9379000.0,4,10331000.0,10.15
1095.0,2.0,3.0,15.0,6.0,14.5,6.4,7.2,0.5,5.8,2.0,6.0,4.95,Apartment,4857000.0,5,6331000.0,30.35
1267.0,3.0,3.0,23.0,3.3,16.1,4.4,2.3,0.6,36.4,1.0,3.9,1.73,Apartment,2234000.0,4,2565000.0,14.82
1685.0,2.0,2.0,13.0,2.6,17.8,,6.0,2.8,45.1,2.0,6.16,3.35,Independent House,3677000.0,2,3936000.0,7.04
2102.0,4.0,3.0,15.0,6.8,11.8,7.2,4.1,6.0,21.0,1.0,6.94,2.27,Independent House,6809000.0,5,8669000.0,27.32
1113.0,1.0,,16.0,10.0,0.5,0.3,8.9,1.1,22.0,2.0,7.47,9.07,Apartment,9024000.0,1,9806000.0,8.67
2187.0,5.0,5.0,7.0,7.1,9.9,0.9,8.9,1.0,39.9,3.0,7.83,6.66,Independent House,13364000.0,5,18747000.0,40.28
2006.0,,5.0,18.0,5.9,5.7,7.9,4.6,1.9,38.6,1.0,6.75,3.41,Independent House,6938000.0,5,8803000.0,26.88
1322.0,1.0,1.0,12.0,5.8,0.5,,7.8,0.8,33.5,1.0,9.08,8.51,Apartment,5706000.0,4,8059000.0,41.24
691.0,2.0,3.0,25.0,1.5,19.2,3.4,4.8,6.6,53.5,0.0,6.35,0.29,Apartment,811000.0,4,890000.0,9.74
1526.0,3.0,3.0,5.0,2.8,17.8,9.9,5.6,3.1,41.9,3.0,5.76,0.52,Independent House,3083000.0,3,3245000.0,5.25
1913.0,3.0,3.0,20.0,7.7,6.9,11.2,6.8,3.8,28.9,1.0,6.23,7.46,Independent House,5818000.0,3,6755000.0,16.11
2085.0,4.0,4.0,19.0,6.5,10.2,2.9,4.0,2.7,32.6,2.0,7.68,6.26,Independent House,6632000.0,5,8753000.0,31.98
,6.0,4.0,28.0,4.6,17.7,10.2,5.8,1.3,28.3,2.0,6.62,3.23,Independent House,7007000.0,3,7639000.0,9.02
4333.0,6.0,6.0,7.0,7.3,7.5,1.2,5.0,2.2,21.5,3.0,5.15,2.96,Villa,25198000.0,3,29599000.0,17.47
1758.0,3.0,2.0,15.0,4.7,10.5,2.6,6.8,1.8,38.2,2.0,5.96,1.98,Apartment,5168000.0,4,6059000.0,17.24
3460.0,6.0,4.0,4.0,7.8,2.0,1.4,6.2,0.5,32.6,2.0,8.31,9.1,Villa,31205000.0,1,33625000.0,7.76
705.0,1.0,1.0,6.0,8.2,10.6,1.1,5.5,0.4,32.7,2.0,6.49,6.34,Apartment,3071000.0,4,4098000.0,33.44
2170.0,4.0,3.0,8.0,5.8,11.0,0.7,4.4,1.9,22.0,2.0,6.94,5.55,INDEPENDENT HOUSE,8335000.0,2,9520000.0,14.22
1083.0,1.0,1.0,33.0,6.7,1.0,1.4,6.1,0.6,28.3,2.0,6.69,,Independent House,4219000.0,1,4471000.0,5.97
1153.0,2.0,2.0,10.0,10.0,6.1,1.5,5.9,2.6,,0.0,6.59,3.1,Apartment,7332000.0,5,9793000.0,33.57
1419.0,3.0,2.0,15.0,4.5,15.5,4.0,4.9,2.6,23.5,0.0,5.68,2.67,APARTMENT,3276000.0,2,3596000.0,9.77
750.0,1.0,2.0,7.0,2.1,22.3,5.2,6.3,8.9,31.1,2.0,7.49,2.55,Apartment,1418000.0,1,1466000.0,3.39
1642.0,2.0,2.0,5.0,2.6,4.9,5.1,6.6,0.7,24.6,3.0,7.56,4.64,Independent House,4916000.0,1,5150000.0,4.76
1396.0,1.0,1.0,12.0,5.3,21.3,4.0,5.0,7.0,28.7,0.0,8.48,2.75,Apartment,2681000.0,2,2994000.0,11.67
753.0,1.0,1.0,10.0,4.6,12.7,4.7,3.4,2.5,41.9,0.0,7.1,3.93,Apartment,1360000.0,2,1494000.0,9.85
814.0,1.0,1.0,13.0,1.0,20.6,2.7,5.4,7.1,42.6,0.0,4.88,3.15,Apartment,1036000.0,5,1155000.0,11.49
872.0,2.0,1.0,18.0,4.9,11.5,1.9,6.4,2.8,31.2,1.0,6.17,4.58,Apartment,2344000.0,3,2747000.0,17.19
,1.0,1.0,22.0,6.1,9.0,3.5,6.5,2.3,21.6,0.0,5.67,5.58,Apartment,2398000.0,2,2698000.0,12.51
1627.0,3.0,3.0,8.0,4.5,11.7,1.7,6.4,5.9,23.2,3.0,7.24,3.65,Independent House,6993000.0,4,8893000.0,27.17
1351.0,2.0,3.0,1.0,4.3,21.3,4.0,2.8,5.4,,2.0,6.8,3.73,Apartment,2967000.0,1,3116000.0,5.02
4180.0,6.0,6.0,9.0,1.9,27.5,4.1,2.2,2.6,54.2,2.0,4.04,2.48,Villa,8182000.0,5,8902000.0,8.8
1209.0,2.0,2.0,3.0,8.2,7.1,2.4,5.6,1.9,20.7,2.0,4.4,3.25,Apartment,6489000.0,1,6773000.0,4.38
929.0,1.0,2.0,6.0,7.0,9.3,4.6,6.6,1.3,16.6,0.0,5.36,3.24,Apartment,3549000.0,4,4203000.0,18.43
728.0,1.0,1.0,8.0,7.6,9.6,3.8,5.0,1.5,22.1,0.0,5.28,5.02,Apartment,2836000.0,4,3635000.0,28.17
950.0,1.0,1.0,6.0,2.8,14.4,1.7,8.2,5.0,35.7,,4.62,1.51,Apt,1952000.0,5,2357000.0,20.75
3508.0,6.0,4.0,11.0,8.8,4.9,1.8,4.5,2.1,2.0,4.0,4.42,2.99,Villa,32392000.0,3,39199000.0,21.01
1631.0,3.0,2.0,11.0,7.7,14.9,11.0,7.1,1.1,34.0,2.0,6.36,3.71,Independent House,5395000.0,1,5674000.0,5.17
1188.0,1.0,1.0,7.0,9.9,10.5,4.6,7.0,2.4,16.0,1.0,7.91,9.71,Apartment,5541000.0,1,5933000.0,7.07
1117.0,2.0,2.0,9.0,4.2,21.1,3.8,5.6,2.0,38.7,3.0,7.09,0.19,INDEPENDENT HOUSE,3240000.0,2,3524000.0,8.77
930.0,2.0,2.0,4.0,7.2,11.2,0.2,6.8,,24.4,0.0,5.95,5.77,Apartment,3928000.0,2,4488000.0,14.26
1611.0,2.0,2.0,18.0,4.1,18.1,2.5,5.5,1.4,50.4,2.0,6.68,,Apartment,3514000.0,2,3733000.0,6.23
1134.0,3.0,3.0,8.0,4.5,22.7,0.9,3.5,8.2,27.4,2.0,7.45,1.57,Apartment,2893000.0,1,3017000.0,4.29
874.0,1.0,1.0,,4.2,11.8,2.2,5.4,5.4,42.3,0.0,5.23,6.38,Apartment,1885000.0,5,2406000.0,27.64
1097.0,1.0,1.0,12.0,4.9,11.4,4.7,7.7,5.7,30.8,1.0,5.21,1.57,Apartment,3048000.0,1,3151000.0,3.38
900.0,2.0,2.0,30.0,5.8,15.2,3.4,8.2,0.5,37.3,0.0,6.25,1.05,apartment,2448000.0,5,2957000.0,20.79
1473.0,3.0,3.0,3.0,4.4,16.6,3.6,8.2,2.6,45.7,3.0,,4.19,Independent House,5498000.0,4,6694000.0,21.75
1067.0,2.0,3.0,4.0,4.9,5.9,3.3,5.8,3.8,33.8,0.0,,4.82,Apartment,3272000.0,3,3939000.0,20.39
2102.0,3.0,2.0,23.0,8.0,5.1,0.5,4.4,,35.4,2.0,5.49,3.85,Independent House,8301000.0,1,8683000.0,4.6
,3.0,2.0,17.0,8.2,,5.6,7.4,2.8,29.2,3.0,6.91,7.46,Independent House,9663000.0,5,13018000.0,34.72
865.0,1.0,,,8.2,2.7,0.7,5.1,2.0,17.3,0.0,4.77,0.26,Apartment,2458000.0,2,2593000.0,5.49
1995.0,4.0,4.0,14.0,,8.2,0.5,8.0,1.3,29.5,3.0,6.17,3.59,Independent House,9836000.0,2,10804000.0,9.84
1014.0,2.0,2.0,31.0,8.2,5.1,1.5,10.0,0.9,37.0,1.0,8.02,4.25,Apartment,5441000.0,5,7353000.0,35.14
1384.0,2.0,,17.0,5.6,14.4,1.0,6.9,2.8,17.9,2.0,5.36,4.03,Apartment,4397000.0,2,4892000.0,11.26
2284.0,4.0,2.0,16.0,9.2,7.1,4.0,6.5,1.1,21.8,1.0,5.06,6.38,Independent House,12473000.0,5,15271000.0,22.43
1245.0,3.0,2.0,10.0,7.0,7.1,2.5,,2.0,36.6,1.0,5.52,4.55,Apartment,4648000.0,1,4881000.0,5.01
1153.0,3.0,3.0,16.0,8.3,12.4,4.2,4.6,3.1,24.0,0.0,4.99,2.29,Apartment,3753000.0,1,3893000.0,3.73
1559.0,3.0,3.0,9.0,6.1,14.6,5.6,5.0,6.5,20.6,3.0,6.16,3.18,House,6072000.0,5,7323000.0,20.6
1476.0,1.0,1.0,6.0,5.6,15.7,7.5,2.1,3.4,20.8,2.0,7.05,4.81,Apartment,3303000.0,3,3832000.0,16.02
1671.0,3.0,2.0,13.0,6.0,18.3,7.0,6.7,2.3,47.0,1.0,8.64,6.31,Apartment,5033000.0,3,6129000.0,21.78
988.0,2.0,2.0,5.0,8.3,8.8,0.7,3.6,1.2,35.3,0.0,6.13,3.46,Apartment,3772000.0,4,4711000.0,24.89
612.0,1.0,2.0,26.0,8.0,16.8,12.0,4.2,5.3,8.4,2.0,7.38,6.97,Apartment,1525000.0,5,2102000.0,37.84
1845.0,4.0,,17.0,3.3,6.1,0.2,,1.4,32.6,4.0,5.58,1.77,Villa,8217000.0,3,9281000.0,12.95
2090.0,4.0,3.0,10.0,5.1,8.4,5.9,4.1,3.9,34.4,3.0,7.87,6.26,Independent House,5927000.0,2,6664000.0,12.43
1546.0,,3.0,21.0,6.1,7.5,3.4,4.9,1.5,34.6,1.0,6.71,3.42,Apartment,4446000.0,2,4818000.0,8.37
2011.0,3.0,2.0,30.0,10.0,12.0,0.6,5.8,3.5,11.1,2.0,6.17,5.87,Independent House,10694000.0,1,11322000.0,5.87
2874.0,5.0,4.0,9.0,7.5,15.6,7.3,9.4,6.0,19.9,3.0,6.31,6.05,Villa,17513000.0,4,22736000.0,29.82
2108.0,4.0,3.0,5.0,6.0,10.4,1.3,6.3,3.7,41.7,1.0,9.51,6.74,Apartment,9229000.0,1,9953000.0,7.84
1957.0,3.0,3.0,6.0,4.0,7.7,4.9,5.3,4.8,34.5,0.0,4.11,3.23,Apartment,5190000.0,3,5648000.0,8.82
1864.0,3.0,2.0,5.0,6.2,1.3,0.8,6.3,,17.8,3.0,5.24,5.43,Independent House,10014000.0,3,11907000.0,18.9
,3.0,2.0,10.0,4.5,12.2,13.7,7.2,7.4,30.7,1.0,5.94,2.84,Independent House,2331000.0,1,2412000.0,3.47
1910.0,3.0,2.0,12.0,3.7,,6.0,8.1,1.1,,2.0,8.27,4.46,Independent House,5282000.0,4,6603000.0,25.01
1006.0,2.0,2.0,5.0,5.6,11.1,1.3,5.7,1.1,45.2,1.0,7.66,3.19,Apartment,4183000.0,2,4676000.0,11.79
1327.0,3.0,3.0,4.0,1.5,20.5,3.1,5.2,4.7,49.9,0.0,6.91,1.51,Apartment,2054000.0,2,2166000.0,5.45
1306.0,2.0,2.0,1.0,4.7,2.9,2.8,5.2,2.9,34.2,1.0,4.66,4.51,Independent House,4225000.0,2,4535000.0,7.34
880.0,1.0,2.0,18.0,7.3,1.5,2.0,,0.6,22.5,0.0,5.7,3.02,Apartment,3432000.0,5,4559000.0,32.84
1108.0,2.0,2.0,13.0,4.1,21.4,5.4,5.2,1.9,29.0,1.0,7.8,2.58,Apt,2555000.0,2,2788000.0,9.12
1263.0,3.0,3.0,13.0,8.0,2.1,1.6,4.2,1.2,10.0,1.0,7.13,4.75,Independent House,7194000.0,4,9466000.0,31.58
1623.0,3.0,3.0,5.0,7.8,10.1,3.2,9.6,3.4,36.2,1.0,4.98,3.23,Apartment,7324000.0,5,9087000.0,24.07
1156.0,3.0,3.0,9.0,4.8,6.6,1.1,3.3,1.3,47.1,1.0,6.79,2.62,Apartment,3866000.0,5,4572000.0,18.26
813.0,,1.0,38.0,4.1,18.5,1.2,4.9,1.5,,0.0,4.99,2.56,Apartment,1440000.0,3,1483000.0,2.99
2033.0,5.0,4.0,16.0,4.6,6.9,1.6,3.9,4.7,26.6,2.0,7.84,3.04,Independent House,7356000.0,4,9117000.0,23.94
1870.0,4.0,3.0,15.0,7.1,15.7,7.2,4.5,0.9,26.3,3.0,7.18,6.1,Independent House,7480000.0,1,7870000.0,5.21
1659.0,4.0,3.0,19.0,8.8,7.4,3.5,9.4,1.7,35.9,1.0,6.44,7.13,Independent House,11196000.0,2,12734000.0,13.74
851.0,1.0,2.0,20.0,5.4,7.1,,4.2,1.3,25.6,2.0,5.61,1.3,Apartment,2174000.0,2,2309000.0,6.21
3240.0,5.0,4.0,14.0,4.8,11.0,6.2,4.4,2.0,40.8,4.0,6.18,5.67,Villa,11571000.0,4,14090000.0,21.77
1591.0,4.0,4.0,8.0,7.0,7.7,4.3,6.4,3.5,31.5,1.0,6.04,4.99,Apartment,6429000.0,5,8474000.0,31.81
5939.0,2.0,3.0,,5.3,9.3,4.2,6.0,1.0,22.1,2.0,4.89,1.78,Apartment,2924000.0,5,3247000.0,11.05
789.0,2.0,2.0,11.0,3.5,9.6,1.7,2.9,1.6,27.6,0.0,6.96,2.38,Apartment,2068000.0,1,2154000.0,4.16
843.0,2.0,2.0,5.0,5.0,9.3,4.6,5.5,1.1,14.9,2.0,,-0.66,Apartment,2891000.0,2,3142000.0,8.68
1088.0,3.0,3.0,19.0,2.7,12.5,0.8,3.3,4.6,30.1,2.0,5.61,4.03,Flat,2524000.0,5,2988000.0,18.38
822.0,1.0,1.0,14.0,5.0,22.8,4.6,5.0,1.7,30.3,0.0,,2.64,apartment,1911000.0,2,2077000.0,8.69
2435.0,4.0,4.0,9.0,7.3,9.7,1.5,6.5,2.8,33.0,2.0,6.2,5.34,Independent House,12034000.0,3,13881000.0,15.35
2630.0,5.0,4.0,,,6.5,1.5,5.3,1.0,13.4,2.0,7.89,7.85,Independent House,13550000.0,3,16717000.0,23.37
1246.0,2.0,2.0,18.0,6.2,15.3,1.8,4.3,4.4,33.0,3.0,,2.61,Independent House,3726000.0,3,4334000.0,16.32
2339.0,4.0,5.0,15.0,3.4,15.3,2.7,2.4,7.1,52.1,,5.37,2.83,Independent House,5256000.0,3,5772000.0,9.82
834.0,1.0,2.0,11.0,8.2,16.0,0.6,6.4,9.5,25.2,0.0,5.72,8.37,Apartment,3769000.0,2,4250000.0,12.76
1292.0,1.0,2.0,9.0,7.2,17.7,2.2,6.1,3.5,27.4,0.0,6.25,1.88,Apartment,4433000.0,2,4889000.0,10.29
1398.0,3.0,3.0,5.0,5.5,9.1,4.9,6.2,3.9,39.2,1.0,6.2,1.73,Apartment,5005000.0,5,6233000.0,24.54
1129.0,2.0,2.0,26.0,7.9,12.9,2.4,4.2,2.4,23.2,0.0,7.5,4.29,apartment,3047000.0,3,3551000.0,16.54
987.0,2.0,2.0,10.0,5.1,13.7,5.9,4.3,3.5,43.9,1.0,4.88,3.73,Apartment,2250000.0,1,2305000.0,2.44
1244.0,3.0,3.0,9.0,6.2,8.4,1.0,5.7,5.1,15.8,0.0,5.5,2.06,Apartment,5737000.0,5,7073000.0,23.29
1190.0,1.0,2.0,7.0,5.1,15.8,3.6,5.9,2.1,40.2,0.0,4.56,5.73,Apartment,2938000.0,1,3093000.0,5.28
2434.0,5.0,5.0,14.0,5.9,14.1,,5.2,6.4,192.9,2.0,4.98,1.22,Independent House,6776000.0,1,6919000.0,2.11
,2.0,,6.0,5.2,17.5,10.7,6.6,1.8,41.3,2.0,7.05,7.77,Apartment,2840000.0,1,3011000.0,6.02
713.0,1.0,1.0,13.0,5.8,8.5,5.0,5.5,0.8,10.6,0.0,7.18,7.8,Apartment,2383000.0,3,2810000.0,17.92
1208.0,3.0,4.0,4.0,8.5,3.8,1.2,,3.3,28.3,1.0,5.76,2.43,Apartment,6880000.0,5,8559000.0,24.4
832.0,2.0,3.0,4.0,8.2,9.9,1.6,6.7,4.1,27.5,2.0,6.73,6.85,Apartment,3798000.0,1,4033000.0,6.19
950.0,2.0,,9.0,4.2,7.4,4.1,2.8,1.7,25.3,2.0,5.22,1.99,Apartment,2551000.0,2,2708000.0,6.15
350.0,1.0,2.0,9.0,5.7,5.1,3.0,5.5,4.3,36.5,0.0,6.46,2.43,Apartment,1338000.0,5,1745000.0,30.42
3568.0,6.0,5.0,2.0,5.1,17.5,3.4,5.9,,37.0,4.0,5.47,3.79,Villa,14605000.0,2,15770000.0,7.98
985.0,2.0,2.0,8.0,2.3,15.1,1.6,4.6,3.8,41.4,1.0,6.49,4.67,Apartment,1869000.0,4,2123000.0,13.59
1259.0,3.0,3.0,5.0,6.0,20.4,6.6,6.4,4.4,15.4,,7.26,2.74,Apartment,4036000.0,2,4356000.0,7.93
1176.0,3.0,3.0,2.0,4.6,9.4,6.7,4.4,4.9,36.6,1.0,6.26,3.09,Flat,2680000.0,1,2784000.0,3.88
1481.0,2.0,2.0,19.0,4.9,11.4,3.2,4.5,12.0,31.2,1.0,4.97,3.56,Independent House,3185000.0,1,3337000.0,4.77
1693.0,3.0,2.0,8.0,5.8,16.0,8.6,3.3,1.5,22.6,3.0,4.44,2.52,Independent House,4465000.0,4,5282000.0,18.3
3499.0,6.0,5.0,11.0,6.8,8.0,8.5,7.0,0.5,31.1,3.0,5.14,4.72,Villa,17117000.0,2,19005000.0,11.03
696.0,1.0,2.0,34.0,6.9,8.6,4.4,8.4,1.6,25.3,2.0,5.27,6.79,Apartment,2559000.0,2,2825000.0,10.39
3643.0,6.0,5.0,16.0,5.4,12.9,6.1,2.0,2.4,27.1,4.0,4.92,4.55,Villa,12942000.0,5,15641000.0,20.85
981.0,2.0,2.0,4.0,5.0,6.7,3.9,8.1,1.9,35.6,2.0,5.36,3.81,Apartment,3512000.0,4,4321000.0,23.04
1842.0,2.0,3.0,13.0,7.3,7.5,2.0,6.9,1.7,34.6,3.0,4.93,3.41,Independent House,9947000.0,3,11479000.0,15.4
2257.0,4.0,3.0,7.0,3.8,16.9,1.4,4.6,6.1,30.2,2.0,3.85,3.47,Independent House,5729000.0,3,6414000.0,11.96
1555.0,2.0,2.0,18.0,6.1,12.2,4.9,6.8,3.6,,2.0,3.5,0.28,Apartment,4195000.0,4,4453000.0,6.15
1260.0,1.0,1.0,8.0,6.0,15.7,0.1,7.5,4.7,25.0,2.0,6.12,3.25,Apartment,4945000.0,3,5463000.0,10.48
1595.0,3.0,3.0,14.0,1.9,16.1,3.9,,0.9,44.0,1.0,5.16,-1.88,Apartment,2765000.0,5,3093000.0,11.86
832.0,2.0,1.0,4.0,7.3,0.5,0.1,4.9,1.7,22.8,2.0,,4.55,Apartment,4212000.0,2,4830000.0,14.67
1661.0,2.0,2.0,25.0,6.9,3.2,0.6,6.3,1.1,19.6,,7.17,1.9,Independent House,6992000.0,1,7386000.0,5.64
1093.0,1.0,1.0,4.0,4.2,14.4,7.8,6.2,6.2,22.2,2.0,4.8,6.47,Apartment,2722000.0,2,3047000.0,11.94
1197.0,1.0,1.0,4.0,9.5,14.1,5.0,7.1,2.4,16.9,1.0,8.08,6.89,Apartment,6446000.0,2,7477000.0,15.99
3144.0,5.0,4.0,5.0,6.8,20.6,3.3,6.0,6.8,37.3,2.0,6.14,2.37,Villa,15112000.0,5,19095000.0,26.36
1077.0,1.0,1.0,3.0,5.1,11.5,1.0,7.0,6.1,31.9,3.0,5.58,2.26,Independent House,4086000.0,2,4446000.0,8.81
1513.0,3.0,3.0,3.0,6.4,19.7,8.9,6.7,2.3,20.8,2.0,4.6,3.35,Independent House,5294000.0,1,5506000.0,4.0
1380.0,2.0,1.0,4.0,6.5,8.7,2.0,4.7,3.9,31.3,2.0,5.46,,Apartment,5733000.0,2,6292000.0,9.75
1009.0,2.0,1.0,8.0,5.8,12.0,0.8,5.2,4.4,21.9,1.0,6.05,1.01,Apartment,3405000.0,4,4064000.0,19.35
1064.0,2.0,2.0,0.0,5.3,8.2,1.5,,4.5,34.1,2.0,7.06,7.68,Apartment,4514000.0,5,6170000.0,36.69
1077.0,2.0,2.0,26.0,4.1,7.2,2.7,9.1,2.5,29.1,2.0,4.1,2.93,Independent House,3261000.0,5,3984000.0,22.17
1246.0,2.0,2.0,4.0,6.3,12.2,4.6,6.5,1.7,27.4,3.0,4.97,5.17,Independent House,5089000.0,3,5910000.0,16.13
702.0,2.0,1.0,14.0,5.2,15.8,1.0,5.4,1.4,28.3,0.0,5.03,6.34,Apartment,1978000.0,2,2188000.0,10.62
1408.0,3.0,3.0,3.0,3.4,18.8,3.9,6.8,1.1,43.9,1.0,6.07,1.78,Apartment,3164000.0,5,3835000.0,21.21
768.0,1.0,1.0,12.0,6.6,2.7,3.0,5.3,1.0,27.2,2.0,5.19,3.27,Apartment,2561000.0,2,2821000.0,10.15
920.0,2.0,2.0,9.0,5.8,9.1,4.4,5.8,,36.0,0.0,,2.19,Apartment,2804000.0,3,3230000.0,15.19
510.0,2.0,2.0,8.0,8.2,0.5,0.6,6.1,2.2,19.1,1.0,7.8,4.23,Apartment,3034000.0,1,3254000.0,7.25
1531.0,3.0,2.0,6.0,2.4,13.2,7.0,5.2,1.4,,2.0,4.34,-0.97,Independent House,3883000.0,4,4108000.0,5.79
1334.0,3.0,3.0,5.0,5.5,4.9,4.4,3.6,1.3,34.8,0.0,4.51,,Apartment,3805000.0,5,4814000.0,26.52
1269.0,2.0,2.0,10.0,5.8,15.1,8.9,,1.1,20.5,1.0,4.21,3.22,House,3483000.0,5,4074000.0,16.97
1318.0,3.0,3.0,30.0,4.2,17.2,12.2,7.1,8.5,34.4,2.0,4.56,1.19,Independent House,2382000.0,5,2631000.0,10.45
1359.0,2.0,2.0,9.0,6.4,5.4,2.6,4.8,2.5,35.8,1.0,5.86,2.21,Independent House,4978000.0,5,6204000.0,24.63
810.0,2.0,2.0,5.0,8.3,5.2,,4.1,0.5,5.8,2.0,6.23,5.7,Apartment,5093000.0,2,5803000.0,13.94
1207.0,3.0,3.0,15.0,5.5,14.8,1.8,5.0,3.9,22.7,1.0,7.78,5.71,Apartment,3564000.0,3,4161000.0,16.75
1087.0,,2.0,5.0,9.5,1.3,1.0,6.9,1.6,15.8,3.0,7.88,4.87,Independent House,8602000.0,4,11938000.0,38.78
3558.0,6.0,4.0,,7.2,8.0,5.2,8.4,0.8,35.0,3.0,7.34,4.84,Villa,19486000.0,4,24741000.0,26.97
1688.0,4.0,4.0,26.0,5.8,2.8,2.5,6.4,1.3,50.6,1.0,4.78,4.55,apartment,4618000.0,1,4788000.0,3.68
1227.0,3.0,3.0,4.0,2.7,23.1,0.8,2.8,9.0,31.4,0.0,6.0,,Apartment,2318000.0,1,2396000.0,3.36
1008.0,2.0,2.0,46.0,10.0,0.5,1.2,7.7,1.2,33.6,1.0,7.41,9.35,Apartment,4625000.0,1,5001000.0,8.13
1454.0,3.0,3.0,8.0,6.5,15.0,7.4,5.6,3.0,24.2,1.0,5.1,5.36,apartment,4740000.0,4,5897000.0,24.41
1865.0,4.0,4.0,11.0,8.5,5.6,3.9,6.7,0.4,2.0,1.0,8.03,4.56,Apartment,12456000.0,4,16454000.0,32.1
2352.0,4.0,3.0,13.0,4.9,11.8,8.2,2.2,3.8,23.4,1.0,6.86,5.83,Independent House,5767000.0,5,7395000.0,28.23
1696.0,3.0,2.0,18.0,6.3,13.6,9.0,6.4,1.0,41.0,2.0,5.21,3.39,Flat,4257000.0,1,4378000.0,2.84
789.0,1.0,1.0,9.0,6.5,2.3,4.0,6.7,1.1,23.2,1.0,8.22,5.0,Apartment,3102000.0,3,3744000.0,20.7
2283.0,4.0,4.0,12.0,7.3,4.5,1.0,6.1,,20.7,3.0,7.45,2.84,Independent House,13780000.0,2,16215000.0,17.67
1349.0,3.0,3.0,5.0,5.9,6.3,7.7,3.8,1.6,22.1,2.0,7.37,4.93,APARTMENT,4833000.0,3,5609000.0,16.06
1516.0,3.0,3.0,14.0,4.2,19.2,2.0,2.7,1.8,32.6,2.0,7.07,6.03,Apartment,3396000.0,1,3574000.0,5.24
1003.0,2.0,2.0,11.0,7.7,0.5,1.1,6.3,2.8,21.5,0.0,5.63,4.5,Apartment,4827000.0,4,5997000.0,24.24
1397.0,3.0,3.0,25.0,10.0,0.5,0.9,6.4,0.6,15.0,1.0,5.91,4.89,Apartment,7742000.0,1,8177000.0,5.62
1141.0,2.0,3.0,23.0,5.6,13.1,6.7,5.6,5.1,39.4,1.0,6.44,4.0,Independent House,3188000.0,3,3622000.0,13.61
917.0,2.0,2.0,7.0,6.2,19.4,5.2,7.4,3.3,39.8,2.0,7.6,1.35,Apartment,3093000.0,4,3937000.0,27.29
1951.0,4.0,,6.0,5.6,8.8,2.8,4.9,0.5,27.4,1.0,6.75,3.75,Apartment,7594000.0,2,8568000.0,12.83
1263.0,3.0,3.0,12.0,5.2,21.2,6.1,6.3,3.8,15.8,0.0,5.78,2.87,Apartment,3694000.0,4,4152000.0,12.4
3411.0,6.0,6.0,27.0,3.6,14.4,3.2,3.8,1.0,43.4,3.0,4.67,4.98,Villa,11264000.0,1,11527000.0,2.33
1254.0,2.0,2.0,13.0,2.9,17.2,2.7,4.8,1.9,35.5,0.0,4.78,3.49,Apartment,2187000.0,2,2348000.0,7.36
706.0,1.0,1.0,28.0,8.7,9.2,4.1,7.2,5.4,16.5,2.0,7.83,7.36,Apartment,3372000.0,4,4479000.0,32.83
,2.0,2.0,6.0,7.5,7.0,0.6,,,31.5,3.0,7.03,,Independent House,8684000.0,2,9529000.0,9.73
2043.0,4.0,3.0,34.0,4.0,18.5,18.4,6.6,5.6,49.1,3.0,5.86,3.82,House,2782000.0,5,3029000.0,8.88
1079.0,2.0,2.0,19.0,7.5,9.4,4.2,7.6,3.6,31.4,0.0,,6.82,Apartment,3966000.0,3,4713000.0,18.84
787.0,2.0,2.0,20.0,5.1,16.2,5.8,6.7,5.0,37.8,0.0,4.99,-1.27,Apartment,1639000.0,5,1838000.0,12.14
2572.0,4.0,3.0,7.0,7.2,8.3,2.8,6.8,2.6,37.4,1.0,7.92,4.52,Independent House,11898000.0,3,14215000.0,19.47
986.0,2.0,2.0,,7.7,3.7,1.1,7.5,2.2,31.3,1.0,7.43,,Apartment,4740000.0,5,6260000.0,32.07
1624.0,3.0,2.0,20.0,4.4,16.7,10.1,3.9,8.6,44.5,2.0,8.1,1.64,Apartment,2804000.0,2,2981000.0,6.31
909.0,2.0,2.0,29.0,5.9,19.0,7.9,,14.6,31.1,0.0,,4.73,Apartment,1808000.0,5,2301000.0,27.27
1120.0,4.0,3.0,11.0,4.0,16.9,6.2,3.6,2.1,20.0,1.0,6.21,2.04,Independent House,2791000.0,5,3317000.0,18.85
1776.0,3.0,3.0,10.0,8.1,4.6,1.9,4.6,3.8,,2.0,6.29,2.23,Independent House,7862000.0,2,8832000.0,12.34
1406.0,2.0,2.0,23.0,4.9,0.5,0.3,5.1,0.5,36.6,0.0,5.28,1.63,Apartment,3598000.0,3,4051000.0,12.59
1240.0,2.0,2.0,,6.7,4.9,0.5,3.9,1.5,39.4,2.0,6.18,3.66,Apartment,4155000.0,2,4582000.0,10.28
4700.0,6.0,5.0,18.0,4.0,17.1,9.1,7.8,3.5,46.1,3.0,5.24,1.9,Villa,13894000.0,3,15129000.0,8.89
1224.0,2.0,2.0,9.0,5.1,9.4,1.5,3.6,2.7,,1.0,6.37,4.18,Apartment,3636000.0,2,3950000.0,8.64
1194.0,3.0,3.0,10.0,4.8,17.6,2.9,4.1,,38.9,2.0,7.74,6.53,Apartment,3447000.0,3,4112000.0,19.29
741.0,2.0,2.0,,8.0,3.0,2.8,4.1,2.5,19.0,0.0,3.78,7.93,Apartment,3239000.0,2,3658000.0,12.94
1205.0,2.0,2.0,11.0,5.6,12.2,1.7,5.9,4.9,35.0,3.0,5.26,3.27,Independent House,4399000.0,1,4596000.0,4.48
4406.0,6.0,6.0,3.0,6.7,10.8,2.4,,2.4,25.6,4.0,5.94,4.13,Villa,25148000.0,2,27857000.0,10.77
2364.0,4.0,3.0,10.0,4.3,8.0,1.8,4.8,3.1,43.0,2.0,4.84,1.64,Independent House,6807000.0,3,7847000.0,15.28
1851.0,4.0,3.0,10.0,10.0,7.1,3.0,6.8,1.6,23.9,1.0,5.39,9.07,Independent House,13119000.0,1,13983000.0,6.59
1151.0,3.0,3.0,7.0,10.0,8.5,0.5,9.5,2.8,10.9,0.0,6.7,7.87,Apartment,11880000.0,4,16563000.0,39.42
954.0,1.0,2.0,12.0,4.8,9.7,0.3,4.3,0.9,31.0,1.0,6.4,2.87,Apartment,2432000.0,3,2880000.0,18.42
900.0,1.0,2.0,7.0,5.1,16.4,2.0,4.1,7.0,34.9,0.0,6.06,2.26,Apt,1800000.0,5,2234000.0,24.11
1294.0,3.0,3.0,5.0,5.6,15.0,10.0,7.8,5.5,19.7,1.0,6.85,1.51,Apartment,3657000.0,2,4025000.0,10.06
1568.0,3.0,2.0,17.0,3.8,15.6,8.8,5.0,1.5,38.2,2.0,6.68,1.72,Apartment,3100000.0,5,3977000.0,28.29
1209.0,2.0,1.0,13.0,8.8,,2.3,7.5,4.4,13.5,1.0,5.97,3.86,Apartment,6509000.0,1,6853000.0,5.28
630.0,1.0,1.0,10.0,6.5,9.5,,7.5,3.2,43.1,2.0,6.56,0.85,Apartment,2180000.0,4,2656000.0,21.83
1573.0,3.0,2.0,9.0,,6.6,1.5,8.9,2.7,13.4,2.0,6.89,5.95,Independent House,13160000.0,2,15468000.0,17.54
1199.0,2.0,2.0,9.0,9.0,13.8,5.5,5.6,2.3,13.2,1.0,6.48,6.39,Independent House,5607000.0,5,7672000.0,36.83
1990.0,4.0,3.0,7.0,6.7,7.6,0.3,4.5,0.8,30.4,0.0,5.38,3.4,Apartment,7577000.0,3,8816000.0,16.35
948.0,1.0,1.0,17.0,4.4,6.3,0.8,5.6,4.5,47.0,2.0,8.06,5.46,Apartment,2881000.0,3,3437000.0,19.3
1531.0,3.0,3.0,5.0,7.8,10.6,4.8,9.5,2.2,31.8,2.0,8.64,5.12,Independent House,8515000.0,4,11574000.0,35.92
928.0,1.0,1.0,8.0,7.3,10.0,6.9,3.1,3.3,29.5,2.0,7.13,4.44,Independent House,2841000.0,2,3058000.0,7.64
2445.0,5.0,3.0,41.0,3.2,22.4,14.3,,3.3,33.8,3.0,5.99,3.0,Independent House,3319000.0,2,3480000.0,4.85
1499.0,3.0,4.0,4.0,6.6,20.1,1.4,6.0,6.2,31.0,2.0,6.37,8.08,Independent House,6298000.0,5,8370000.0,32.9
1022.0,2.0,2.0,12.0,4.9,13.9,2.4,6.2,3.2,38.5,1.0,5.31,2.66,Apartment,2583000.0,3,2851000.0,10.38
1703.0,4.0,3.0,12.0,6.3,11.6,0.9,5.3,3.1,37.6,2.0,9.0,7.38,Independent House,6494000.0,1,7009000.0,7.93
689.0,1.0,1.0,2.0,2.9,,8.9,2.0,1.7,43.5,0.0,5.27,2.89,Apartment,959000.0,1,977000.0,1.88
582.0,2.0,2.0,2.0,5.7,12.1,3.1,6.0,3.5,39.7,0.0,5.1,3.33,Apartment,2110000.0,1,2194000.0,3.98
1229.0,2.0,2.0,15.0,5.3,5.1,2.7,2.3,0.8,18.2,1.0,5.86,,Apartment,4187000.0,2,4704000.0,12.35
839.0,2.0,3.0,8.0,6.5,16.1,7.3,6.5,3.6,30.0,1.0,7.87,6.41,apartment,2526000.0,4,3331000.0,31.87
1761.0,3.0,2.0,32.0,6.4,19.5,8.2,3.9,0.8,34.3,0.0,4.65,1.14,Apartment,3359000.0,2,3469000.0,3.27
1467.0,2.0,2.0,20.0,7.5,8.1,1.4,4.3,1.1,33.9,2.0,7.38,6.16,Apartment,4882000.0,1,5151000.0,5.51
1077.0,3.0,4.0,10.0,6.9,17.4,5.7,2.3,0.9,39.2,1.0,7.45,4.04,Apartment,3042000.0,2,3298000.0,8.42
915.0,1.0,2.0,16.0,8.5,7.2,1.9,4.7,1.1,25.6,0.0,7.42,8.84,Apartment,4473000.0,5,6653000.0,48.74
743.0,1.0,1.0,34.0,2.9,21.9,0.8,4.0,8.8,17.7,1.0,7.62,3.03,Apartment,1159000.0,2,1242000.0,7.16
1234.0,3.0,3.0,8.0,3.9,18.0,5.1,5.2,3.6,39.4,0.0,4.02,3.58,Apartment,2575000.0,3,2948000.0,14.49
997.0,2.0,1.0,10.0,5.5,14.0,2.3,4.5,4.7,22.4,1.0,6.95,5.19,Apartment,3323000.0,5,4283000.0,28.89
1821.0,3.0,1.0,28.0,5.4,9.2,4.7,5.0,1.1,26.7,1.0,5.68,3.53,INDEPENDENT HOUSE,4942000.0,3,5622000.0,13.76
1406.0,3.0,4.0,1.0,2.9,27.3,20.8,5.9,3.3,29.7,0.0,7.91,5.49,Apartment,1581000.0,5,1853000.0,17.2
2543.0,5.0,5.0,13.0,6.6,12.4,6.9,7.6,1.5,44.1,2.0,3.05,3.4,Independent House,8318000.0,3,9089000.0,9.27
3187.0,6.0,5.0,24.0,7.5,2.8,1.7,5.5,2.2,24.9,1.0,7.45,6.03,Independent House,16237000.0,2,18491000.0,13.88
1516.0,3.0,2.0,9.0,7.6,,0.3,5.6,2.0,31.2,2.0,7.45,5.99,Apartment,5653000.0,1,5998000.0,6.1
1496.0,2.0,1.0,5.0,4.6,11.9,1.1,7.3,0.8,9.3,1.0,5.46,2.27,Independent House,5362000.0,2,5889000.0,9.83
1249.0,2.0,1.0,28.0,5.5,6.7,5.9,3.5,5.7,15.7,1.0,5.05,-0.17,Flat,2866000.0,4,3152000.0,9.98
694.0,1.0,1.0,21.0,7.1,10.0,4.6,5.1,6.8,28.3,0.0,6.91,4.34,Apartment,1486000.0,1,1555000.0,4.64
663.0,1.0,2.0,20.0,7.8,8.5,4.6,4.7,1.1,18.0,2.0,7.4,5.9,Apartment,2723000.0,4,3613000.0,32.68
1474.0,2.0,1.0,4.0,7.1,15.0,4.1,6.9,2.8,43.6,1.0,5.43,0.78,Apt,5465000.0,2,5780000.0,5.76
3314.0,6.0,5.0,9.0,7.1,10.4,1.6,6.3,3.2,20.3,2.0,5.79,2.33,Villa,20921000.0,2,23386000.0,11.78
1761.0,3.0,3.0,13.0,5.6,18.1,22.5,,,38.4,3.0,4.51,2.72,Independent House,2688000.0,5,2951000.0,9.78
1153.0,3.0,4.0,17.0,5.2,18.1,2.5,5.3,2.2,31.0,0.0,3.57,3.18,apartment,3158000.0,2,3374000.0,6.84
1542.0,2.0,2.0,1.0,5.8,,5.8,5.6,5.0,37.2,1.0,7.3,1.22,Apartment,4819000.0,3,5628000.0,16.79
2468.0,3.0,3.0,10.0,4.4,18.2,8.5,4.9,2.5,33.4,4.0,4.52,5.22,Villa,7910000.0,3,8517000.0,7.67
1034.0,2.0,2.0,10.0,6.5,14.4,4.2,5.6,5.2,30.4,1.0,6.72,5.2,Independent House,3873000.0,4,4847000.0,25.15
2301.0,4.0,4.0,5.0,6.9,9.7,2.0,6.4,3.5,31.7,2.0,4.38,4.89,Independent House,10960000.0,1,11519000.0,5.1
1008.0,2.0,2.0,15.0,8.5,8.9,5.1,4.2,3.1,18.5,0.0,5.96,7.96,Apartment,3468000.0,3,4103000.0,18.31
1031.0,2.0,2.0,26.0,5.3,3.3,2.0,4.4,3.1,27.5,2.0,4.2,5.14,Apartment,2679000.0,3,3062000.0,14.3
1874.0,4.0,3.0,16.0,6.0,11.7,2.1,5.4,2.5,34.6,2.0,3.07,6.72,Independent House,6293000.0,3,6916000.0,9.9
1424.0,2.0,2.0,9.0,6.0,6.9,3.8,5.4,1.2,40.3,0.0,,2.47,Apartment,3814000.0,2,4142000.0,8.6
1642.0,4.0,4.0,8.0,6.2,14.3,12.2,4.9,0.6,27.8,2.0,4.52,2.3,Independent House,5001000.0,2,5299000.0,5.96
644.0,1.0,1.0,18.0,8.2,4.3,2.6,3.7,0.6,31.1,1.0,8.26,7.15,Apartment,2452000.0,1,2653000.0,8.2
1805.0,3.0,3.0,9.0,6.4,16.1,2.9,4.9,6.6,,1.0,5.13,,Independent House,5481000.0,5,6797000.0,24.01
874.0,2.0,2.0,8.0,3.6,,8.5,4.7,1.9,21.2,0.0,3.61,0.02,Apartment,1695000.0,5,1950000.0,15.04
982.0,2.0,3.0,33.0,5.9,10.9,8.4,7.2,1.3,33.8,0.0,4.77,5.59,Apartment,2187000.0,3,2362000.0,8.0
917.0,1.0,1.0,8.0,4.7,16.5,2.9,4.2,4.0,22.2,1.0,5.82,5.37,Apartment,2441000.0,5,3086000.0,26.42
1642.0,4.0,3.0,17.0,8.9,8.7,1.4,7.4,1.5,13.8,2.0,7.56,8.83,Apartment,7752000.0,2,9065000.0,16.94
3856.0,6.0,6.0,49.0,9.0,10.5,4.4,5.7,3.7,31.7,3.0,6.04,6.75,Villa,20954000.0,4,25142000.0,19.99
849.0,2.0,2.0,6.0,4.7,18.9,7.5,2.7,5.6,30.5,2.0,5.87,3.2,Apartment,1480000.0,4,1696000.0,14.59
1369.0,2.0,2.0,7.0,3.1,17.1,9.7,4.7,3.8,59.7,1.0,5.7,4.17,apartment,2194000.0,1,2253000.0,2.69
2098.0,4.0,3.0,11.0,7.7,9.5,4.7,5.2,0.6,130.6,2.0,4.2,5.25,Independent House,10196000.0,2,11145000.0,9.31
2256.0,4.0,4.0,16.0,8.6,7.4,0.1,7.0,1.6,15.9,1.0,7.41,7.88,Apartment,13944000.0,4,19377000.0,38.96
1087.0,3.0,3.0,3.0,5.3,9.7,4.3,3.8,1.9,24.1,2.0,6.5,5.07,apartment,3020000.0,1,3179000.0,5.26
1150.0,2.0,1.0,5.0,8.8,5.7,5.7,5.9,3.5,24.0,0.0,6.97,2.39,Apartment,4674000.0,5,6487000.0,38.79
1313.0,4.0,4.0,13.0,3.2,28.3,5.2,4.4,9.8,28.1,0.0,5.12,2.06,Apartment,2406000.0,1,2462000.0,2.33
1843.0,3.0,3.0,8.0,6.4,12.3,1.5,5.7,4.7,18.6,2.0,6.9,1.16,Independent House,6836000.0,1,7168000.0,4.86
2471.0,4.0,4.0,12.0,7.8,14.1,,6.7,2.5,22.6,2.0,6.41,6.4,Independent House,11941000.0,4,15179000.0,27.12
1777.0,2.0,2.0,18.0,2.3,10.2,2.1,2.1,6.0,50.2,1.0,4.16,0.42,House,2975000.0,1,3031000.0,1.88
2535.0,5.0,4.0,0.0,6.1,11.2,2.0,5.8,5.0,21.0,4.0,5.05,8.09,Villa,13589000.0,3,16538000.0,21.7
3635.0,6.0,5.0,6.0,5.3,14.2,6.8,7.3,2.6,12.6,2.0,8.01,5.6,Villa,15747000.0,2,17684000.0,12.3
1008.0,2.0,2.0,15.0,6.1,1.7,6.1,6.2,0.7,33.9,1.0,7.37,7.3,Independent House,3902000.0,3,4698000.0,20.4
1669.0,3.0,3.0,6.0,6.8,20.2,4.1,5.3,6.1,23.0,3.0,4.2,2.69,Independent House,5441000.0,3,5741000.0,5.51
1273.0,2.0,2.0,21.0,6.0,9.1,1.3,,10.5,24.2,,5.08,2.04,Apartment,4073000.0,4,4522000.0,11.02
917.0,2.0,2.0,14.0,7.4,6.1,8.7,9.8,1.8,45.0,0.0,5.62,4.9,Apartment,3588000.0,3,4126000.0,14.99
3377.0,6.0,5.0,4.0,10.0,6.6,0.4,5.0,1.5,8.9,4.0,8.04,5.75,Villa,35310000.0,3,45371000.0,28.49
687.0,1.0,1.0,39.0,1.7,19.1,4.4,7.1,2.1,18.7,2.0,4.32,1.59,Apartment,1015000.0,3,1065000.0,4.93
1894.0,3.0,3.0,5.0,5.6,19.1,12.9,4.3,0.9,31.3,,5.18,1.38,Independent House,3820000.0,4,4477000.0,17.2
989.0,1.0,1.0,1.0,4.7,25.7,4.0,2.4,5.7,25.3,1.0,4.74,3.74,Apartment,1932000.0,1,2000000.0,3.52
1321.0,2.0,1.0,2.0,9.9,11.0,0.3,8.3,2.5,24.1,1.0,8.85,5.7,House,10684000.0,2,12651000.0,18.41
1148.0,2.0,2.0,,5.8,6.4,3.8,3.7,1.3,,1.0,1.84,0.83,Independent House,3003000.0,2,3025000.0,0.73
1521.0,2.0,2.0,50.0,6.9,2.9,5.1,4.1,0.6,37.5,3.0,5.0,6.44,Independent House,3856000.0,3,4259000.0,10.45
740.0,2.0,2.0,30.0,3.5,25.2,5.6,5.4,1.4,45.9,1.0,6.35,4.3,Apartment,1042000.0,5,1187000.0,13.92
1668.0,3.0,2.0,15.0,7.4,4.7,3.3,,0.9,11.3,2.0,6.75,6.25,Apartment,7306000.0,4,9454000.0,29.4
1747.0,3.0,3.0,16.0,8.0,10.4,1.5,9.5,5.1,25.2,1.0,8.12,6.34,Apartment,7873000.0,4,10466000.0,32.94
2272.0,3.0,4.0,12.0,5.8,18.5,1.0,2.1,4.3,27.7,1.0,6.92,5.91,Independent House,6191000.0,2,6933000.0,11.99
1329.0,2.0,2.0,28.0,5.7,14.5,5.6,1.8,2.3,35.7,2.0,2.9,3.4,Apartment,2468000.0,2,2558000.0,3.65
3344.0,6.0,,20.0,5.1,4.4,2.8,4.2,1.3,42.7,3.0,4.8,4.66,Villa,13884000.0,4,15441000.0,11.21
1039.0,1.0,2.0,2.0,4.5,11.4,4.8,5.8,4.1,34.5,0.0,3.66,4.04,Apartment,2746000.0,5,3227000.0,17.52
2283.0,4.0,3.0,2.0,6.9,3.5,0.1,6.5,1.8,23.6,4.0,6.28,4.73,Villa,17821000.0,1,18966000.0,6.43
2832.0,6.0,5.0,16.0,7.3,1.3,2.0,2.6,1.5,37.3,3.0,7.75,4.48,Independent House,10867000.0,3,13242000.0,21.86
2052.0,3.0,3.0,,7.3,5.4,0.5,7.8,1.2,22.8,0.0,7.43,7.63,Apartment,8517000.0,1,9204000.0,8.07
2155.0,4.0,3.0,13.0,2.4,15.6,1.4,,7.7,51.6,3.0,4.41,3.24,Independent House,4172000.0,1,4258000.0,2.06
783.0,1.0,1.0,4.0,7.3,0.5,0.6,5.7,1.5,30.0,2.0,6.57,6.12,Apartment,3951000.0,3,4804000.0,21.59
1413.0,1.0,1.0,18.0,5.6,2.7,1.4,5.3,1.9,21.1,1.0,5.09,3.64,Independent House,4536000.0,5,5382000.0,18.65
1032.0,2.0,2.0,6.0,6.8,12.4,2.1,7.7,1.5,16.2,0.0,5.71,5.8,Apartment,3661000.0,2,4108000.0,12.21
1033.0,2.0,2.0,2.0,6.2,14.5,3.4,5.4,4.3,41.4,0.0,4.56,3.12,Apartment,2736000.0,4,3245000.0,18.6
1373.0,3.0,2.0,3.0,6.3,13.3,1.9,7.2,3.3,28.6,1.0,6.27,5.63,INDEPENDENT HOUSE,6246000.0,5,8214000.0,31.51
1651.0,2.0,2.0,10.0,5.8,11.8,5.9,5.9,3.8,20.7,1.0,6.68,4.88,Apartment,3716000.0,1,3944000.0,6.14
815.0,1.0,2.0,,9.4,14.8,0.6,7.9,4.0,24.7,2.0,7.9,4.12,Apartment,5411000.0,1,5774000.0,6.71
1859.0,3.0,3.0,2.0,4.5,19.6,4.5,4.0,5.5,38.1,3.0,7.24,5.92,Independent House,4360000.0,5,5678000.0,30.23
3295.0,,5.0,16.0,6.0,10.9,2.1,4.1,2.9,18.1,3.0,4.75,3.73,Villa,15949000.0,3,18156000.0,13.84
2600.0,5.0,5.0,5.0,6.5,9.3,3.9,3.8,6.6,31.7,2.0,4.25,0.74,Independent House,9935000.0,1,10150000.0,2.16
996.0,2.0,2.0,17.0,8.4,11.6,2.1,4.0,8.5,22.5,2.0,7.08,6.33,Apartment,3737000.0,3,4494000.0,20.26
846.0,1.0,1.0,11.0,6.5,9.8,7.0,6.9,1.2,37.3,0.0,4.78,4.75,Apartment,2104000.0,2,2267000.0,7.75
1858.0,3.0,3.0,10.0,5.4,12.0,2.2,5.7,3.1,35.5,1.0,6.33,3.85,Apartment,5642000.0,2,6092000.0,7.98
1502.0,2.0,2.0,20.0,9.2,8.5,0.7,7.6,4.8,,1.0,9.79,8.98,,9049000.0,2,10871000.0,20.13
1249.0,4.0,3.0,3.0,5.2,14.9,4.6,5.6,6.9,36.7,2.0,8.2,7.23,Apartment,4261000.0,3,4961000.0,16.43
1108.0,2.0,,9.0,7.1,6.1,1.8,2.5,6.4,30.6,2.0,8.1,6.01,Independent House,3678000.0,3,4546000.0,23.6
1508.0,3.0,3.0,13.0,7.9,6.9,1.6,,3.4,39.7,3.0,6.41,0.78,Independent House,7682000.0,1,7988000.0,3.98
1858.0,3.0,3.0,28.0,2.3,13.1,7.6,3.0,2.7,33.1,3.0,5.33,4.76,Independent House,3307000.0,3,3523000.0,6.53
1000.0,2.0,2.0,14.0,5.7,11.5,9.9,7.7,1.1,24.3,1.0,6.03,4.29,Apartment,2657000.0,4,3148000.0,18.48
1391.0,2.0,2.0,6.0,7.1,16.5,1.6,5.6,4.5,30.1,1.0,6.26,4.21,Apartment,5180000.0,3,6082000.0,17.41
2068.0,3.0,3.0,6.0,5.4,14.8,1.4,,4.0,34.7,1.0,7.02,5.64,Independent House,6064000.0,1,6340000.0,4.55
935.0,1.0,1.0,,8.7,12.7,,5.9,1.9,20.4,1.0,8.94,9.03,Apartment,3733000.0,1,4048000.0,8.44
836.0,2.0,1.0,6.0,6.8,4.7,3.2,8.0,2.6,25.7,0.0,3.28,1.69,Apartment,4031000.0,1,4212000.0,4.49
763.0,1.0,1.0,9.0,9.7,11.7,5.1,8.0,2.0,14.6,1.0,8.54,7.11,Apartment,4391000.0,1,4802000.0,9.36
1033.0,3.0,3.0,17.0,4.1,9.7,0.6,5.0,0.9,30.9,0.0,4.63,5.86,Apartment,2541000.0,5,3076000.0,21.05
1289.0,1.0,1.0,26.0,7.7,1.3,,5.6,0.6,17.0,2.0,5.65,6.35,Apartment,5394000.0,4,6749000.0,25.12
1097.0,3.0,3.0,6.0,4.9,15.5,4.3,4.3,1.3,34.4,1.0,7.79,3.47,Apartment,2993000.0,5,3640000.0,21.62
1729.0,4.0,4.0,15.0,6.6,10.6,3.2,6.1,4.8,28.2,1.0,7.06,6.96,Apartment,7554000.0,2,8583000.0,13.62
1463.0,2.0,2.0,28.0,4.4,17.7,1.3,6.4,3.4,17.8,1.0,7.12,7.39,Independent House,4372000.0,5,5867000.0,34.19
1393.0,1.0,1.0,15.0,3.1,22.9,6.2,3.4,2.3,39.2,1.0,5.61,1.01,Apartment,2148000.0,3,2300000.0,7.08
2489.0,5.0,3.0,15.0,6.2,20.1,8.4,5.3,6.0,37.2,3.0,6.42,3.12,Independent House,7285000.0,1,7538000.0,3.47
748.0,2.0,2.0,7.0,7.6,2.1,1.1,4.5,0.9,15.0,1.0,7.3,4.38,,3483000.0,3,4283000.0,22.97
1975.0,3.0,3.0,4.0,2.5,20.7,3.2,3.7,10.8,28.6,2.0,6.37,4.02,Independent House,4436000.0,2,4809000.0,8.41
1965.0,4.0,4.0,6.0,6.5,21.3,6.7,6.2,0.4,29.7,1.0,5.25,4.56,Independent House,7679000.0,4,9190000.0,19.68
948.0,1.0,2.0,4.0,10.0,9.1,3.2,6.5,2.3,24.0,2.0,7.64,6.18,Apartment,5622000.0,5,8149000.0,44.95
2494.0,4.0,4.0,5.0,4.1,10.8,9.9,5.1,1.8,25.9,4.0,3.8,4.58,Villa,7545000.0,3,8183000.0,8.46
1025.0,2.0,1.0,4.0,7.2,10.0,5.9,7.5,1.6,16.5,2.0,7.04,2.83,Apartment,4617000.0,2,5348000.0,15.83
868.0,1.0,2.0,6.0,4.9,11.1,3.8,6.5,2.5,20.3,1.0,5.94,5.67,Apartment,2829000.0,3,3188000.0,12.69
720.0,1.0,,19.0,6.6,12.8,6.9,7.4,4.5,32.0,1.0,7.34,6.96,Apartment,2177000.0,2,2373000.0,9.0
1315.0,3.0,2.0,12.0,8.6,7.5,2.7,6.4,0.6,30.8,1.0,8.2,3.9,apartment,5913000.0,2,6931000.0,17.22
1244.0,3.0,2.0,13.0,8.9,11.1,2.6,5.9,3.1,3.6,1.0,5.9,4.27,Apartment,6899000.0,2,7699000.0,11.6
1836.0,3.0,3.0,6.0,4.9,14.4,1.6,5.1,3.1,36.7,2.0,5.28,2.15,Independent House,5613000.0,4,6586000.0,17.33
936.0,1.0,1.0,8.0,7.1,10.2,5.4,5.8,2.7,32.6,1.0,5.01,3.29,Apartment,2700000.0,1,2846000.0,5.41
860.0,2.0,1.0,26.0,5.4,17.3,3.6,6.6,1.7,18.1,1.0,7.41,5.37,Apartment,2155000.0,1,2269000.0,5.29
940.0,1.0,2.0,12.0,8.4,6.8,0.8,5.6,2.5,29.9,2.0,5.84,2.51,Apartment,4501000.0,5,6091000.0,35.33
911.0,2.0,2.0,,8.1,8.7,3.6,5.2,2.5,29.8,2.0,9.08,,Apartment,4048000.0,3,5220000.0,28.95
1167.0,2.0,1.0,6.0,8.6,3.2,2.9,7.3,3.0,26.7,1.0,8.39,7.46,Apartment,5900000.0,2,6974000.0,18.2
3828.0,6.0,6.0,4.0,9.1,3.7,2.2,6.2,0.8,20.6,3.0,8.42,7.7,Villa,42633000.0,2,49170000.0,15.33
1899.0,4.0,4.0,33.0,8.5,3.2,1.5,8.0,1.3,20.9,3.0,4.99,6.4,Independent House,11828000.0,1,12567000.0,6.25
535.0,1.0,1.0,19.0,6.2,,2.5,5.0,2.8,25.1,1.0,6.39,5.75,Apartment,1444000.0,2,1615000.0,11.84
741.0,1.0,2.0,5.0,6.3,15.5,1.2,5.8,4.7,35.6,1.0,5.19,3.41,Apartment,2688000.0,3,3116000.0,15.92
3088.0,6.0,5.0,18.0,9.1,10.9,1.1,6.7,1.3,20.9,2.0,6.72,7.24,Independent House,18650000.0,1,19799000.0,6.16
1669.0,4.0,3.0,23.0,6.7,9.3,7.9,,1.3,30.0,1.0,6.07,6.16,Apartment,5058000.0,4,6149000.0,21.57
2566.0,3.0,2.0,10.0,6.2,15.1,6.1,4.6,3.5,39.3,1.0,8.14,4.98,Independent House,6273000.0,3,7296000.0,16.31
926.0,1.0,2.0,1.0,7.4,8.0,1.1,6.5,0.4,39.6,0.0,3.92,7.71,Apartment,3729000.0,2,4054000.0,8.72
1054.0,1.0,2.0,3.0,3.4,12.2,5.2,3.1,0.8,44.0,2.0,6.7,1.11,Apartment,2669000.0,1,2742000.0,2.74
812.0,1.0,1.0,11.0,6.5,13.4,3.2,7.4,2.0,33.2,0.0,6.34,4.09,Apt,2396000.0,2,2600000.0,8.51
1549.0,2.0,2.0,19.0,7.1,5.2,2.7,3.3,0.9,25.6,3.0,6.17,6.94,Independent House,6268000.0,1,6583000.0,5.03
1370.0,3.0,2.0,38.0,9.7,8.0,3.5,7.7,,22.9,2.0,8.47,3.56,Apartment,6321000.0,4,7853000.0,24.24
2179.0,4.0,3.0,11.0,5.3,20.1,5.3,3.8,5.3,24.3,0.0,7.31,3.33,Apartment,5208000.0,1,5388000.0,3.46
2221.0,5.0,5.0,6.0,6.1,15.9,14.4,5.9,3.0,28.2,3.0,6.6,1.74,Independent House,6633000.0,4,7515000.0,13.3
1588.0,3.0,2.0,15.0,7.2,8.5,2.1,5.3,1.9,24.7,2.0,6.54,6.71,Apartment,6417000.0,3,7681000.0,19.7
1440.0,3.0,3.0,20.0,6.2,9.1,2.9,4.9,7.1,10.7,1.0,6.49,3.21,Apartment,4812000.0,5,6420000.0,33.42
974.0,2.0,1.0,22.0,3.9,9.9,8.7,6.0,1.5,38.7,0.0,5.76,2.88,Apartment,1637000.0,2,1739000.0,6.23
3172.0,5.0,4.0,6.0,2.6,7.4,4.3,4.0,1.7,38.9,2.0,4.75,4.0,Independent House,8898000.0,5,10149000.0,14.06
1818.0,3.0,3.0,12.0,6.9,11.0,1.6,3.0,2.5,36.3,3.0,7.77,4.6,Independent House,6533000.0,5,9057000.0,38.63
1153.0,2.0,2.0,33.0,8.6,10.2,2.5,8.6,6.1,31.0,3.0,5.45,4.19,Independent House,5067000.0,3,6008000.0,18.57
784.0,1.0,1.0,5.0,7.6,12.9,13.3,4.0,0.6,33.3,2.0,6.43,2.85,Apartment,1994000.0,2,2168000.0,8.73
1268.0,2.0,2.0,10.0,9.0,0.5,1.0,8.9,1.0,16.4,3.0,7.84,7.34,Independent House,11545000.0,5,17522000.0,51.77
1746.0,2.0,1.0,26.0,7.1,3.5,1.4,8.4,2.3,31.0,0.0,4.56,6.16,Apartment,6127000.0,3,6967000.0,13.71
4359.0,6.0,6.0,8.0,3.1,16.7,3.3,4.6,2.4,30.8,2.0,7.69,3.4,Villa,13069000.0,5,17099000.0,30.84
1219.0,2.0,2.0,10.0,8.1,9.8,1.1,5.2,1.0,26.6,2.0,6.51,2.68,Independent House,7240000.0,1,7577000.0,4.65
1462.0,4.0,3.0,6.0,2.8,14.1,3.3,,11.9,43.1,1.0,4.4,1.61,Apt,2602000.0,2,2762000.0,6.15
760.0,2.0,2.0,10.0,3.7,16.6,7.6,8.1,3.5,29.8,2.0,3.91,0.12,Apartment,1794000.0,1,1836000.0,2.34
2734.0,4.0,3.0,17.0,6.9,13.2,7.3,7.1,3.5,24.4,3.0,6.45,7.25,independent house,10932000.0,5,13855000.0,26.74
1297.0,3.0,3.0,1.0,5.6,14.0,2.9,5.5,0.6,36.6,0.0,4.61,7.21,Apartment,3901000.0,1,4082000.0,4.64
1708.0,2.0,3.0,33.0,1.3,16.1,11.9,5.1,0.9,33.4,1.0,3.57,-1.98,Independent House,2185000.0,3,2080000.0,-4.81
1254.0,2.0,2.0,6.0,6.9,9.0,0.8,5.0,3.4,25.1,1.0,5.26,3.21,Apartment,4867000.0,1,5172000.0,6.27
2278.0,4.0,3.0,23.0,6.8,11.1,4.8,5.4,1.6,21.7,3.0,5.18,4.96,Independent House,9337000.0,4,11168000.0,19.61
1739.0,3.0,3.0,27.0,6.6,6.4,3.4,4.6,0.5,40.0,1.0,5.06,0.66,Apartment,5260000.0,5,5996000.0,13.99
1035.0,2.0,1.0,27.0,9.4,0.5,0.2,4.4,0.6,23.1,3.0,5.85,6.81,Independent House,6063000.0,3,7196000.0,18.69
554.0,2.0,2.0,6.0,6.5,12.9,11.0,4.9,4.2,36.4,1.0,5.51,4.45,Apartment,1500000.0,5,1856000.0,23.73
1414.0,3.0,3.0,22.0,4.5,13.5,5.5,3.3,4.8,44.4,2.0,7.03,8.19,Independent House,2730000.0,4,3353000.0,22.82
1168.0,3.0,3.0,3.0,8.7,13.8,1.5,7.2,4.3,37.5,1.0,4.21,4.46,Apartment,6025000.0,3,6752000.0,12.07
2493.0,5.0,5.0,4.0,4.7,17.7,17.0,4.9,8.1,31.2,3.0,5.2,3.57,Independent House,5419000.0,4,6143000.0,13.36
1244.0,2.0,3.0,6.0,6.1,13.0,3.5,7.2,2.6,34.6,0.0,5.22,4.41,,4471000.0,3,5152000.0,15.23
1171.0,1.0,1.0,6.0,5.1,12.5,5.5,7.1,4.1,35.3,2.0,6.24,2.13,Apartment,2952000.0,4,3603000.0,22.05
949.0,1.0,1.0,,9.1,7.2,2.3,6.4,1.4,41.1,0.0,6.55,3.64,Apartment,3083000.0,1,3243000.0,5.19
1260.0,2.0,2.0,22.0,6.8,13.8,2.4,6.0,2.6,32.3,0.0,7.14,6.86,Apartment,3828000.0,1,4047000.0,5.72
1664.0,3.0,2.0,18.0,5.9,10.2,4.1,4.6,3.1,39.3,1.0,5.3,,Independent House,3939000.0,2,4404000.0,11.81
1957.0,3.0,2.0,2.0,1.8,12.1,0.8,,1.2,36.6,1.0,5.55,-1.41,Apartment,4221000.0,2,4479000.0,6.11
1980.0,3.0,3.0,4.0,5.9,12.3,5.6,,1.4,24.2,3.0,6.12,,Independent House,7822000.0,1,8197000.0,4.79
880.0,2.0,2.0,2.0,6.1,11.8,1.4,6.2,0.7,30.7,2.0,6.4,6.73,Apartment,3172000.0,4,4037000.0,27.27
916.0,2.0,1.0,10.0,4.5,10.8,8.1,3.8,4.2,13.0,1.0,6.13,3.18,Independent House,2302000.0,3,2653000.0,15.25
1972.0,,2.0,6.0,5.7,14.7,6.7,,4.4,35.1,3.0,3.43,-0.52,Independent House,4648000.0,3,5043000.0,8.5
661.0,2.0,2.0,41.0,3.7,16.5,14.6,4.7,5.4,49.4,1.0,6.41,3.22,Apartment,660000.0,5,744000.0,12.73
2300.0,4.0,4.0,8.0,5.3,15.7,4.3,6.8,0.7,51.8,3.0,5.6,5.14,Independent House,6878000.0,2,7467000.0,8.56
1423.0,3.0,3.0,18.0,5.2,14.2,1.0,6.5,,29.5,2.0,4.55,1.0,Apartment,4689000.0,5,5591000.0,19.24
1306.0,2.0,2.0,20.0,6.7,10.1,9.1,5.3,2.8,34.1,3.0,5.73,3.77,Independent House,3559000.0,5,4651000.0,30.68
1311.0,2.0,2.0,,7.1,5.4,3.9,6.3,0.8,31.3,0.0,5.46,7.06,Apartment,3789000.0,3,4554000.0,20.19
2573.0,6.0,5.0,28.0,10.0,2.9,2.5,7.2,0.8,5.9,3.0,6.39,6.23,Villa,25155000.0,1,26751000.0,6.34
2240.0,4.0,2.0,11.0,2.9,12.4,13.4,3.9,3.6,42.2,1.0,5.72,3.1,Independent House,3781000.0,4,4123000.0,9.05
1122.0,1.0,2.0,7.0,7.5,7.1,1.3,5.5,1.8,10.3,2.0,4.46,4.23,Apartment,5872000.0,2,6481000.0,10.37
1558.0,2.0,2.0,21.0,8.0,1.0,0.6,8.6,0.6,23.9,2.0,4.42,2.97,Apartment,8342000.0,4,9794000.0,17.41
721.0,2.0,3.0,11.0,6.0,5.3,0.6,6.1,1.7,42.0,0.0,5.18,4.88,Apartment,2929000.0,2,3235000.0,10.45
,3.0,3.0,10.0,4.6,17.5,7.7,6.9,3.2,30.4,0.0,6.15,3.82,Apartment,4590000.0,4,5331000.0,16.14
1641.0,2.0,3.0,12.0,7.4,8.4,,6.3,0.8,40.8,2.0,5.5,4.71,Independent House,6786000.0,5,8428000.0,24.2
1112.0,1.0,1.0,26.0,4.2,21.5,7.3,,2.1,19.9,0.0,5.33,0.92,Apartment,2049000.0,4,2274000.0,10.98
1216.0,3.0,3.0,7.0,8.6,8.7,2.9,9.4,2.0,17.0,1.0,7.52,7.46,Independent House,8515000.0,5,12351000.0,45.05
2206.0,4.0,4.0,6.0,10.0,4.1,0.6,6.0,2.7,29.1,2.0,7.48,4.73,Independent House,15782000.0,5,23394000.0,48.23
1069.0,2.0,2.0,7.0,4.8,10.4,2.9,3.5,8.1,37.0,1.0,5.43,4.62,Apartment,2774000.0,3,3068000.0,10.6
1510.0,3.0,3.0,14.0,4.9,12.0,3.2,4.4,0.4,34.0,,3.2,-0.66,Independent House,4280000.0,5,4834000.0,12.94
901.0,2.0,2.0,8.0,7.4,10.9,1.6,5.2,3.7,22.6,1.0,6.96,6.8,Apartment,3384000.0,5,5017000.0,48.26
1711.0,3.0,3.0,23.0,6.9,3.8,2.1,6.3,2.3,28.9,3.0,5.69,5.07,Independent House,8120000.0,3,9313000.0,14.69
632.0,2.0,2.0,38.0,4.3,19.3,0.2,4.2,6.0,37.7,1.0,4.53,0.28,Apartment,1174000.0,4,1323000.0,12.69
1390.0,3.0,3.0,2.0,5.8,16.8,3.1,6.2,1.0,,2.0,4.87,4.29,Apartment,4577000.0,2,5129000.0,12.06
1443.0,3.0,3.0,16.0,5.4,17.9,4.1,4.9,3.8,17.4,2.0,5.42,7.46,Apartment,4472000.0,4,5398000.0,20.71
3443.0,6.0,5.0,18.0,4.1,14.4,5.0,4.6,3.4,,3.0,4.89,,Independent House,7618000.0,4,8587000.0,12.72
850.0,3.0,2.0,50.0,3.5,15.0,1.2,5.8,14.2,29.6,1.0,6.3,-0.43,Apartment,1771000.0,4,2003000.0,13.1
745.0,2.0,2.0,17.0,6.0,10.2,4.6,3.4,1.2,21.4,0.0,6.07,5.7,Apartment,1904000.0,2,2050000.0,7.67
1110.0,2.0,1.0,16.0,5.3,7.7,0.8,,1.7,45.6,2.0,6.43,6.23,Apartment,3551000.0,4,4255000.0,19.83
1456.0,2.0,2.0,9.0,4.9,10.4,2.0,6.7,1.4,37.8,1.0,7.17,4.9,Flat,4542000.0,5,5797000.0,27.63
1163.0,3.0,2.0,19.0,8.2,1.5,0.7,3.4,1.1,28.2,2.0,6.16,7.29,Apartment,4971000.0,3,6166000.0,24.04
1070.0,2.0,2.0,9.0,6.4,8.2,6.2,6.9,2.5,42.2,1.0,7.74,5.63,Apartment,3565000.0,1,3793000.0,6.4
1072.0,2.0,,4.0,4.8,19.2,5.0,4.8,7.5,59.1,0.0,5.56,3.09,Apartment,1959000.0,5,2361000.0,20.52
903.0,2.0,2.0,32.0,3.8,19.2,2.9,4.9,4.6,35.5,0.0,3.91,5.25,Apartment,1545000.0,5,1637000.0,5.95
1190.0,1.0,3.0,11.0,5.2,13.9,6.6,4.9,3.0,34.9,1.0,5.28,2.63,Apartment,2741000.0,1,2849000.0,3.94
3791.0,,5.0,17.0,6.0,7.6,4.5,4.6,3.6,29.4,2.0,8.25,6.94,Villa,17326000.0,3,20871000.0,20.46
1934.0,3.0,3.0,15.0,6.3,12.5,0.7,4.6,5.9,45.1,1.0,8.0,4.6,Independent House,6962000.0,4,8814000.0,26.6
2923.0,6.0,6.0,3.0,6.6,13.0,3.0,5.5,4.9,32.0,3.0,9.58,7.11,Villa,14622000.0,3,18747000.0,28.21
738.0,1.0,2.0,34.0,5.6,17.2,4.1,5.4,6.9,15.7,1.0,8.5,6.41,Apartment,1723000.0,2,1918000.0,11.32
1460.0,4.0,3.0,19.0,5.8,12.5,1.2,6.3,0.8,40.6,2.0,8.21,3.26,Apartment,5366000.0,4,6834000.0,27.36
2347.0,5.0,5.0,15.0,3.0,16.0,2.0,2.1,5.8,37.3,1.0,4.8,-1.32,independent house,5095000.0,1,5240000.0,2.85
1034.0,2.0,,8.0,5.9,6.5,,3.4,0.6,36.9,0.0,7.11,3.86,Apartment,2929000.0,4,3532000.0,20.59
1394.0,3.0,3.0,24.0,10.0,2.4,1.9,6.4,1.2,22.7,3.0,4.75,7.68,Independent House,9891000.0,3,11525000.0,16.52
1386.0,3.0,2.0,5.0,5.9,12.2,2.1,5.5,5.9,32.1,0.0,4.65,0.87,Apartment,4290000.0,5,4933000.0,14.99
1378.0,2.0,1.0,8.0,4.8,20.0,2.3,5.9,2.3,28.2,,4.92,5.11,Independent House,3522000.0,4,4318000.0,22.6
1704.0,3.0,3.0,10.0,9.1,9.7,2.9,6.0,2.4,39.2,1.0,5.61,,Independent House,7872000.0,3,9471000.0,20.31
943.0,2.0,2.0,25.0,6.6,8.4,1.4,,1.3,37.4,0.0,6.64,,Apartment,2349000.0,2,2572000.0,9.49
908.0,1.0,1.0,7.0,4.3,25.5,1.5,3.8,3.6,26.4,1.0,7.33,5.41,Apartment,2016000.0,5,2769000.0,37.35
1202.0,2.0,2.0,13.0,7.7,0.5,0.2,4.3,1.0,17.0,2.0,7.7,7.88,Independent House,6150000.0,1,6697000.0,8.89
3962.0,6.0,5.0,12.0,8.8,18.8,6.6,9.1,3.5,26.3,3.0,7.08,5.51,Villa,30930000.0,3,37962000.0,22.74
2178.0,4.0,3.0,22.0,2.8,27.1,9.0,3.6,5.0,35.8,2.0,5.67,,Independent House,3695000.0,2,3924000.0,6.2
895.0,2.0,2.0,7.0,7.6,2.2,1.3,4.8,2.0,21.7,2.0,3.87,3.55,Independent House,4057000.0,5,5178000.0,27.63
1071.0,2.0,1.0,26.0,1.5,16.2,1.3,6.6,8.7,31.9,2.0,5.4,2.17,Apartment,1604000.0,1,1660000.0,3.49
1672.0,3.0,3.0,13.0,6.2,15.0,0.6,6.1,5.9,23.6,1.0,6.42,6.27,Independent House,6959000.0,5,9175000.0,31.84
701.0,1.0,2.0,5.0,8.2,6.5,1.4,2.7,2.2,12.1,1.0,5.65,8.73,Apartment,2758000.0,5,3929000.0,42.46
1946.0,3.0,3.0,26.0,4.7,14.3,2.7,5.2,0.9,36.0,0.0,4.56,,Apartment,4540000.0,4,5203000.0,14.6
1193.0,2.0,1.0,27.0,5.5,15.1,6.9,3.5,5.3,17.8,1.0,4.59,0.65,Apartment,2199000.0,2,2288000.0,4.05
2122.0,4.0,3.0,15.0,2.5,23.0,7.2,4.5,7.4,26.5,1.0,3.73,3.76,Independent House,3366000.0,1,3445000.0,2.35
3813.0,6.0,6.0,12.0,6.5,16.2,5.4,6.4,7.2,32.9,4.0,,3.79,Villa,18463000.0,5,23580000.0,27.71
1293.0,2.0,2.0,13.0,5.1,10.5,7.1,7.5,3.8,29.3,1.0,7.48,4.86,Independent House,3711000.0,1,3921000.0,5.66
1591.0,4.0,4.0,8.0,,13.7,2.5,5.4,3.8,31.2,0.0,5.69,3.38,Apartment,5062000.0,1,5325000.0,5.2
1601.0,3.0,3.0,24.0,9.1,5.2,5.6,4.7,0.8,32.9,1.0,6.35,5.94,Apartment,6733000.0,1,7007000.0,4.07
1366.0,3.0,3.0,17.0,6.1,20.2,4.8,5.0,2.3,31.1,0.0,6.07,3.79,Apartment,2914000.0,4,3450000.0,18.39
1812.0,4.0,3.0,10.0,5.7,17.7,5.7,4.9,1.5,16.6,2.0,3.8,1.31,Independent House,5512000.0,4,6003000.0,8.91
1206.0,4.0,3.0,7.0,6.8,0.5,1.2,5.9,1.2,34.8,3.0,5.08,1.78,Independent House,6600000.0,3,7550000.0,14.39
1197.0,2.0,1.0,3.0,4.0,14.5,5.9,2.2,1.1,43.9,0.0,6.65,5.34,Apt,2532000.0,2,2787000.0,10.07
1563.0,3.0,2.0,20.0,7.1,18.7,4.9,5.9,2.6,45.3,0.0,6.8,8.44,Apartment,3888000.0,2,4253000.0,9.39
983.0,2.0,2.0,20.0,4.3,10.6,1.7,4.2,0.7,37.1,1.0,5.14,2.27,Apartment,2510000.0,4,2974000.0,18.49
587.0,1.0,1.0,17.0,3.1,17.9,1.4,4.4,7.3,41.3,2.0,3.93,-1.67,Apartment,1127000.0,4,1205000.0,6.92
1246.0,3.0,2.0,,8.9,10.8,4.7,2.2,4.3,28.2,2.0,8.3,4.68,Independent House,4136000.0,2,4692000.0,13.44
1625.0,3.0,,22.0,8.2,5.9,2.6,6.7,3.9,31.9,1.0,7.94,7.99,Apartment,6717000.0,4,8932000.0,32.98
1196.0,3.0,3.0,12.0,5.9,15.8,2.5,5.1,2.0,42.8,1.0,5.7,3.89,Apartment,3333000.0,4,3987000.0,19.62
3600.0,6.0,5.0,12.0,2.6,21.3,9.8,,2.4,44.6,3.0,6.91,4.24,Villa,7618000.0,5,9089000.0,19.31
1022.0,1.0,1.0,36.0,7.4,14.4,6.6,3.6,6.8,37.9,,5.35,7.41,Apartment,1791000.0,4,2040000.0,13.9
865.0,1.0,1.0,12.0,6.1,9.2,2.5,,3.2,39.7,0.0,4.91,3.53,Flat,2655000.0,4,3010000.0,13.37
1201.0,2.0,2.0,19.0,3.8,9.0,1.3,3.2,1.5,38.5,2.0,6.18,6.24,Apartment,2961000.0,3,3449000.0,16.48
1036.0,2.0,1.0,2.0,4.4,10.2,0.9,3.7,2.1,35.8,2.0,6.01,3.29,Apartment,2957000.0,5,3720000.0,25.8
1144.0,1.0,2.0,21.0,7.2,7.8,3.3,10.0,3.1,28.4,0.0,5.8,5.31,Apartment,5227000.0,2,5827000.0,11.48
924.0,1.0,2.0,5.0,2.9,19.2,2.5,4.6,2.5,38.0,1.0,6.12,3.94,Apartment,2066000.0,1,2141000.0,3.63
3572.0,6.0,5.0,50.0,5.2,13.4,2.7,4.4,1.4,27.6,2.0,5.18,5.04,Villa,12369000.0,1,12796000.0,3.45
2749.0,5.0,4.0,5.0,8.0,2.0,1.7,6.2,1.9,28.5,3.0,7.15,5.11,House,20793000.0,5,27849000.0,33.93
1691.0,3.0,3.0,3.0,5.2,11.2,1.3,3.6,1.7,30.4,2.0,4.27,3.63,Independent House,5379000.0,2,5669000.0,5.39
1431.0,3.0,3.0,16.0,7.0,14.3,8.6,4.6,1.3,25.2,0.0,6.52,5.01,Apartment,4192000.0,2,4601000.0,9.76
1845.0,3.0,3.0,6.0,6.1,16.0,7.2,7.1,3.7,30.7,3.0,5.77,3.16,Independent House,6811000.0,1,7114000.0,4.45
1141.0,2.0,2.0,9.0,6.2,22.1,4.2,3.6,1.3,37.2,2.0,5.63,0.7,Independent House,2791000.0,5,3402000.0,21.89
1391.0,3.0,3.0,4.0,3.5,12.4,2.8,4.0,,45.3,1.0,5.42,4.39,Apartment,2729000.0,4,3273000.0,19.93
878.0,2.0,1.0,12.0,5.6,10.9,5.0,7.1,1.2,17.6,2.0,5.08,3.92,Apartment,3298000.0,2,3536000.0,7.22
623.0,,1.0,23.0,3.2,12.3,3.6,5.6,0.9,,1.0,1.5,2.46,Apartment,924000.0,1,938000.0,1.52
1094.0,2.0,2.0,3.0,4.8,18.1,4.5,8.2,5.1,17.0,1.0,5.15,3.69,Apartment,3348000.0,3,3903000.0,16.58
914.0,2.0,1.0,18.0,4.5,15.9,2.5,7.4,1.0,52.9,0.0,5.98,5.68,Apartment,2100000.0,2,2306000.0,9.81
1059.0,3.0,3.0,5.0,8.4,7.2,,6.4,1.1,28.3,1.0,6.78,3.88,Apartment,5292000.0,2,5951000.0,12.45
901.0,1.0,1.0,31.0,5.5,11.9,0.7,6.0,5.8,6.2,2.0,3.26,2.12,Apartment,2700000.0,1,2780000.0,2.96
1072.0,2.0,2.0,27.0,7.7,6.7,1.0,6.7,5.8,38.6,1.0,5.75,3.83,Apartment,3787000.0,5,4749000.0,25.4
1426.0,2.0,,18.0,6.6,7.1,4.0,6.3,2.3,28.9,3.0,7.72,4.99,Independent House,5035000.0,4,6627000.0,31.62
1565.0,4.0,4.0,3.0,6.0,6.3,5.4,5.8,3.5,24.6,1.0,7.77,8.92,Independent House,6885000.0,3,8483000.0,23.21
3251.0,4.0,4.0,6.0,10.0,0.5,0.9,7.8,0.4,26.9,2.0,6.22,5.86,Villa,33844000.0,2,39095000.0,15.52
1097.0,1.0,1.0,19.0,5.3,15.5,0.3,5.9,1.3,29.2,1.0,6.69,0.83,Apartment,2871000.0,3,3294000.0,14.73
2508.0,4.0,3.0,10.0,5.2,12.7,1.3,4.7,4.4,30.3,3.0,5.23,2.61,Independent House,7488000.0,5,8844000.0,18.11
821.0,1.0,1.0,12.0,5.3,19.4,3.5,3.0,4.2,38.6,2.0,6.18,3.52,apartment,1717000.0,2,1860000.0,8.33
1588.0,3.0,3.0,23.0,4.4,19.6,4.5,4.9,7.5,,3.0,6.22,7.31,Independent House,3312000.0,3,3886000.0,17.33
1656.0,4.0,4.0,18.0,4.0,15.3,14.4,2.2,3.0,20.9,0.0,6.29,2.47,,2466000.0,2,2661000.0,7.91
932.0,1.0,1.0,19.0,7.4,5.2,5.5,3.1,1.2,19.2,2.0,6.45,5.83,Apartment,2487000.0,4,2933000.0,17.93
1339.0,3.0,3.0,7.0,10.0,13.4,8.6,5.6,2.7,16.3,3.0,7.41,3.51,Independent House,7112000.0,2,8168000.0,14.85
1043.0,1.0,1.0,14.0,3.4,10.2,0.6,3.9,0.9,39.2,0.0,4.14,1.65,apartment,2692000.0,4,3011000.0,11.85
1060.0,2.0,2.0,4.0,6.4,9.6,4.0,5.9,1.7,23.7,0.0,5.58,2.02,Apartment,3669000.0,2,4004000.0,9.13
1031.0,2.0,2.0,2.0,8.4,0.5,0.7,6.3,0.9,20.2,0.0,5.98,7.06,Apartment,6894000.0,2,7998000.0,16.01
1634.0,3.0,3.0,31.0,8.4,9.4,0.9,6.3,5.0,10.0,3.0,5.76,5.26,Independent House,7035000.0,5,9391000.0,33.49
2261.0,4.0,4.0,6.0,7.3,8.6,3.0,5.9,3.2,25.7,2.0,7.14,4.08,Independent House,10016000.0,2,11257000.0,12.39
2892.0,4.0,3.0,7.0,4.6,19.2,5.4,4.1,2.2,44.3,3.0,5.61,2.4,independent house,6592000.0,2,7047000.0,6.9
2689.0,6.0,5.0,,6.5,19.6,9.9,4.7,12.4,21.2,4.0,5.87,4.5,Villa ,9933000.0,3,11390000.0,14.67
1061.0,1.0,2.0,27.0,,6.5,0.8,4.1,2.6,34.7,2.0,5.76,5.16,Apartment,3361000.0,5,4384000.0,30.44
1444.0,3.0,3.0,16.0,5.7,12.3,7.4,3.6,1.3,24.4,1.0,6.2,4.75,Apartment,3664000.0,1,3832000.0,4.59
2820.0,5.0,5.0,7.0,5.5,16.9,2.0,7.5,1.8,35.8,2.0,6.33,7.78,House,11545000.0,4,14547000.0,26.0
737.0,2.0,1.0,27.0,8.4,10.8,5.3,6.2,2.3,18.1,2.0,6.58,7.15,,2968000.0,3,3597000.0,21.19
3172.0,6.0,5.0,13.0,4.8,22.7,8.0,3.3,6.9,25.3,3.0,,3.0,Villa,9164000.0,1,9515000.0,3.83
,2.0,2.0,14.0,5.4,9.2,,2.8,1.3,29.8,2.0,8.56,8.57,Apartment,3057000.0,5,4100000.0,34.12
3343.0,6.0,5.0,15.0,6.7,13.7,4.8,2.8,1.8,20.3,2.0,5.34,3.16,independent house,10703000.0,2,11452000.0,7.0
1354.0,3.0,2.0,25.0,8.4,14.7,7.0,9.4,5.6,26.4,1.0,5.99,5.27,Apartment,5756000.0,3,6607000.0,14.78
1260.0,2.0,2.0,7.0,7.7,15.0,8.4,4.1,2.7,39.2,2.0,7.28,1.15,Apartment,3601000.0,4,4192000.0,16.41
1301.0,2.0,3.0,12.0,7.1,,1.4,5.6,3.3,27.7,2.0,5.7,4.45,Apartment,5117000.0,5,6836000.0,33.59
722.0,2.0,2.0,4.0,10.0,4.3,1.5,6.9,1.0,23.1,0.0,5.41,3.74,Apartment,4483000.0,5,6052000.0,35.0
2759.0,6.0,,7.0,5.8,2.6,2.1,5.1,0.7,34.7,3.0,7.06,4.93,Independent House,14738000.0,1,15580000.0,5.71
3295.0,6.0,5.0,5.0,8.5,4.5,2.5,6.2,1.1,26.6,4.0,6.8,3.21,Villa,26455000.0,3,32372000.0,22.37
3202.0,6.0,6.0,17.0,4.5,19.2,8.8,3.9,12.6,32.2,3.0,6.4,7.18,Villa,8185000.0,2,8918000.0,8.96
732.0,2.0,2.0,15.0,,12.7,1.8,3.3,5.0,31.5,1.0,5.42,4.02,Apartment,1982000.0,3,2208000.0,11.4
2354.0,4.0,4.0,14.0,5.8,8.5,,9.4,1.3,42.2,1.0,3.76,1.22,Independent House,9494000.0,2,10292000.0,8.41
1083.0,2.0,2.0,12.0,7.2,6.6,2.8,6.0,2.2,30.6,3.0,4.91,3.93,Independent House,4876000.0,1,5046000.0,3.49
1591.0,3.0,3.0,44.0,4.2,10.6,8.3,4.2,2.9,37.4,2.0,6.41,4.03,Independent House,2724000.0,3,2931000.0,7.6
1356.0,3.0,,23.0,7.7,8.5,3.6,6.4,5.0,24.8,0.0,6.31,8.79,Apartment,4478000.0,1,4782000.0,6.79
981.0,2.0,1.0,10.0,3.9,16.2,6.3,5.5,8.4,38.6,0.0,6.8,3.54,,1906000.0,4,2125000.0,11.49
1274.0,2.0,2.0,16.0,5.3,16.9,3.1,5.3,3.8,31.1,2.0,8.2,8.31,Apartment,3874000.0,5,4905000.0,26.61
1725.0,2.0,2.0,12.0,7.2,3.8,1.6,5.0,0.9,28.3,1.0,4.14,5.62,Apartment,6419000.0,1,6777000.0,5.58
1764.0,3.0,3.0,13.0,7.2,13.1,1.5,4.1,0.9,26.8,2.0,7.09,6.06,Apartment,5875000.0,3,7018000.0,19.46
860.0,1.0,2.0,4.0,4.9,12.8,10.4,4.3,1.7,49.9,0.0,5.21,2.87,Apartment,1680000.0,3,1871000.0,11.37
2545.0,5.0,4.0,13.0,3.2,6.9,2.6,4.0,1.1,,2.0,5.33,3.22,Independent House,7349000.0,5,8759000.0,19.19
2126.0,4.0,4.0,11.0,8.6,1.8,0.6,,3.2,32.0,2.0,6.93,6.25,Independent House,15326000.0,5,22485000.0,46.71
2951.0,5.0,4.0,25.0,6.1,16.1,1.3,5.8,6.2,31.9,2.0,5.69,3.06,Villa,12646000.0,3,14678000.0,16.07
1651.0,4.0,4.0,12.0,4.5,19.0,6.9,4.5,2.1,37.9,3.0,5.3,2.42,Independent House,3979000.0,1,4094000.0,2.89
1982.0,3.0,2.0,2.0,6.8,12.3,2.2,6.2,2.8,22.1,2.0,7.04,7.76,Independent House,9894000.0,2,11440000.0,15.63
2087.0,3.0,3.0,10.0,3.4,10.0,2.5,4.2,,47.0,0.0,2.73,-2.29,Apartment,3481000.0,3,3459000.0,-0.63
1527.0,3.0,3.0,12.0,5.5,18.9,6.3,6.7,3.1,,1.0,6.16,1.76,Apartment,3703000.0,2,3972000.0,7.26
800.0,2.0,2.0,6.0,7.2,10.7,3.3,5.3,4.7,32.9,0.0,6.7,6.33,Apartment,2499000.0,2,2818000.0,12.77
902.0,2.0,3.0,14.0,7.2,19.2,10.3,7.9,8.5,22.5,2.0,7.73,2.37,Apartment,2626000.0,1,2792000.0,6.32
1301.0,2.0,1.0,12.0,7.0,17.2,3.1,6.4,1.5,33.5,2.0,5.64,4.34,Apartment,3894000.0,5,4994000.0,28.25
832.0,1.0,1.0,16.0,4.6,11.3,1.7,3.0,0.7,39.0,2.0,6.25,2.01,Apartment,2050000.0,4,2328000.0,13.56
885.0,1.0,1.0,34.0,4.9,8.8,2.2,3.9,1.1,45.0,2.0,5.38,4.37,Apartment,1866000.0,5,2181000.0,16.88
4070.0,6.0,6.0,34.0,5.4,17.5,9.9,4.6,1.4,35.3,4.0,6.31,4.9,Villa,13644000.0,3,14593000.0,6.96
2485.0,4.0,3.0,23.0,4.3,6.9,0.4,6.0,0.8,22.6,3.0,6.45,2.94,Independent House,8497000.0,4,10276000.0,20.94
1741.0,2.0,2.0,5.0,6.7,17.7,4.7,5.0,4.5,22.6,1.0,6.02,0.45,Independent House,5774000.0,2,6232000.0,7.93
1068.0,1.0,1.0,8.0,6.0,13.2,5.9,7.0,8.4,27.4,2.0,6.73,7.51,Apartment,3347000.0,3,3998000.0,19.45
2007.0,4.0,4.0,10.0,6.7,13.5,9.1,3.1,3.0,35.1,2.0,4.27,3.83,Independent House,5684000.0,1,5930000.0,4.33
1135.0,2.0,1.0,8.0,3.2,19.7,6.5,6.6,9.2,37.3,1.0,5.04,1.9,Apartment,1871000.0,3,2145000.0,14.64
1313.0,2.0,2.0,7.0,5.0,8.1,0.7,6.1,1.5,16.5,0.0,7.66,2.8,Apartment,4736000.0,2,5259000.0,11.04
1176.0,2.0,2.0,15.0,8.0,10.7,1.6,8.0,2.6,29.9,1.0,5.72,3.07,Apartment,5385000.0,1,5634000.0,4.62
1139.0,3.0,3.0,4.0,3.8,12.8,3.4,6.6,1.5,31.5,1.0,7.36,1.73,Apartment,3611000.0,4,4310000.0,19.36
867.0,1.0,2.0,1.0,5.2,18.7,0.8,6.8,0.8,,0.0,4.33,3.39,Apartment,2447000.0,3,2731000.0,11.61
1100.0,3.0,3.0,15.0,6.7,7.4,3.7,,5.2,28.7,2.0,6.18,4.63,Apartment,3315000.0,2,3647000.0,10.02
3188.0,6.0,5.0,23.0,7.6,9.4,1.2,3.2,2.9,29.2,4.0,8.49,2.13,Villa,16863000.0,5,22413000.0,32.91
3169.0,6.0,5.0,6.0,5.3,20.4,4.1,6.4,2.5,23.5,3.0,3.03,3.39,Independent House,10605000.0,1,10914000.0,2.91
2588.0,5.0,4.0,16.0,6.9,10.0,0.3,3.9,2.5,9.8,,6.26,3.36,Independent House,10852000.0,1,11417000.0,5.21
1746.0,4.0,4.0,11.0,5.5,11.3,3.5,7.3,5.4,35.6,1.0,5.56,2.54,Independent House,6205000.0,3,7152000.0,15.26
1799.0,3.0,2.0,12.0,10.0,0.5,0.2,4.8,0.5,8.8,2.0,7.97,8.01,Independent House,12360000.0,1,13454000.0,8.85
2106.0,3.0,2.0,11.0,8.8,7.4,2.3,6.4,3.3,35.6,1.0,8.14,7.49,Apartment,9920000.0,3,12274000.0,23.73
762.0,1.0,1.0,9.0,6.3,6.6,4.7,4.8,0.7,49.9,2.0,7.16,2.53,Apartment,2207000.0,1,2337000.0,5.89
1715.0,3.0,3.0,2.0,5.5,17.5,11.1,3.1,7.9,45.9,0.0,5.44,5.66,Apartment,3345000.0,2,3511000.0,4.96
2285.0,4.0,3.0,11.0,7.3,6.2,0.6,7.9,1.7,22.0,1.0,7.19,1.88,,12778000.0,4,16166000.0,26.51
1014.0,2.0,2.0,31.0,3.1,18.7,3.9,4.0,7.7,27.7,1.0,5.59,2.1,Flat,1579000.0,2,1666000.0,5.51
954.0,2.0,1.0,11.0,3.2,16.9,1.2,5.0,7.4,36.6,0.0,6.93,5.95,,1879000.0,4,2322000.0,23.58
1259.0,2.0,2.0,3.0,5.8,5.7,3.9,6.4,0.8,40.4,2.0,8.34,4.85,Independent House,5235000.0,2,5981000.0,14.25
1489.0,2.0,2.0,5.0,2.7,13.8,10.8,6.4,1.7,35.7,2.0,6.58,0.83,Apartment,3045000.0,3,3219000.0,5.71
1635.0,3.0,2.0,25.0,8.6,1.7,1.1,4.3,1.5,16.1,3.0,6.06,5.11,independent house,7544000.0,1,7948000.0,5.36
1923.0,3.0,3.0,12.0,4.5,19.7,5.7,1.1,6.8,29.6,3.0,6.96,6.77,Independent House,36338000.0,4,44367000.0,22.1
2092.0,5.0,5.0,16.0,7.3,9.6,2.9,4.5,1.8,45.1,3.0,3.71,2.8,Independent House,7493000.0,1,7682000.0,2.52
1156.0,2.0,2.0,13.0,6.3,7.2,4.3,5.4,2.1,24.5,1.0,4.3,6.18,Apartment,3233000.0,2,3551000.0,9.84
1233.0,3.0,2.0,11.0,4.1,18.3,2.8,6.4,1.5,31.7,0.0,7.26,5.05,Apartment,3002000.0,1,3157000.0,5.16
2636.0,4.0,4.0,16.0,8.0,0.5,0.7,6.9,0.7,32.2,3.0,6.04,4.79,Villa,19912000.0,5,25073000.0,25.92
,3.0,3.0,6.0,6.2,24.5,5.3,4.9,6.4,29.5,2.0,5.88,6.04,Apartment,3705000.0,4,4489000.0,21.16
2173.0,5.0,5.0,11.0,4.3,15.4,,5.5,3.2,35.1,4.0,5.98,4.63,Villa,8314000.0,5,9762000.0,17.42
1203.0,2.0,2.0,7.0,6.2,9.9,6.3,6.2,1.5,20.3,2.0,5.47,2.32,Apartment,4127000.0,5,5079000.0,23.07
1101.0,2.0,2.0,,6.5,9.6,5.5,2.5,4.9,36.3,2.0,7.51,2.69,Apartment,18488000.0,1,19177000.0,3.73
1909.0,4.0,4.0,16.0,6.7,12.6,0.9,4.4,8.5,22.2,2.0,7.2,5.63,Independent House,7018000.0,1,7442000.0,6.04
1117.0,4.0,3.0,11.0,4.4,12.8,5.1,5.0,2.4,21.5,0.0,6.63,3.77,Apartment,2862000.0,4,3528000.0,23.27
2496.0,5.0,4.0,5.0,7.8,15.9,2.2,3.7,5.2,25.0,3.0,5.71,6.53,Independent House,12014000.0,4,15438000.0,28.5
1090.0,2.0,,40.0,8.5,3.1,3.1,6.6,2.2,11.3,2.0,5.68,3.15,Independent House,4496000.0,2,4864000.0,8.19
2465.0,5.0,4.0,4.0,6.0,18.6,,7.6,5.8,17.0,3.0,6.4,4.94,,8973000.0,3,10473000.0,16.72
2897.0,5.0,4.0,12.0,6.6,7.7,4.5,6.8,4.7,32.9,3.0,7.86,5.53,Independent House,13592000.0,1,14387000.0,5.85
2122.0,5.0,5.0,10.0,7.0,0.5,2.2,5.5,0.8,23.9,3.0,7.12,4.09,Independent House,12203000.0,5,17168000.0,40.69
1202.0,3.0,3.0,7.0,5.1,14.4,5.9,7.1,4.7,25.6,2.0,8.35,2.42,Apartment,3661000.0,3,4335000.0,18.41
991.0,2.0,2.0,21.0,4.6,14.9,2.0,6.8,7.8,27.0,2.0,5.89,2.97,Apartment,2447000.0,3,2711000.0,10.79
1283.0,3.0,3.0,16.0,4.3,12.7,0.8,4.7,2.2,,2.0,5.55,2.66,Apartment,3572000.0,1,3699000.0,3.56
1478.0,2.0,2.0,2.0,5.9,2.1,0.2,5.5,0.5,47.1,1.0,6.94,4.73,Apartment,5905000.0,4,7153000.0,21.13
1767.0,4.0,4.0,15.0,4.0,12.0,5.6,4.2,0.9,11.4,2.0,4.99,5.21,Apartment,4742000.0,1,4941000.0,4.2
4056.0,6.0,6.0,2.0,4.2,12.6,8.0,2.5,0.7,49.0,2.0,5.19,2.16,Villa,13017000.0,1,13439000.0,3.24
1667.0,4.0,3.0,9.0,4.1,14.6,7.5,1.9,5.6,12.0,1.0,3.83,3.77,Apartment,3375000.0,1,3456000.0,2.4
4134.0,6.0,4.0,7.0,4.9,7.5,3.1,5.1,0.9,33.9,3.0,5.33,0.42,Villa,17424000.0,3,19410000.0,11.4
456.0,1.0,1.0,14.0,7.5,1.0,2.9,7.3,1.5,31.3,1.0,4.87,5.79,Apartment,1779000.0,3,2045000.0,14.95
5942.0,,3.0,14.0,8.3,7.5,0.8,4.9,1.8,27.0,1.0,5.65,6.38,Apartment,5479000.0,5,7574000.0,38.24
1027.0,2.0,2.0,19.0,5.2,12.7,7.7,4.6,6.1,33.7,0.0,3.81,1.42,Apartment,2044000.0,3,2126000.0,4.01
3401.0,6.0,5.0,28.0,7.5,7.4,4.4,5.0,1.8,16.5,3.0,6.99,3.01,Villa,22836000.0,3,25784000.0,12.91
993.0,3.0,2.0,8.0,4.9,23.8,0.6,6.5,1.5,36.5,2.0,6.42,3.93,Apartment,2749000.0,2,2988000.0,8.69
2056.0,4.0,3.0,18.0,5.2,10.6,1.9,2.8,2.9,35.5,3.0,6.48,4.26,Independent House,5510000.0,3,6536000.0,18.62
1017.0,2.0,2.0,2.0,5.4,10.7,4.7,3.9,0.7,25.3,1.0,3.9,1.33,Apartment,3507000.0,3,3765000.0,7.36
1142.0,3.0,2.0,,6.2,15.8,5.0,4.8,5.0,27.7,0.0,9.19,7.05,Apartment,3690000.0,5,5152000.0,39.62
2040.0,3.0,3.0,13.0,5.6,12.2,4.2,6.0,3.8,43.9,2.0,3.95,4.35,Independent House,6350000.0,2,6857000.0,7.98
1326.0,3.0,3.0,10.0,4.4,6.6,5.1,2.9,2.0,18.6,2.0,4.56,-1.1,Apartment,3597000.0,2,3671000.0,2.06
1044.0,3.0,2.0,11.0,4.2,15.2,7.7,4.5,0.6,42.0,2.0,5.68,4.27,Apartment,2200000.0,1,2264000.0,2.91
776.0,2.0,2.0,,5.3,3.1,8.2,6.3,,16.7,0.0,5.91,3.06,Apartment,2437000.0,5,3024000.0,24.09
1297.0,2.0,2.0,15.0,10.0,9.4,0.5,5.7,5.2,11.9,2.0,6.59,4.07,Apartment,7278000.0,2,8236000.0,13.16
1593.0,2.0,2.0,30.0,6.9,7.6,3.6,5.3,2.0,11.5,1.0,5.91,5.29,Flat,4739000.0,4,5454000.0,15.09
2013.0,4.0,3.0,9.0,8.0,9.6,4.4,8.5,5.5,23.1,3.0,7.03,4.49,Independent House,12687000.0,1,13402000.0,5.64
865.0,2.0,2.0,17.0,6.2,2.5,2.7,8.4,3.9,32.4,0.0,7.2,3.27,Apartment,2877000.0,3,3470000.0,20.61
983.0,2.0,2.0,47.0,5.1,2.9,2.6,5.4,2.1,40.1,0.0,5.32,3.46,Apartment,1920000.0,4,2193000.0,14.22
497.0,1.0,1.0,7.0,6.3,10.7,0.7,,1.5,45.5,2.0,6.21,5.67,Apartment,1563000.0,1,1665000.0,6.53
2883.0,3.0,2.0,26.0,1.7,11.3,2.1,2.3,0.8,41.8,2.0,6.96,4.83,Villa,5777000.0,1,5971000.0,3.36
1124.0,2.0,2.0,14.0,5.6,15.3,5.5,3.3,3.0,29.5,1.0,5.71,2.42,Apartment,2514000.0,4,2928000.0,16.47
1201.0,2.0,2.0,,6.0,11.6,3.6,5.9,1.6,10.3,1.0,4.38,4.43,Apartment,4545000.0,4,5182000.0,14.02
925.0,2.0,2.0,1.0,8.9,0.5,0.4,8.7,,11.8,1.0,7.33,1.89,Apartment,7278000.0,4,9625000.0,32.25
1647.0,3.0,3.0,15.0,6.3,9.2,2.5,4.7,3.4,29.5,1.0,6.74,8.37,Independent House,5881000.0,2,6746000.0,14.71
2084.0,4.0,3.0,24.0,7.4,9.2,2.3,4.9,1.2,30.4,1.0,4.45,3.83,Independent House,7897000.0,1,8081000.0,2.33
1326.0,3.0,2.0,13.0,6.0,9.5,2.1,,4.1,27.6,1.0,6.81,4.29,APARTMENT,4460000.0,3,5205000.0,16.7
817.0,2.0,2.0,21.0,8.1,0.5,1.8,6.5,2.0,8.5,0.0,6.64,7.62,Apartment,4257000.0,4,5599000.0,31.52
955.0,1.0,1.0,30.0,4.9,16.4,10.7,5.8,3.7,24.9,2.0,5.82,0.92,Apartment,1537000.0,2,1599000.0,4.03
1693.0,3.0,2.0,14.0,6.7,5.4,3.0,3.3,1.5,25.5,1.0,3.11,-0.54,Apartment,5454000.0,1,5568000.0,2.09
1822.0,3.0,3.0,24.0,6.7,7.9,1.2,6.5,1.0,23.2,1.0,7.18,4.23,Independent House,7191000.0,2,8152000.0,13.36
849.0,1.0,1.0,12.0,6.9,5.9,1.1,5.8,4.2,27.5,0.0,4.77,4.06,Apartment,3017000.0,1,3155000.0,4.57
1394.0,2.0,2.0,6.0,3.9,12.6,0.2,2.9,4.6,42.1,0.0,6.75,6.36,Apartment,3346000.0,2,3678000.0,9.92
967.0,2.0,2.0,15.0,7.2,7.2,2.1,4.9,1.7,22.7,2.0,4.35,2.87,Apartment,3871000.0,1,4028000.0,4.06
1106.0,2.0,3.0,17.0,7.1,10.1,5.7,4.1,1.0,17.4,0.0,6.87,4.22,Apartment,3437000.0,1,3602000.0,4.8
1972.0,3.0,3.0,21.0,3.8,16.1,1.2,3.4,2.9,38.1,3.0,6.67,1.06,Independent House,5394000.0,1,5631000.0,4.39
2101.0,3.0,2.0,7.0,4.0,15.9,1.0,6.9,4.7,29.2,0.0,4.61,1.94,Apartment,6070000.0,2,6693000.0,10.26
3058.0,6.0,5.0,6.0,6.3,6.2,1.8,3.6,6.7,35.0,2.0,6.17,4.01,Independent House,12616000.0,3,14456000.0,14.58
833.0,2.0,2.0,28.0,5.7,15.2,2.4,4.7,4.6,40.0,0.0,6.76,2.69,Apartment,1952000.0,5,2350000.0,20.39
667.0,1.0,2.0,24.0,6.4,11.1,5.3,9.9,1.0,42.8,3.0,5.1,1.67,Independent House,2654000.0,5,3134000.0,18.09
1405.0,3.0,3.0,33.0,7.2,3.7,4.2,,1.6,9.5,2.0,6.08,6.17,Independent House,5889000.0,5,7404000.0,25.73
1614.0,3.0,3.0,9.0,8.2,2.9,0.4,3.8,0.7,31.0,2.0,6.55,6.02,,7905000.0,5,10632000.0,34.5
1860.0,3.0,4.0,5.0,5.8,8.9,3.5,4.8,1.9,44.2,3.0,5.57,7.19,Independent House,6133000.0,3,7073000.0,15.33
1219.0,3.0,3.0,25.0,7.4,16.4,10.1,7.4,2.2,39.6,3.0,7.11,4.35,Independent House,4498000.0,2,4986000.0,10.85
1278.0,2.0,2.0,6.0,7.5,10.9,3.6,6.3,6.4,22.1,2.0,4.36,3.36,Apartment,5217000.0,5,6490000.0,24.4
927.0,2.0,2.0,9.0,7.4,13.5,7.2,6.0,2.3,5.4,1.0,6.96,3.6,Apartment,3801000.0,2,4292000.0,12.92
1156.0,2.0,2.0,5.0,4.0,7.4,1.2,3.6,0.8,,1.0,4.43,4.88,Apartment,3355000.0,1,3516000.0,4.8
1191.0,2.0,1.0,12.0,9.8,12.7,9.2,4.8,1.4,4.5,1.0,5.66,5.81,Apartment,4715000.0,2,5156000.0,9.35
2951.0,5.0,4.0,17.0,1.6,16.7,6.8,3.4,0.7,44.7,2.0,6.58,2.81,VILLA,6409000.0,2,6877000.0,7.3
782.0,2.0,3.0,7.0,7.4,7.3,2.0,6.4,2.5,28.5,0.0,7.23,4.12,Apartment,3354000.0,1,3587000.0,6.95
5018.0,6.0,5.0,17.0,6.0,12.2,2.2,5.5,3.1,29.5,3.0,3.57,3.89,Villa,22254000.0,2,23559000.0,5.86
888.0,2.0,3.0,9.0,7.7,10.5,3.4,6.0,2.3,24.9,0.0,5.99,9.53,,3685000.0,4,4704000.0,27.65
3029.0,6.0,5.0,17.0,7.0,13.0,7.3,6.6,1.7,34.5,2.0,7.44,0.71,Independent House,9671000.0,2,10305000.0,6.56
2331.0,4.0,3.0,15.0,6.0,13.5,0.6,4.8,0.8,126.4,2.0,5.52,4.08,Independent House,7769000.0,3,8713000.0,12.15
924.0,1.0,2.0,21.0,6.7,13.3,1.9,,3.9,30.2,2.0,4.92,1.02,Apartment,2172000.0,4,2417000.0,11.28
1802.0,3.0,3.0,6.0,4.5,8.6,,3.5,1.5,26.3,0.0,6.76,1.91,Apartment,4913000.0,1,5162000.0,5.07
1355.0,3.0,3.0,21.0,4.3,10.0,11.8,3.7,4.2,26.8,1.0,8.18,3.21,Apartment,2667000.0,3,2947000.0,10.5
1269.0,4.0,4.0,4.0,2.6,25.4,5.2,3.6,2.4,28.5,1.0,5.42,3.46,Apartment,2365000.0,3,2546000.0,7.65
1681.0,2.0,2.0,16.0,6.1,5.3,1.9,5.6,6.1,23.3,0.0,6.25,1.44,Apartment,5417000.0,4,6812000.0,25.75
2688.0,6.0,5.0,18.0,1.1,22.7,8.7,3.7,1.8,36.8,2.0,4.39,-1.69,INDEPENDENT HOUSE,4286000.0,2,4226000.0,-1.4
937.0,1.0,1.0,13.0,1.9,19.8,3.4,6.1,5.6,26.6,1.0,4.59,1.34,Apartment,1530000.0,4,1646000.0,7.58
989.0,2.0,2.0,24.0,7.8,7.7,2.0,3.9,1.7,13.7,1.0,7.42,7.52,Apartment,3699000.0,1,3911000.0,5.73
808.0,2.0,2.0,12.0,7.0,16.6,7.8,4.2,,34.8,2.0,7.86,6.67,Apartment,2200000.0,4,2750000.0,25.0
902.0,2.0,2.0,7.0,8.3,0.8,3.2,3.1,2.5,21.5,0.0,5.73,7.54,Apartment,3380000.0,3,4189000.0,23.93
1562.0,3.0,3.0,34.0,5.2,9.7,1.0,2.7,2.9,39.2,2.0,5.41,3.12,Independent House,3759000.0,5,4228000.0,12.48
1163.0,1.0,1.0,3.0,3.8,14.3,3.9,3.7,1.7,30.3,2.0,5.5,2.67,Apartment,2885000.0,3,3170000.0,9.88
824.0,2.0,2.0,11.0,7.2,9.0,1.9,7.4,2.8,29.5,0.0,7.0,7.49,Apartment,3457000.0,1,3708000.0,7.26
1558.0,2.0,1.0,36.0,5.7,11.5,4.7,6.9,5.0,33.2,0.0,4.98,1.17,Apartment,3491000.0,5,4033000.0,15.53
945.0,1.0,1.0,0.0,6.1,10.2,1.8,4.5,0.5,38.1,0.0,6.45,4.06,Apartment,3155000.0,4,4072000.0,29.06
1330.0,2.0,2.0,13.0,6.8,10.7,5.1,4.5,1.4,45.5,1.0,7.49,5.82,Apartment,3679000.0,1,3878000.0,5.41
1484.0,2.0,1.0,23.0,2.9,16.6,7.6,2.2,8.2,55.8,1.0,6.55,3.98,Apartment,1825000.0,4,2002000.0,9.7
893.0,2.0,2.0,6.0,5.4,14.9,6.0,5.2,1.1,29.2,2.0,4.33,2.68,Apartment,2783000.0,5,3137000.0,12.72
2768.0,4.0,4.0,9.0,4.7,5.9,3.7,2.9,2.1,37.4,2.0,6.16,9.32,villa,8894000.0,4,11160000.0,25.48
1826.0,3.0,3.0,15.0,5.7,5.8,1.0,4.2,1.5,22.8,3.0,6.54,0.31,Independent House,6499000.0,3,7422000.0,14.2
1410.0,3.0,3.0,28.0,4.1,15.5,6.3,5.7,2.6,40.0,,4.6,1.62,Apartment,3048000.0,2,3180000.0,4.33
1045.0,2.0,2.0,10.0,5.8,13.9,5.2,6.4,5.4,27.2,2.0,6.26,3.87,Apartment,3418000.0,4,4186000.0,22.47
1275.0,3.0,2.0,19.0,7.8,3.9,2.9,4.1,3.9,,1.0,7.78,3.11,Independent House,5182000.0,1,5463000.0,5.42
1654.0,3.0,3.0,3.0,8.2,0.5,2.1,6.1,1.4,14.3,1.0,5.83,6.12,Apartment,10210000.0,1,10892000.0,6.68
1015.0,1.0,1.0,4.0,5.9,4.8,3.5,5.7,1.1,26.7,2.0,6.46,4.69,Independent House,4353000.0,4,5490000.0,26.12
1133.0,1.0,1.0,19.0,7.2,16.2,5.3,7.0,3.1,,0.0,6.98,5.55,Apartment,3475000.0,5,4421000.0,27.22
2183.0,4.0,4.0,7.0,7.8,3.8,0.3,7.5,0.7,17.5,3.0,6.32,2.29,Independent House,15139000.0,2,16569000.0,9.45
1219.0,2.0,2.0,22.0,6.4,9.6,5.8,8.2,2.0,,2.0,6.07,1.86,Apartment,4881000.0,1,5048000.0,3.42
2006.0,5.0,4.0,26.0,7.1,9.2,3.7,5.5,4.2,4.5,3.0,5.38,5.11,Independent House,9071000.0,2,9758000.0,7.57
1705.0,3.0,3.0,17.0,7.4,6.7,0.9,4.9,1.1,22.1,2.0,5.84,2.3,Independent House,6919000.0,1,7319000.0,5.78
1649.0,4.0,4.0,8.0,2.1,15.7,4.4,2.4,5.9,44.1,1.0,4.87,-0.88,Apartment,3176000.0,1,3238000.0,1.95
1409.0,3.0,3.0,6.0,8.2,3.5,1.6,6.6,1.6,23.7,0.0,6.53,3.45,Apartment,7471000.0,4,9100000.0,21.8
2838.0,5.0,3.0,32.0,9.0,4.0,1.8,5.6,0.7,25.4,3.0,5.21,4.65,Independent House,13582000.0,4,16839000.0,23.98
2895.0,6.0,5.0,16.0,4.2,11.2,5.0,5.0,3.8,31.7,1.0,4.08,2.56,Independent House,6954000.0,5,8372000.0,20.39
1357.0,2.0,2.0,9.0,5.4,,9.9,5.6,6.6,26.8,0.0,4.97,4.34,APARTMENT,2637000.0,2,2787000.0,5.69
1021.0,2.0,,7.0,10.0,0.5,0.4,7.5,0.8,,2.0,6.53,8.34,Apartment,8858000.0,5,13546000.0,52.92
1221.0,2.0,1.0,9.0,4.2,16.9,1.7,4.6,4.5,46.0,1.0,7.11,2.25,Independent House,2903000.0,3,3288000.0,13.26
2166.0,4.0,5.0,9.0,6.4,17.9,5.1,8.2,0.6,39.4,0.0,5.32,4.11,Apartment,6859000.0,5,8504000.0,23.98
913.0,1.0,2.0,4.0,3.5,17.3,9.1,5.5,4.9,36.8,0.0,4.45,4.46,Apartment,1874000.0,5,2093000.0,11.69
1157.0,2.0,2.0,5.0,4.6,16.7,3.8,6.0,2.0,,0.0,4.84,1.86,Apartment,3344000.0,3,3785000.0,13.19
1548.0,3.0,3.0,10.0,8.5,13.1,0.8,8.5,5.4,19.6,2.0,4.41,2.08,Independent House,8578000.0,1,8884000.0,3.57
1185.0,2.0,3.0,16.0,6.1,12.4,5.9,4.9,4.3,27.2,0.0,7.23,4.17,Apartment,3161000.0,1,3334000.0,5.47
1606.0,3.0,2.0,19.0,3.6,9.9,0.5,5.4,1.9,46.6,2.0,6.81,2.91,,3986000.0,1,4181000.0,4.89
2680.0,4.0,3.0,6.0,6.6,8.5,5.6,6.3,1.4,33.4,3.0,6.02,5.27,Villa,14581000.0,2,16179000.0,10.96
1260.0,3.0,3.0,7.0,6.5,15.9,3.2,8.2,7.7,43.5,3.0,7.35,4.9,Independent House,4392000.0,3,5214000.0,18.72
1355.0,3.0,,2.0,5.2,19.3,7.3,3.5,2.2,50.3,2.0,4.58,3.6,Independent House,3172000.0,5,3646000.0,14.94
1531.0,3.0,2.0,,5.1,10.1,4.9,3.7,4.0,41.6,0.0,5.4,6.81,Apartment,3645000.0,3,4120000.0,13.03
1591.0,,,30.0,5.8,13.8,0.8,2.3,1.5,24.1,0.0,5.67,5.77,Apartment,3640000.0,4,4500000.0,23.63
2320.0,5.0,3.0,6.0,7.4,9.6,0.9,6.2,2.0,35.8,3.0,6.46,5.39,Independent House,11818000.0,3,13946000.0,18.01
2071.0,4.0,4.0,36.0,4.6,7.0,0.7,6.9,4.1,41.7,2.0,8.64,5.67,Independent House,6169000.0,4,7787000.0,26.23
2466.0,5.0,4.0,10.0,5.5,10.9,2.5,2.7,2.6,24.6,4.0,,2.81,Villa,9031000.0,5,11121000.0,23.14
4587.0,6.0,5.0,10.0,6.8,7.4,4.5,3.2,0.6,22.9,3.0,5.96,4.28,Villa,23577000.0,4,29500000.0,25.12
1167.0,3.0,,4.0,4.3,10.8,1.1,5.7,0.8,34.5,2.0,4.79,3.48,Apartment,3726000.0,2,4047000.0,8.62
1536.0,3.0,3.0,15.0,9.2,4.0,0.8,7.9,3.3,23.6,1.0,7.01,9.32,Apartment,9616000.0,4,13045000.0,35.66
1691.0,3.0,2.0,17.0,4.1,16.0,2.8,4.7,2.0,42.3,3.0,7.74,4.82,Independent House,3809000.0,2,4117000.0,8.09
3219.0,4.0,4.0,7.0,9.2,1.5,1.2,8.3,0.8,2.0,4.0,5.79,,Villa,35000000.0,5,49430000.0,41.23
1233.0,2.0,2.0,8.0,6.2,8.4,0.9,7.2,,23.8,1.0,6.98,4.26,Apartment,5310000.0,3,6538000.0,23.13
1075.0,3.0,3.0,8.0,8.3,15.7,0.2,,3.0,28.0,2.0,5.63,6.15,Apartment,5153000.0,3,6242000.0,21.13
1063.0,1.0,1.0,14.0,7.1,10.6,10.7,5.5,3.6,31.1,0.0,6.7,1.6,Apartment,2561000.0,5,2979000.0,16.32
1276.0,2.0,2.0,7.0,7.9,2.1,1.9,5.9,1.3,26.3,1.0,5.7,5.15,Apartment,6865000.0,1,7255000.0,5.68
3660.0,6.0,5.0,4.0,3.8,17.5,1.8,,2.0,,3.0,4.95,3.48,Villa,12136000.0,5,15108000.0,24.49
1688.0,3.0,3.0,17.0,6.5,13.1,2.8,6.1,5.0,35.5,2.0,5.23,3.55,Apartment,5346000.0,2,5772000.0,7.97
1849.0,4.0,4.0,13.0,4.7,9.9,5.3,5.8,2.3,35.3,1.0,5.36,2.96,House,5913000.0,4,6996000.0,18.32
905.0,2.0,2.0,27.0,9.0,21.9,3.9,8.6,9.3,22.7,0.0,6.22,4.72,Apartment,3762000.0,2,4157000.0,10.5
4545.0,6.0,5.0,23.0,10.0,5.6,1.8,7.3,,21.3,4.0,6.45,6.78,Villa,44470000.0,5,63689000.0,43.22
1813.0,4.0,2.0,14.0,4.3,0.5,1.2,6.6,2.9,32.6,3.0,5.21,3.06,INDEPENDENT HOUSE,7167000.0,4,8209000.0,14.54
1907.0,3.0,3.0,14.0,2.7,13.4,1.2,4.7,7.3,22.5,2.0,4.44,2.63,Independent House,5263000.0,3,5693000.0,8.17
1914.0,4.0,4.0,29.0,4.3,,1.7,4.2,0.7,32.5,1.0,6.32,1.96,INDEPENDENT HOUSE,5673000.0,4,6672000.0,17.61
1033.0,2.0,3.0,21.0,6.2,10.6,1.0,5.1,4.7,30.4,2.0,4.03,2.62,Apartment,3308000.0,1,3407000.0,2.99
1120.0,2.0,2.0,20.0,6.2,6.6,3.5,6.6,1.2,23.1,1.0,6.74,6.23,Apartment,4198000.0,4,5509000.0,31.23
1015.0,2.0,3.0,24.0,7.3,8.1,1.0,7.7,2.4,20.2,3.0,7.59,1.2,Independent House,4986000.0,1,5242000.0,5.13
1845.0,3.0,3.0,32.0,6.3,9.7,0.5,4.5,1.3,17.9,2.0,6.19,5.84,Apartment,4976000.0,2,5576000.0,12.06
1158.0,2.0,2.0,6.0,8.4,14.7,2.9,4.5,2.6,29.6,0.0,,2.13,Apartment,4482000.0,5,5964000.0,33.07
2117.0,5.0,5.0,10.0,5.9,17.3,1.1,7.2,,40.3,3.0,3.39,1.5,Independent House,7500000.0,2,7729000.0,3.05
1047.0,1.0,2.0,18.0,5.0,14.2,3.1,4.5,,42.4,1.0,6.18,3.27,Apartment,2462000.0,2,2617000.0,6.3
1117.0,2.0,2.0,7.0,6.6,11.6,6.5,4.1,,23.4,1.0,5.32,3.34,Independent House,3717000.0,5,4645000.0,24.97
2230.0,4.0,4.0,14.0,5.2,23.1,4.4,7.0,5.9,50.5,3.0,6.73,1.17,Independent House,6387000.0,4,7275000.0,13.9
1254.0,2.0,1.0,11.0,4.2,16.0,1.1,5.5,6.4,,0.0,3.22,3.41,Apartment,2590000.0,1,2683000.0,3.59
1162.0,2.0,2.0,4.0,5.0,10.8,3.3,4.1,3.8,43.1,1.0,4.88,5.47,Independent House,3468000.0,2,3779000.0,8.97
1687.0,3.0,2.0,13.0,1.0,16.5,3.0,6.5,4.4,33.5,0.0,5.89,1.41,Apartment,2605000.0,5,2975000.0,14.2
1315.0,3.0,3.0,13.0,7.4,19.7,4.9,8.5,4.4,37.2,0.0,5.95,5.81,Apartment,4606000.0,3,5567000.0,20.86
660.0,3.0,3.0,8.0,4.1,17.2,4.3,3.8,5.4,38.4,2.0,5.87,5.2,Apartment,1466000.0,3,1700000.0,15.96
1202.0,1.0,2.0,14.0,8.3,6.8,1.9,7.2,1.3,23.5,3.0,5.21,3.31,Independent House,6878000.0,5,9196000.0,33.7
2805.0,5.0,4.0,8.0,,8.8,4.6,8.0,3.8,37.4,3.0,5.99,3.06,Villa,19569000.0,5,24843000.0,26.95
990.0,1.0,1.0,4.0,6.3,18.8,15.3,7.5,1.9,30.1,1.0,7.54,5.89,Apartment,2520000.0,5,3191000.0,26.63
3272.0,6.0,4.0,24.0,4.9,17.2,4.5,4.9,4.2,35.9,2.0,7.06,,Villa,11107000.0,2,11753000.0,5.82
1600.0,3.0,3.0,22.0,9.1,7.5,2.7,5.9,2.9,32.2,1.0,5.91,6.07,Independent House,7009000.0,3,8166000.0,16.51
1131.0,2.0,2.0,19.0,7.4,1.9,2.8,9.5,0.7,10.7,2.0,6.54,1.87,Independent House,7127000.0,3,8255000.0,15.83
723.0,1.0,1.0,36.0,5.4,2.8,0.8,4.3,1.6,22.4,1.0,5.91,1.99,Apartment,1980000.0,2,2088000.0,5.45
1315.0,3.0,3.0,13.0,6.1,13.3,7.5,4.6,2.1,34.4,2.0,7.41,4.98,Apartment,4042000.0,5,5289000.0,30.85
628.0,1.0,2.0,20.0,6.0,11.3,9.6,3.9,4.9,15.6,1.0,5.6,5.62,Apartment,1367000.0,2,1506000.0,10.17
1230.0,2.0,2.0,43.0,5.6,7.3,5.8,3.8,1.2,30.7,0.0,5.17,5.55,Apartment,2184000.0,5,2587000.0,18.45
1937.0,3.0,3.0,12.0,5.8,15.0,19.3,5.0,6.6,31.2,3.0,3.5,3.89,Independent House,3889000.0,1,3939000.0,1.29
1366.0,2.0,2.0,6.0,5.7,14.3,8.7,7.1,1.5,35.9,2.0,6.28,3.37,Apartment,4048000.0,5,5086000.0,25.64
1108.0,2.0,3.0,29.0,5.4,9.9,3.4,4.4,2.3,40.9,1.0,1.0,5.36,APARTMENT,1947000.0,1,1958000.0,0.56
1218.0,2.0,2.0,16.0,3.8,25.7,11.9,4.3,2.5,58.8,2.0,5.12,6.79,Apartment,1719000.0,5,1977000.0,15.01
2027.0,4.0,4.0,4.0,6.2,10.2,10.3,5.2,3.6,19.8,1.0,4.56,3.23,Independent House,6562000.0,1,6804000.0,3.69
805.0,1.0,1.0,5.0,6.9,3.2,1.7,5.0,0.5,13.8,2.0,3.39,5.55,Apartment,2792000.0,5,3548000.0,27.08
963.0,2.0,2.0,11.0,6.6,8.0,2.8,6.8,5.5,41.3,3.0,4.78,3.87,Independent House,3867000.0,3,4354000.0,12.59
1264.0,2.0,2.0,13.0,6.8,1.5,1.1,5.7,1.8,34.3,0.0,3.53,0.61,APARTMENT,4202000.0,3,4511000.0,7.35
1626.0,2.0,2.0,11.0,7.2,2.1,4.0,4.9,2.5,22.3,2.0,5.21,4.51,INDEPENDENT HOUSE,6655000.0,2,7311000.0,9.86
1859.0,3.0,3.0,12.0,6.2,11.1,4.7,3.6,1.4,42.3,1.0,7.29,7.59,Independent House,6774000.0,2,7414000.0,9.45
1955.0,5.0,4.0,29.0,6.8,9.7,5.0,5.9,1.1,20.5,1.0,6.01,4.27,,7955000.0,5,9881000.0,24.21
2340.0,4.0,4.0,23.0,7.1,8.4,5.1,1.1,1.9,19.2,3.0,7.11,,Independent House,7055000.0,4,8715000.0,23.53
1542.0,2.0,2.0,6.0,6.6,11.1,3.3,6.1,2.4,45.4,1.0,7.55,1.91,Apartment,5586000.0,4,7039000.0,26.01
1600.0,3.0,3.0,11.0,4.4,19.6,3.5,5.9,4.6,34.1,0.0,5.35,0.01,Apartment,4005000.0,1,4112000.0,2.67
927.0,2.0,2.0,21.0,7.7,9.7,4.6,5.8,2.6,31.2,1.0,9.68,4.53,Apartment,3104000.0,5,4430000.0,42.72
590.0,1.0,1.0,5.0,3.4,17.1,8.6,2.6,3.0,40.2,2.0,5.09,3.36,Apartment,987000.0,5,1119000.0,13.37
973.0,2.0,2.0,25.0,9.4,4.7,1.3,8.2,1.2,14.8,1.0,6.81,6.42,Apartment,6552000.0,3,8178000.0,24.82
1575.0,4.0,3.0,14.0,5.0,11.8,2.0,7.0,7.0,36.2,3.0,6.24,4.36,Independent House,4945000.0,4,6065000.0,22.65
1744.0,3.0,3.0,11.0,1.6,22.3,3.4,,3.6,19.4,3.0,6.8,2.46,Independent House,3814000.0,5,4371000.0,14.6
1949.0,3.0,4.0,11.0,6.5,8.1,2.6,6.4,2.5,38.0,2.0,4.94,3.84,Apartment,6985000.0,5,8994000.0,28.76
1738.0,4.0,4.0,9.0,7.5,7.9,2.8,4.2,1.0,26.1,2.0,6.41,3.32,Independent House,8976000.0,5,11730000.0,30.68
4172.0,6.0,5.0,22.0,5.6,14.5,1.9,6.8,4.5,20.4,4.0,4.51,1.13,Villa,19445000.0,5,22968000.0,18.12
1185.0,2.0,,21.0,9.0,11.2,2.4,5.5,1.7,31.7,1.0,7.51,9.25,Apartment,4644000.0,2,5395000.0,16.17
738.0,1.0,1.0,11.0,1.6,19.5,1.4,3.7,2.8,40.5,0.0,6.19,-1.05,Apartment,1188000.0,2,1227000.0,3.28
1408.0,2.0,2.0,17.0,4.7,9.3,3.9,,5.8,43.3,2.0,9.1,5.55,Apartment,3805000.0,2,4291000.0,12.77
1123.0,2.0,1.0,14.0,3.4,13.9,3.5,4.6,3.5,31.9,1.0,5.55,5.24,Apartment,2438000.0,4,2731000.0,12.02
1351.0,3.0,3.0,9.0,6.5,28.7,8.4,6.7,4.0,21.2,3.0,4.99,,Independent House,3704000.0,3,4114000.0,11.07
634.0,1.0,1.0,5.0,2.7,10.7,5.7,2.2,3.6,34.3,0.0,2.87,3.04,Apartment,1172000.0,1,1214000.0,3.58
631.0,1.0,1.0,5.0,5.7,1.2,2.2,7.6,0.7,45.6,0.0,5.59,3.86,Apartment,2173000.0,3,2547000.0,17.21
1029.0,2.0,1.0,8.0,5.9,11.8,4.7,3.9,1.9,34.5,1.0,4.57,4.57,Apartment,2965000.0,5,3472000.0,17.1
964.0,3.0,3.0,13.0,3.2,13.8,3.6,6.1,7.0,36.8,1.0,4.26,4.59,Apartment,1966000.0,3,2128000.0,8.24
474.0,1.0,1.0,32.0,5.8,1.7,1.8,5.9,1.6,30.4,0.0,8.03,,Apartment,1303000.0,5,1677000.0,28.7
1421.0,4.0,3.0,9.0,7.2,5.7,1.0,6.8,2.4,32.5,2.0,8.15,3.31,Apartment,7563000.0,1,8091000.0,6.98
1335.0,3.0,2.0,16.0,6.7,7.5,6.5,5.2,4.2,34.1,2.0,6.85,6.93,Independent House,4573000.0,1,4848000.0,6.01
1401.0,2.0,1.0,6.0,5.5,1.9,0.7,4.1,1.0,32.3,0.0,3.05,2.67,Apartment,5036000.0,5,5776000.0,14.69
2503.0,5.0,5.0,12.0,8.3,1.7,2.3,6.0,0.5,16.1,2.0,4.17,3.09,Independent House,14603000.0,3,17029000.0,16.61
2246.0,4.0,3.0,3.0,7.3,4.9,1.1,5.8,2.2,48.4,1.0,6.65,6.84,Independent House,9507000.0,3,11593000.0,21.94
1423.0,3.0,2.0,16.0,4.5,7.9,4.8,4.9,3.9,40.9,2.0,5.96,-0.21,Independent House,3594000.0,5,3933000.0,9.43
673.0,1.0,2.0,2.0,3.9,16.8,14.4,2.9,5.0,26.7,1.0,4.51,0.0,Apartment,1220000.0,5,1281000.0,5.0
705.0,1.0,2.0,2.0,8.3,11.4,10.2,7.7,6.7,34.8,1.0,4.47,2.77,Apartment,2832000.0,4,3289000.0,16.14
469.0,2.0,2.0,8.0,5.9,19.5,6.8,4.2,10.7,23.4,1.0,6.88,4.37,Apartment,1163000.0,1,1201000.0,3.27
713.0,1.0,1.0,,7.0,22.9,7.9,7.7,1.2,57.4,2.0,5.89,3.38,Apartment,1339000.0,3,1466000.0,9.48
1181.0,2.0,2.0,5.0,2.2,8.9,7.0,3.9,,42.3,2.0,6.53,-0.53,Apartment,1875000.0,2,1949000.0,3.95
1703.0,3.0,2.0,17.0,6.0,7.0,3.0,6.3,1.5,34.3,2.0,7.76,4.99,Independent House,6355000.0,1,6731000.0,5.92
1521.0,3.0,2.0,11.0,6.4,3.9,2.5,6.1,0.4,21.6,0.0,5.43,2.75,,5906000.0,3,6720000.0,13.78
1455.0,4.0,4.0,11.0,8.7,10.5,6.0,4.7,3.0,9.7,1.0,9.25,7.86,Independent House,7832000.0,1,8454000.0,7.94
1451.0,2.0,3.0,16.0,2.4,12.1,2.5,,2.8,36.7,1.0,6.82,4.37,Apartment,3105000.0,3,3566000.0,14.85
1941.0,3.0,2.0,8.0,5.8,2.5,0.2,3.4,0.5,36.1,2.0,6.9,4.96,independent house,6905000.0,1,7319000.0,6.0
1673.0,3.0,3.0,11.0,7.3,5.8,2.1,7.1,1.7,26.9,3.0,8.93,4.46,House,9174000.0,2,10550000.0,15.0
968.0,2.0,3.0,22.0,5.8,9.1,1.4,6.6,9.7,31.4,0.0,4.63,3.52,Apartment,2625000.0,3,3017000.0,14.93
1297.0,2.0,1.0,11.0,6.1,10.8,10.4,6.1,1.1,38.7,1.0,5.05,1.88,Apartment,3228000.0,5,3932000.0,21.81
653.0,1.0,1.0,22.0,7.4,11.0,5.8,,2.2,,2.0,4.29,4.95,Apartment,1973000.0,3,2254000.0,14.24
1713.0,3.0,2.0,5.0,7.6,7.9,6.4,4.0,4.3,21.6,1.0,6.79,6.62,Independent House,6562000.0,3,7647000.0,16.53
3494.0,6.0,5.0,6.0,6.8,21.2,11.3,6.6,2.6,20.3,2.0,6.9,5.13,Villa,13336000.0,4,16751000.0,25.61
1765.0,4.0,4.0,5.0,6.2,7.1,4.8,5.3,4.1,26.4,0.0,5.83,3.35,Apartment,6230000.0,1,6504000.0,4.4
1101.0,3.0,2.0,8.0,4.4,16.5,3.7,5.4,2.6,25.0,0.0,5.72,1.94,Apartment,2978000.0,4,3378000.0,13.43
1112.0,3.0,3.0,6.0,3.3,22.5,4.6,5.5,3.6,34.5,0.0,6.74,7.89,Apartment,2231000.0,3,2556000.0,14.57
1348.0,2.0,2.0,10.0,2.6,16.3,7.7,3.6,3.0,38.6,1.0,5.34,1.94,Apartment,2511000.0,5,2802000.0,11.59
910.0,2.0,2.0,9.0,4.2,9.3,3.6,5.2,2.4,42.6,1.0,6.77,3.17,Apartment,2316000.0,4,2624000.0,13.3
2968.0,6.0,5.0,13.0,2.5,20.6,7.3,4.9,0.8,47.2,1.0,3.72,1.2,Apartment,4962000.0,3,5337000.0,7.56
1057.0,1.0,1.0,11.0,6.9,5.8,3.9,3.2,0.8,15.9,0.0,4.98,3.75,Apartment,3118000.0,1,3254000.0,4.36
1866.0,2.0,2.0,11.0,11.0,18.4,12.8,4.3,2.3,41.2,1.0,7.27,4.97,Independent House,3749000.0,2,4084000.0,8.94
2669.0,5.0,4.0,9.0,7.1,5.7,1.3,3.9,1.3,33.3,2.0,6.43,3.91,Villa,15628000.0,1,16437000.0,5.18
3340.0,6.0,5.0,42.0,8.1,3.6,0.8,3.5,1.1,17.3,2.0,5.06,4.59,Villa ,18821000.0,2,20894000.0,11.01
1684.0,3.0,3.0,13.0,4.5,13.9,3.3,4.8,1.2,23.1,1.0,6.79,3.04,Independent House,4752000.0,2,5180000.0,9.01
1484.0,3.0,3.0,20.0,5.7,17.5,1.0,5.2,1.8,27.1,1.0,7.48,3.41,Independent House,4751000.0,5,5969000.0,25.64
1851.0,3.0,3.0,8.0,1.3,21.8,1.3,,,31.0,3.0,4.14,-1.61,Independent House,4656000.0,4,5224000.0,12.2
1851.0,3.0,3.0,12.0,5.7,25.7,10.1,,3.0,19.5,0.0,6.17,1.01,Apartment,3703000.0,2,3877000.0,4.7
915.0,2.0,2.0,36.0,4.7,19.2,,5.8,4.7,40.0,0.0,7.87,5.28,Apartment,1824000.0,3,2051000.0,12.45
732.0,3.0,2.0,17.0,4.5,7.9,3.8,5.4,2.0,30.4,2.0,2.78,2.85,Apartment,2163000.0,3,2256000.0,4.3
1195.0,2.0,2.0,5.0,7.0,22.3,11.0,5.3,2.2,22.9,1.0,7.03,7.36,Apartment,3713000.0,1,3914000.0,5.41
861.0,2.0,2.0,18.0,2.7,14.7,3.0,7.1,3.8,30.4,0.0,4.9,-1.36,Apartment,1817000.0,2,1932000.0,6.33
1245.0,2.0,2.0,13.0,,11.3,2.7,4.5,2.5,41.6,3.0,6.28,4.47,Independent House,4568000.0,3,5075000.0,11.1
3656.0,6.0,6.0,14.0,6.9,7.5,1.2,5.4,4.2,,3.0,8.72,7.18,Villa,18831000.0,3,22792000.0,21.03
3697.0,,5.0,,8.5,5.7,1.3,6.7,3.0,39.7,3.0,7.83,5.63,Villa,28502000.0,1,30641000.0,7.5
997.0,2.0,2.0,20.0,9.7,2.5,0.9,4.2,0.9,24.1,2.0,7.09,5.47,Apartment,5239000.0,1,5612000.0,7.12
1578.0,4.0,4.0,12.0,5.9,16.8,2.5,7.3,,21.3,0.0,5.85,1.62,Apartment,6234000.0,5,7640000.0,22.55
1000.0,2.0,2.0,8.0,3.8,11.4,4.5,5.4,0.6,21.1,2.0,4.92,4.27,Apartment,2572000.0,2,2815000.0,9.45
1864.0,3.0,3.0,15.0,4.5,14.7,4.5,4.7,6.5,49.8,3.0,4.71,2.1,Independent House,4892000.0,3,5216000.0,6.62
1663.0,3.0,2.0,14.0,6.9,21.0,14.8,4.9,3.3,28.2,0.0,9.22,5.52,Apartment,3765000.0,3,4431000.0,17.69
1315.0,2.0,2.0,47.0,4.9,11.6,4.7,6.3,4.8,21.9,2.0,6.42,2.32,Apartment,2788000.0,1,2867000.0,2.83
1587.0,3.0,3.0,,0.0,19.5,8.2,2.0,7.1,42.7,2.0,4.49,2.55,Independent House,2786000.0,3,2982000.0,7.04
1411.0,3.0,2.0,10.0,4.1,15.7,5.0,3.3,3.2,30.9,1.0,7.46,2.07,Apartment,3284000.0,3,3690000.0,12.36
1574.0,3.0,2.0,9.0,4.8,12.6,6.2,4.7,1.5,38.0,0.0,5.25,4.91,Apartment,3943000.0,3,4482000.0,13.67
1097.0,2.0,1.0,26.0,5.1,7.1,0.7,5.0,0.6,52.9,2.0,5.8,3.83,Apartment,2509000.0,4,3063000.0,22.08
1977.0,3.0,2.0,28.0,6.2,8.5,3.5,6.5,3.6,30.5,1.0,7.94,5.53,Independent House,7180000.0,3,8348000.0,16.27
2173.0,3.0,3.0,14.0,3.5,14.3,1.6,5.6,0.5,41.1,1.0,6.99,3.2,Independent House,6172000.0,3,7171000.0,16.19
1507.0,2.0,2.0,32.0,3.8,19.2,3.5,6.1,3.8,49.9,1.0,6.52,4.81,Apartment,2401000.0,4,2825000.0,17.66
820.0,1.0,2.0,10.0,7.0,3.7,2.7,6.5,2.6,40.1,1.0,4.93,2.48,Apartment,3335000.0,3,3856000.0,15.62
1846.0,4.0,4.0,9.0,6.2,12.0,1.8,6.7,2.2,27.4,2.0,5.56,2.5,Apartment,6904000.0,2,7461000.0,8.07
4858.0,6.0,5.0,3.0,8.0,0.5,0.3,4.2,1.3,12.8,2.0,5.16,1.47,Villa,33847000.0,5,43297000.0,27.92
1538.0,3.0,2.0,6.0,6.3,3.7,2.8,3.1,1.8,19.6,3.0,5.18,2.07,Independent House,6458000.0,1,6709000.0,3.89
868.0,2.0,3.0,24.0,2.0,18.8,12.3,3.1,7.2,41.1,2.0,3.37,,Apartment,1069000.0,4,1125000.0,5.24
722.0,2.0,3.0,4.0,4.4,12.3,9.0,4.9,8.2,26.2,1.0,5.1,2.61,Apartment,1910000.0,1,1958000.0,2.51
1637.0,3.0,3.0,8.0,2.8,19.8,4.8,5.6,5.9,29.5,2.0,4.5,3.7,Apartment,3479000.0,3,3744000.0,7.62
989.0,2.0,2.0,29.0,6.3,10.0,1.2,6.9,1.2,16.8,2.0,6.46,4.56,Apartment,2968000.0,5,4057000.0,36.69
1166.0,2.0,2.0,9.0,8.4,8.9,1.7,6.4,4.3,34.1,1.0,5.47,4.52,Apartment,5772000.0,4,7313000.0,26.7
3186.0,5.0,4.0,13.0,6.5,10.5,2.0,7.4,1.0,29.2,4.0,8.09,6.0,Villa,19901000.0,5,28585000.0,43.64
3012.0,6.0,4.0,8.0,4.0,17.4,1.9,2.1,6.5,29.9,1.0,6.04,4.72,Independent House,8693000.0,3,9990000.0,14.92
3548.0,6.0,5.0,18.0,8.0,15.3,4.5,4.8,1.3,36.2,3.0,5.41,8.26,Villa,18142000.0,4,21353000.0,17.7
1609.0,2.0,3.0,17.0,8.7,0.5,,6.0,1.2,5.7,2.0,4.79,3.91,Apartment,8806000.0,4,10702000.0,21.53
1131.0,2.0,2.0,9.0,2.7,17.5,9.6,5.9,,39.1,0.0,5.03,3.71,Apartment,1637000.0,1,1680000.0,2.63
965.0,3.0,3.0,11.0,9.2,6.1,0.4,6.0,1.1,,1.0,6.95,3.32,Apartment,5342000.0,1,5720000.0,7.08
1388.0,2.0,3.0,6.0,8.8,11.6,2.7,6.9,3.6,34.1,3.0,3.18,4.56,Independent House,6641000.0,3,7507000.0,13.04
1270.0,2.0,2.0,40.0,6.7,15.3,3.6,8.0,3.7,22.8,0.0,3.85,4.94,Apartment,2962000.0,1,3083000.0,4.09
649.0,3.0,3.0,14.0,3.4,11.0,10.5,5.5,7.4,35.4,0.0,5.98,3.89,APARTMENT,1200000.0,2,1271000.0,5.92
1779.0,4.0,3.0,6.0,3.2,18.2,13.1,6.5,2.5,39.7,2.0,6.63,2.99,Independent House,3120000.0,2,3247000.0,4.07
2210.0,4.0,4.0,21.0,3.5,10.9,6.7,2.5,6.7,31.1,1.0,7.57,1.86,Independent House,4787000.0,1,4957000.0,3.55
3028.0,5.0,4.0,7.0,2.4,24.1,1.8,4.5,13.6,55.7,2.0,6.35,0.84,villa,6446000.0,4,7467000.0,15.84
2388.0,4.0,3.0,4.0,6.3,10.5,6.5,6.7,4.1,20.7,3.0,5.97,,Independent House,10163000.0,2,11447000.0,12.63
2184.0,3.0,3.0,,2.7,11.1,1.5,4.3,6.5,52.1,1.0,4.13,3.21,Independent House,4163000.0,4,4722000.0,13.43
965.0,2.0,3.0,4.0,3.1,20.7,2.4,,5.8,38.0,1.0,5.86,0.89,Apartment,2279000.0,5,2486000.0,9.08
700.0,1.0,,22.0,6.2,17.7,9.1,1.8,5.5,19.0,1.0,4.08,4.19,Apartment,1200000.0,2,1286000.0,7.17
,3.0,4.0,26.0,7.0,18.3,10.8,7.7,2.2,32.5,0.0,4.12,6.55,Apartment,3578000.0,3,3969000.0,10.93
1624.0,3.0,3.0,33.0,3.3,18.6,1.4,3.3,4.3,40.3,0.0,9.02,4.3,Apartment,2709000.0,3,3101000.0,14.47
2116.0,4.0,4.0,10.0,2.1,20.1,10.7,4.2,2.3,25.2,3.0,7.17,1.96,Independent House,4000000.0,1,4136000.0,3.4
838.0,1.0,2.0,21.0,7.4,7.2,6.9,5.4,1.6,23.5,2.0,8.54,6.0,Apartment,3128000.0,2,3527000.0,12.76
889.0,1.0,1.0,13.0,7.0,7.4,3.2,4.8,3.4,29.6,,7.72,5.96,Apartment,2729000.0,2,3155000.0,15.61
665.0,2.0,2.0,6.0,4.0,26.1,3.8,4.9,5.3,27.8,0.0,5.53,5.26,Apartment,1426000.0,4,1690000.0,18.51
833.0,2.0,2.0,28.0,5.7,15.2,2.4,4.7,4.6,40.0,0.0,6.76,2.69,Apartment,1952000.0,5,2350000.0,20.39
1128.0,3.0,3.0,27.0,7.3,9.8,2.3,6.2,0.5,24.4,0.0,4.67,3.36,Apartment,3790000.0,5,4573000.0,20.66
1190.0,2.0,2.0,4.0,5.4,6.4,1.8,4.4,0.8,14.5,2.0,2.25,1.34,Independent House,4511000.0,2,4845000.0,7.4
1187.0,3.0,3.0,10.0,3.2,25.8,10.5,4.9,4.8,57.4,1.0,5.25,0.35,Apartment,1774000.0,4,1853000.0,4.45
1578.0,2.0,3.0,21.0,4.6,17.3,18.7,4.5,4.7,25.7,0.0,6.69,1.9,Apartment,2118000.0,2,2207000.0,4.2
2908.0,4.0,3.0,23.0,8.8,11.8,1.5,6.0,,26.9,1.0,4.36,2.96,Independent House,14897000.0,5,17245000.0,15.76
2250.0,4.0,3.0,9.0,6.1,7.7,1.0,5.6,2.4,38.4,2.0,6.86,3.96,Villa,10046000.0,1,10677000.0,6.28
895.0,2.0,2.0,7.0,7.7,6.0,0.2,4.3,1.5,28.1,2.0,2.89,3.52,Apartment,3854000.0,2,4106000.0,6.54
2635.0,5.0,5.0,12.0,5.8,12.4,6.4,3.9,2.2,25.5,3.0,6.16,6.6,Villa,10523000.0,2,11624000.0,10.46
1204.0,3.0,3.0,8.0,6.8,1.5,1.2,6.6,1.2,18.9,2.0,4.8,4.72,Apartment,6304000.0,5,8627000.0,36.85
2720.0,5.0,3.0,48.0,4.5,18.5,14.0,7.7,,41.8,2.0,5.18,3.42,Independent House,4087000.0,3,4445000.0,8.76
2195.0,4.0,4.0,16.0,5.3,14.7,1.2,5.8,3.8,23.9,3.0,5.67,1.77,Independent House,7332000.0,2,8121000.0,10.76
2719.0,6.0,5.0,4.0,7.6,7.0,0.9,5.7,2.5,,2.0,8.75,2.12,Villa,22184000.0,4,28670000.0,29.24
1104.0,2.0,3.0,7.0,7.3,4.7,1.4,4.9,2.3,32.2,0.0,5.82,9.62,Apartment,4386000.0,1,4688000.0,6.89
3322.0,5.0,5.0,10.0,5.9,19.6,8.4,5.8,4.3,42.5,4.0,4.5,3.07,Villa,11510000.0,1,11832000.0,2.8
952.0,3.0,3.0,5.0,5.1,,5.8,3.9,3.1,30.5,0.0,6.73,6.96,Apartment,2584000.0,3,2981000.0,15.36
2036.0,4.0,3.0,2.0,4.0,19.1,6.3,2.3,3.6,37.3,1.0,5.47,2.33,Independent House,4751000.0,5,5457000.0,14.86
1046.0,,,27.0,4.6,14.1,0.4,4.8,5.4,38.6,3.0,7.97,2.97,Independent House,2809000.0,4,3482000.0,23.96
784.0,1.0,1.0,18.0,6.2,9.4,1.3,7.0,2.9,19.5,1.0,3.93,1.53,Apartment,2966000.0,5,3318000.0,11.87
3656.0,6.0,5.0,12.0,5.3,5.2,2.2,6.5,2.5,35.3,3.0,4.63,0.88,Villa,21228000.0,3,23422000.0,10.34
1228.0,3.0,3.0,,5.2,11.3,4.7,6.5,3.7,42.3,2.0,6.36,4.43,Apartment,3731000.0,4,4478000.0,20.02
1426.0,3.0,3.0,3.0,1.0,20.9,3.9,4.3,1.6,42.3,2.0,6.61,3.35,Apartment,2359000.0,5,2926000.0,24.04
4151.0,6.0,5.0,29.0,6.4,8.4,1.5,4.3,1.0,19.6,2.0,3.81,2.57,INDEPENDENT HOUSE,13246000.0,1,13880000.0,4.79
1156.0,2.0,2.0,2.0,7.6,12.1,4.4,,1.7,37.8,1.0,8.21,5.64,Apartment,4183000.0,4,5597000.0,33.8
1347.0,2.0,2.0,8.0,4.4,10.5,3.2,,1.2,33.7,2.0,4.97,-0.14,Apartment,3903000.0,4,4340000.0,11.2
1823.0,2.0,2.0,14.0,7.9,13.9,3.2,9.5,6.9,30.3,0.0,4.66,3.97,Apartment,6964000.0,4,8161000.0,17.19
1129.0,2.0,2.0,6.0,7.6,11.4,1.6,6.4,2.9,20.3,2.0,9.07,6.33,Apartment,5904000.0,2,6969000.0,18.04
1599.0,4.0,3.0,11.0,6.4,2.1,2.1,7.2,0.6,26.2,2.0,2.96,0.83,Independent House,7016000.0,5,7747000.0,10.42
1086.0,2.0,3.0,26.0,5.7,16.4,6.1,7.3,0.5,35.4,1.0,8.32,4.48,Independent House,2845000.0,4,3719000.0,30.72
1320.0,2.0,2.0,9.0,8.4,3.5,0.2,4.3,1.9,21.5,1.0,4.46,2.58,Apartment,5616000.0,3,6447000.0,14.8
3155.0,5.0,5.0,20.0,5.9,12.7,6.9,4.1,6.2,33.2,4.0,6.79,8.06,Villa,10003000.0,1,10574000.0,5.71
1856.0,3.0,3.0,28.0,9.5,5.9,2.7,6.7,1.4,39.3,1.0,10.0,4.67,INDEPENDENT HOUSE,8796000.0,5,12877000.0,46.4
1161.0,2.0,1.0,18.0,7.8,17.7,13.3,8.7,3.8,19.7,2.0,6.89,,Apartment,4077000.0,1,4235000.0,3.88
2661.0,5.0,4.0,7.0,8.0,3.1,3.7,2.6,3.1,34.8,2.0,7.08,4.48,Villa,13823000.0,3,16980000.0,22.84
,2.0,1.0,7.0,5.7,10.8,3.1,5.0,9.7,37.3,,6.6,5.07,Apartment,2939000.0,2,3273000.0,11.36
1312.0,2.0,2.0,14.0,5.0,12.0,10.0,,2.3,30.0,2.0,5.68,1.6,Apartment,3249000.0,5,3793000.0,16.74
1579.0,2.0,2.0,9.0,4.0,17.4,6.8,6.2,2.2,28.3,3.0,6.6,2.64,Independent House,4002000.0,4,4563000.0,14.02
1924.0,4.0,4.0,7.0,4.3,16.2,3.2,4.7,,32.1,3.0,5.47,5.15,Independent House,4766000.0,4,5794000.0,21.57
1200.0,3.0,3.0,13.0,6.6,4.0,5.0,7.5,1.8,,,5.75,3.36,Independent House,5935000.0,2,6490000.0,9.35
873.0,1.0,2.0,5.0,5.0,15.7,5.1,5.5,3.8,46.1,1.0,6.28,2.61,Apartment,2110000.0,1,2208000.0,4.64
3339.0,5.0,4.0,14.0,2.9,,5.9,3.6,1.4,38.0,4.0,4.86,2.1,Villa,10316000.0,4,10998000.0,6.61
1028.0,,2.0,7.0,5.6,0.6,,5.2,,31.8,2.0,5.44,0.66,Apartment,3347000.0,3,3628000.0,8.4
1219.0,3.0,4.0,16.0,4.4,15.3,0.9,6.1,1.9,24.4,2.0,6.84,2.82,Apartment,3853000.0,4,4479000.0,16.25
1600.0,2.0,1.0,11.0,4.5,10.3,4.2,7.7,3.4,31.9,2.0,5.57,1.02,Apt,4820000.0,3,5273000.0,9.4
1700.0,3.0,3.0,14.0,6.5,9.8,0.4,4.4,2.6,,3.0,8.05,3.04,Independent House,7053000.0,5,9333000.0,32.33
3217.0,6.0,4.0,6.0,5.8,20.1,7.7,4.6,3.7,36.6,4.0,7.47,1.44,Villa,12251000.0,2,13205000.0,7.79
1353.0,2.0,2.0,15.0,4.2,12.4,5.3,3.7,4.9,40.4,2.0,6.55,3.88,Apartment,2973000.0,1,3097000.0,4.17
1040.0,2.0,2.0,11.0,4.2,12.2,1.2,7.1,6.0,40.5,1.0,5.85,3.78,Apartment,2290000.0,4,2671000.0,16.64
1306.0,2.0,2.0,28.0,5.6,25.1,3.2,7.3,1.9,29.8,2.0,5.52,5.61,Apartment,3233000.0,1,3357000.0,3.84
2134.0,4.0,3.0,7.0,4.3,10.7,1.8,4.0,1.9,26.9,1.0,2.22,1.14,Independent House,5760000.0,3,6220000.0,7.99
2525.0,4.0,3.0,14.0,3.7,16.3,11.0,3.5,2.8,45.1,3.0,5.07,1.75,villa,5891000.0,5,6512000.0,10.54
1715.0,3.0,3.0,6.0,4.8,11.0,1.0,4.9,1.3,23.9,1.0,5.3,3.79,Independent House,5690000.0,1,6022000.0,5.83
1050.0,2.0,2.0,1.0,3.9,23.3,4.0,5.7,1.9,28.6,0.0,5.32,-0.45,Apartment,2716000.0,1,2764000.0,1.77
3955.0,6.0,5.0,22.0,8.1,7.0,0.3,7.2,2.8,33.8,2.0,5.65,3.99,Villa,30454000.0,4,37871000.0,24.35
1297.0,2.0,2.0,2.0,4.4,21.0,11.3,6.6,,8.4,1.0,4.78,3.81,Independent House,3529000.0,1,3636000.0,3.03
1131.0,1.0,1.0,9.0,4.7,15.9,3.4,7.7,3.5,34.8,2.0,3.93,1.95,Apartment,3038000.0,4,3394000.0,11.72
829.0,1.0,1.0,17.0,4.8,14.4,3.0,2.5,6.4,41.5,1.0,4.33,1.48,Apartment,1525000.0,2,1579000.0,3.54
1886.0,4.0,4.0,5.0,7.4,0.9,0.6,,1.5,40.3,2.0,7.41,8.59,Apartment,8687000.0,2,9843000.0,13.31
1027.0,2.0,1.0,11.0,5.7,18.2,6.1,4.5,4.7,38.1,2.0,5.52,5.49,Independent House,2710000.0,5,3266000.0,20.52
1300.0,2.0,3.0,19.0,3.7,17.4,3.8,4.2,5.8,54.5,0.0,4.62,2.59,Apartment,2106000.0,5,2351000.0,11.63
779.0,1.0,1.0,26.0,7.7,10.5,2.0,6.9,1.5,24.0,2.0,7.94,7.32,Apartment,3036000.0,5,4424000.0,45.72
2316.0,4.0,3.0,4.0,7.2,14.8,5.5,3.3,5.5,16.8,3.0,6.14,5.68,Villa,8484000.0,2,9403000.0,10.83
1005.0,2.0,2.0,13.0,5.4,17.2,1.8,5.8,7.9,15.2,0.0,6.69,3.89,Apartment,3056000.0,4,3687000.0,20.65
3055.0,5.0,3.0,13.0,10.0,11.6,12.5,8.6,2.8,16.6,3.0,4.55,7.65,Independent House,18989000.0,3,22341000.0,17.65
2265.0,5.0,4.0,14.0,3.0,25.1,7.1,5.0,3.6,41.1,1.0,6.42,2.79,Independent House,4241000.0,1,4334000.0,2.19
1269.0,2.0,2.0,9.0,8.3,12.9,1.5,5.3,0.9,31.4,1.0,8.12,7.18,APARTMENT,5264000.0,2,6230000.0,18.35
2001.0,4.0,3.0,10.0,2.9,18.9,7.0,3.0,3.1,33.9,3.0,4.62,2.62,Independent House,3685000.0,2,3849000.0,4.45
1657.0,4.0,4.0,4.0,6.0,15.8,7.7,4.8,2.9,32.9,1.0,3.96,0.83,Independent House,4391000.0,2,4548000.0,3.58
876.0,2.0,2.0,5.0,9.9,13.5,1.7,6.9,2.5,17.4,0.0,6.56,2.83,Apartment,5014000.0,5,6726000.0,34.14
2415.0,4.0,4.0,9.0,6.7,10.2,1.0,3.8,1.2,32.3,1.0,5.92,2.16,Independent House,8833000.0,5,10736000.0,21.54
1227.0,2.0,2.0,9.0,6.8,16.3,8.9,2.6,3.5,41.7,1.0,4.45,1.48,Apartment,2406000.0,2,2468000.0,2.58
885.0,3.0,3.0,3.0,9.3,0.5,0.9,5.6,1.5,10.7,2.0,8.48,3.71,Apt,5745000.0,5,8421000.0,46.58
1103.0,3.0,2.0,22.0,9.4,0.5,0.8,3.8,0.9,20.5,1.0,6.93,5.67,Apartment,4990000.0,4,6530000.0,30.86
1475.0,2.0,2.0,22.0,6.5,7.5,5.2,3.4,0.5,33.4,2.0,7.4,4.49,Apartment,3786000.0,1,4015000.0,6.05
1606.0,4.0,4.0,3.0,4.3,15.8,3.6,4.9,1.1,,0.0,5.05,1.79,Apartment,3837000.0,5,4605000.0,20.02
765.0,2.0,2.0,27.0,4.5,14.7,0.8,4.7,4.8,38.6,2.0,6.84,5.57,Apartment,1712000.0,5,2168000.0,26.64
688.0,1.0,1.0,26.0,8.3,14.1,3.6,6.4,0.6,16.8,1.0,4.77,1.84,Apartment,2625000.0,1,2740000.0,4.38
5162.0,6.0,6.0,8.0,7.7,8.8,7.6,4.3,0.9,18.3,4.0,,0.84,Villa,30198000.0,2,32207000.0,6.65
1061.0,3.0,3.0,14.0,5.2,7.4,1.3,5.5,3.6,18.8,1.0,6.91,5.15,Independent House,4397000.0,2,4866000.0,10.67
938.0,2.0,,11.0,9.7,4.8,4.3,8.9,1.8,4.2,0.0,4.83,6.54,Apartment,6139000.0,1,6497000.0,5.83
1540.0,3.0,3.0,4.0,3.1,14.8,9.9,5.6,0.9,36.2,1.0,7.05,5.06,Apartment,3035000.0,5,3592000.0,18.35
1972.0,3.0,3.0,18.0,6.2,13.4,5.1,5.6,0.4,37.5,1.0,3.66,3.05,independent house,6114000.0,4,7018000.0,14.79
637.0,1.0,2.0,15.0,7.6,0.5,2.4,5.3,1.1,,0.0,5.86,3.15,Apartment,3029000.0,1,3179000.0,4.95
699.0,1.0,1.0,10.0,7.7,0.5,0.2,5.9,2.9,35.2,1.0,5.59,1.53,Apartment,3038000.0,3,3598000.0,18.43
1034.0,2.0,1.0,22.0,5.9,17.2,4.2,4.3,4.2,29.1,3.0,4.87,3.41,Independent House,2394000.0,4,2739000.0,14.41
2187.0,4.0,3.0,18.0,4.5,17.0,1.5,5.1,1.2,44.3,2.0,6.14,1.56,Independent House,6968000.0,1,7176000.0,2.99
2780.0,5.0,4.0,12.0,5.3,10.6,1.8,4.7,2.2,30.0,2.0,5.86,2.86,Villa,10676000.0,1,11141000.0,4.36
1332.0,3.0,3.0,3.0,6.1,13.0,2.2,3.9,1.3,25.2,0.0,7.95,,Apartment,5175000.0,5,6916000.0,33.64
1022.0,1.0,1.0,17.0,3.5,19.6,2.8,4.1,1.6,37.8,0.0,7.07,6.93,apartment,1870000.0,2,2069000.0,10.64
2469.0,5.0,5.0,9.0,4.0,21.7,3.1,5.6,2.4,38.0,2.0,4.99,3.85,Independent House,5617000.0,5,6326000.0,12.62
1128.0,2.0,2.0,7.0,4.7,20.2,3.5,3.1,1.9,14.8,1.0,5.09,3.72,Apartment,2743000.0,3,3123000.0,13.85
1838.0,4.0,3.0,2.0,9.5,5.8,3.8,,0.8,13.3,2.0,5.34,2.35,Independent House,9915000.0,3,11690000.0,17.9
876.0,2.0,2.0,11.0,9.2,13.4,5.0,5.7,1.7,2.0,1.0,6.33,9.07,Apartment,4124000.0,5,5987000.0,45.17
3218.0,5.0,5.0,9.0,7.5,11.9,9.4,6.9,4.0,29.6,4.0,6.22,3.49,Villa,16536000.0,3,19137000.0,15.73
1779.0,4.0,3.0,27.0,5.7,9.7,4.4,4.1,1.7,30.1,1.0,7.41,1.83,Independent House,4816000.0,3,5629000.0,16.88
2558.0,5.0,5.0,5.0,4.6,13.0,6.2,5.8,7.1,20.9,2.0,7.01,3.46,Independent House,8440000.0,5,11222000.0,32.96
1439.0,2.0,3.0,26.0,4.7,18.4,9.9,5.3,4.5,47.0,0.0,4.65,2.07,Apartment,1974000.0,3,2160000.0,9.42
1330.0,3.0,3.0,24.0,4.3,13.5,1.2,4.0,1.1,33.5,1.0,6.53,5.24,Apartment,2885000.0,1,3019000.0,4.64
910.0,4.0,4.0,17.0,6.5,3.1,1.9,5.0,2.2,20.8,2.0,6.24,3.9,Apartment,3483000.0,2,3854000.0,10.65
1728.0,3.0,3.0,6.0,5.6,10.1,3.1,4.4,2.9,34.9,2.0,5.05,5.63,Independent House,5580000.0,2,5943000.0,6.51
,3.0,2.0,6.0,4.6,7.3,3.7,5.9,0.8,,3.0,7.91,3.52,Independent House,5719000.0,2,6380000.0,11.56
1372.0,,2.0,15.0,6.4,9.1,0.9,7.2,3.7,24.1,1.0,4.31,3.06,Apartment,5038000.0,5,6138000.0,21.83
814.0,1.0,2.0,29.0,7.0,10.0,1.7,5.8,1.2,35.7,2.0,6.87,3.87,Apartment,2517000.0,4,3157000.0,25.43
1118.0,2.0,2.0,3.0,7.3,0.5,1.0,4.6,1.2,14.0,2.0,5.15,3.47,Apartment,5308000.0,5,6841000.0,28.88
1091.0,2.0,3.0,19.0,10.0,7.1,3.1,7.4,2.2,2.0,3.0,7.51,3.42,Independent House,8427000.0,4,10795000.0,28.1
2980.0,6.0,5.0,30.0,6.4,,1.4,6.2,0.9,,3.0,4.66,2.42,Independent House,12508000.0,1,12853000.0,2.76
2996.0,5.0,4.0,7.0,3.9,16.2,2.9,3.4,2.0,33.3,1.0,3.23,0.75,Independent House,7728000.0,2,8071000.0,4.44
1572.0,3.0,,18.0,3.7,17.4,6.0,5.4,16.5,35.5,2.0,6.76,3.4,Independent House,3099000.0,4,3651000.0,17.81
1761.0,2.0,2.0,8.0,5.7,12.5,3.7,7.8,3.6,14.3,2.0,6.69,3.99,Independent House,6516000.0,5,8901000.0,36.6
1506.0,2.0,3.0,20.0,4.8,18.0,3.8,8.1,1.7,31.3,1.0,7.22,5.5,Apartment,4347000.0,2,4837000.0,11.27
1566.0,2.0,3.0,16.0,5.7,15.3,2.6,5.2,5.5,25.8,2.0,5.35,2.55,Independent House,4950000.0,5,5753000.0,16.22
808.0,2.0,3.0,18.0,6.4,16.2,5.3,4.8,0.7,27.6,0.0,7.66,,Apartment,2097000.0,3,2493000.0,18.88
1500.0,3.0,2.0,4.0,6.9,11.9,2.5,6.8,1.6,28.1,1.0,6.02,4.47,Apartment,7127000.0,5,9683000.0,35.86
1152.0,2.0,1.0,8.0,4.7,18.5,8.7,5.7,1.6,33.8,0.0,5.11,0.36,Apartment,2388000.0,1,2408000.0,0.84
1257.0,2.0,1.0,17.0,5.1,14.9,6.6,6.9,3.1,25.3,1.0,3.14,2.95,Apartment,2875000.0,5,3238000.0,12.63
3601.0,6.0,5.0,24.0,5.4,19.0,2.5,,2.1,38.3,2.0,5.57,5.27,Villa,12753000.0,2,13689000.0,7.34
2426.0,5.0,4.0,11.0,5.5,2.4,2.8,6.4,1.1,34.9,2.0,4.87,0.52,Independent House,10350000.0,5,12295000.0,18.79
1191.0,2.0,2.0,5.0,6.8,2.5,0.8,5.8,1.4,17.7,1.0,7.36,6.98,Apartment,5667000.0,4,7483000.0,32.05
794.0,1.0,1.0,3.0,5.3,11.5,3.3,6.2,1.5,44.7,2.0,6.3,1.54,Apartment,2518000.0,1,2618000.0,3.97
1182.0,2.0,3.0,12.0,4.5,10.9,1.9,6.6,4.2,,0.0,6.09,4.32,Apartment,3155000.0,2,3449000.0,9.32
3562.0,6.0,6.0,10.0,8.6,14.2,4.0,7.4,2.8,24.9,2.0,5.29,4.39,Villa,23797000.0,1,24941000.0,4.81
4444.0,6.0,6.0,14.0,2.7,19.2,3.8,2.2,3.1,33.3,2.0,6.31,,Villa,11166000.0,2,11866000.0,6.27
2161.0,3.0,2.0,8.0,6.8,10.0,1.6,7.5,0.9,29.4,2.0,6.29,9.24,Villa,12167000.0,1,13010000.0,6.93
1593.0,2.0,2.0,6.0,7.9,9.7,10.0,7.5,3.2,20.1,1.0,4.62,4.98,Independent House,6864000.0,3,7953000.0,15.87
648.0,2.0,2.0,21.0,1.2,24.2,3.7,1.5,2.7,36.4,0.0,6.63,1.16,Apartment,881000.0,3,949000.0,7.72
820.0,2.0,2.0,2.0,7.4,16.1,7.2,7.2,2.3,28.4,1.0,6.95,4.14,Apartment,3262000.0,1,3433000.0,5.24
1165.0,2.0,3.0,28.0,5.5,14.5,4.8,5.6,4.4,25.7,1.0,5.77,3.87,Apartment,2786000.0,1,2910000.0,4.45
1963.0,3.0,2.0,12.0,1.0,24.9,21.9,3.1,9.6,36.7,2.0,4.35,2.07,Independent House,1703000.0,2,1704000.0,0.06
942.0,1.0,1.0,8.0,3.6,18.3,1.9,5.3,2.1,33.8,0.0,4.91,3.81,Apartment,1857000.0,5,2269000.0,22.19
1297.0,1.0,1.0,13.0,7.4,10.7,6.2,5.5,2.4,25.6,1.0,7.21,2.54,Apartment,4371000.0,3,5126000.0,17.27
2776.0,,4.0,6.0,2.4,,12.2,6.5,5.1,43.0,4.0,6.01,0.63,Villa,6123000.0,5,7270000.0,18.73
1193.0,2.0,,34.0,6.7,22.9,15.6,3.2,3.3,20.8,1.0,6.45,5.18,Apartment,1861000.0,5,1971000.0,5.91
1003.0,2.0,2.0,11.0,5.3,28.5,4.4,6.5,1.8,23.5,2.0,6.47,,Apartment,2773000.0,1,2887000.0,4.11
2720.0,5.0,4.0,18.0,6.9,0.5,0.4,5.7,2.4,12.6,4.0,6.97,2.65,Villa,22367000.0,1,23846000.0,6.61
901.0,1.0,1.0,5.0,3.6,14.8,1.1,3.1,1.3,29.4,1.0,5.93,4.37,Apartment,2607000.0,1,2728000.0,4.64
870.0,2.0,2.0,5.0,4.9,2.6,1.9,,0.4,37.9,0.0,4.53,0.63,Apartment,2808000.0,4,3140000.0,11.82
2780.0,5.0,4.0,11.0,8.2,18.6,6.4,3.5,5.2,18.0,3.0,5.84,5.71,Independent House,9295000.0,1,9701000.0,4.37
1007.0,2.0,2.0,12.0,8.2,9.8,8.7,7.9,6.7,37.7,0.0,6.7,5.5,Apartment,3399000.0,1,3596000.0,5.8
1940.0,3.0,3.0,22.0,2.7,18.8,1.6,3.3,5.2,29.0,1.0,4.94,2.48,Independent House,3606000.0,5,4116000.0,14.14
3566.0,6.0,6.0,18.0,8.7,13.3,7.9,8.9,0.5,19.1,4.0,6.84,4.27,Villa,25865000.0,3,30053000.0,16.19
1195.0,4.0,4.0,12.0,6.5,11.3,7.4,4.2,1.1,26.6,0.0,7.76,2.35,Apartment,3352000.0,1,3526000.0,5.19
1312.0,2.0,2.0,2.0,7.8,1.8,3.2,6.1,1.4,12.0,1.0,5.09,7.8,Apartment,6964000.0,5,9875000.0,41.8
2481.0,5.0,4.0,47.0,6.6,9.6,6.1,1.8,6.7,13.2,3.0,8.75,,Independent House,5714000.0,5,7873000.0,37.78
1735.0,2.0,2.0,5.0,3.4,14.8,9.3,4.2,1.3,45.4,1.0,4.49,0.51,Independent House,3300000.0,1,3325000.0,0.76
1741.0,4.0,4.0,38.0,5.6,15.6,7.5,3.8,1.4,31.8,1.0,4.7,4.39,Apartment,3908000.0,3,4307000.0,10.21
1057.0,2.0,1.0,2.0,5.1,17.2,3.1,5.6,3.4,23.2,0.0,7.73,5.21,Apartment,2785000.0,3,3323000.0,19.32
6465.0,2.0,2.0,9.0,8.1,11.6,3.5,5.9,2.3,22.7,0.0,4.06,1.27,Apartment,4826000.0,3,5270000.0,9.2
2415.0,4.0,4.0,9.0,10.0,0.5,2.0,6.1,2.3,20.1,3.0,7.61,4.55,Independent House,19434000.0,4,24759000.0,27.4
924.0,2.0,2.0,1.0,2.8,17.2,4.2,2.3,5.9,22.0,0.0,3.22,1.34,Apartment,1728000.0,1,1770000.0,2.43
860.0,2.0,2.0,34.0,6.6,7.5,0.3,4.7,2.7,33.4,1.0,5.94,2.33,Apartment,2620000.0,4,3087000.0,17.82
1683.0,4.0,3.0,14.0,6.3,14.4,3.1,5.0,2.9,39.7,2.0,7.14,7.33,Apartment,5467000.0,2,6076000.0,11.14
988.0,1.0,1.0,6.0,2.0,17.2,10.9,3.6,5.3,47.0,1.0,6.66,4.47,Apartment,1514000.0,3,1622000.0,7.13
2227.0,3.0,3.0,2.0,4.9,13.1,2.7,8.0,3.6,36.1,2.0,6.08,6.56,Independent House,8145000.0,5,10796000.0,32.55
1018.0,1.0,1.0,6.0,5.6,8.2,2.7,3.3,3.3,13.8,1.0,4.3,5.01,Apartment,3143000.0,3,3601000.0,14.57
1792.0,3.0,3.0,12.0,5.6,25.9,15.5,7.0,,12.9,3.0,3.98,3.83,Independent House,4273000.0,3,4479000.0,4.82
1619.0,3.0,2.0,8.0,6.8,5.8,3.2,3.6,4.1,28.7,2.0,7.4,7.24,Independent House,5814000.0,2,6626000.0,13.97
2011.0,4.0,4.0,6.0,8.6,5.8,0.9,,0.9,23.6,3.0,5.85,2.64,,15466000.0,4,18671000.0,20.72
724.0,3.0,3.0,28.0,5.4,1.7,1.3,7.1,2.8,29.2,,6.39,4.56,Apartment,2346000.0,4,2858000.0,21.82
2024.0,3.0,3.0,4.0,7.6,13.9,0.4,4.1,,25.2,0.0,6.39,3.35,Apartment,8908000.0,2,9889000.0,11.01
1878.0,4.0,3.0,10.0,8.9,8.4,1.9,5.4,1.1,23.3,0.0,7.3,,Apartment,9080000.0,5,11996000.0,32.11
1674.0,4.0,4.0,16.0,8.7,7.1,4.6,6.1,5.1,26.7,2.0,5.11,5.46,Independent House,7115000.0,5,9239000.0,29.85
1075.0,,2.0,9.0,8.6,8.8,2.7,5.8,1.3,27.7,1.0,4.09,1.24,Apartment,5310000.0,5,6364000.0,19.85
,3.0,3.0,18.0,9.7,6.3,1.0,5.6,4.1,10.5,2.0,8.6,5.37,Independent House,12983000.0,1,14064000.0,8.33
2713.0,6.0,4.0,5.0,7.1,0.5,2.3,5.0,1.4,28.4,1.0,5.03,3.5,Independent House,14224000.0,2,15358000.0,7.97
2038.0,4.0,4.0,8.0,12.0,13.9,5.0,3.9,4.5,37.9,1.0,4.16,2.45,Independent House,5329000.0,3,5923000.0,11.15
820.0,1.0,1.0,21.0,6.5,8.7,2.3,5.1,1.3,16.1,0.0,4.63,2.7,Apartment,2644000.0,3,2991000.0,13.12
928.0,1.0,1.0,7.0,4.4,9.2,4.6,7.7,1.3,20.2,3.0,6.91,5.0,Independent House,3226000.0,3,3860000.0,19.65
1284.0,1.0,1.0,4.0,4.4,17.1,2.8,5.3,5.6,31.9,0.0,7.32,3.95,Apartment,2638000.0,1,2787000.0,5.65
867.0,1.0,1.0,18.0,,9.9,0.9,6.5,1.4,26.8,1.0,7.38,6.01,Apartment,3411000.0,4,4311000.0,26.39
928.0,2.0,3.0,7.0,1.4,13.3,1.9,8.0,3.3,49.4,1.0,4.48,-0.94,Apartment,1767000.0,4,1935000.0,9.51
507.0,1.0,1.0,8.0,4.7,15.8,0.8,7.3,2.6,20.0,2.0,5.97,3.01,Apartment,1834000.0,2,2045000.0,11.5
842.0,2.0,1.0,10.0,7.2,9.4,3.0,7.3,2.9,24.8,2.0,5.85,3.02,Apartment,3724000.0,2,4155000.0,11.57
976.0,1.0,1.0,6.0,7.3,3.2,1.8,4.7,2.9,37.0,1.0,4.96,7.31,Apartment,4057000.0,1,4294000.0,5.84
1200.0,2.0,2.0,4.0,5.6,12.4,10.2,6.3,1.8,30.2,0.0,7.42,6.51,Apartment,3380000.0,2,3774000.0,11.66
1056.0,2.0,2.0,3.0,8.2,10.4,5.7,6.5,0.5,27.4,1.0,4.15,4.12,Apartment,3962000.0,3,4511000.0,13.86
1114.0,2.0,2.0,13.0,,9.9,4.5,5.6,3.6,49.3,0.0,4.84,3.48,Apartment,2326000.0,4,2656000.0,14.19
2735.0,5.0,4.0,14.0,6.5,16.5,5.8,,4.7,16.7,4.0,4.54,4.99,,9728000.0,1,10154000.0,4.38
1741.0,3.0,2.0,20.0,8.7,7.0,0.7,6.3,,14.2,1.0,5.86,8.08,Independent House,9042000.0,2,10487000.0,15.98
1836.0,3.0,3.0,35.0,7.5,3.6,6.6,7.8,2.2,20.4,3.0,6.2,4.34,Independent House,7777000.0,5,10016000.0,28.79
1424.0,3.0,2.0,22.0,6.4,6.6,3.5,6.2,0.7,30.2,1.0,9.57,,Apartment,4860000.0,5,6591000.0,35.62
3406.0,6.0,5.0,32.0,6.5,10.2,4.4,7.2,0.8,27.8,4.0,4.61,4.73,Villa,14704000.0,2,15680000.0,6.64
1824.0,3.0,3.0,25.0,,12.2,2.3,5.6,2.4,20.2,2.0,5.87,1.94,Independent House,6157000.0,1,6475000.0,5.16
1085.0,2.0,2.0,1.0,9.4,0.5,0.3,3.3,1.9,13.5,2.0,7.18,8.17,Flat,6995000.0,1,7686000.0,9.88
1848.0,4.0,3.0,7.0,6.9,8.1,1.3,2.8,1.5,32.8,2.0,6.83,2.75,independent house,7837000.0,5,10067000.0,28.45
1631.0,4.0,3.0,,7.5,8.5,0.4,6.2,0.9,27.4,1.0,7.08,6.02,Independent House,8698000.0,3,10594000.0,21.8
1080.0,1.0,1.0,11.0,4.6,25.0,2.6,2.1,2.6,27.2,2.0,5.09,,Apartment,2065000.0,3,2245000.0,8.72
904.0,2.0,2.0,10.0,10.0,0.5,1.6,8.4,0.6,21.9,0.0,6.57,6.37,Apartment,6438000.0,3,7968000.0,23.77
949.0,2.0,2.0,6.0,4.1,3.6,1.8,4.1,1.8,48.5,2.0,6.33,6.55,Apartment,2716000.0,4,3271000.0,20.43
1075.0,4.0,4.0,18.0,9.0,0.5,1.9,6.7,0.9,5.7,0.0,5.4,8.1,Apartment,6794000.0,4,8747000.0,28.75
1892.0,3.0,4.0,19.0,8.3,7.2,6.3,6.9,6.8,33.3,2.0,5.67,8.08,Independent House,8931000.0,2,10008000.0,12.06
633.0,1.0,1.0,5.0,9.2,6.4,2.3,5.6,1.7,33.4,1.0,7.95,6.63,Apartment,3262000.0,2,3719000.0,14.01
,4.0,4.0,12.0,6.9,13.3,3.6,8.8,2.3,39.7,2.0,6.93,4.06,Independent House,9618000.0,1,10181000.0,5.85
1174.0,2.0,2.0,7.0,6.2,15.6,4.0,5.0,2.4,28.3,1.0,7.26,5.71,Apartment,3593000.0,2,4023000.0,11.97
1721.0,,3.0,19.0,6.0,11.0,3.3,4.0,4.1,25.7,,5.02,3.9,Independent House,5380000.0,3,6160000.0,14.5
1135.0,3.0,2.0,19.0,1.0,28.5,4.4,3.5,0.8,43.3,0.0,2.91,-0.08,Apartment,1330000.0,1,1335000.0,0.38
4946.0,6.0,5.0,9.0,8.3,4.4,3.1,7.1,2.1,24.3,4.0,7.04,4.66,Villa,42819000.0,1,45814000.0,6.99
770.0,1.0,2.0,5.0,8.0,6.1,4.9,5.4,0.9,17.0,1.0,6.67,3.98,Apartment,3675000.0,3,4307000.0,17.2
512.0,2.0,3.0,1.0,1.0,16.8,6.3,3.0,12.9,44.2,2.0,3.94,2.24,Apartment,783000.0,4,873000.0,11.49
724.0,2.0,3.0,24.0,4.6,16.8,4.0,3.5,1.8,35.2,0.0,5.74,3.35,Apartment,1411000.0,1,1466000.0,3.9
1234.0,3.0,4.0,5.0,3.1,20.6,11.9,7.4,3.4,43.6,1.0,5.73,4.38,Apartment,2281000.0,1,2359000.0,3.42
1349.0,2.0,2.0,15.0,5.9,8.7,2.2,6.2,1.1,33.8,0.0,7.9,5.39,Apartment,4477000.0,1,4727000.0,5.58
929.0,3.0,4.0,6.0,6.9,8.6,1.9,4.8,2.6,31.1,2.0,7.12,4.11,Apartment,4508000.0,1,4776000.0,5.94
1026.0,2.0,2.0,13.0,7.8,9.8,0.4,6.8,2.3,8.8,2.0,3.47,-0.81,Apartment,4528000.0,2,4832000.0,6.71
1437.0,3.0,3.0,13.0,6.7,11.1,9.2,4.0,3.2,28.1,2.0,6.26,,Independent House,3894000.0,5,4686000.0,20.34
1504.0,3.0,3.0,4.0,6.0,5.7,2.1,3.7,1.6,33.0,2.0,7.15,1.95,Independent House,5777000.0,4,7195000.0,24.55
1111.0,2.0,2.0,5.0,8.0,8.7,4.5,6.7,1.5,21.8,1.0,4.83,0.93,Apartment,5394000.0,1,5628000.0,4.34
878.0,1.0,1.0,3.0,1.2,15.7,19.7,2.0,2.9,36.1,1.0,6.71,4.37,Apartment,992000.0,1,1011000.0,1.92
1416.0,3.0,2.0,7.0,6.2,8.7,1.6,4.9,2.7,,3.0,7.62,5.71,Independent House,6138000.0,5,8077000.0,31.59
3803.0,6.0,,11.0,6.6,12.0,3.4,5.8,2.7,44.9,4.0,5.95,4.35,Villa,19276000.0,1,20179000.0,4.68
1982.0,3.0,3.0,6.0,6.6,4.1,1.5,4.6,1.3,35.5,1.0,6.02,2.98,Independent House,8054000.0,4,9590000.0,19.07
641.0,1.0,1.0,6.0,5.1,10.8,5.7,7.3,4.8,35.4,1.0,6.44,2.13,Apartment,1716000.0,3,1946000.0,13.4
866.0,1.0,1.0,26.0,6.8,15.6,6.4,6.9,7.4,12.2,2.0,4.14,1.19,Apartment,2436000.0,2,2526000.0,3.69
1770.0,2.0,2.0,7.0,2.0,15.2,2.6,2.7,2.3,37.7,3.0,6.42,,Independent House,4004000.0,3,4441000.0,10.91
1774.0,2.0,2.0,17.0,4.0,10.0,2.5,3.6,2.3,50.5,1.0,7.75,5.27,Independent House,4169000.0,3,4732000.0,13.5
1817.0,3.0,4.0,8.0,10.0,3.5,2.5,7.7,2.2,16.5,0.0,6.02,8.65,Apartment,15483000.0,5,21845000.0,41.09
872.0,2.0,2.0,18.0,7.0,16.7,2.0,6.8,9.0,29.2,0.0,4.87,2.1,Apartment,2751000.0,1,2859000.0,3.93
3340.0,6.0,5.0,,4.4,17.9,8.3,5.6,4.1,29.7,4.0,6.29,5.15,Villa,11008000.0,1,11382000.0,3.4
1775.0,2.0,1.0,33.0,7.0,6.2,0.5,6.9,2.1,36.6,1.0,8.03,4.76,Independent House,7107000.0,2,7892000.0,11.05
1531.0,3.0,2.0,11.0,5.4,17.4,0.6,6.0,1.6,23.1,3.0,4.49,-1.16,Independent House,5118000.0,5,5776000.0,12.86
1216.0,3.0,3.0,19.0,3.5,20.8,1.6,5.8,4.2,28.7,1.0,6.26,4.1,Apartment,2690000.0,4,3308000.0,22.97
1039.0,1.0,1.0,27.0,3.6,9.4,0.1,1.9,5.0,40.0,1.0,6.02,1.0,Apartment,2023000.0,5,2374000.0,17.35
3444.0,6.0,5.0,,6.2,9.2,3.4,4.4,2.7,40.2,1.0,6.22,2.55,Independent House,13240000.0,2,14480000.0,9.37
766.0,3.0,3.0,19.0,7.1,0.5,0.4,4.8,1.1,28.8,1.0,7.16,5.31,Apartment,3623000.0,5,5088000.0,40.44
2583.0,,4.0,14.0,6.8,5.8,1.7,6.9,2.2,18.0,3.0,7.31,7.91,Independent House,12917000.0,2,14906000.0,15.4
1416.0,3.0,3.0,18.0,5.4,16.5,3.7,5.7,4.3,45.2,0.0,6.62,4.19,Apartment,3388000.0,4,3961000.0,16.91
2658.0,4.0,5.0,35.0,3.9,17.8,11.4,2.9,6.5,41.2,2.0,4.27,3.94,Independent House,3777000.0,3,3952000.0,4.63
546.0,2.0,2.0,15.0,10.0,5.7,0.5,6.5,3.9,27.7,1.0,6.62,5.17,Apartment,3280000.0,3,4003000.0,22.04
1378.0,3.0,3.0,5.0,7.7,2.0,1.7,7.3,0.6,29.1,1.0,6.6,3.59,Apartment,8356000.0,1,8828000.0,5.65
1557.0,3.0,,8.0,7.2,14.3,4.6,5.3,3.3,32.3,,7.53,5.69,Independent House,5923000.0,2,6598000.0,11.4
966.0,2.0,,31.0,6.0,9.8,4.2,5.2,0.8,33.8,1.0,4.74,-1.23,Apartment,2429000.0,2,2574000.0,5.97
3342.0,6.0,4.0,4.0,,14.8,1.1,5.5,3.2,51.7,3.0,6.06,,Independent House,13048000.0,4,15635000.0,19.83
2871.0,6.0,6.0,15.0,8.1,8.5,3.0,6.4,1.7,13.8,2.0,7.08,4.41,VILLA,17727000.0,1,18775000.0,5.91
2251.0,4.0,3.0,13.0,6.6,12.2,5.8,3.8,,38.4,2.0,6.55,3.24,Independent House,7330000.0,4,9013000.0,22.96
1092.0,1.0,1.0,4.0,4.4,12.2,5.1,7.4,1.7,32.4,0.0,4.58,3.5,Apartment,2488000.0,2,2687000.0,8.0
1081.0,2.0,3.0,9.0,10.0,10.3,6.9,10.0,4.2,29.6,1.0,7.15,5.17,Independent House,7137000.0,5,9814000.0,37.51
853.0,1.0,1.0,32.0,4.0,8.3,2.1,3.9,1.8,16.3,1.0,5.71,4.48,Apartment,1557000.0,4,1778000.0,14.19
1995.0,2.0,2.0,6.0,3.7,10.5,1.1,3.9,1.3,42.1,3.0,5.87,-0.06,Independent House,5194000.0,1,5405000.0,4.06
1902.0,4.0,3.0,25.0,4.1,16.6,0.1,3.6,0.6,,2.0,6.47,-0.02,independent house,4628000.0,1,4816000.0,4.06
3328.0,6.0,4.0,13.0,7.6,5.5,1.2,5.7,3.1,20.8,4.0,6.33,6.22,Villa,24775000.0,4,31902000.0,28.77
2009.0,4.0,3.0,25.0,4.6,15.1,4.5,6.3,2.0,33.5,1.0,7.64,5.65,Independent House,4896000.0,4,5978000.0,22.1
2168.0,4.0,4.0,1.0,3.0,11.6,3.4,5.5,3.0,29.6,2.0,5.53,3.12,Independent House,6848000.0,5,8105000.0,18.36
837.0,2.0,2.0,12.0,5.6,10.0,8.1,6.5,2.1,24.6,1.0,5.76,5.33,Apartment,2231000.0,1,2340000.0,4.89
717.0,1.0,2.0,8.0,5.3,23.0,2.6,4.0,8.3,22.9,2.0,6.07,5.14,Apartment,1954000.0,1,2051000.0,4.96
1109.0,1.0,2.0,2.0,4.3,11.8,4.6,5.3,6.1,36.7,2.0,5.76,2.0,Apartment,2869000.0,5,3353000.0,16.87
1699.0,3.0,4.0,22.0,3.1,20.9,6.9,2.8,2.6,51.7,1.0,3.71,1.88,Apartment,2470000.0,3,2589000.0,4.82
1218.0,2.0,2.0,7.0,4.4,13.3,2.5,6.2,3.6,22.3,2.0,5.9,3.15,Apartment,4271000.0,4,5012000.0,17.35
703.0,1.0,1.0,10.0,6.5,8.3,2.8,5.1,3.0,29.0,2.0,4.56,,Apartment,2505000.0,1,2630000.0,4.99
1614.0,2.0,2.0,40.0,5.2,11.2,5.7,1.6,2.8,29.9,2.0,4.29,3.13,Independent House,3249000.0,2,3398000.0,4.59
1219.0,2.0,2.0,11.0,4.3,15.5,9.0,2.2,6.0,31.5,0.0,5.88,4.78,Apartment,2114000.0,2,2286000.0,8.14
1482.0,,3.0,11.0,4.9,10.3,5.9,7.1,0.5,21.3,0.0,5.74,3.18,Apartment,4631000.0,1,4835000.0,4.41
2710.0,5.0,5.0,11.0,2.6,20.6,0.5,4.7,6.3,33.7,4.0,4.45,1.13,Villa,7802000.0,4,8329000.0,6.75
1986.0,4.0,4.0,22.0,1.0,14.8,5.4,4.1,1.5,43.6,1.0,5.84,4.25,Apartment,3001000.0,1,3057000.0,1.87
1265.0,3.0,3.0,24.0,8.4,4.8,5.5,8.5,1.2,23.9,0.0,4.47,4.4,Apartment,5593000.0,2,6087000.0,8.83
683.0,1.0,1.0,31.0,7.0,11.9,5.2,3.9,0.5,29.6,2.0,6.5,5.56,Apartment,1606000.0,3,1900000.0,18.31
1133.0,3.0,2.0,27.0,7.8,7.3,2.3,5.9,0.7,21.5,0.0,7.6,3.5,Apartment,3967000.0,4,5016000.0,26.44
1943.0,4.0,3.0,22.0,2.5,15.2,4.8,3.3,9.1,28.5,1.0,5.06,-1.47,Apartment,2942000.0,1,2945000.0,0.1
1927.0,4.0,3.0,33.0,2.7,15.9,6.9,5.3,6.7,30.9,1.0,6.45,3.4,Apartment,2824000.0,2,3000000.0,6.23
2905.0,6.0,5.0,2.0,5.1,13.0,3.3,3.7,6.7,25.8,2.0,5.38,3.17,Independent House,12457000.0,3,13466000.0,8.1
1230.0,3.0,3.0,4.0,7.5,8.7,2.9,5.2,2.9,30.9,2.0,7.71,7.88,Apartment,5274000.0,4,7011000.0,32.94
1327.0,2.0,2.0,13.0,1.0,10.5,1.9,3.9,2.4,34.7,0.0,5.23,1.52,Apartment,2135000.0,2,2255000.0,5.62
1241.0,2.0,2.0,11.0,4.8,5.2,3.2,5.3,1.3,36.3,2.0,7.27,4.08,Apartment,3959000.0,5,5131000.0,29.6
1767.0,4.0,3.0,8.0,7.6,12.3,2.5,7.4,1.6,15.8,0.0,,9.32,Apartment,7968000.0,4,11195000.0,40.5
1178.0,2.0,3.0,7.0,5.1,8.0,0.3,4.0,2.9,32.6,0.0,6.87,4.92,Apartment,3730000.0,5,4838000.0,29.71
940.0,1.0,1.0,10.0,3.7,12.7,4.5,5.9,4.2,49.5,2.0,6.18,,Apartment,1864000.0,5,2094000.0,12.34
1324.0,2.0,1.0,4.0,6.1,14.8,3.4,4.7,4.5,26.3,1.0,5.82,3.77,apartment,4028000.0,2,4412000.0,9.53
1924.0,4.0,2.0,20.0,5.2,14.0,1.9,6.4,0.9,35.4,1.0,4.57,0.71,Independent House,5430000.0,3,5603000.0,3.19
1615.0,3.0,2.0,16.0,8.6,8.4,4.5,6.9,5.1,34.3,3.0,6.52,3.86,Independent House,8605000.0,4,10912000.0,26.81
955.0,3.0,3.0,32.0,7.9,15.1,14.3,7.8,1.1,34.8,2.0,6.66,5.78,Apartment,2960000.0,3,3358000.0,13.45
1494.0,2.0,2.0,1.0,5.4,13.6,2.4,2.2,3.5,22.2,0.0,6.84,4.92,Apt,4680000.0,5,6002000.0,28.25
721.0,2.0,2.0,9.0,5.4,8.5,0.9,5.7,0.7,39.2,1.0,5.22,2.86,Apartment,2356000.0,3,2627000.0,11.5
932.0,2.0,2.0,6.0,5.6,9.2,4.6,5.8,1.5,44.2,1.0,7.82,1.49,Apartment,2784000.0,3,3214000.0,15.45
733.0,2.0,1.0,7.0,5.2,10.1,3.7,4.8,6.1,25.9,1.0,7.05,5.22,Apartment,2357000.0,1,2501000.0,6.11
1240.0,2.0,2.0,,10.0,2.2,1.4,5.6,1.1,21.0,2.0,8.92,4.62,Apartment,6917000.0,1,7515000.0,8.65
1661.0,3.0,2.0,8.0,8.7,8.5,3.2,5.4,4.1,17.7,0.0,8.12,3.84,Apartment,7337000.0,5,10304000.0,40.44
984.0,1.0,1.0,9.0,4.9,15.3,6.4,7.7,6.6,26.1,0.0,6.36,4.78,Apartment,2335000.0,4,2827000.0,21.07
1003.0,1.0,1.0,5.0,6.8,8.2,,3.9,1.3,37.2,1.0,5.64,2.64,Apartment,3315000.0,1,3429000.0,3.44
1631.0,3.0,2.0,17.0,4.4,13.7,1.8,6.5,4.5,26.5,2.0,5.48,1.0,Apartment,4251000.0,5,5007000.0,17.78
1284.0,2.0,1.0,4.0,8.8,10.6,3.2,3.6,6.5,2.0,2.0,6.9,5.62,Independent House,6183000.0,4,7945000.0,28.5
1104.0,2.0,2.0,12.0,7.1,11.7,0.7,8.4,2.9,33.1,2.0,4.96,5.22,Apartment,38913000.0,3,44685000.0,14.83
1828.0,5.0,5.0,8.0,5.1,19.8,3.3,3.9,3.0,21.7,3.0,7.67,7.55,Villa,7045000.0,3,8516000.0,20.88
960.0,2.0,3.0,21.0,4.8,18.3,1.2,2.8,3.6,38.2,0.0,6.32,3.2,Apartment,1921000.0,4,2280000.0,18.69
2356.0,4.0,4.0,9.0,8.3,0.5,1.4,10.0,0.5,29.3,2.0,6.52,1.44,Independent House,18589000.0,5,24178000.0,30.07
1859.0,3.0,3.0,,6.8,6.6,1.3,3.8,2.4,27.3,0.0,4.96,6.66,Apartment,6457000.0,4,7751000.0,20.04
753.0,2.0,3.0,10.0,4.7,14.8,1.9,,,37.2,2.0,5.59,2.82,Apartment,1922000.0,3,2201000.0,14.52
1756.0,4.0,3.0,19.0,6.2,21.6,3.2,6.5,7.0,39.1,1.0,7.35,3.41,Independent House,5361000.0,1,5623000.0,4.89
1713.0,4.0,4.0,8.0,4.5,10.4,2.1,3.8,3.9,44.0,1.0,5.58,3.57,Apartment,4905000.0,5,5882000.0,19.92
1143.0,3.0,3.0,9.0,7.6,10.6,1.1,7.0,6.1,41.7,0.0,5.72,2.2,Apartment,3991000.0,2,4299000.0,7.72
1948.0,4.0,4.0,3.0,10.0,7.0,2.8,7.8,2.3,28.3,2.0,4.39,2.76,Independent House,19507000.0,1,20648000.0,5.85
2475.0,4.0,4.0,10.0,9.5,13.8,2.2,8.2,0.4,19.7,,6.98,5.74,Independent House,16693000.0,1,17651000.0,5.74
1293.0,2.0,2.0,4.0,9.6,2.0,0.8,6.1,1.9,43.4,0.0,4.6,2.26,Apartment,8126000.0,1,8479000.0,4.34
1671.0,3.0,3.0,7.0,7.3,9.0,9.7,5.9,2.6,26.1,3.0,8.06,3.9,Independent House,6051000.0,2,6903000.0,14.08
907.0,1.0,1.0,10.0,7.4,10.2,2.5,6.7,3.9,21.8,,6.11,5.63,Apartment,3702000.0,5,4880000.0,31.82
982.0,3.0,2.0,16.0,6.4,19.4,4.9,4.2,2.5,20.4,0.0,5.2,6.88,Apartment,2592000.0,4,3298000.0,27.24
2635.0,4.0,4.0,26.0,7.4,7.2,4.5,4.6,2.6,20.4,2.0,4.48,3.58,Independent House,9280000.0,3,10439000.0,12.49
1236.0,2.0,2.0,6.0,4.3,12.6,5.8,3.8,1.4,43.7,0.0,5.1,1.64,Apartment,2426000.0,3,2626000.0,8.24
2136.0,3.0,3.0,5.0,8.0,15.7,7.6,6.1,3.7,31.4,1.0,6.94,6.34,Independent House,9201000.0,3,10763000.0,16.98
987.0,1.0,1.0,16.0,6.9,8.3,5.8,5.1,1.5,25.6,1.0,4.04,5.5,apartment,2517000.0,1,2612000.0,3.77
887.0,2.0,2.0,5.0,3.0,22.9,9.4,5.3,5.7,47.5,2.0,3.4,2.83,Apartment,1287000.0,1,1304000.0,1.32
871.0,1.0,1.0,,10.0,0.5,2.6,5.4,0.6,,0.0,7.69,8.23,Apartment,5292000.0,5,7794000.0,47.28
1341.0,3.0,2.0,10.0,7.6,8.5,2.7,3.5,3.6,28.8,2.0,7.04,2.81,,4832000.0,3,5601000.0,15.91
1186.0,2.0,1.0,15.0,7.6,9.4,4.6,6.5,3.7,35.2,0.0,6.53,3.23,Apt,4169000.0,5,5512000.0,32.21
3559.0,6.0,5.0,14.0,3.9,20.3,2.7,3.8,0.8,33.2,4.0,4.63,,Villa,12922000.0,2,13602000.0,5.26
3398.0,5.0,5.0,24.0,7.4,19.5,1.9,5.1,4.1,38.3,0.0,6.16,2.76,Apartment,9546000.0,4,11103000.0,16.31
1766.0,3.0,2.0,6.0,2.2,13.3,4.4,5.0,1.3,60.4,0.0,5.88,5.5,Apartment,3673000.0,1,3811000.0,3.76
1402.0,3.0,3.0,8.0,,0.9,2.3,2.8,,35.0,1.0,7.48,1.7,Apartment,3944000.0,5,4914000.0,24.59
812.0,3.0,2.0,24.0,7.4,12.7,11.6,8.0,2.1,33.2,2.0,7.61,6.85,Apartment,2602000.0,2,2987000.0,14.8
1020.0,1.0,1.0,22.0,5.8,5.5,1.2,4.7,,,1.0,,2.38,Apartment,2903000.0,1,3036000.0,4.58
817.0,2.0,2.0,4.0,6.1,5.8,2.2,5.8,2.4,36.8,1.0,7.65,6.11,Apartment,3213000.0,2,3725000.0,15.94
1254.0,2.0,2.0,14.0,4.2,12.3,1.7,4.9,3.0,14.5,2.0,5.11,-0.8,Apartment,4064000.0,5,4961000.0,22.07
2447.0,5.0,4.0,9.0,4.3,16.8,14.1,2.8,9.1,25.6,1.0,7.94,4.97,Independent House,5023000.0,3,5618000.0,11.85
943.0,2.0,2.0,13.0,5.7,13.9,11.0,4.5,3.3,32.4,0.0,3.48,-0.89,Apartment,1539000.0,1,1548000.0,0.58
531.0,1.0,1.0,20.0,3.4,10.8,12.0,3.3,0.6,26.2,2.0,5.26,4.48,Apartment,840000.0,5,993000.0,18.21
2335.0,4.0,3.0,15.0,7.4,4.0,1.3,7.2,6.2,27.6,2.0,7.29,4.97,Apartment,10885000.0,2,12129000.0,11.43
1101.0,1.0,1.0,8.0,6.5,12.7,4.9,4.9,0.7,20.1,0.0,4.09,6.64,Apartment,3272000.0,2,3565000.0,8.95
1067.0,2.0,2.0,25.0,7.2,5.4,4.0,4.5,1.0,29.5,1.0,7.44,4.81,Apartment,3710000.0,1,3922000.0,5.71
974.0,1.0,1.0,-11.0,3.0,12.7,11.3,5.5,2.6,39.7,2.0,5.93,1.67,Apartment,1561000.0,1,1593000.0,2.05
2153.0,4.0,3.0,17.0,4.1,9.2,0.9,3.6,2.4,39.6,3.0,6.46,2.79,House,6014000.0,5,7603000.0,26.42
1328.0,4.0,4.0,9.0,3.4,26.5,11.0,5.8,13.2,31.0,0.0,4.22,0.28,Apartment,1993000.0,3,2097000.0,5.22
1139.0,3.0,2.0,17.0,9.1,8.5,1.6,7.9,2.2,7.5,,4.92,5.88,Independent House,8447000.0,4,10607000.0,25.57
2895.0,6.0,5.0,11.0,10.0,2.2,3.3,8.3,0.9,29.2,2.0,5.36,3.88,Villa,31978000.0,2,36215000.0,13.25
1204.0,3.0,,13.0,6.8,9.3,4.2,7.7,1.6,23.5,3.0,5.05,2.49,Independent House,5735000.0,5,7255000.0,26.5
3182.0,6.0,5.0,7.0,6.8,2.3,1.2,8.6,1.2,12.5,3.0,4.15,5.09,Villa,27863000.0,3,32119000.0,15.27
722.0,1.0,1.0,22.0,8.1,2.0,1.1,3.5,1.1,23.5,2.0,5.35,5.49,Apartment,2600000.0,1,2700000.0,3.85
1985.0,4.0,3.0,5.0,4.8,14.8,0.8,7.1,1.0,24.4,2.0,4.12,1.18,Independent House,7414000.0,5,8724000.0,17.67
1030.0,1.0,2.0,4.0,3.8,20.9,4.5,5.9,2.7,37.2,2.0,5.17,4.49,Apartment,2203000.0,4,2693000.0,22.24
3567.0,6.0,5.0,,4.8,12.0,0.6,8.3,,27.2,4.0,5.97,4.6,Villa,18443000.0,5,24322000.0,31.88
1140.0,0.0,3.0,20.0,6.4,9.0,4.1,4.7,3.1,12.9,2.0,5.08,5.31,Apartment,3917000.0,2,4166000.0,6.36
807.0,1.0,1.0,3.0,6.8,18.6,2.0,6.4,5.1,18.2,1.0,7.43,4.65,Apartment,2692000.0,2,3095000.0,14.97
1021.0,3.0,3.0,1.0,5.3,5.5,1.8,6.6,2.9,22.5,0.0,5.92,3.7,Apartment,3869000.0,1,4092000.0,5.76
1013.0,1.0,1.0,17.0,8.0,1.8,1.1,4.2,1.0,10.2,2.0,5.66,5.57,Apartment,4489000.0,4,5653000.0,25.93
771.0,1.0,2.0,19.0,4.6,6.4,1.4,6.5,1.2,41.9,2.0,5.32,2.55,Apartment,1898000.0,3,2115000.0,11.43
761.0,1.0,1.0,12.0,10.0,9.3,2.3,5.7,3.4,5.5,0.0,6.01,5.52,Apartment,3416000.0,2,3898000.0,14.11
1925.0,3.0,3.0,9.0,5.7,22.2,9.5,2.9,6.6,32.7,3.0,6.04,2.39,Independent House,4749000.0,3,5137000.0,8.17
857.0,1.0,1.0,2.0,5.0,9.1,3.3,4.6,2.8,36.5,0.0,6.46,1.5,Apartment,2197000.0,1,2266000.0,3.14
2123.0,4.0,3.0,34.0,6.6,9.2,1.1,3.0,3.2,15.2,2.0,6.69,3.47,Independent House,6634000.0,2,7377000.0,11.2
1388.0,2.0,2.0,20.0,6.6,8.8,2.4,4.0,0.5,33.8,2.0,6.34,1.72,Independent House,4840000.0,3,5406000.0,11.69
940.0,2.0,2.0,10.0,2.3,19.1,8.9,6.5,12.8,38.8,1.0,3.02,,Apartment,1347000.0,1,1355000.0,0.59
1140.0,3.0,3.0,14.0,7.0,5.4,1.5,3.9,2.9,8.7,2.0,6.13,2.44,Apartment,4469000.0,2,4950000.0,10.76
3182.0,6.0,5.0,7.0,6.8,2.3,1.2,8.6,1.2,12.5,3.0,4.15,5.09,Villa,27863000.0,3,32119000.0,15.27
1350.0,2.0,2.0,5.0,8.4,4.8,1.0,3.6,4.3,21.4,0.0,5.95,6.23,Apartment,4961000.0,3,6013000.0,21.21
2504.0,5.0,4.0,3.0,7.1,20.0,4.3,6.0,1.2,32.4,1.0,8.23,3.66,Independent House,10507000.0,5,13969000.0,32.95
2429.0,,3.0,12.0,10.0,5.5,4.3,4.3,3.1,14.8,4.0,6.72,7.03,Villa,21177000.0,2,24558000.0,15.97
1452.0,2.0,2.0,2.0,6.6,6.2,2.6,5.3,2.3,39.4,2.0,5.55,4.54,Apartment,5508000.0,2,6013000.0,9.17
1041.0,2.0,1.0,17.0,3.1,14.9,2.9,4.6,2.9,41.4,1.0,4.46,-0.22,Apartment,1820000.0,1,1844000.0,1.32
1020.0,3.0,3.0,24.0,7.4,0.6,3.5,,0.5,12.3,1.0,5.06,4.02,Apartment,3512000.0,1,3668000.0,4.44
1120.0,1.0,2.0,15.0,8.7,13.1,0.9,5.7,4.6,11.6,1.0,5.63,6.25,Apartment,4957000.0,2,5596000.0,12.89
1572.0,2.0,2.0,6.0,6.0,18.6,9.8,5.7,4.5,42.6,2.0,5.54,5.26,Independent House,4022000.0,5,4679000.0,16.34
735.0,1.0,1.0,7.0,5.7,4.9,1.9,5.8,0.8,44.7,1.0,5.53,7.7,Apartment,2184000.0,4,2666000.0,22.07
4200.0,6.0,5.0,8.0,4.3,19.9,7.1,5.0,,27.2,2.0,4.43,1.83,Villa,13637000.0,3,14507000.0,6.38
1297.0,3.0,3.0,3.0,5.6,17.5,11.9,4.3,7.9,8.2,0.0,6.19,5.96,Apartment,3094000.0,1,3203000.0,3.52
1203.0,2.0,3.0,24.0,5.7,14.4,6.9,6.5,2.9,21.1,1.0,7.62,6.22,,3126000.0,2,3449000.0,10.33
1083.0,1.0,2.0,6.0,8.0,9.3,2.8,5.9,3.7,26.5,1.0,5.84,7.37,Apartment,4877000.0,1,5161000.0,5.82
3008.0,5.0,3.0,8.0,3.6,0.5,0.9,7.0,0.8,43.7,1.0,3.98,-0.55,Independent House,10433000.0,3,10894000.0,4.42
1182.0,2.0,2.0,2.0,4.3,14.7,2.4,5.7,3.1,,2.0,7.28,2.26,Apartment,3013000.0,1,3226000.0,7.07
899.0,2.0,2.0,24.0,4.4,10.5,4.5,3.8,0.9,24.2,0.0,6.99,2.75,Apartment,2162000.0,2,2395000.0,10.78
978.0,3.0,3.0,9.0,7.3,11.6,3.0,6.7,2.1,24.5,0.0,5.1,4.92,Apartment,4303000.0,5,5276000.0,22.61
2088.0,4.0,3.0,10.0,8.2,13.5,,8.4,3.8,43.7,1.0,4.92,3.6,Independent House,9345000.0,4,10943000.0,17.1
574.0,2.0,2.0,28.0,8.8,5.2,0.8,9.8,0.8,27.8,1.0,6.84,4.61,Apartment,3108000.0,5,4417000.0,42.12
3627.0,6.0,5.0,10.0,7.0,15.3,7.2,6.1,4.3,34.7,3.0,8.15,6.57,Villa,17207000.0,2,19857000.0,15.4
1181.0,3.0,3.0,2.0,7.8,8.5,1.3,7.2,2.3,12.6,1.0,7.89,5.21,Apartment,6777000.0,5,9862000.0,45.52
770.0,1.0,2.0,13.0,6.5,2.7,3.3,5.5,1.6,47.5,1.0,5.48,1.19,Apartment,2171000.0,2,2349000.0,8.2
1347.0,1.0,1.0,15.0,9.0,4.2,1.2,7.4,2.7,2.0,1.0,5.52,3.66,Independent House,8471000.0,2,9539000.0,12.61
1325.0,3.0,3.0,12.0,3.0,22.8,2.3,5.5,9.3,40.2,3.0,3.38,1.36,Independent House,2547000.0,5,2952000.0,15.9
1647.0,3.0,3.0,20.0,8.1,7.8,0.6,,4.4,38.3,1.0,5.28,,Independent House,6530000.0,5,8343000.0,27.76
952.0,2.0,2.0,9.0,4.4,10.4,6.8,4.5,0.6,31.9,0.0,5.06,3.39,Apartment,2374000.0,4,2697000.0,13.61
789.0,1.0,1.0,23.0,6.7,14.2,3.5,5.0,2.2,28.8,1.0,5.75,4.19,Apartment,1929000.0,5,2446000.0,26.8
1433.0,3.0,2.0,-16.0,7.0,8.5,2.9,5.6,4.2,24.7,0.0,4.88,4.7,Apartment,4354000.0,2,4840000.0,11.16
1988.0,3.0,3.0,8.0,8.2,11.3,0.7,6.3,0.6,32.0,1.0,5.39,5.36,Independent House,10497000.0,5,13983000.0,33.21
1369.0,3.0,2.0,10.0,1.5,22.0,1.4,1.6,6.3,37.5,1.0,6.64,3.15,Flat,2066000.0,2,2171000.0,5.08
865.0,2.0,3.0,9.0,3.7,14.3,1.5,7.7,2.2,48.7,1.0,6.01,4.28,Apartment,2363000.0,4,2752000.0,16.46
3988.0,6.0,,3.0,5.8,6.6,1.7,5.8,2.9,54.6,3.0,6.02,2.98,Villa,23041000.0,4,27169000.0,17.92
1100.0,3.0,3.0,7.0,5.2,10.5,8.5,5.3,3.7,37.0,0.0,5.84,2.88,Apartment,2581000.0,4,3036000.0,17.63
1821.0,2.0,2.0,5.0,6.5,10.6,,5.3,5.0,38.4,0.0,5.59,2.31,Apartment,5895000.0,5,7547000.0,28.02
1427.0,3.0,3.0,20.0,6.8,9.6,1.4,6.8,0.7,32.5,,7.21,1.12,Apartment,5348000.0,3,6231000.0,16.51
1113.0,3.0,3.0,2.0,5.2,10.6,2.3,5.1,2.8,27.9,2.0,4.83,1.72,Apartment,3440000.0,2,3802000.0,10.52
656.0,2.0,2.0,6.0,4.5,23.5,15.6,4.9,4.2,42.3,1.0,5.01,3.81,Apartment,946000.0,2,973000.0,2.85
1476.0,2.0,2.0,14.0,5.7,10.1,1.0,5.8,4.3,17.5,1.0,8.07,3.44,Independent House,7196000.0,3,8599000.0,19.5
2117.0,4.0,3.0,8.0,5.7,9.7,5.6,,2.1,28.6,1.0,5.69,5.01,Independent House,6550000.0,2,7148000.0,9.13
1145.0,3.0,3.0,16.0,10.0,10.7,3.1,5.8,1.0,19.4,2.0,6.55,5.17,Apartment,5957000.0,3,7530000.0,26.41
2716.0,4.0,3.0,15.0,6.7,11.6,2.1,5.1,2.4,28.4,2.0,6.62,2.88,Villa,11746000.0,4,13559000.0,15.44
1783.0,4.0,3.0,2.0,6.8,9.6,2.5,7.8,2.2,19.2,1.0,6.6,2.4,Apartment,9323000.0,1,9793000.0,5.04
1513.0,3.0,3.0,8.0,8.0,2.9,0.6,3.6,0.5,16.0,3.0,8.37,5.58,Independent House,9297000.0,2,10812000.0,16.3
737.0,1.0,2.0,22.0,8.3,1.5,0.4,6.8,0.7,22.3,1.0,8.09,2.48,Apartment,3950000.0,4,5343000.0,35.27
2360.0,4.0,4.0,3.0,7.0,11.9,4.4,7.0,0.7,24.5,1.0,5.37,2.84,Independent House,11043000.0,3,12881000.0,16.64
1462.0,1.0,1.0,12.0,8.1,7.1,1.8,5.9,3.8,27.6,1.0,5.68,4.79,Apartment,5533000.0,5,7174000.0,29.66
805.0,2.0,1.0,36.0,9.7,2.7,2.9,10.0,1.0,10.9,0.0,8.82,4.91,Apartment,5250000.0,5,8079000.0,53.89
1802.0,5.0,5.0,14.0,7.4,6.3,2.8,8.2,2.0,23.6,3.0,6.38,3.53,Independent House,11138000.0,2,12388000.0,11.22
1782.0,3.0,3.0,10.0,5.9,4.6,2.6,5.1,3.6,32.8,2.0,5.52,5.71,House,6042000.0,5,7611000.0,25.97
4848.0,2.0,2.0,5.0,7.2,1.2,2.5,4.9,0.8,15.0,,7.98,4.65,Apartment,5591000.0,4,7148000.0,27.85
1322.0,3.0,3.0,22.0,4.2,2.2,0.9,6.7,1.9,41.4,1.0,2.97,0.53,Apartment,3726000.0,3,4003000.0,7.43
657.0,1.0,1.0,30.0,7.3,10.5,4.1,4.9,5.0,27.0,1.0,4.58,7.93,Apartment,1794000.0,5,2366000.0,31.88
677.0,1.0,1.0,7.0,5.0,13.3,17.9,6.1,0.5,33.8,2.0,6.41,3.54,Apartment,1418000.0,1,1466000.0,3.39
1698.0,2.0,2.0,14.0,5.9,16.5,6.4,3.7,3.9,29.3,1.0,4.99,4.87,Apartment,3351000.0,4,4000000.0,19.37
1192.0,2.0,2.0,5.0,6.2,6.7,1.8,7.1,1.2,26.9,2.0,5.91,-1.64,Apartment,5028000.0,1,5200000.0,3.42
1441.0,3.0,2.0,5.0,2.6,15.7,1.1,,2.6,41.3,0.0,5.27,3.76,Apartment,3128000.0,1,3260000.0,4.22
3372.0,6.0,5.0,18.0,3.6,21.9,3.2,5.6,1.8,19.1,3.0,6.55,5.87,Villa,11598000.0,4,13888000.0,19.74
2411.0,4.0,4.0,10.0,5.2,7.9,3.5,6.9,2.9,33.1,2.0,4.65,2.58,Independent House,8890000.0,4,10424000.0,17.26
1079.0,3.0,3.0,10.0,2.8,16.3,11.0,5.4,2.5,43.9,1.0,6.57,3.74,Apartment,1721000.0,1,1772000.0,2.96
1091.0,4.0,4.0,13.0,3.9,15.5,1.7,3.5,0.9,28.6,0.0,5.93,6.55,Apartment,3020000.0,1,3157000.0,4.54
3406.0,6.0,5.0,10.0,10.0,7.6,0.8,7.6,1.7,27.1,3.0,4.75,,Villa,211476000.0,3,258472000.0,22.22
1820.0,3.0,2.0,13.0,9.6,1.3,2.9,5.9,1.0,,2.0,4.66,2.88,Independent House,10798000.0,2,11760000.0,8.91
1377.0,2.0,2.0,3.0,7.1,15.5,5.6,5.4,6.8,10.1,0.0,5.71,5.56,Apartment,4602000.0,1,4831000.0,4.98
862.0,,3.0,5.0,4.4,10.5,0.3,5.9,3.0,36.6,1.0,6.32,2.62,Apartment,2621000.0,4,3156000.0,20.41
1821.0,4.0,3.0,17.0,0.0,13.7,3.7,2.3,4.3,47.4,1.0,4.71,4.37,Independent House,3330000.0,1,3380000.0,1.5
,1.0,2.0,26.0,6.1,,5.9,7.4,1.0,27.3,1.0,7.0,5.59,Apartment,1999000.0,4,2500000.0,25.06
981.0,1.0,1.0,6.0,7.5,5.6,4.9,7.0,2.4,42.6,0.0,5.11,6.15,Apartment,2988000.0,4,3549000.0,18.78
1475.0,3.0,3.0,6.0,,16.7,1.0,2.8,1.4,31.4,3.0,4.42,2.25,Independent House,4035000.0,3,4583000.0,13.58
1651.0,3.0,2.0,5.0,5.2,16.0,4.7,5.2,4.7,51.3,0.0,5.94,4.59,Apartment,3723000.0,4,4351000.0,16.87
1133.0,2.0,2.0,34.0,6.9,6.6,5.2,6.4,2.3,21.5,2.0,7.83,5.64,Apartment,4120000.0,4,5330000.0,29.37
1307.0,2.0,,4.0,8.0,10.8,5.7,8.0,3.4,12.8,0.0,6.96,7.62,Apartment,6575000.0,1,7010000.0,6.62
1083.0,1.0,2.0,,8.9,2.0,1.6,7.9,1.5,11.6,2.0,5.08,4.18,Independent House,7620000.0,4,9201000.0,20.75
1380.0,2.0,1.0,24.0,,13.6,3.3,4.6,1.0,18.9,1.0,5.07,1.89,Apartment,3791000.0,4,4295000.0,13.29
1648.0,2.0,2.0,2.0,8.2,9.0,3.7,4.6,2.6,19.2,1.0,4.13,6.12,Apartment,6720000.0,4,8494000.0,26.4
1638.0,3.0,3.0,23.0,1.8,13.5,8.9,7.3,2.7,51.2,2.0,5.71,1.02,Apartment,2449000.0,5,2826000.0,15.39
995.0,3.0,,4.0,0.0,3.3,2.7,6.7,1.2,36.9,1.0,5.84,5.8,Apartment,4535000.0,3,5376000.0,18.54
1596.0,4.0,4.0,12.0,9.3,6.8,4.8,8.0,1.6,37.0,2.0,5.63,8.72,Independent House,8584000.0,4,10851000.0,26.41
1141.0,3.0,3.0,13.0,5.9,16.1,2.9,4.4,6.3,48.4,2.0,3.49,6.48,Apartment,2836000.0,1,2954000.0,4.16
971.0,1.0,2.0,11.0,2.4,20.7,3.4,3.3,0.7,44.1,0.0,6.3,1.65,Apartment,1614000.0,4,1746000.0,8.18
1150.0,1.0,1.0,22.0,6.8,4.3,3.8,4.5,0.9,30.9,0.0,7.98,3.08,Flat,3419000.0,2,3848000.0,12.55
1560.0,2.0,1.0,29.0,5.2,17.7,3.0,5.5,3.7,38.1,1.0,8.97,7.81,Apartment,3434000.0,5,4552000.0,32.56
1194.0,2.0,3.0,10.0,5.0,21.8,4.2,6.2,1.9,20.0,2.0,6.47,,Apartment,3353000.0,5,4322000.0,28.9
1748.0,3.0,3.0,22.0,1.0,18.7,8.1,5.4,3.0,47.5,3.0,5.57,0.65,,2404000.0,2,2423000.0,0.79
3600.0,6.0,5.0,5.0,1.7,12.8,3.5,3.2,5.1,42.7,2.0,3.94,0.56,Villa,10692000.0,5,11693000.0,9.36
1435.0,3.0,3.0,4.0,2.3,22.0,7.6,1.2,6.9,44.4,,5.04,2.59,Independent House,2818000.0,3,3023000.0,7.27
2065.0,4.0,3.0,24.0,7.6,11.7,3.0,7.7,5.6,20.6,2.0,5.82,5.59,Independent House,8765000.0,3,10041000.0,14.56
1565.0,3.0,3.0,16.0,4.8,7.5,3.2,3.7,2.2,20.6,2.0,4.54,3.69,Independent House,4857000.0,2,5208000.0,7.23
832.0,1.0,1.0,25.0,4.7,7.5,3.8,5.3,3.5,24.6,2.0,6.01,,Apartment,2142000.0,5,2729000.0,27.4
1354.0,2.0,2.0,42.0,7.3,4.6,1.6,5.6,0.7,21.3,0.0,6.57,3.61,Apartment,3966000.0,1,4205000.0,6.03
2010.0,5.0,4.0,10.0,4.8,20.9,20.0,1.0,,24.9,2.0,6.0,1.36,Independent House,3482000.0,2,3611000.0,3.7
4887.0,6.0,5.0,5.0,4.4,8.8,2.2,5.5,6.7,27.4,3.0,4.42,3.78,Villa ,20425000.0,3,23288000.0,14.02
2775.0,5.0,5.0,6.0,4.4,17.8,2.4,3.9,2.1,24.6,4.0,7.05,4.04,Villa,9143000.0,1,9475000.0,3.63
1282.0,2.0,2.0,13.0,3.2,15.4,4.2,2.6,7.8,35.8,2.0,5.46,1.95,Apartment,2547000.0,1,2607000.0,2.36
1674.0,4.0,3.0,8.0,5.1,13.5,6.0,4.7,1.5,133.3,2.0,5.56,,Independent House,4524000.0,5,5490000.0,21.35
3988.0,6.0,5.0,33.0,9.9,4.4,1.3,7.4,0.4,23.2,2.0,8.42,3.91,Villa,38031000.0,2,44544000.0,17.13
987.0,2.0,2.0,5.0,7.1,13.8,5.3,4.5,2.0,21.5,1.0,5.48,0.35,Apartment,3140000.0,4,3521000.0,12.13
3355.0,6.0,5.0,16.0,4.4,15.4,6.0,4.4,11.1,,2.0,6.9,2.52,Villa,9984000.0,5,12156000.0,21.75
1593.0,3.0,3.0,10.0,10.0,8.5,2.1,6.5,0.4,22.5,2.0,7.24,8.62,Apartment,9707000.0,5,14664000.0,51.07
1151.0,3.0,3.0,15.0,7.2,4.8,0.3,10.0,2.4,16.9,0.0,6.62,2.88,Apartment,7227000.0,2,8259000.0,14.28
568.0,2.0,2.0,24.0,4.5,8.3,4.1,5.5,0.6,46.6,2.0,4.23,1.45,Apartment,1365000.0,3,1484000.0,8.72
1012.0,1.0,1.0,4.0,7.1,0.5,1.4,5.8,1.4,30.9,1.0,5.78,7.55,Apartment,4203000.0,2,4654000.0,10.73
1069.0,1.0,2.0,13.0,10.0,2.9,2.6,8.3,1.8,28.0,1.0,4.69,3.96,Apartment,8068000.0,2,8792000.0,8.97
917.0,2.0,2.0,15.0,8.2,0.5,1.5,,0.4,34.4,1.0,7.56,4.66,Apartment,5036000.0,2,5798000.0,15.13
1146.0,2.0,3.0,5.0,4.7,17.7,4.0,5.5,,45.6,2.0,5.67,5.8,Apartment,2481000.0,1,2590000.0,4.39
1195.0,2.0,3.0,15.0,4.2,10.1,3.2,6.0,10.8,31.0,2.0,5.15,0.83,Apartment,2745000.0,5,3057000.0,11.37
1190.0,3.0,3.0,11.0,5.4,17.2,6.1,5.0,6.1,31.8,0.0,6.69,5.14,Apartment,3036000.0,4,3653000.0,20.32
885.0,3.0,3.0,11.0,3.8,16.3,6.4,5.1,4.4,35.6,0.0,6.54,2.98,Apartment,2033000.0,5,2480000.0,21.99
1062.0,1.0,1.0,39.0,9.1,0.5,0.5,5.3,0.7,35.2,2.0,7.28,3.49,Apartment,3835000.0,5,5146000.0,34.19
1522.0,3.0,3.0,15.0,5.5,7.3,4.5,2.7,1.6,25.4,2.0,4.3,3.66,Apartment,4393000.0,3,4672000.0,6.35
1147.0,1.0,1.0,11.0,6.9,8.4,0.4,5.8,1.1,28.2,1.0,6.41,4.73,Apartment,4698000.0,4,5698000.0,21.29
1369.0,2.0,2.0,9.0,7.3,1.8,1.2,7.6,1.7,24.8,2.0,6.02,3.05,Apartment,7399000.0,5,9874000.0,33.45
3373.0,6.0,5.0,11.0,6.1,17.8,2.8,7.1,2.2,12.3,3.0,6.01,2.65,Villa,17962000.0,1,18574000.0,3.41
933.0,2.0,3.0,9.0,8.8,0.8,0.5,4.1,0.5,22.6,0.0,5.14,6.54,Apartment,4929000.0,3,6083000.0,23.41
838.0,1.0,1.0,18.0,5.8,7.0,2.0,4.9,3.7,39.3,,4.27,0.48,Apartment,2135000.0,3,2288000.0,7.17
1286.0,4.0,3.0,23.0,4.7,16.1,4.8,5.2,2.8,31.2,0.0,6.16,4.47,Apartment,2776000.0,4,3460000.0,24.64
817.0,1.0,2.0,25.0,2.1,26.0,5.2,3.6,5.1,42.1,2.0,5.09,1.13,Apartment,1164000.0,4,1276000.0,9.62
728.0,1.0,1.0,13.0,4.5,20.4,10.2,6.2,5.9,27.3,1.0,8.2,4.47,Apartment,1620000.0,4,1879000.0,15.99
1306.0,3.0,3.0,-22.0,8.5,5.8,2.0,6.2,1.5,21.0,0.0,7.14,3.96,Apartment,5974000.0,3,7417000.0,24.15
1347.0,3.0,2.0,7.0,6.1,,,6.1,3.0,21.8,2.0,3.66,3.68,Apartment,5308000.0,3,5950000.0,12.09
1839.0,3.0,3.0,10.0,6.6,9.1,5.0,5.7,0.5,36.2,1.0,6.32,4.03,Independent House,7171000.0,4,8873000.0,23.73
1541.0,3.0,2.0,8.0,5.6,18.2,8.1,6.5,4.9,,1.0,5.12,,Independent House,3717000.0,5,4533000.0,21.95
1730.0,3.0,4.0,7.0,4.7,1.0,2.1,5.6,1.9,24.2,4.0,7.58,0.35,Villa,8425000.0,1,8913000.0,5.79
1709.0,3.0,4.0,8.0,7.0,3.8,0.6,5.5,1.0,24.2,1.0,5.58,4.34,Independent House,8265000.0,4,10471000.0,26.69
3360.0,6.0,5.0,1.0,8.3,4.1,0.4,7.7,2.4,34.2,2.0,7.86,3.63,Villa,29640000.0,2,33763000.0,13.91
1479.0,2.0,1.0,15.0,7.8,6.8,1.5,5.3,4.7,32.3,3.0,8.05,4.86,Independent House,6797000.0,3,8194000.0,20.55
718.0,2.0,2.0,4.0,7.7,5.0,2.8,9.2,1.5,33.1,0.0,5.14,2.71,Apartment,3805000.0,1,4001000.0,5.15
1981.0,3.0,3.0,14.0,9.2,4.5,0.7,7.0,0.7,2.0,2.0,7.41,6.55,Independent House,14968000.0,4,19504000.0,30.3
1392.0,2.0,2.0,8.0,4.1,15.2,12.4,3.3,10.0,30.4,0.0,4.48,4.67,Apartment,2268000.0,5,2769000.0,22.09
1432.0,2.0,2.0,10.0,8.1,8.1,2.2,5.3,2.6,30.4,2.0,3.58,3.29,Apartment,5320000.0,4,6226000.0,17.03
4820.0,6.0,6.0,14.0,5.3,8.0,3.9,3.1,1.6,33.6,2.0,5.9,4.58,Villa,18998000.0,1,19718000.0,3.79
2440.0,4.0,4.0,11.0,5.8,11.3,3.9,4.6,1.1,20.3,3.0,5.59,4.38,Independent House,9609000.0,4,12505000.0,30.14
847.0,1.0,1.0,33.0,7.8,0.5,5.4,,1.2,,0.0,6.62,5.55,Apartment,2725000.0,5,3433000.0,25.98
1476.0,3.0,2.0,16.0,8.2,11.4,1.8,3.5,5.1,51.7,2.0,6.73,3.67,Independent House,5063000.0,1,5284000.0,4.37
1581.0,3.0,3.0,7.0,6.9,8.8,2.7,4.5,3.8,25.8,2.0,7.87,3.8,Apartment,6630000.0,2,7233000.0,9.1
1562.0,3.0,3.0,4.0,6.8,4.2,1.9,7.8,2.0,28.4,3.0,5.46,2.17,Independent House,8893000.0,4,10669000.0,19.97
1452.0,4.0,4.0,17.0,4.6,8.5,2.4,4.4,1.7,27.7,1.0,4.23,2.92,Apartment,4474000.0,2,4607000.0,2.97
2193.0,3.0,3.0,5.0,6.0,12.5,3.3,6.5,2.1,27.0,3.0,5.26,4.21,Villa,10108000.0,5,12813000.0,26.76
1324.0,3.0,3.0,10.0,8.2,7.9,1.8,8.4,4.0,26.4,2.0,4.66,4.41,Apartment,8456000.0,2,9411000.0,11.29
1326.0,3.0,2.0,4.0,5.3,3.5,1.2,6.0,1.2,,2.0,6.47,5.64,Apartment,5597000.0,5,7598000.0,35.75
671.0,1.0,1.0,29.0,5.6,18.4,3.4,4.2,4.7,32.8,2.0,6.77,3.54,Apartment,1461000.0,4,1632000.0,11.7
591.0,1.0,1.0,5.0,7.4,7.6,2.0,3.3,3.1,16.2,1.0,4.42,5.07,,1930000.0,1,2000000.0,3.63
981.0,1.0,2.0,4.0,6.6,8.6,4.0,5.0,1.7,34.5,1.0,8.03,1.95,Apartment,3691000.0,4,4520000.0,22.46
906.0,1.0,2.0,3.0,7.5,0.5,2.2,6.4,0.6,17.4,1.0,7.43,6.87,Apartment,4768000.0,5,6901000.0,44.74
2143.0,4.0,4.0,18.0,6.2,7.7,0.9,6.7,0.5,25.9,1.0,8.06,4.37,independent house,9421000.0,2,10708000.0,13.66
1757.0,4.0,3.0,,8.1,7.1,0.9,5.3,2.4,21.5,2.0,4.78,4.99,Independent House,9210000.0,5,12178000.0,32.23
1929.0,4.0,4.0,15.0,4.7,9.3,2.3,7.4,1.4,24.7,2.0,3.84,0.23,Apartment,6360000.0,5,7169000.0,12.72
2089.0,4.0,4.0,,7.1,8.5,3.7,5.4,7.8,32.3,0.0,5.5,5.36,Apartment,7358000.0,3,8524000.0,15.85
1106.0,3.0,3.0,18.0,8.4,1.3,2.6,5.9,1.7,17.0,,3.63,2.04,Apartment,5397000.0,3,5795000.0,7.37
1224.0,2.0,2.0,21.0,4.6,13.0,3.7,7.0,10.4,47.4,2.0,4.3,0.78,Apartment,2322000.0,2,2441000.0,5.12
984.0,1.0,1.0,23.0,8.7,10.3,7.6,3.1,3.8,34.7,1.0,5.22,2.2,Apartment,2600000.0,1,2691000.0,3.5
1296.0,2.0,2.0,19.0,9.1,4.5,4.7,5.6,1.3,12.2,1.0,8.57,6.92,Apartment,5632000.0,4,7750000.0,37.61
1541.0,5.0,3.0,6.0,5.6,22.6,2.9,4.1,0.8,41.7,1.0,7.91,5.57,Apartment,4382000.0,3,5025000.0,14.67
2038.0,4.0,3.0,9.0,7.0,7.8,2.7,6.2,1.2,16.8,1.0,6.13,5.16,Flat,8812000.0,5,12018000.0,36.38
1953.0,5.0,5.0,20.0,5.1,17.6,2.6,7.4,1.8,15.7,1.0,7.34,6.64,APARTMENT,6498000.0,2,7113000.0,9.46
2258.0,3.0,2.0,9.0,6.6,4.8,3.7,7.0,2.9,29.5,2.0,6.13,2.56,Independent House,9742000.0,2,10689000.0,9.72
1069.0,1.0,1.0,5.0,4.1,12.0,2.8,7.0,4.5,42.4,2.0,7.61,5.22,Apartment,3189000.0,4,3900000.0,22.3
1301.0,3.0,2.0,6.0,7.8,0.5,3.1,9.8,1.7,27.1,2.0,5.16,4.49,Independent House,8350000.0,1,8947000.0,7.15
611.0,1.0,1.0,17.0,3.9,13.2,1.7,3.5,2.3,44.7,0.0,8.04,6.63,Apartment,1272000.0,4,1554000.0,22.17
1585.0,2.0,2.0,6.0,3.9,15.8,2.1,5.9,4.3,229.7,2.0,5.6,-1.14,Apartment,4746000.0,3,5040000.0,6.19
4260.0,6.0,5.0,11.0,6.0,10.1,0.9,5.6,2.7,23.3,4.0,7.43,4.95,Villa,22607000.0,1,24119000.0,6.69
1195.0,1.0,1.0,5.0,5.2,7.6,3.2,4.9,1.5,33.9,0.0,5.9,1.81,Apartment,3283000.0,5,3973000.0,21.02
1696.0,3.0,3.0,15.0,5.6,23.0,6.1,4.1,7.3,39.2,1.0,,1.85,Independent House,3980000.0,3,4412000.0,10.85
4201.0,6.0,6.0,10.0,3.7,12.4,3.3,6.7,1.5,20.1,4.0,5.55,4.2,Villa,21446000.0,4,25328000.0,18.1
1246.0,2.0,2.0,6.0,2.3,19.2,13.3,3.8,3.3,41.1,0.0,6.92,0.17,Apartment,1674000.0,4,1872000.0,11.83
1452.0,2.0,2.0,21.0,10.0,8.9,3.4,7.2,1.2,21.3,3.0,7.58,6.64,Independent House,8659000.0,1,9301000.0,7.41
2799.0,6.0,5.0,10.0,7.8,13.2,4.9,6.2,2.8,17.1,4.0,10.0,3.5,Villa,17779000.0,4,23324000.0,31.19
1039.0,2.0,2.0,5.0,4.5,11.4,1.2,5.8,2.3,30.2,2.0,4.34,0.44,Apartment,3415000.0,4,4003000.0,17.22
3182.0,5.0,3.0,19.0,4.2,11.8,0.6,5.4,1.5,32.3,3.0,7.37,5.77,Villa,12923000.0,4,16087000.0,24.48
2346.0,3.0,3.0,8.0,3.4,18.6,5.4,6.7,5.2,53.1,2.0,5.31,2.46,Independent House,4620000.0,5,5305000.0,14.83
2323.0,5.0,3.0,8.0,3.1,17.4,0.7,5.0,0.8,55.1,2.0,7.33,0.6,Independent House,5735000.0,1,5929000.0,3.38
841.0,1.0,1.0,7.0,7.2,7.4,3.4,6.3,2.3,31.7,2.0,5.65,2.99,Apartment,3744000.0,1,3962000.0,5.82
1193.0,1.0,1.0,3.0,6.9,17.2,1.3,6.6,4.8,41.1,1.0,8.01,1.74,Apartment,4145000.0,4,5120000.0,23.52
1131.0,3.0,2.0,17.0,7.6,13.7,4.9,4.9,5.4,18.7,2.0,4.27,2.53,Apartment,3903000.0,1,4069000.0,4.25
775.0,2.0,1.0,16.0,10.0,3.9,1.7,5.7,1.9,8.0,1.0,8.34,6.28,Apartment,4642000.0,1,4959000.0,6.83
1045.0,1.0,2.0,7.0,6.9,13.3,8.2,,1.5,24.7,0.0,7.31,7.69,Apartment,3624000.0,3,4424000.0,22.08
2055.0,3.0,3.0,9.0,3.7,16.2,6.9,3.8,0.9,44.8,0.0,6.12,0.46,Apartment,3680000.0,2,3983000.0,8.23
737.0,1.0,1.0,15.0,6.4,16.9,2.3,7.4,6.8,47.4,1.0,5.07,3.75,Apartment,2224000.0,4,2581000.0,16.05
867.0,2.0,3.0,25.0,5.4,15.2,15.0,2.8,2.6,30.2,1.0,4.52,1.51,Apartment,1385000.0,1,1388000.0,0.22
1826.0,4.0,4.0,13.0,6.9,11.8,4.0,5.3,2.0,,0.0,6.2,4.25,Apartment,5382000.0,1,5569000.0,3.47
1260.0,3.0,3.0,3.0,3.1,14.4,4.3,4.3,4.6,47.0,1.0,3.86,0.12,Independent House,3019000.0,1,3075000.0,1.85
1403.0,2.0,1.0,13.0,6.6,9.5,0.7,4.1,2.1,40.7,0.0,7.67,6.52,,3772000.0,3,4530000.0,20.1
1373.0,3.0,,15.0,6.1,11.5,2.2,6.2,3.3,18.5,1.0,7.86,4.73,Apartment,5387000.0,5,7235000.0,34.3
1794.0,3.0,3.0,13.0,7.1,4.4,1.4,6.1,2.5,25.6,1.0,7.54,,Independent House,8898000.0,3,10569000.0,18.78
800.0,1.0,,13.0,2.6,16.7,8.2,3.5,2.7,50.9,0.0,4.48,2.29,Apartment,1059000.0,5,1166000.0,10.1
1989.0,3.0,3.0,1.0,4.5,11.3,2.7,5.6,1.2,37.4,3.0,5.81,3.51,Independent House,6757000.0,4,8318000.0,23.1
1001.0,1.0,2.0,14.0,5.8,7.8,4.1,4.2,2.6,27.6,1.0,3.98,2.5,Apartment,2663000.0,5,3010000.0,13.03
2051.0,2.0,2.0,6.0,8.1,5.7,2.2,4.3,,,3.0,6.87,4.62,Independent House,12254000.0,2,13998000.0,14.23
1358.0,2.0,2.0,18.0,3.2,17.6,1.8,3.7,4.8,35.5,1.0,6.56,2.93,Independent House,13718000.0,3,15232000.0,11.03
1118.0,4.0,4.0,12.0,6.7,1.4,0.6,6.8,1.6,32.1,0.0,6.17,6.16,Apartment,4924000.0,5,6842000.0,38.95
1651.0,5.0,4.0,2.0,10.0,9.9,2.4,,6.2,7.1,0.0,5.87,8.72,Apartment,10135000.0,1,10876000.0,7.31
1238.0,2.0,2.0,10.0,2.7,14.8,5.3,4.4,4.5,26.7,0.0,4.54,-1.95,Apartment,2325000.0,5,2550000.0,9.68
,2.0,2.0,11.0,6.9,4.6,1.7,7.2,0.7,22.3,1.0,6.2,5.29,apartment,5277000.0,4,6473000.0,22.66
2981.0,6.0,5.0,30.0,8.5,10.8,2.2,7.3,3.6,29.9,2.0,6.18,6.15,Independent House,14302000.0,3,16440000.0,14.95
501.0,1.0,1.0,20.0,8.1,5.0,3.7,7.0,2.9,36.1,1.0,7.54,7.09,Apartment,1925000.0,5,2604000.0,35.27
1704.0,3.0,1.0,18.0,7.1,14.0,3.6,5.1,13.3,27.9,3.0,5.25,5.57,Independent House,5747000.0,4,7455000.0,29.72
1626.0,2.0,2.0,2.0,7.2,8.4,3.3,8.8,1.9,35.9,2.0,5.34,2.21,Villa,9912000.0,4,11554000.0,16.57
2179.0,4.0,4.0,18.0,2.1,16.5,1.2,3.5,9.3,37.6,0.0,4.6,-1.05,Apartment,3430000.0,1,3485000.0,1.6
851.0,1.0,1.0,15.0,4.4,19.6,4.6,7.1,14.0,44.0,0.0,4.58,0.34,Apartment,1363000.0,4,1500000.0,10.05
982.0,1.0,1.0,9.0,7.5,11.8,4.5,4.7,3.4,25.5,0.0,7.38,7.97,Apartment,3107000.0,4,4019000.0,29.35
851.0,2.0,2.0,35.0,3.7,12.1,7.6,4.0,0.9,36.4,1.0,4.32,2.57,Apartment,1418000.0,5,1584000.0,11.71
2823.0,6.0,5.0,10.0,9.8,1.9,2.6,8.3,1.5,24.9,4.0,6.02,5.47,Villa,31924000.0,2,36198000.0,13.39
1302.0,2.0,1.0,14.0,6.3,12.6,4.7,3.3,4.0,36.2,2.0,6.98,7.3,Independent House,3543000.0,5,4599000.0,29.81
2574.0,5.0,4.0,7.0,7.7,8.1,2.0,7.1,1.6,25.7,3.0,4.64,1.15,Independent House,15839000.0,4,19282000.0,21.74
2308.0,4.0,4.0,19.0,6.9,6.5,1.3,5.8,1.5,39.2,3.0,6.49,6.64,Villa,11391000.0,5,15969000.0,40.19
1104.0,3.0,3.0,24.0,5.9,7.3,4.4,5.5,2.9,35.0,,4.43,4.36,Apartment,3020000.0,3,3464000.0,14.7
1696.0,3.0,3.0,8.0,8.0,19.3,1.8,4.7,3.3,,2.0,7.5,4.68,Independent House,7763000.0,2,8748000.0,12.69
4031.0,6.0,5.0,4.0,7.0,4.4,0.9,5.0,1.1,27.5,4.0,7.18,3.75,Villa,24385000.0,3,29148000.0,19.53
1059.0,2.0,2.0,3.0,6.7,12.5,6.3,7.8,3.1,41.1,0.0,3.53,1.47,Apartment,3249000.0,1,3347000.0,3.02
1933.0,4.0,3.0,2.0,8.2,7.0,5.9,7.7,2.1,27.1,2.0,8.47,7.16,Villa,12930000.0,4,17612000.0,36.21
3566.0,6.0,6.0,39.0,4.2,24.6,,5.2,4.1,34.0,2.0,7.91,3.77,Villa,7180000.0,2,7701000.0,7.26
2056.0,3.0,3.0,4.0,9.7,5.6,3.7,4.6,1.3,33.8,,6.59,4.47,Independent House,10111000.0,3,11646000.0,15.18
989.0,3.0,3.0,20.0,8.1,10.9,6.5,8.6,2.6,21.8,0.0,6.55,3.18,Apartment,4916000.0,2,5456000.0,10.98
595.0,1.0,1.0,6.0,4.2,20.4,13.3,3.9,4.7,25.8,2.0,6.21,5.48,Apartment,966000.0,4,1134000.0,17.39
3505.0,6.0,5.0,22.0,5.3,16.9,2.0,6.0,2.0,24.5,2.0,6.34,2.17,Villa,15332000.0,3,17886000.0,16.66
2116.0,4.0,3.0,3.0,5.9,5.0,1.7,6.0,2.6,28.1,2.0,5.42,-1.49,Apartment,7995000.0,5,10544000.0,31.88
750.0,2.0,2.0,,9.1,17.5,13.2,6.5,3.3,21.0,2.0,7.41,7.97,Apartment,2774000.0,4,3825000.0,37.89
1074.0,2.0,1.0,10.0,6.5,6.5,11.8,5.9,2.0,23.1,2.0,3.11,1.85,Apartment,3267000.0,3,3497000.0,7.04
2174.0,4.0,4.0,8.0,7.6,5.1,2.9,4.6,1.1,21.3,1.0,8.56,4.64,Independent House,12504000.0,5,17805000.0,42.39
678.0,1.0,1.0,7.0,6.0,2.3,0.4,5.5,0.9,35.4,1.0,5.28,0.01,Apartment,2805000.0,1,2943000.0,4.92
613.0,1.0,1.0,25.0,3.5,19.6,2.0,5.5,4.3,29.9,0.0,4.42,1.33,Apartment,1117000.0,2,1146000.0,2.6
2411.0,5.0,4.0,13.0,5.1,19.4,1.8,5.1,8.2,32.8,3.0,6.31,3.55,Villa,8648000.0,2,9531000.0,10.21
1833.0,3.0,3.0,24.0,6.3,10.7,5.9,3.4,4.5,28.3,2.0,,3.88,Apartment,4674000.0,4,5215000.0,11.57
953.0,1.0,1.0,,7.5,5.5,1.8,6.8,2.1,34.8,1.0,3.79,-0.35,Apartment,3904000.0,5,4197000.0,7.51
608.0,1.0,2.0,9.0,2.2,20.2,1.1,3.3,4.1,47.4,2.0,4.68,2.08,apartment,1021000.0,3,1105000.0,8.23
1318.0,2.0,1.0,13.0,5.4,7.9,3.3,3.5,,24.5,2.0,6.63,3.38,Independent House,4192000.0,5,5268000.0,25.67
1396.0,3.0,3.0,7.0,5.7,16.1,2.5,5.5,3.0,30.2,2.0,6.07,6.86,Apartment,4093000.0,5,5036000.0,23.04
893.0,1.0,1.0,38.0,5.5,16.2,8.3,4.5,7.6,43.1,2.0,6.47,2.33,Apartment,1349000.0,5,1495000.0,10.82
1915.0,3.0,4.0,1.0,5.7,11.1,5.5,6.4,2.2,19.9,1.0,8.29,4.61,Apartment,6937000.0,5,9354000.0,34.84
1038.0,1.0,1.0,1.0,5.0,16.6,4.1,3.3,3.1,32.0,0.0,4.46,1.9,Apartment,2416000.0,3,2658000.0,10.02
2548.0,3.0,2.0,20.0,6.0,13.6,10.2,5.5,5.0,17.4,3.0,6.63,4.66,Villa,8623000.0,3,9645000.0,11.85
1827.0,3.0,3.0,2.0,5.7,15.9,4.7,6.8,2.4,,3.0,5.88,0.93,,6643000.0,4,7769000.0,16.95
3277.0,6.0,5.0,27.0,4.9,8.3,3.8,4.8,1.7,14.9,4.0,7.31,3.46,Villa,14009000.0,5,17780000.0,26.92
792.0,3.0,2.0,16.0,5.0,13.1,2.4,6.1,2.4,28.5,2.0,6.36,5.97,Apartment,2302000.0,1,2436000.0,5.82
1681.0,3.0,3.0,6.0,5.3,12.0,3.9,3.7,3.2,36.5,3.0,7.59,5.43,Independent House,6453000.0,3,7650000.0,18.55
1139.0,3.0,3.0,10.0,5.4,7.2,2.4,4.6,1.9,25.2,0.0,5.44,4.33,Apartment,3856000.0,2,4211000.0,9.21
1617.0,2.0,2.0,12.0,4.5,22.8,4.2,6.1,4.1,28.0,1.0,8.42,6.15,Independent House,3766000.0,1,3979000.0,5.66
792.0,2.0,2.0,4.0,6.4,13.5,0.7,5.6,4.5,30.5,0.0,6.29,7.44,Apartment,3296000.0,3,3943000.0,19.63
3656.0,6.0,5.0,33.0,6.4,11.6,9.5,4.4,3.6,21.7,3.0,6.57,4.62,Villa,13259000.0,4,15511000.0,16.98
1671.0,3.0,3.0,14.0,7.2,12.1,10.7,5.5,1.6,34.7,2.0,5.39,6.06,Independent House,5251000.0,1,5505000.0,4.84
1871.0,3.0,2.0,5.0,8.7,7.5,4.3,4.6,2.5,42.1,3.0,6.97,1.55,Independent House,7544000.0,3,8467000.0,12.23
1183.0,2.0,2.0,25.0,8.7,3.1,0.3,4.3,1.1,19.6,2.0,,8.0,Apartment,5426000.0,5,7485000.0,37.95
1024.0,3.0,3.0,10.0,4.9,27.3,17.7,4.1,3.2,26.2,2.0,6.43,3.93,Apartment,1753000.0,5,2004000.0,14.32
1951.0,4.0,3.0,14.0,7.7,3.4,4.3,,0.8,30.5,3.0,5.33,0.79,Independent House,9996000.0,3,11135000.0,11.39
889.0,1.0,2.0,10.0,6.9,2.2,0.3,5.3,0.5,39.1,2.0,6.31,,Apartment,3841000.0,1,4146000.0,7.94
1167.0,1.0,1.0,28.0,7.4,5.9,3.1,7.0,2.5,17.2,1.0,5.39,4.23,Apartment,4183000.0,2,4605000.0,10.09
1389.0,3.0,2.0,8.0,5.9,16.6,0.9,6.8,4.5,46.7,1.0,6.86,7.12,Apartment,4665000.0,5,6258000.0,34.15
1154.0,2.0,3.0,8.0,8.6,11.2,5.7,7.8,3.5,23.2,2.0,8.25,8.7,Independent House,7077000.0,1,7707000.0,8.9
2126.0,3.0,2.0,17.0,2.7,24.7,5.1,6.1,6.2,40.7,2.0,7.35,5.39,Independent House,3771000.0,1,3948000.0,4.69
1052.0,2.0,2.0,,0.0,11.6,3.3,7.1,1.2,23.5,0.0,9.33,8.05,Apartment,4608000.0,2,5411000.0,17.43
1769.0,3.0,2.0,8.0,6.1,2.2,2.6,4.5,1.9,30.4,1.0,4.44,0.27,Apartment,6338000.0,3,6699000.0,5.7
1356.0,3.0,3.0,26.0,3.3,24.1,25.0,5.4,7.4,42.6,2.0,5.17,1.68,Apartment,1209000.0,3,1215000.0,0.5
3313.0,6.0,5.0,8.0,8.9,13.3,3.0,8.6,,24.7,2.0,5.85,1.37,Villa,26421000.0,4,32136000.0,21.63
965.0,2.0,1.0,3.0,3.2,16.2,6.0,3.6,2.6,27.9,1.0,3.76,1.6,Apartment,1844000.0,5,2128000.0,15.4
2061.0,4.0,4.0,2.0,6.8,11.1,2.3,5.4,1.9,28.6,3.0,5.02,2.7,Independent House,9390000.0,1,9797000.0,4.33
1221.0,2.0,3.0,9.0,8.8,20.7,2.8,5.8,3.5,25.7,0.0,6.45,5.33,Apartment,4750000.0,2,5352000.0,12.67
1426.0,0.0,2.0,5.0,8.8,0.5,1.9,7.4,0.7,13.0,0.0,6.53,7.1,Apartment,9235000.0,4,12620000.0,36.65
735.0,1.0,1.0,8.0,4.7,17.8,2.1,3.9,1.4,26.9,0.0,5.16,3.37,Apartment,2117000.0,2,2264000.0,6.94
832.0,2.0,,25.0,5.4,10.8,3.6,5.8,3.1,28.6,0.0,5.63,3.0,Apartment,2077000.0,1,2151000.0,3.56
1537.0,4.0,3.0,8.0,4.3,25.2,5.4,6.8,7.0,33.8,1.0,6.67,1.66,Apartment,3556000.0,3,4053000.0,13.98
1082.0,2.0,2.0,17.0,4.8,21.0,3.3,4.2,5.2,,2.0,4.29,2.96,Apartment,2243000.0,3,2359000.0,5.17
2085.0,4.0,3.0,18.0,3.7,19.5,4.7,5.1,0.8,30.7,2.0,5.97,4.12,Apartment,3818000.0,4,4387000.0,14.9
946.0,2.0,2.0,10.0,5.9,13.2,3.6,9.0,4.8,21.5,1.0,4.6,2.37,Apartment,3480000.0,3,3831000.0,10.09
1167.0,2.0,2.0,3.0,5.4,17.5,3.5,5.5,1.2,26.9,0.0,4.07,2.49,Apartment,3264000.0,3,3532000.0,8.21
2905.0,5.0,5.0,29.0,5.0,12.3,0.7,6.1,1.0,34.9,3.0,5.39,4.01,Independent House,9001000.0,1,9344000.0,3.81
2246.0,4.0,3.0,8.0,8.0,8.4,2.8,6.8,2.9,16.3,1.0,5.46,5.72,Independent House,12497000.0,2,13889000.0,11.14
816.0,2.0,2.0,11.0,5.9,12.7,5.0,3.4,7.3,49.9,2.0,7.11,2.25,Apartment,1830000.0,3,2075000.0,13.39
465.0,1.0,2.0,20.0,7.9,8.3,0.8,5.6,4.7,18.5,1.0,,2.22,Apartment,2125000.0,2,2287000.0,7.62
1338.0,1.0,1.0,10.0,7.5,9.4,1.6,4.9,1.6,25.0,0.0,5.12,-1.37,Apartment,4456000.0,5,5746000.0,28.95
1025.0,2.0,3.0,23.0,4.6,15.0,8.0,4.8,6.8,33.7,0.0,3.77,4.19,Apartment,1792000.0,1,1829000.0,2.06
834.0,2.0,2.0,6.0,3.6,18.6,3.9,9.0,3.5,36.4,1.0,5.13,1.54,Apartment,2030000.0,1,2093000.0,3.1
1217.0,2.0,2.0,7.0,7.1,0.8,1.4,7.0,0.9,26.3,2.0,5.19,3.08,Apartment,6531000.0,5,8044000.0,23.17
1227.0,3.0,2.0,3.0,6.8,11.2,3.8,5.4,5.7,,2.0,4.84,5.48,Apartment,4944000.0,3,5744000.0,16.18
1221.0,2.0,1.0,5.0,4.6,12.7,10.4,4.9,5.7,27.0,0.0,5.82,2.5,Apartment,2422000.0,4,2896000.0,19.57
1535.0,1.0,1.0,23.0,8.1,11.8,1.7,7.3,1.0,19.2,3.0,6.6,1.95,Independent House,7228000.0,4,8508000.0,17.71
793.0,,1.0,11.0,5.7,16.9,12.6,4.1,2.0,31.9,1.0,6.41,3.59,Flat,1773000.0,1,1845000.0,4.06
1219.0,3.0,2.0,6.0,5.8,3.4,3.3,4.7,1.0,29.3,0.0,5.72,4.26,Apartment,3915000.0,2,4356000.0,11.26
3178.0,5.0,4.0,27.0,6.2,9.0,2.5,4.5,14.8,24.0,3.0,8.36,3.65,Villa,13853000.0,4,17285000.0,24.77
853.0,2.0,3.0,12.0,4.2,,,,3.1,36.8,1.0,5.07,1.57,Apartment,1907000.0,4,2100000.0,10.12
3382.0,6.0,5.0,10.0,4.5,7.2,1.6,5.8,4.0,44.9,3.0,6.47,3.65,Villa,13258000.0,1,13771000.0,3.87
939.0,2.0,1.0,1.0,4.2,12.2,3.5,3.5,2.1,36.1,0.0,5.84,0.03,Apartment,2151000.0,4,2306000.0,7.21
1316.0,2.0,2.0,,4.8,11.0,0.5,5.2,4.4,31.1,1.0,,1.78,Apartment,3182000.0,1,3278000.0,3.02
830.0,2.0,2.0,27.0,4.4,22.9,7.8,7.2,4.1,42.7,1.0,8.01,0.76,Apartment,1448000.0,5,1683000.0,16.23
1609.0,3.0,3.0,5.0,5.9,16.3,0.8,6.6,3.4,26.4,3.0,5.34,,Independent House,7623000.0,4,9055000.0,18.79
872.0,2.0,1.0,24.0,5.1,6.6,3.9,6.8,2.3,29.3,1.0,4.83,6.17,Apartment,2098000.0,4,2535000.0,20.83
1490.0,3.0,2.0,12.0,7.8,10.7,14.0,3.6,3.3,24.2,1.0,6.48,5.41,Apartment,4002000.0,1,4210000.0,5.2
805.0,1.0,1.0,33.0,4.8,18.7,0.9,7.0,5.5,43.8,0.0,6.25,4.75,Apartment,1793000.0,1,1867000.0,4.13
1921.0,3.0,2.0,20.0,4.4,20.9,9.2,5.9,2.3,32.0,0.0,3.98,5.55,Apartment,3559000.0,3,3887000.0,9.22
1037.0,2.0,2.0,18.0,10.0,0.5,1.6,3.5,1.0,14.5,2.0,6.55,4.9,Apartment,5386000.0,3,6507000.0,20.81
946.0,2.0,2.0,9.0,,7.0,2.4,5.6,1.0,31.5,1.0,6.69,4.64,apartment,3948000.0,1,4145000.0,4.99
1055.0,1.0,2.0,5.0,4.6,10.5,4.7,4.6,1.7,29.9,0.0,3.02,3.18,Apartment,2653000.0,1,2761000.0,4.07
4394.0,6.0,4.0,4.0,2.3,6.9,0.4,3.3,3.1,40.4,4.0,7.02,0.85,Villa,16813000.0,5,20564000.0,22.31
811.0,1.0,1.0,7.0,4.6,4.9,0.1,6.2,1.2,36.6,1.0,5.85,5.24,Apartment,2851000.0,4,3439000.0,20.62
1427.0,3.0,3.0,37.0,8.3,0.5,2.2,6.8,1.2,15.5,0.0,4.81,4.15,Apartment,6170000.0,5,7450000.0,20.75
1624.0,4.0,3.0,13.0,2.1,11.0,5.2,2.4,,29.1,3.0,3.95,2.12,Independent House,3661000.0,1,3752000.0,2.49
974.0,1.0,2.0,4.0,4.7,14.4,1.0,4.2,5.2,,0.0,5.41,5.17,Apartment,2340000.0,1,2457000.0,5.0
1393.0,2.0,2.0,15.0,9.8,0.5,0.6,7.8,0.6,10.2,1.0,5.57,3.8,apartment,9768000.0,1,10396000.0,6.43
873.0,1.0,1.0,6.0,5.3,13.3,2.6,7.2,2.1,34.6,1.0,5.13,4.61,Apartment,2445000.0,4,2898000.0,18.53
1658.0,4.0,3.0,15.0,6.4,11.5,2.4,4.9,2.2,30.9,1.0,5.67,3.78,Apartment,5187000.0,2,5751000.0,10.87
1180.0,2.0,3.0,7.0,10.0,3.4,3.0,5.3,2.6,11.8,1.0,5.97,7.16,Independent House,8046000.0,3,9856000.0,22.5
899.0,1.0,,15.0,6.2,12.9,5.0,4.0,6.8,32.1,0.0,5.7,3.35,Apartment,2094000.0,3,2328000.0,11.17
2516.0,5.0,5.0,8.0,5.7,7.1,3.4,4.1,0.4,25.3,2.0,5.33,,Villa,13078000.0,5,16495000.0,26.13
1419.0,3.0,2.0,15.0,4.5,15.5,4.0,4.9,2.6,23.5,0.0,5.68,2.67,APARTMENT,3276000.0,2,3596000.0,9.77
743.0,1.0,2.0,15.0,7.2,15.7,11.1,5.6,3.0,10.7,1.0,4.67,3.22,Apartment,2061000.0,3,2210000.0,7.23
3419.0,6.0,4.0,9.0,5.5,11.2,6.5,5.9,4.0,11.3,1.0,6.26,0.69,Independent House,13754000.0,5,16167000.0,17.54
1652.0,2.0,3.0,9.0,4.2,5.3,5.0,2.5,1.8,45.1,0.0,3.41,2.99,Apartment,4128000.0,2,4273000.0,3.51
651.0,2.0,2.0,4.0,6.8,1.7,,4.8,3.3,35.7,2.0,6.73,3.7,Apartment,2810000.0,3,3379000.0,20.25
906.0,1.0,2.0,15.0,5.9,10.6,0.2,6.9,4.4,30.8,2.0,6.92,7.58,Apartment,3270000.0,2,3720000.0,13.76
998.0,1.0,1.0,8.0,6.2,13.6,2.1,4.3,3.1,24.8,0.0,6.01,2.99,Apartment,2908000.0,3,3342000.0,14.92
1334.0,2.0,3.0,9.0,2.7,13.3,2.5,2.3,3.2,27.4,,4.58,3.41,Apartment,2736000.0,2,2917000.0,6.62
3065.0,6.0,6.0,4.0,7.5,6.4,1.0,6.0,2.1,33.1,4.0,6.81,4.57,Villa,22734000.0,3,27162000.0,19.48
1794.0,4.0,4.0,10.0,9.5,0.5,0.6,7.4,1.0,26.8,2.0,5.05,4.32,Independent House,14951000.0,3,17599000.0,17.71
1387.0,3.0,3.0,5.0,5.8,10.2,4.2,,2.5,12.8,1.0,5.83,2.71,Independent House,5171000.0,1,5404000.0,4.51
1460.0,3.0,2.0,6.0,3.3,21.3,2.1,2.4,4.2,36.2,0.0,,6.67,Apartment,2867000.0,2,3169000.0,10.53
960.0,1.0,1.0,4.0,5.6,26.4,25.0,4.6,1.4,34.8,2.0,4.76,3.68,Apartment,1268000.0,1,1291000.0,1.81
1552.0,4.0,5.0,31.0,7.4,9.3,0.8,5.8,5.3,26.3,3.0,7.46,4.41,Independent House,8044000.0,2,9033000.0,12.29
1280.0,2.0,2.0,7.0,8.2,0.5,4.1,6.2,2.9,10.8,1.0,5.99,5.48,Apartment,6738000.0,5,9054000.0,34.37
2042.0,3.0,3.0,3.0,,4.6,4.2,6.7,2.2,,3.0,5.71,1.49,Independent House,8491000.0,2,9205000.0,8.41
1690.0,3.0,3.0,,8.4,8.8,1.2,8.9,2.0,22.0,1.0,5.14,6.44,Independent House,10937000.0,2,12598000.0,15.19
3596.0,6.0,5.0,5.0,9.2,0.5,0.1,3.5,0.5,24.0,2.0,7.02,6.46,Villa,30287000.0,5,42963000.0,41.85
832.0,1.0,1.0,13.0,5.3,11.9,9.6,3.6,2.4,11.4,1.0,4.64,3.34,Apartment,1664000.0,4,1862000.0,11.9
572.0,,2.0,2.0,7.3,11.8,7.4,5.0,1.5,28.6,0.0,4.79,6.57,Apartment,1829000.0,2,2005000.0,9.62
2454.0,5.0,4.0,2.0,5.2,12.1,5.2,5.1,3.6,32.9,2.0,5.08,5.38,Independent House,8336000.0,3,9817000.0,17.77
,4.0,4.0,8.0,5.5,10.1,2.1,3.4,4.0,,2.0,6.96,7.31,Independent House,8503000.0,5,11582000.0,36.21
3028.0,6.0,5.0,45.0,5.2,24.4,6.3,4.7,8.8,30.7,2.0,4.34,5.06,Independent House,5741000.0,5,6484000.0,12.94
1527.0,3.0,3.0,8.0,4.1,22.3,5.1,5.0,,28.7,2.0,8.37,8.25,Independent House,4027000.0,4,5038000.0,25.11
1133.0,2.0,2.0,33.0,10.0,5.6,0.6,5.0,0.6,30.9,1.0,6.47,5.25,Apartment,5050000.0,4,6051000.0,19.82
4506.0,6.0,5.0,8.0,10.0,0.5,0.4,6.3,1.2,,3.0,8.71,7.13,Independent House,45886000.0,5,72134000.0,57.2
806.0,2.0,2.0,18.0,7.8,7.5,2.4,6.6,2.6,7.1,2.0,6.88,,Apartment,3158000.0,4,4356000.0,37.94
3280.0,6.0,4.0,14.0,7.1,18.0,7.8,8.2,1.9,22.1,2.0,5.31,1.98,Villa,16293000.0,1,16991000.0,4.28
1060.0,2.0,2.0,17.0,5.6,17.9,4.9,7.5,7.1,32.9,2.0,7.02,4.67,Apartment,2630000.0,4,3171000.0,20.57
1694.0,3.0,3.0,24.0,1.0,18.2,1.5,4.8,0.7,55.3,1.0,5.75,-0.85,Independent House,2779000.0,3,2899000.0,4.32
746.0,1.0,1.0,12.0,9.4,15.3,7.2,4.9,2.9,28.7,0.0,5.71,6.03,Apartment,2584000.0,2,2856000.0,10.53
1721.0,4.0,5.0,10.0,6.4,1.6,,5.7,1.4,18.2,1.0,5.64,5.96,Independent House,8900000.0,2,10037000.0,12.78
3901.0,6.0,5.0,23.0,8.3,8.2,2.1,4.4,2.0,25.1,3.0,7.65,8.96,Villa,21042000.0,4,27359000.0,30.02
858.0,2.0,,1.0,7.1,0.5,1.3,6.4,0.8,23.1,0.0,9.04,8.94,Apartment,5695000.0,1,6204000.0,8.94
1668.0,4.0,3.0,10.0,5.9,15.2,3.7,5.8,8.7,37.4,1.0,5.36,5.07,Apartment,4517000.0,2,5004000.0,10.78
771.0,1.0,1.0,4.0,6.3,15.6,5.1,5.7,4.1,32.9,2.0,7.69,5.02,Apartment,2047000.0,5,2499000.0,22.08
643.0,1.0,1.0,8.0,4.2,9.5,5.9,3.7,3.5,37.6,1.0,7.8,2.47,Independent House,1686000.0,5,2156000.0,27.88
1081.0,1.0,1.0,19.0,4.5,7.7,1.9,6.2,2.0,34.3,2.0,5.17,1.58,Apartment,2937000.0,1,3019000.0,2.79
1521.0,3.0,3.0,2.0,7.1,14.3,1.2,4.3,1.7,31.7,1.0,3.21,3.65,Independent House,6743000.0,4,7536000.0,11.76
1244.0,,1.0,5.0,7.4,8.9,3.4,2.0,1.0,20.7,1.0,5.99,,Apartment,4014000.0,4,5034000.0,25.41
876.0,2.0,2.0,14.0,4.3,11.3,9.8,3.7,2.4,41.1,0.0,7.46,4.76,Apartment,1619000.0,1,1677000.0,3.58
,5.0,4.0,14.0,1.0,12.3,1.7,3.0,0.7,40.5,2.0,6.11,4.28,Villa,6035000.0,4,6978000.0,15.63
889.0,2.0,2.0,15.0,8.6,1.5,1.6,4.0,1.2,42.3,2.0,5.36,2.61,Apartment,3536000.0,1,3672000.0,3.85
835.0,2.0,1.0,3.0,5.6,13.2,9.2,6.4,1.9,29.5,1.0,4.7,1.4,Apartment,2208000.0,5,2428000.0,9.96
3318.0,6.0,5.0,7.0,5.5,17.9,4.9,5.4,1.4,38.9,4.0,6.56,3.77,Villa,12875000.0,3,14638000.0,13.69
4196.0,6.0,5.0,14.0,6.6,15.0,0.7,4.0,0.6,20.5,4.0,7.12,5.57,Villa,18211000.0,3,22204000.0,21.93
1406.0,3.0,3.0,6.0,5.1,15.1,10.0,5.9,1.6,34.9,0.0,2.81,,Apartment,3689000.0,2,3973000.0,7.7
1021.0,2.0,2.0,13.0,8.7,8.8,6.0,6.0,2.0,27.1,0.0,4.84,5.72,Apartment,4052000.0,2,4507000.0,11.23
1153.0,2.0,2.0,7.0,5.5,11.5,2.0,5.5,3.3,33.5,1.0,5.26,2.53,Apartment,3808000.0,3,4206000.0,10.45
1277.0,1.0,1.0,30.0,4.6,13.2,6.4,3.4,0.7,,1.0,3.63,3.58,Apartment,1981000.0,1,2028000.0,2.37
1189.0,2.0,3.0,9.0,5.8,9.2,0.5,6.4,2.9,32.3,2.0,3.73,2.39,Apartment,4418000.0,5,5038000.0,14.03
908.0,1.0,1.0,24.0,6.3,14.0,4.0,5.0,4.5,40.8,,6.22,4.18,Apartment,2131000.0,2,2284000.0,7.18
2216.0,4.0,3.0,14.0,8.1,6.8,1.9,7.4,4.2,27.3,1.0,5.1,4.72,Independent House,12846000.0,2,14243000.0,10.87
1948.0,3.0,3.0,13.0,5.6,15.5,8.8,4.2,1.5,23.0,3.0,5.61,4.14,Independent House,5229000.0,2,5390000.0,3.08
1488.0,3.0,2.0,14.0,2.5,23.9,2.3,4.0,9.6,23.3,1.0,,2.6,Independent House,3063000.0,2,3223000.0,5.22
4266.0,6.0,4.0,14.0,5.4,19.9,4.7,7.2,2.2,32.4,2.0,9.18,5.18,Villa,19147000.0,1,20458000.0,6.85
835.0,2.0,2.0,9.0,10.0,2.4,1.3,,1.3,14.7,2.0,6.7,3.39,Apartment,5321000.0,4,6531000.0,22.74
1600.0,2.0,2.0,15.0,4.4,16.4,1.4,3.7,5.4,33.2,0.0,5.17,1.75,Apartment,3360000.0,3,3685000.0,9.67
748.0,1.0,2.0,19.0,5.5,16.3,6.1,1.0,3.0,42.9,1.0,7.05,5.69,Apartment,1409000.0,5,1755000.0,24.56
979.0,1.0,1.0,12.0,6.4,6.7,3.0,9.7,3.4,30.6,1.0,8.13,5.26,Apartment,4118000.0,1,4381000.0,6.39
1558.0,3.0,3.0,6.0,5.7,8.7,2.6,4.6,2.1,26.7,1.0,5.91,3.84,Apartment,5058000.0,4,6036000.0,19.34
1250.0,3.0,3.0,9.0,6.1,11.2,6.1,7.2,4.3,27.1,3.0,5.85,3.88,Independent House,4624000.0,5,6086000.0,31.62
1550.0,,3.0,6.0,7.2,4.7,2.3,8.9,0.8,32.0,3.0,6.3,4.59,Independent House,8911000.0,3,10646000.0,19.47
1786.0,4.0,3.0,9.0,8.5,4.9,7.1,,1.2,16.8,1.0,5.64,2.49,Independent House,11897000.0,1,12481000.0,4.91
3175.0,6.0,6.0,14.0,6.4,13.2,1.3,4.3,2.5,29.4,4.0,6.18,6.39,Villa,15708000.0,1,16730000.0,6.51
3801.0,6.0,5.0,14.0,8.9,5.6,1.7,6.0,3.0,,3.0,6.82,8.74,Independent House,24599000.0,1,26308000.0,6.95
3307.0,6.0,5.0,7.0,6.8,12.9,4.9,4.7,5.6,19.6,4.0,4.17,3.0,Villa,16234000.0,3,18565000.0,14.36
1245.0,2.0,2.0,9.0,8.3,11.3,1.4,5.1,2.8,47.1,0.0,,7.15,Apartment,4971000.0,2,5621000.0,13.08
2738.0,5.0,3.0,4.0,4.7,17.7,2.4,3.8,1.1,23.2,3.0,5.08,3.15,Independent House,11824000.0,5,14676000.0,24.12
1853.0,3.0,2.0,9.0,5.3,7.5,,6.0,1.9,31.2,2.0,6.14,4.92,Independent House,6087000.0,1,6397000.0,5.09
1303.0,3.0,3.0,11.0,8.9,4.2,6.1,4.2,0.8,21.2,2.0,5.81,5.51,Apartment,5383000.0,1,5728000.0,6.41
907.0,2.0,2.0,27.0,6.4,8.4,2.3,5.6,2.9,16.9,1.0,5.38,0.96,Apartment,2840000.0,1,2947000.0,3.77
961.0,1.0,2.0,2.0,5.2,19.2,1.3,4.2,2.5,26.8,0.0,4.29,4.81,Apartment,2609000.0,2,2760000.0,5.79
993.0,2.0,1.0,43.0,7.0,9.1,9.6,6.4,1.9,24.7,,6.8,5.98,Apartment,2493000.0,2,2667000.0,6.98
3283.0,6.0,5.0,1.0,3.8,21.8,9.0,,2.0,45.2,3.0,4.91,3.57,independent house,9125000.0,2,9626000.0,5.49
1655.0,2.0,1.0,22.0,5.8,14.1,11.0,3.3,6.2,26.4,2.0,4.52,3.23,Independent House,3084000.0,5,3670000.0,19.0
3603.0,6.0,4.0,6.0,1.1,23.2,0.8,5.2,3.0,55.0,3.0,5.5,2.02,Villa,7577000.0,3,8241000.0,8.76
3516.0,6.0,5.0,10.0,7.5,13.4,13.3,5.2,2.6,22.8,3.0,6.44,4.92,Villa,13992000.0,5,16934000.0,21.03
1850.0,3.0,2.0,23.0,5.6,20.2,2.7,5.0,2.6,28.0,1.0,6.43,5.8,Independent House,5002000.0,5,6112000.0,22.19
1027.0,2.0,2.0,23.0,6.5,5.2,0.9,3.9,1.0,30.2,2.0,2.97,2.94,Independent House,3793000.0,4,4271000.0,12.6
2468.0,5.0,4.0,9.0,5.5,20.7,3.4,6.0,5.2,34.5,1.0,8.33,3.95,Independent House,8497000.0,2,9468000.0,11.43
1348.0,1.0,2.0,5.0,2.1,20.6,1.0,2.7,2.0,42.8,2.0,4.63,3.31,Apartment,2523000.0,4,2791000.0,10.62
2088.0,4.0,3.0,6.0,6.3,5.6,1.5,5.5,1.9,14.0,1.0,7.4,5.72,Apartment,11125000.0,3,13281000.0,19.38
1446.0,3.0,2.0,,5.0,12.9,5.5,5.7,3.4,22.0,0.0,5.59,3.64,Apartment,3670000.0,3,4135000.0,12.67
3999.0,6.0,5.0,13.0,5.2,16.6,6.7,5.4,2.1,28.3,2.0,6.59,6.1,Villa,12863000.0,5,16972000.0,31.94
1574.0,2.0,2.0,14.0,4.1,13.8,2.6,3.4,1.9,44.4,1.0,5.32,2.84,Apartment,3326000.0,1,3453000.0,3.82
915.0,2.0,3.0,14.0,8.2,20.0,0.8,8.1,6.4,32.2,0.0,5.87,4.41,Apartment,4079000.0,5,5466000.0,34.0
,1.0,2.0,26.0,6.7,10.7,7.1,6.8,2.7,29.6,1.0,5.5,3.84,Apartment,2791000.0,5,3439000.0,23.22
1469.0,2.0,2.0,14.0,9.3,11.7,2.0,7.0,7.0,15.3,2.0,8.09,6.11,Apartment,7726000.0,3,9734000.0,25.99
1226.0,2.0,2.0,3.0,9.0,9.1,4.7,8.9,2.3,24.9,2.0,7.57,6.44,Apartment,7488000.0,5,10577000.0,41.25
1961.0,4.0,4.0,14.0,2.5,9.9,3.0,4.3,6.3,37.6,2.0,,3.07,Independent House,4598000.0,1,4746000.0,3.22
2523.0,5.0,,2.0,6.5,7.8,4.7,,3.5,38.3,4.0,6.21,1.91,Villa,12762000.0,1,13305000.0,4.25
954.0,2.0,2.0,8.0,6.4,8.9,6.2,6.5,6.1,22.7,2.0,,5.19,Apartment,3198000.0,1,3329000.0,4.1
2567.0,4.0,3.0,49.0,6.0,10.0,3.2,5.8,1.0,24.1,1.0,5.93,5.81,Independent House,6844000.0,5,8815000.0,28.8
1171.0,3.0,3.0,23.0,8.7,11.5,11.9,,2.2,12.6,2.0,5.55,5.53,Apartment,3545000.0,2,3837000.0,8.24
1243.0,,2.0,5.0,6.5,14.5,11.4,6.0,2.3,45.9,0.0,5.43,4.42,Apartment,3101000.0,1,3232000.0,4.22
1086.0,1.0,1.0,17.0,3.6,5.7,3.6,2.8,1.1,50.1,1.0,4.27,1.52,Apartment,2111000.0,1,2166000.0,2.61
872.0,1.0,2.0,14.0,5.5,15.9,5.6,6.2,4.2,41.7,1.0,3.53,-1.13,Apartment,1817000.0,4,1975000.0,8.7
1514.0,3.0,3.0,10.0,2.7,14.3,,5.9,2.6,41.5,1.0,,0.22,Independent House,3253000.0,2,3517000.0,8.12
1463.0,3.0,3.0,9.0,4.7,7.5,1.2,4.5,1.8,36.6,0.0,4.74,5.03,Apartment,3868000.0,1,4096000.0,5.89
1585.0,3.0,3.0,12.0,5.2,8.1,2.1,3.1,5.1,23.9,0.0,7.63,6.29,Apartment,4305000.0,5,5796000.0,34.63
2509.0,4.0,3.0,14.0,5.1,8.6,1.2,,2.0,33.5,1.0,4.49,2.8,Independent House,7596000.0,3,8794000.0,15.77
1358.0,3.0,3.0,24.0,4.9,13.4,5.7,3.6,0.5,,1.0,9.22,4.49,Independent House,3272000.0,1,3454000.0,5.56
1347.0,2.0,2.0,10.0,5.5,18.2,5.4,2.9,4.2,62.9,0.0,7.02,2.63,Apartment,2560000.0,2,2751000.0,7.46
1426.0,1.0,2.0,31.0,5.8,13.9,1.1,3.4,1.6,6.9,3.0,5.34,7.43,Independent House,3828000.0,4,4898000.0,27.95
1627.0,4.0,4.0,21.0,6.5,9.5,5.8,4.3,3.1,10.9,1.0,4.65,6.43,Apartment,5738000.0,2,6307000.0,9.92
789.0,1.0,1.0,5.0,4.0,5.3,3.8,5.0,0.9,24.4,0.0,5.26,1.42,Apartment,2025000.0,1,2092000.0,3.31
1178.0,2.0,3.0,13.0,4.9,,1.6,7.4,1.2,23.5,0.0,5.73,5.26,Apt,3472000.0,2,3906000.0,12.5
939.0,2.0,2.0,17.0,5.3,10.7,1.1,5.0,1.6,43.9,1.0,9.12,2.57,Independent House,2922000.0,4,3611000.0,23.58
2601.0,4.0,4.0,22.0,6.7,13.2,4.9,4.9,4.1,31.4,3.0,7.64,3.77,Independent House,8875000.0,3,10452000.0,17.77
816.0,2.0,1.0,11.0,8.5,4.1,2.2,8.0,2.0,23.4,1.0,5.82,4.55,Apartment,3934000.0,2,4345000.0,10.45
2397.0,5.0,5.0,19.0,5.6,20.0,7.4,6.5,4.3,47.5,1.0,7.66,4.68,Apartment,5742000.0,3,6763000.0,17.78
2038.0,4.0,3.0,40.0,4.2,10.9,1.3,5.8,4.1,37.4,3.0,6.12,5.37,Independent House,4249000.0,4,5080000.0,19.56
1096.0,2.0,2.0,1.0,8.5,11.8,1.4,3.4,2.1,19.9,1.0,7.14,6.43,Apartment,4191000.0,1,4506000.0,7.52
1635.0,3.0,3.0,9.0,5.5,18.5,4.1,5.2,11.0,40.7,2.0,5.34,6.08,Apartment,3451000.0,1,3617000.0,4.81
1457.0,3.0,4.0,15.0,7.5,1.1,1.0,3.9,1.2,33.3,1.0,5.87,2.38,Apartment,7201000.0,5,9154000.0,27.12
801.0,2.0,2.0,19.0,3.7,12.7,4.1,8.6,3.8,40.3,0.0,6.37,1.98,Apartment,1729000.0,3,1963000.0,13.53
1461.0,2.0,3.0,1.0,6.2,16.3,3.4,6.0,1.0,41.0,2.0,4.45,2.51,Apartment,4763000.0,4,5373000.0,12.81
1872.0,3.0,2.0,9.0,7.8,7.7,2.6,6.3,2.3,15.4,2.0,,-0.06,Independent House,8505000.0,1,8808000.0,3.56
2894.0,6.0,4.0,6.0,8.4,11.6,0.7,7.8,4.3,37.3,2.0,5.86,9.95,Independent House,18554000.0,2,21398000.0,15.33
910.0,2.0,2.0,17.0,1.5,18.1,4.5,4.8,1.1,24.4,0.0,4.53,-1.61,Apartment,1598000.0,4,1666000.0,4.26
2086.0,4.0,3.0,22.0,4.4,17.3,5.6,6.0,2.4,29.5,2.0,5.77,4.93,Independent House,4932000.0,4,5874000.0,19.1
1538.0,3.0,3.0,19.0,2.3,21.2,23.1,1.8,9.1,20.8,3.0,5.28,-0.82,Independent House,1519000.0,1,1532000.0,0.86
2225.0,4.0,3.0,11.0,6.7,11.0,0.5,4.7,1.0,31.0,2.0,4.8,6.21,,9653000.0,2,10678000.0,10.62
1516.0,2.0,2.0,7.0,9.4,3.0,3.9,6.8,2.5,22.9,2.0,7.5,4.78,Apartment,9008000.0,2,10158000.0,12.77
776.0,2.0,2.0,20.0,6.6,14.1,2.8,5.9,6.3,15.2,2.0,4.22,1.24,Independent House,2651000.0,3,2881000.0,8.68
835.0,2.0,2.0,17.0,6.5,11.5,3.2,6.3,2.2,18.0,2.0,5.53,1.11,Apartment,2966000.0,2,3252000.0,9.64
1623.0,3.0,3.0,4.0,5.7,8.7,4.6,6.3,3.2,22.0,2.0,5.2,3.77,Independent House,6087000.0,1,6362000.0,4.52
1038.0,2.0,2.0,17.0,5.8,6.6,,5.3,3.3,37.0,1.0,7.17,3.58,Apartment,2995000.0,2,3288000.0,9.78
2005.0,4.0,3.0,16.0,6.3,10.6,4.3,6.9,2.0,27.6,2.0,5.21,3.51,Apartment,6146000.0,3,6754000.0,9.89
852.0,2.0,1.0,21.0,10.0,7.7,6.6,6.4,3.5,24.6,2.0,6.4,4.43,APARTMENT,3562000.0,3,4211000.0,18.22
1864.0,4.0,3.0,,6.6,12.2,3.8,5.6,0.9,26.8,3.0,7.37,4.63,Independent House,8088000.0,5,10479000.0,29.56
3366.0,5.0,5.0,10.0,3.2,17.0,3.4,3.9,1.5,34.9,2.0,5.93,1.94,Villa,9965000.0,3,10824000.0,8.62
1357.0,2.0,1.0,13.0,7.2,14.3,4.8,4.6,0.7,29.1,0.0,7.28,1.2,Apartment,3838000.0,4,4712000.0,22.77
1658.0,3.0,3.0,5.0,7.5,8.9,2.1,3.5,2.0,19.9,2.0,6.3,5.72,Independent House,7538000.0,3,8789000.0,16.6
1597.0,4.0,3.0,7.0,3.3,,3.9,,1.7,33.2,2.0,4.59,3.42,Apartment,3789000.0,3,4145000.0,9.4
1908.0,3.0,2.0,10.0,5.6,13.4,7.2,5.5,6.5,31.4,3.0,5.17,4.47,Independent House,4840000.0,4,5553000.0,14.73
1589.0,5.0,4.0,6.0,5.3,13.4,1.0,6.9,3.5,29.4,1.0,7.5,3.39,Apartment,5414000.0,5,7419000.0,37.03
3019.0,6.0,5.0,13.0,7.4,11.7,2.1,5.4,3.4,30.1,4.0,5.36,4.04,Villa,18248000.0,3,21132000.0,15.8
1606.0,3.0,2.0,9.0,4.7,13.8,0.7,5.7,5.2,29.0,1.0,6.61,4.67,,5539000.0,5,7219000.0,30.33
841.0,1.0,1.0,2.0,7.8,0.5,1.0,7.7,1.5,23.9,0.0,4.62,3.0,Apartment,3903000.0,5,4826000.0,23.65
826.0,2.0,1.0,19.0,5.1,18.4,,5.1,0.6,24.4,0.0,6.12,3.95,Apartment,1665000.0,2,1781000.0,6.97
1029.0,2.0,2.0,-12.0,8.2,6.2,0.9,4.6,1.4,24.0,0.0,8.48,6.04,Apartment,5201000.0,2,6075000.0,16.8
1734.0,3.0,2.0,41.0,8.4,0.5,2.2,5.3,1.2,25.2,3.0,6.46,5.93,Independent House,6774000.0,2,7539000.0,11.29
1761.0,3.0,3.0,18.0,10.0,0.5,2.0,5.2,,23.5,1.0,6.86,6.44,Apartment,9404000.0,2,10811000.0,14.96
1228.0,3.0,3.0,39.0,5.5,3.4,0.6,2.6,1.1,20.1,0.0,8.41,4.72,Apartment,3042000.0,3,3589000.0,17.98
1332.0,2.0,2.0,14.0,4.1,12.2,4.4,3.3,1.0,39.7,0.0,6.47,1.1,Apartment,2652000.0,1,2738000.0,3.24
1823.0,3.0,3.0,8.0,5.1,14.4,3.3,5.3,3.4,28.6,1.0,4.13,1.55,Independent House,5620000.0,2,5999000.0,6.74
1614.0,3.0,3.0,11.0,2.3,20.7,4.7,4.4,4.8,43.7,0.0,3.66,2.23,Apartment,2419000.0,5,2510000.0,3.76
1770.0,3.0,3.0,38.0,6.1,8.8,1.2,5.5,1.1,39.5,1.0,7.25,5.06,Apartment,5030000.0,2,5705000.0,13.42
2087.0,5.0,4.0,4.0,5.5,3.4,2.2,6.5,2.8,25.1,2.0,5.45,4.96,Independent House,10880000.0,2,12075000.0,10.98
839.0,1.0,2.0,23.0,6.9,10.5,0.6,6.3,3.5,24.4,2.0,7.42,4.95,Apartment,3287000.0,4,4306000.0,31.0
1208.0,,3.0,10.0,6.5,12.8,2.2,4.0,5.8,35.3,1.0,6.32,3.68,Apartment,3701000.0,3,4285000.0,15.78
1035.0,1.0,1.0,23.0,3.8,7.4,0.8,7.2,1.5,35.2,1.0,5.04,2.1,apartment,2788000.0,4,3283000.0,17.75
4363.0,6.0,5.0,19.0,8.8,2.9,4.2,7.7,1.5,17.0,2.0,6.88,7.34,Villa,37735000.0,3,46805000.0,24.04
1019.0,2.0,2.0,18.0,3.9,15.6,7.6,2.4,1.4,24.8,1.0,8.4,1.71,Apartment,1863000.0,2,1988000.0,6.71
1427.0,4.0,3.0,11.0,6.5,8.2,4.1,7.0,0.9,41.8,1.0,4.53,3.82,Apartment,5163000.0,4,6075000.0,17.66
1683.0,2.0,2.0,15.0,6.9,4.7,3.5,4.0,3.4,18.5,2.0,8.3,3.22,Apartment,6113000.0,3,6993000.0,14.4
1200.0,2.0,2.0,5.0,4.0,10.4,2.0,3.3,2.3,41.0,1.0,6.72,1.18,Independent House,2704000.0,5,3246000.0,20.04
1693.0,3.0,3.0,8.0,6.7,10.3,5.0,8.6,3.5,21.8,1.0,6.46,2.86,Independent House,6631000.0,4,8376000.0,26.32
3317.0,6.0,5.0,19.0,5.4,14.8,1.3,5.5,4.7,30.6,3.0,5.64,1.18,Villa,14914000.0,2,16301000.0,9.3
1345.0,2.0,2.0,8.0,6.9,12.0,0.9,6.5,1.3,28.5,0.0,6.8,3.97,Apartment,6106000.0,1,6432000.0,5.34
2032.0,3.0,3.0,8.0,8.1,,1.5,6.8,0.8,26.1,2.0,9.54,7.48,Independent House,12739000.0,2,14842000.0,16.51
1225.0,2.0,2.0,36.0,7.2,11.7,1.2,,1.1,39.5,1.0,6.71,4.19,Apartment,3208000.0,1,3394000.0,5.8
768.0,1.0,1.0,24.0,,26.9,2.6,7.0,1.9,29.5,2.0,5.25,2.66,Apartment,1556000.0,5,1771000.0,13.82
1281.0,2.0,2.0,30.0,7.6,7.0,0.7,4.5,0.9,33.9,3.0,7.67,6.55,Independent House,4390000.0,1,4720000.0,7.52
1013.0,1.0,1.0,34.0,6.4,12.3,5.0,3.9,7.2,37.6,2.0,6.47,3.71,Apartment,1882000.0,4,2099000.0,11.53
1154.0,3.0,2.0,9.0,5.7,6.4,0.7,5.0,1.2,47.1,2.0,,2.38,Apt,3517000.0,2,3867000.0,9.95
1644.0,3.0,3.0,7.0,7.7,7.4,2.4,3.4,2.5,20.2,1.0,4.9,3.63,Independent House,6440000.0,2,7100000.0,10.25
770.0,1.0,2.0,13.0,5.9,3.9,0.5,2.8,2.0,33.4,1.0,6.14,4.27,Apt,2375000.0,3,2782000.0,17.14
1458.0,3.0,2.0,26.0,9.3,6.1,1.6,5.5,2.2,16.0,0.0,7.02,3.87,Apartment,7431000.0,2,8223000.0,10.66
2114.0,3.0,4.0,15.0,3.2,12.8,3.9,7.1,3.9,53.0,1.0,7.28,5.39,Independent House,4847000.0,5,5799000.0,19.64
966.0,2.0,2.0,8.0,6.9,0.9,0.6,5.4,2.1,26.6,2.0,8.1,4.38,Apartment,4538000.0,1,4850000.0,6.88
919.0,1.0,1.0,9.0,5.3,15.5,2.3,1.0,2.1,32.0,0.0,5.78,3.37,Apartment,1926000.0,2,2058000.0,6.85
567.0,1.0,1.0,42.0,3.4,6.8,2.7,5.7,0.7,40.1,2.0,4.44,2.56,Apartment,977000.0,2,1017000.0,4.09
796.0,2.0,2.0,15.0,4.1,19.7,2.1,4.2,2.9,,2.0,4.25,,Apartment,1809000.0,5,2175000.0,20.23
936.0,2.0,2.0,8.0,6.7,23.3,4.3,5.9,1.5,26.4,0.0,4.54,0.3,Apartment,2632000.0,4,2995000.0,13.79
2795.0,5.0,5.0,12.0,0.0,3.8,,6.3,2.7,28.8,3.0,4.33,4.25,Villa,24550000.0,1,25758000.0,4.92
1419.0,3.0,2.0,6.0,5.3,20.0,4.5,3.8,3.4,14.2,1.0,6.35,2.01,Apartment,3562000.0,2,3815000.0,7.1
923.0,2.0,1.0,3.0,9.4,5.1,1.9,,,6.4,1.0,6.18,5.35,Apartment,6523000.0,1,6980000.0,7.01
1699.0,4.0,4.0,8.0,5.7,11.0,0.2,6.0,4.1,34.9,2.0,6.76,1.56,Independent House,7373000.0,2,8131000.0,10.28
1294.0,2.0,1.0,7.0,3.8,12.9,4.8,,1.4,24.1,0.0,6.38,3.74,Apartment,2920000.0,1,3035000.0,3.94
2199.0,4.0,3.0,7.0,6.4,,3.5,3.9,1.0,38.5,1.0,5.57,4.95,Independent House,8053000.0,1,8462000.0,5.08
1370.0,2.0,2.0,5.0,3.4,26.1,2.7,6.7,,21.1,3.0,5.81,0.18,Independent House,3723000.0,5,4623000.0,24.17
3586.0,6.0,,1.0,5.5,11.0,4.0,6.4,3.8,37.0,3.0,7.26,6.18,Villa,18773000.0,3,22770000.0,21.29
787.0,1.0,1.0,17.0,4.4,14.5,1.5,4.9,2.7,,2.0,3.21,1.29,Apartment,1663000.0,4,1769000.0,6.37
1158.0,2.0,3.0,7.0,7.2,12.0,1.5,5.7,1.7,16.1,3.0,7.21,3.27,Independent House,6517000.0,5,8852000.0,35.83
1080.0,1.0,1.0,4.0,7.7,3.2,1.3,4.8,0.6,15.8,2.0,5.25,4.53,Apartment,5866000.0,5,8036000.0,36.99
2056.0,,3.0,24.0,7.3,13.2,2.8,3.7,3.5,19.2,2.0,8.43,3.03,Apartment,6225000.0,4,7796000.0,25.24
2215.0,5.0,4.0,9.0,5.8,11.8,2.5,6.1,4.0,27.1,3.0,4.97,4.24,Independent House,9185000.0,1,9652000.0,5.08
1590.0,3.0,3.0,12.0,7.2,7.8,7.5,4.3,3.4,40.0,1.0,7.39,7.13,Independent House,5516000.0,3,6396000.0,15.95
1482.0,3.0,3.0,8.0,8.0,14.8,3.0,6.7,1.6,25.9,1.0,9.24,5.27,Independent House,7405000.0,2,8539000.0,15.31
909.0,2.0,2.0,9.0,8.7,7.6,3.6,5.4,5.0,22.2,1.0,8.06,6.32,Apartment,3960000.0,4,5208000.0,31.52
1206.0,2.0,2.0,22.0,8.0,14.1,2.0,5.8,2.5,13.9,2.0,7.24,6.86,Apartment,5505000.0,1,5919000.0,7.52
1262.0,2.0,1.0,4.0,8.3,6.8,5.3,,1.2,38.2,1.0,7.15,5.47,apartment,5362000.0,5,7096000.0,32.34
656.0,1.0,1.0,1.0,6.4,10.6,11.8,5.1,2.4,28.7,0.0,4.86,,Apartment,1744000.0,2,1867000.0,7.05
4572.0,6.0,5.0,19.0,4.8,13.1,1.6,7.2,1.0,34.5,4.0,4.86,3.73,Villa,20962000.0,4,24071000.0,14.83
1694.0,3.0,3.0,23.0,4.3,10.3,0.3,1.0,7.4,47.4,1.0,6.06,0.74,Apartment,3282000.0,3,3675000.0,11.97
1198.0,2.0,2.0,2.0,7.1,2.8,2.4,5.1,0.8,10.2,2.0,7.26,6.05,Apartment,5761000.0,1,6194000.0,7.52
1742.0,3.0,2.0,19.0,,10.0,4.5,9.9,3.3,7.8,1.0,6.37,3.57,Independent House,9079000.0,5,11674000.0,28.58
1021.0,3.0,3.0,17.0,9.3,0.5,4.4,10.0,2.0,21.3,2.0,5.84,7.1,Independent House,7456000.0,5,9561000.0,28.23
2429.0,,3.0,22.0,7.3,7.4,1.0,3.8,0.5,23.7,3.0,7.26,7.21,Villa,12127000.0,2,13845000.0,14.17
2157.0,4.0,3.0,4.0,1.9,16.0,8.5,5.4,2.6,38.7,1.0,6.56,0.11,Independent House,4446000.0,2,4659000.0,4.79
1323.0,2.0,1.0,33.0,7.8,9.7,2.2,5.7,1.5,41.6,0.0,6.98,5.06,Apartment,4543000.0,1,4779000.0,5.19
808.0,1.0,1.0,17.0,5.0,18.3,20.9,6.4,7.3,40.6,,6.54,7.39,Apartment,987000.0,4,1107000.0,12.16
1013.0,1.0,1.0,13.0,6.6,16.9,0.2,5.4,4.8,28.8,1.0,6.46,3.03,Apartment,2824000.0,2,3046000.0,7.86
2409.0,5.0,4.0,23.0,6.6,18.6,10.3,5.7,3.8,14.7,3.0,5.97,4.25,Independent House,7735000.0,1,8001000.0,3.44
1924.0,3.0,3.0,,9.0,0.5,1.4,5.5,3.9,18.0,3.0,8.99,6.43,Independent House,11871000.0,4,16363000.0,37.84
1041.0,1.0,2.0,2.0,8.1,9.6,3.0,7.3,0.9,30.9,2.0,7.65,6.29,Apartment,5089000.0,5,7315000.0,43.74
1539.0,2.0,2.0,9.0,7.7,13.6,8.9,5.1,4.4,18.4,1.0,3.99,4.45,Independent House,5226000.0,3,5822000.0,11.4
1330.0,1.0,1.0,8.0,7.0,8.1,3.6,7.0,1.3,26.3,,8.11,2.61,Apartment,6088000.0,4,7705000.0,26.56
1257.0,3.0,3.0,21.0,6.5,12.1,2.4,3.6,2.4,42.4,1.0,5.45,4.53,Apartment,3278000.0,5,4087000.0,24.68
1491.0,2.0,2.0,26.0,9.1,8.9,3.2,6.2,6.7,28.7,0.0,6.0,2.23,Apartment,5218000.0,5,6713000.0,28.65
1576.0,2.0,3.0,14.0,5.9,14.9,2.6,4.2,2.6,26.3,2.0,8.04,4.28,Independent House,6078000.0,4,7433000.0,22.29
1802.0,4.0,4.0,7.0,10.0,0.5,1.2,6.1,1.7,19.7,2.0,6.44,6.6,Independent House,16336000.0,2,19357000.0,18.49
1700.0,2.0,1.0,21.0,6.3,5.6,2.0,5.8,2.1,27.9,1.0,5.46,3.92,Independent House,5548000.0,2,6039000.0,8.85
2106.0,5.0,4.0,7.0,2.7,16.8,3.9,3.5,1.1,49.3,1.0,6.04,6.65,Apartment,4429000.0,4,5185000.0,17.07
1443.0,2.0,2.0,14.0,3.5,16.5,2.7,3.2,3.1,28.0,1.0,5.2,0.43,Apartment,3059000.0,2,3150000.0,2.97
1274.0,1.0,1.0,18.0,5.6,7.4,6.6,5.6,3.9,29.3,3.0,7.77,6.49,Independent House,3939000.0,1,4151000.0,5.38
885.0,1.0,1.0,24.0,3.8,18.4,5.0,4.4,1.6,45.3,1.0,3.44,3.98,Apartment,1405000.0,1,1427000.0,1.57
1281.0,2.0,2.0,9.0,4.3,12.2,6.2,6.6,6.9,41.6,0.0,5.92,7.04,Apartment,2977000.0,5,3753000.0,26.07
1620.0,3.0,2.0,4.0,4.3,,6.5,6.2,7.9,37.5,2.0,5.64,3.73,Flat,3085000.0,4,3503000.0,13.55
1985.0,4.0,4.0,11.0,10.0,4.5,1.2,8.7,1.3,15.7,2.0,8.71,5.83,Independent House,18270000.0,1,19949000.0,9.19
1643.0,3.0,3.0,42.0,4.2,21.0,4.3,5.0,3.6,37.5,0.0,4.37,2.56,Apartment,2615000.0,4,2767000.0,5.81
869.0,2.0,2.0,10.0,3.3,14.2,6.2,4.9,3.0,39.1,2.0,5.99,4.41,Apartment,1895000.0,2,2062000.0,8.81
1095.0,2.0,2.0,17.0,5.2,20.8,8.8,5.7,6.4,,0.0,4.26,3.18,Apartment,2146000.0,5,2440000.0,13.7
1447.0,3.0,,21.0,5.6,12.0,1.7,6.0,4.1,27.9,1.0,3.12,-1.47,Independent House,4210000.0,3,4230000.0,0.48
1290.0,2.0,2.0,1.0,5.7,16.6,1.3,2.7,4.0,23.4,2.0,7.86,5.02,INDEPENDENT HOUSE,4745000.0,1,5077000.0,7.0
686.0,1.0,1.0,8.0,3.1,16.1,1.6,4.2,5.4,36.9,2.0,3.35,2.24,Apartment,1402000.0,5,1566000.0,11.7
1419.0,2.0,2.0,9.0,7.3,16.3,3.7,7.3,2.8,13.3,2.0,8.21,7.17,Independent House,6621000.0,4,8821000.0,33.23
533.0,1.0,2.0,2.0,5.1,15.8,7.8,5.1,1.7,40.0,0.0,5.55,-0.77,Apartment,1265000.0,5,1438000.0,13.68
,6.0,4.0,15.0,2.3,20.1,3.3,3.0,1.3,47.0,4.0,5.86,0.55,Villa,11469000.0,2,11940000.0,4.11
1314.0,2.0,1.0,15.0,4.1,20.7,3.1,5.0,6.3,45.0,0.0,5.69,5.12,Apartment,2292000.0,2,2438000.0,6.37
2449.0,5.0,4.0,5.0,6.6,10.5,2.7,4.0,1.1,33.8,1.0,7.14,3.56,Independent House,9351000.0,3,10871000.0,16.25
2564.0,5.0,4.0,13.0,6.4,14.9,13.2,2.9,5.1,17.1,3.0,8.05,6.41,Villa,8133000.0,4,9910000.0,21.85
1287.0,3.0,3.0,,7.6,9.4,1.8,7.8,3.9,21.9,1.0,6.3,3.73,Apartment,6311000.0,3,7059000.0,11.85
2281.0,4.0,3.0,3.0,7.8,5.8,4.2,7.3,0.9,33.3,2.0,8.29,6.23,Independent House,12534000.0,2,14703000.0,17.3
875.0,2.0,2.0,14.0,10.0,0.5,0.7,6.3,1.2,21.1,0.0,5.63,6.31,Apartment,5938000.0,3,7185000.0,21.0
922.0,1.0,1.0,6.0,4.7,9.1,2.1,3.4,3.1,31.9,1.0,7.48,2.11,Apartment,2529000.0,1,2643000.0,4.51
1444.0,3.0,4.0,,8.9,0.5,1.2,5.3,1.0,25.1,2.0,8.4,6.02,Apartment,6736000.0,3,8414000.0,24.91
2324.0,5.0,5.0,9.0,9.7,0.5,0.9,7.9,0.6,23.6,2.0,7.12,9.05,Independent House,22092000.0,2,25697000.0,16.32
3044.0,5.0,5.0,20.0,7.7,8.6,3.9,4.7,2.6,19.2,2.0,7.47,6.18,Independent House,12845000.0,1,13700000.0,6.66
671.0,2.0,1.0,6.0,4.2,13.5,4.1,3.7,1.2,,0.0,5.45,0.0,Apartment,1392000.0,4,1566000.0,12.5
2344.0,5.0,3.0,7.0,1.2,25.5,3.4,3.0,8.2,45.3,1.0,5.6,-1.11,Independent House,3680000.0,3,4022000.0,9.29
1139.0,2.0,2.0,2.0,6.4,6.7,0.7,5.6,3.0,24.5,1.0,7.32,8.39,Apt,5684000.0,4,7630000.0,34.24
,2.0,1.0,18.0,3.8,16.7,7.9,5.0,,41.6,2.0,6.28,3.44,Independent House,3084000.0,1,3180000.0,3.11
812.0,,1.0,9.0,7.4,12.7,3.5,6.1,3.0,16.7,0.0,4.44,5.48,Apartment,2879000.0,2,3153000.0,9.52
2312.0,3.0,3.0,7.0,3.7,15.8,,2.6,1.6,26.0,2.0,7.93,3.43,Independent House,7223000.0,5,9378000.0,29.84
2477.0,4.0,4.0,12.0,3.8,9.4,0.8,4.6,5.8,35.8,4.0,5.63,2.94,Villa,9256000.0,1,9659000.0,4.35
872.0,1.0,2.0,20.0,6.1,7.6,2.3,4.8,3.5,31.3,1.0,4.96,1.5,Apartment,2647000.0,3,2962000.0,11.9
1316.0,3.0,3.0,9.0,7.6,12.7,7.4,4.6,1.7,34.5,0.0,6.11,4.91,Apartment,4311000.0,3,5026000.0,16.59
935.0,2.0,2.0,17.0,9.3,0.5,0.8,8.3,1.2,,2.0,7.88,6.74,APARTMENT,6413000.0,4,8872000.0,38.34
1648.0,3.0,3.0,27.0,8.3,0.5,0.7,7.5,0.6,16.5,2.0,5.21,1.49,Independent House,8800000.0,2,9399000.0,6.81
1142.0,2.0,2.0,4.0,4.2,14.8,8.6,5.0,3.2,32.7,1.0,3.09,-0.2,Apartment,2444000.0,3,2674000.0,9.41
962.0,2.0,2.0,2.0,9.9,0.5,1.7,7.3,1.9,,2.0,5.53,6.5,Apartment,7465000.0,3,9147000.0,22.53
3347.0,6.0,5.0,24.0,6.3,12.8,8.1,2.8,2.0,,4.0,5.78,4.08,Villa,11758000.0,3,13140000.0,11.75
1106.0,2.0,2.0,15.0,8.3,10.8,3.2,5.9,3.5,30.6,0.0,4.48,1.38,Apartment,3881000.0,5,4808000.0,23.89
1200.0,1.0,1.0,12.0,3.9,15.1,5.3,7.6,2.8,25.1,1.0,6.98,3.81,Apartment,2976000.0,2,3183000.0,6.96
2433.0,4.0,5.0,6.0,3.9,18.8,3.4,3.2,2.2,,4.0,6.97,,Villa,8770000.0,2,9673000.0,10.3
1392.0,2.0,1.0,2.0,4.5,19.7,6.6,4.9,0.9,32.7,2.0,8.44,-0.34,Independent House,3638000.0,3,4094000.0,12.53
1572.0,4.0,3.0,26.0,5.6,12.4,7.9,5.9,0.7,37.5,1.0,4.05,0.54,Independent House,3825000.0,1,3911000.0,2.25
856.0,2.0,2.0,11.0,7.3,18.2,4.6,6.4,2.8,27.1,0.0,4.97,2.28,Apartment,2830000.0,1,2917000.0,3.07
1175.0,3.0,3.0,6.0,9.3,3.6,1.8,7.2,0.4,12.0,2.0,2.69,1.49,Apartment,7283000.0,1,7538000.0,3.5
1244.0,1.0,2.0,24.0,3.7,19.3,3.7,5.2,9.2,47.9,0.0,3.62,1.11,Apartment,2130000.0,4,2307000.0,8.31
1839.0,4.0,4.0,14.0,6.9,6.3,5.7,5.9,5.2,27.4,1.0,6.17,8.87,Independent House,6499000.0,3,7842000.0,20.66
1530.0,3.0,2.0,6.0,4.5,12.1,1.1,6.3,1.1,29.8,0.0,7.61,4.22,Apartment,5564000.0,5,7537000.0,35.46
794.0,1.0,1.0,10.0,6.8,3.0,0.8,7.1,2.4,25.6,1.0,6.22,6.72,Apartment,3711000.0,2,4220000.0,13.72
1056.0,1.0,1.0,21.0,6.6,12.5,3.2,,5.5,43.2,2.0,7.5,6.82,Apartment,2642000.0,3,3234000.0,22.41
3756.0,6.0,4.0,5.0,4.7,17.0,5.4,5.6,2.1,37.1,2.0,5.95,4.09,Villa,11901000.0,1,12490000.0,4.95
1344.0,2.0,1.0,10.0,7.6,5.4,2.8,6.9,1.0,40.5,3.0,7.95,9.5,Independent House,6880000.0,1,7348000.0,6.8
874.0,1.0,1.0,24.0,5.8,16.3,2.8,6.4,3.9,16.6,2.0,4.94,1.51,Apartment,2276000.0,5,2591000.0,13.84
2088.0,3.0,4.0,23.0,5.6,10.5,,4.8,2.3,6.9,1.0,7.12,4.24,Independent House,6464000.0,5,8133000.0,25.82
680.0,1.0,1.0,12.0,8.2,10.8,5.1,7.5,0.6,43.4,2.0,7.01,4.32,Apartment,3093000.0,2,3454000.0,11.67
1625.0,4.0,3.0,4.0,6.5,13.2,4.5,,1.3,27.0,3.0,5.85,4.99,Independent House,6405000.0,3,7574000.0,18.25
3634.0,6.0,5.0,23.0,5.2,14.4,2.2,4.8,0.7,,4.0,6.14,-1.37,Villa,15810000.0,3,17198000.0,8.78
927.0,2.0,2.0,11.0,6.5,13.0,3.8,7.8,2.8,32.7,2.0,6.28,3.46,Independent House,3727000.0,3,4300000.0,15.37
1638.0,4.0,4.0,12.0,8.9,12.6,0.9,6.8,3.5,22.7,0.0,8.08,7.56,Apartment,8632000.0,3,11062000.0,28.15
14130.0,,4.0,5.0,3.9,27.5,2.3,3.7,2.7,35.4,1.0,6.22,-1.69,Independent House,6312000.0,2,6700000.0,6.15
3016.0,6.0,4.0,6.0,2.6,14.2,1.7,4.0,3.5,25.2,2.0,6.25,1.0,Villa,11322000.0,1,11788000.0,4.12
1113.0,2.0,2.0,0.0,3.1,17.4,3.7,5.1,3.5,37.5,0.0,5.98,4.04,Apartment,2467000.0,3,2845000.0,15.32
993.0,1.0,2.0,6.0,6.1,7.6,2.2,7.3,2.0,29.1,2.0,6.49,2.53,Apartment,4281000.0,1,4510000.0,5.35
857.0,,2.0,33.0,6.4,13.9,5.6,5.9,2.4,34.9,1.0,7.89,5.49,Apartment,2099000.0,1,2227000.0,6.1
1920.0,3.0,3.0,17.0,5.6,5.4,1.6,6.7,1.1,27.2,2.0,6.38,5.04,Apartment,8147000.0,5,10614000.0,30.28
794.0,2.0,2.0,,4.3,19.4,5.0,4.8,2.6,30.5,0.0,6.03,5.55,Apartment,1549000.0,5,1872000.0,20.85
2523.0,5.0,4.0,16.0,3.8,16.9,0.6,5.9,4.9,21.7,2.0,8.31,5.25,Apartment,7968000.0,1,8362000.0,4.94
1006.0,2.0,3.0,5.0,8.3,8.9,4.4,4.4,0.5,,2.0,5.63,5.02,Apartment,4256000.0,4,5298000.0,24.48
1755.0,4.0,3.0,5.0,7.8,3.0,0.9,,0.5,47.5,2.0,6.62,1.86,Apartment,8756000.0,1,9287000.0,6.06
2069.0,4.0,4.0,17.0,6.9,3.4,2.9,6.1,2.3,23.8,1.0,6.16,1.11,Independent House,9388000.0,5,12059000.0,28.45
617.0,3.0,3.0,5.0,,6.7,2.5,8.6,1.1,24.3,1.0,4.21,0.14,Apartment,3216000.0,4,3810000.0,18.47
759.0,1.0,1.0,18.0,2.0,23.6,5.4,5.8,5.7,35.6,0.0,4.31,0.67,apartment,982000.0,4,1006000.0,2.44
1382.0,3.0,2.0,4.0,6.1,10.2,1.8,,1.6,24.8,0.0,3.85,3.07,Apartment,4664000.0,2,5139000.0,10.18
855.0,1.0,1.0,,2.8,19.7,12.9,4.6,3.5,,2.0,7.19,4.77,Apartment,1194000.0,1,1236000.0,3.52
2949.0,5.0,4.0,9.0,6.2,15.5,2.5,4.4,2.1,,1.0,2.55,0.94,Independent House,10359000.0,4,11122000.0,7.37
858.0,,2.0,14.0,4.7,26.9,9.5,,9.1,30.7,1.0,6.31,3.19,Apartment,1272000.0,4,1363000.0,7.15
2513.0,4.0,3.0,29.0,5.5,13.9,4.6,5.7,2.4,51.9,3.0,5.12,5.8,Independent House,5796000.0,2,6180000.0,6.63
1244.0,3.0,4.0,9.0,5.2,14.6,1.8,5.7,3.9,22.7,2.0,6.48,5.01,Apartment,4458000.0,4,5490000.0,23.15
1897.0,3.0,3.0,12.0,6.1,16.7,2.8,4.6,4.9,22.5,3.0,7.06,4.86,Independent House,6298000.0,1,6652000.0,5.62
936.0,3.0,2.0,,5.4,12.9,3.2,5.1,2.9,17.3,0.0,7.75,5.77,Apartment,3217000.0,3,3944000.0,22.6
1034.0,1.0,2.0,15.0,5.9,4.5,0.9,5.1,2.9,28.4,1.0,7.35,5.31,Apartment,3925000.0,1,4239000.0,8.0
1681.0,4.0,4.0,17.0,3.7,18.4,5.1,3.4,2.4,15.8,,5.52,1.88,Independent House,3766000.0,2,4072000.0,8.13
2160.0,3.0,2.0,21.0,7.0,15.1,1.0,,3.7,33.4,4.0,6.03,2.34,Villa,11810000.0,2,13066000.0,10.64
892.0,2.0,2.0,23.0,6.5,15.6,4.9,,1.2,28.5,1.0,5.48,1.74,Apartment,2461000.0,2,2590000.0,5.24
1839.0,4.0,4.0,26.0,6.9,2.7,0.3,3.8,1.6,29.9,3.0,6.29,3.56,Independent House,7866000.0,3,9034000.0,14.85
842.0,1.0,1.0,,4.6,7.2,1.3,3.7,3.7,24.9,0.0,3.95,5.1,Apartment,2018000.0,1,2108000.0,4.46
996.0,1.0,1.0,29.0,6.8,3.2,4.4,5.5,0.8,25.7,2.0,6.27,2.87,Flat,2636000.0,5,3223000.0,22.27
1474.0,4.0,4.0,17.0,4.3,16.1,4.4,5.8,1.7,41.5,2.0,6.29,5.18,Apartment,3429000.0,4,3767000.0,9.86
3983.0,6.0,5.0,,12.0,7.8,2.5,4.4,1.3,17.1,4.0,6.43,1.26,Villa,18962000.0,3,21821000.0,15.08
2655.0,5.0,4.0,7.0,8.8,4.3,1.5,10.0,2.1,24.9,3.0,7.55,2.84,Villa,26320000.0,1,27950000.0,6.19
1026.0,3.0,3.0,8.0,8.6,3.7,4.2,9.0,1.5,22.9,0.0,4.99,3.22,Apartment,6633000.0,3,7937000.0,19.66
426.0,1.0,1.0,5.0,5.5,13.6,7.4,3.8,1.1,27.3,2.0,5.1,3.32,Apartment,1025000.0,3,1123000.0,9.56
909.0,2.0,2.0,6.0,6.5,3.8,2.6,5.9,,13.1,1.0,6.43,5.35,Apartment,4231000.0,2,4654000.0,10.0
1672.0,3.0,3.0,,6.1,4.4,3.0,6.1,1.2,45.5,1.0,7.18,2.81,Independent House,5975000.0,3,7134000.0,19.4
628.0,1.0,1.0,13.0,8.8,0.5,1.5,7.1,1.5,16.9,1.0,7.26,4.8,Apartment,3499000.0,3,4389000.0,25.44
1055.0,1.0,1.0,14.0,6.3,7.5,4.2,3.7,4.8,23.8,0.0,6.6,4.18,Apartment,2736000.0,2,3000000.0,9.65
2226.0,4.0,3.0,33.0,5.1,14.6,7.6,6.4,2.6,31.7,3.0,3.66,2.97,Independent House,4674000.0,4,5015000.0,7.3
908.0,1.0,1.0,11.0,5.6,8.4,2.3,4.8,3.5,41.4,0.0,4.95,4.11,Apartment,2521000.0,3,2811000.0,11.5
731.0,2.0,2.0,5.0,8.0,10.4,9.9,,7.1,,0.0,8.19,5.94,Apartment,2738000.0,5,3682000.0,34.48
2389.0,,4.0,7.0,4.7,18.4,7.9,5.4,7.4,40.6,,3.83,1.3,Villa,6451000.0,5,7309000.0,13.3
2058.0,4.0,4.0,10.0,6.9,11.6,2.7,8.2,1.1,30.8,3.0,6.94,7.8,Independent House,10382000.0,2,11835000.0,14.0
2395.0,3.0,3.0,9.0,5.6,10.8,2.3,6.5,4.5,16.0,1.0,5.83,4.34,Independent House,9390000.0,4,11285000.0,20.18
2316.0,5.0,4.0,21.0,4.3,16.8,4.4,4.7,0.7,31.0,2.0,6.32,-0.93,Apartment,5286000.0,1,5431000.0,2.74
550.0,2.0,2.0,8.0,6.0,15.2,3.2,3.5,3.3,20.6,0.0,4.96,2.73,Apartment,1383000.0,2,1464000.0,5.86
1875.0,3.0,3.0,31.0,6.4,,5.3,4.4,3.9,29.4,1.0,5.35,5.96,Independent House,5047000.0,5,6487000.0,28.53
1171.0,2.0,2.0,3.0,10.0,8.8,,6.1,2.0,29.3,1.0,6.72,7.32,Apartment,7620000.0,5,10775000.0,41.4
1423.0,3.0,3.0,9.0,8.6,9.7,2.5,,1.2,21.2,2.0,5.78,3.6,Apartment,8650000.0,1,9185000.0,6.18
1195.0,1.0,2.0,11.0,3.9,,6.5,4.6,6.2,33.8,2.0,5.41,6.47,Apartment,2296000.0,3,2635000.0,14.76
1256.0,1.0,1.0,21.0,9.4,0.5,1.0,5.0,2.3,18.3,2.0,5.96,1.8,Apartment,6233000.0,5,8498000.0,36.34
1688.0,3.0,2.0,6.0,5.0,17.6,0.7,3.9,7.5,20.6,2.0,4.27,1.19,Independent House,4936000.0,5,6061000.0,22.79
1114.0,3.0,3.0,2.0,4.5,13.5,8.1,3.8,6.4,,1.0,6.24,3.89,Apartment,2636000.0,5,3286000.0,24.66
1626.0,3.0,3.0,8.0,3.1,18.0,4.4,3.3,2.9,34.3,3.0,5.85,3.51,Independent House,4219000.0,5,4938000.0,17.04
1321.0,2.0,2.0,5.0,3.9,15.9,4.0,5.7,3.6,30.1,3.0,4.84,0.92,Independent House,3457000.0,4,4089000.0,18.28
1572.0,3.0,3.0,15.0,5.5,13.8,4.1,8.2,0.9,22.0,1.0,5.13,1.72,Apartment,5443000.0,5,6647000.0,22.12
2771.0,5.0,5.0,23.0,7.1,14.2,1.3,4.1,1.9,37.9,4.0,4.99,3.96,Villa,12899000.0,4,14670000.0,13.73
1730.0,3.0,3.0,21.0,5.8,19.4,4.1,2.0,11.0,,0.0,6.76,3.49,Apartment,3366000.0,5,4177000.0,24.09
1407.0,2.0,2.0,11.0,3.9,19.5,9.5,6.1,0.9,32.8,2.0,3.67,5.25,Independent House,3071000.0,3,3313000.0,7.88
1395.0,3.0,4.0,5.0,4.5,10.6,0.7,3.8,4.9,35.8,0.0,4.46,0.87,Apartment,3808000.0,1,3885000.0,2.02
835.0,1.0,1.0,22.0,2.7,15.7,2.4,4.4,,,2.0,5.08,3.63,Apartment,1359000.0,2,1443000.0,6.18
1170.0,3.0,4.0,17.0,5.4,16.8,0.8,8.0,3.3,38.6,1.0,,2.64,Apartment,3702000.0,4,4257000.0,14.99
1064.0,2.0,2.0,8.0,5.6,18.8,2.1,4.7,3.3,37.1,2.0,6.46,3.61,Apartment,3046000.0,4,3694000.0,21.27
2143.0,3.0,3.0,10.0,4.2,19.8,4.4,3.3,7.4,23.5,2.0,6.39,3.87,Apartment,4354000.0,1,4544000.0,4.36
1768.0,3.0,3.0,11.0,4.4,13.7,5.7,4.8,0.6,38.8,1.0,3.14,2.43,Apartment,3478000.0,2,3662000.0,5.29
791.0,1.0,1.0,7.0,8.7,6.6,6.4,6.8,1.1,19.8,2.0,6.95,4.68,Apartment,4391000.0,5,5644000.0,28.54
951.0,1.0,1.0,1.0,8.6,1.7,1.1,5.0,0.8,2.0,1.0,7.85,3.11,Apartment,5704000.0,4,7505000.0,31.57
1298.0,2.0,4.0,12.0,6.2,11.4,0.7,5.9,2.9,38.1,2.0,6.08,2.97,Apartment,4403000.0,2,4833000.0,9.77
650.0,1.0,2.0,6.0,8.4,7.3,1.5,4.9,5.1,34.9,1.0,6.61,5.62,Apartment,2854000.0,4,3702000.0,29.71
2310.0,3.0,2.0,10.0,4.9,16.7,8.1,2.2,7.1,47.3,3.0,4.16,2.85,Independent House,3928000.0,5,4279000.0,8.94
1173.0,2.0,2.0,7.0,4.0,10.5,1.8,4.5,4.6,34.8,2.0,6.14,3.02,Apartment,3256000.0,5,4321000.0,32.71
805.0,2.0,3.0,23.0,5.7,17.0,4.4,6.8,2.9,36.5,2.0,7.02,4.49,Apartment,2449000.0,2,2627000.0,7.27
1527.0,2.0,,3.0,5.6,5.5,6.0,5.6,0.9,37.7,2.0,6.06,2.42,Apartment,5744000.0,5,6941000.0,20.84
1999.0,4.0,3.0,10.0,5.8,,2.8,4.3,3.7,26.9,3.0,4.49,2.92,Independent House,6434000.0,3,7117000.0,10.62
574.0,,2.0,8.0,9.0,3.8,3.3,6.8,3.4,15.5,2.0,5.28,8.15,Apartment,3289000.0,3,4075000.0,23.9
1298.0,3.0,2.0,9.0,4.0,12.1,0.4,4.2,3.7,21.0,0.0,6.81,1.82,Apartment,4020000.0,4,4921000.0,22.41
1122.0,3.0,3.0,8.0,6.1,10.5,4.0,5.6,2.2,21.6,1.0,6.16,5.71,Apartment,3698000.0,1,3892000.0,5.25
2570.0,,4.0,7.0,6.1,11.8,2.0,7.3,2.0,27.3,,5.44,4.76,Independent House,11811000.0,3,14055000.0,19.0
2651.0,4.0,3.0,15.0,7.7,14.6,7.8,,1.1,27.0,2.0,5.73,3.97,Villa,12657000.0,1,13355000.0,5.51
1731.0,5.0,4.0,3.0,3.4,18.4,25.0,5.8,1.6,51.6,1.0,4.3,2.19,Apartment,2028000.0,2,2080000.0,2.56
3196.0,6.0,4.0,3.0,9.2,0.5,0.8,10.0,0.6,2.0,3.0,5.75,,Villa,44960000.0,5,63555000.0,41.36
4068.0,6.0,6.0,10.0,7.2,4.6,2.4,3.7,2.0,29.9,3.0,4.99,3.79,Villa,23944000.0,3,27781000.0,16.02
3865.0,6.0,4.0,7.0,5.4,9.3,6.2,7.4,1.0,36.2,3.0,6.62,4.25,Villa,17261000.0,5,21355000.0,23.72
3061.0,6.0,6.0,8.0,9.7,4.7,0.9,6.0,1.6,18.0,4.0,7.44,9.16,villa,32991000.0,3,42158000.0,27.79
1183.0,3.0,2.0,12.0,4.7,19.5,8.1,3.4,1.6,49.2,1.0,5.27,2.5,Apartment,2037000.0,5,2454000.0,20.47
752.0,2.0,1.0,45.0,5.9,7.4,5.4,7.1,3.7,19.5,0.0,5.42,3.75,Apartment,1808000.0,1,1871000.0,3.48
958.0,1.0,1.0,17.0,5.5,19.2,6.3,,2.6,41.7,2.0,8.12,3.89,Apartment,2070000.0,5,2551000.0,23.24
2560.0,5.0,4.0,9.0,5.3,16.3,2.6,3.5,,37.4,2.0,7.05,2.59,Independent House,7902000.0,4,9560000.0,20.98
1774.0,3.0,3.0,19.0,6.0,0.5,0.9,3.6,1.6,34.2,1.0,6.17,4.56,Independent House,6894000.0,3,7934000.0,15.09
1194.0,2.0,2.0,16.0,6.4,8.6,2.7,8.0,1.9,27.6,2.0,7.06,5.33,APARTMENT,6138000.0,1,6530000.0,6.39
1693.0,3.0,3.0,3.0,4.6,13.9,4.0,6.9,,33.2,3.0,6.61,1.11,Independent House,6615000.0,2,7225000.0,9.22
3494.0,6.0,5.0,6.0,6.8,21.2,11.3,6.6,2.6,20.3,2.0,6.9,5.13,Villa,13336000.0,4,16751000.0,25.61
1018.0,1.0,1.0,1.0,4.8,10.4,3.1,5.3,6.8,38.5,1.0,5.41,6.36,Apartment,2506000.0,5,3310000.0,32.08
1328.0,3.0,3.0,15.0,4.8,0.5,0.4,6.2,0.6,29.9,3.0,5.65,1.4,Independent House,5578000.0,2,5917000.0,6.08
1304.0,3.0,3.0,7.0,1.1,17.4,11.6,,6.5,50.7,3.0,4.9,0.51,Independent House,1595000.0,3,1688000.0,5.83
1330.0,2.0,2.0,27.0,3.9,13.9,9.7,1.8,5.0,43.7,1.0,5.83,3.69,Apartment,1820000.0,1,1854000.0,1.87
2071.0,3.0,3.0,7.0,5.4,11.5,1.9,2.8,2.0,32.2,3.0,,1.61,Independent House,6665000.0,3,7261000.0,8.94
1346.0,2.0,1.0,15.0,4.4,12.0,5.4,3.5,1.7,36.2,2.0,6.11,4.84,Apartment,3155000.0,4,3665000.0,16.16
910.0,1.0,1.0,3.0,5.5,18.6,5.4,6.2,2.3,34.5,0.0,4.03,4.41,Apartment,2831000.0,2,2979000.0,5.23
3751.0,6.0,5.0,6.0,6.7,8.2,2.2,8.9,6.2,26.4,3.0,7.36,6.58,Villa,27230000.0,5,38651000.0,41.94
1079.0,2.0,1.0,7.0,3.1,10.8,0.8,3.3,1.0,44.1,2.0,5.23,1.71,Apartment,2344000.0,2,2523000.0,7.64
579.0,2.0,2.0,3.0,8.7,7.2,1.8,3.7,4.8,,1.0,7.01,4.97,Apartment,2354000.0,5,3178000.0,35.0
1284.0,2.0,3.0,39.0,7.1,2.5,2.9,3.9,1.6,20.0,0.0,5.31,5.23,Apartment,3920000.0,2,4291000.0,9.46
1607.0,2.0,2.0,13.0,7.1,8.6,4.9,5.4,2.9,39.8,2.0,8.09,7.29,Apartment,5193000.0,4,6576000.0,26.63
1984.0,5.0,5.0,10.0,4.6,13.3,1.7,4.8,3.6,35.6,2.0,7.15,5.07,Independent House,6140000.0,3,7135000.0,16.21
1412.0,2.0,2.0,11.0,9.8,9.9,5.2,7.0,1.0,28.6,2.0,8.67,4.42,Independent House,7624000.0,4,10003000.0,31.2
931.0,2.0,,12.0,5.7,10.9,4.7,6.8,4.5,46.3,0.0,8.02,3.21,Apartment,2592000.0,1,2734000.0,5.48
948.0,2.0,2.0,19.0,5.1,8.8,2.0,4.3,3.9,44.6,2.0,3.58,4.78,Apartment,2392000.0,5,2899000.0,21.2
1650.0,3.0,3.0,6.0,6.2,13.9,5.8,9.5,1.7,17.1,1.0,5.7,3.32,Apartment,6825000.0,3,7742000.0,13.44
3459.0,5.0,5.0,3.0,6.0,6.4,9.5,4.4,4.2,37.3,3.0,6.63,5.64,Independent House,12250000.0,1,12903000.0,5.33
3281.0,5.0,4.0,15.0,12.0,16.2,7.7,3.5,5.7,40.5,3.0,5.91,0.9,Independent House,5802000.0,5,6136000.0,5.76
860.0,2.0,1.0,11.0,8.4,3.9,0.5,5.3,,26.4,2.0,5.93,5.63,Apartment,4591000.0,5,6459000.0,40.69
1137.0,3.0,3.0,8.0,5.2,6.4,1.2,6.5,1.6,,2.0,4.51,4.21,Apartment,4229000.0,1,4453000.0,5.3
885.0,2.0,2.0,8.0,7.4,4.9,0.3,4.4,3.0,6.2,1.0,6.25,4.08,Apartment,4298000.0,2,4770000.0,10.98
694.0,1.0,2.0,9.0,4.8,13.8,5.5,3.7,3.3,34.0,2.0,4.35,2.75,Apartment,1583000.0,1,1639000.0,3.54
1059.0,2.0,1.0,19.0,8.6,0.5,,8.9,1.5,12.5,2.0,4.0,5.15,Apartment,5578000.0,3,6512000.0,16.74
1522.0,2.0,1.0,10.0,3.7,20.1,4.6,6.2,4.4,37.7,,4.86,5.09,Apartment,2580000.0,4,2875000.0,11.43
1461.0,1.0,1.0,3.0,4.4,17.0,5.2,4.2,4.1,32.1,1.0,3.3,1.68,Apartment,3739000.0,2,3956000.0,5.8
1531.0,3.0,3.0,18.0,8.2,0.5,0.8,7.9,0.6,34.9,0.0,4.72,7.16,Apartment,7719000.0,2,8599000.0,11.4
1217.0,3.0,3.0,5.0,9.2,13.2,6.7,9.2,4.9,19.6,2.0,5.63,7.37,Apartment,6898000.0,5,9337000.0,35.36
2246.0,5.0,4.0,17.0,3.8,19.5,11.8,5.4,5.4,22.4,2.0,5.86,3.89,Independent House,4962000.0,4,5651000.0,13.89
1235.0,1.0,1.0,3.0,8.8,2.5,4.5,5.6,1.5,32.8,0.0,4.71,4.01,Apartment,4661000.0,4,5683000.0,21.93
3320.0,6.0,6.0,11.0,2.6,10.2,2.6,2.9,2.9,38.3,3.0,5.15,3.23,Villa,11905000.0,1,12370000.0,3.91
1452.0,3.0,2.0,15.0,5.9,11.6,2.7,7.9,2.1,44.9,1.0,5.18,2.53,Independent House,33855000.0,1,35193000.0,3.95
842.0,2.0,2.0,2.0,1.0,18.3,6.1,1.0,5.5,32.7,0.0,4.69,1.86,Apartment,1239000.0,1,1264000.0,2.02
926.0,2.0,3.0,12.0,5.5,7.5,3.3,,4.7,40.2,0.0,4.97,2.36,Apartment,2354000.0,2,2508000.0,6.54
1077.0,1.0,1.0,3.0,5.1,11.5,1.0,7.0,6.1,31.9,3.0,5.58,2.26,Independent House,4086000.0,2,4446000.0,8.81
1201.0,2.0,2.0,4.0,6.7,14.5,5.2,6.9,5.7,30.5,0.0,5.4,1.81,Apartment,3862000.0,2,4271000.0,10.59
1194.0,2.0,2.0,14.0,5.0,16.1,4.1,4.0,4.6,40.6,2.0,2.98,5.66,Apartment,2186000.0,1,2269000.0,3.8
929.0,1.0,1.0,16.0,2.4,12.6,0.9,3.5,1.9,37.2,0.0,4.08,0.35,Apartment,1666000.0,2,1765000.0,5.94
1066.0,2.0,3.0,6.0,9.6,0.5,0.4,8.9,2.6,5.7,2.0,7.26,5.69,Apartment,10339000.0,4,14546000.0,40.69
1098.0,2.0,2.0,12.0,4.3,14.4,3.6,6.2,7.1,3.5,2.0,6.59,4.15,Apartment,3529000.0,1,3706000.0,5.02
1250.0,3.0,3.0,4.0,3.3,18.1,3.5,3.0,4.0,41.7,2.0,6.15,4.48,Apt,2521000.0,4,2850000.0,13.05
2301.0,4.0,4.0,7.0,3.4,15.9,2.3,2.6,1.9,35.2,4.0,6.01,2.15,Villa,7242000.0,1,7508000.0,3.67
807.0,1.0,1.0,10.0,5.8,13.2,5.3,4.5,0.5,20.3,2.0,6.55,5.21,Apartment,2665000.0,1,2808000.0,5.37
1043.0,2.0,2.0,17.0,10.0,11.9,7.3,5.1,6.3,21.5,1.0,5.3,8.29,Apartment,3678000.0,4,4723000.0,28.41
1133.0,3.0,3.0,15.0,5.6,14.1,4.2,6.4,2.2,21.4,2.0,4.39,3.32,Apartment,3153000.0,5,3537000.0,12.18
2524.0,4.0,4.0,31.0,3.2,14.1,4.7,5.8,3.7,40.9,1.0,5.54,6.22,Independent House,4343000.0,5,5021000.0,15.61
1035.0,2.0,2.0,19.0,4.4,23.1,5.4,5.7,3.7,32.0,1.0,,5.3,Apartment,2023000.0,3,2364000.0,16.86
1941.0,3.0,2.0,8.0,5.8,2.5,0.2,3.4,0.5,36.1,2.0,6.9,4.96,independent house,6905000.0,1,7319000.0,6.0
2317.0,4.0,3.0,13.0,4.3,6.6,2.1,3.1,1.5,40.1,2.0,4.17,6.15,Independent House,6564000.0,3,7627000.0,16.19
1158.0,2.0,1.0,11.0,6.9,4.6,1.5,7.9,1.3,15.1,1.0,5.75,2.61,Apartment,5081000.0,3,6050000.0,19.07
855.0,1.0,2.0,9.0,2.9,19.4,2.1,5.3,4.7,42.7,0.0,5.36,1.91,Apartment,1419000.0,1,1464000.0,3.17
1070.0,2.0,2.0,14.0,6.9,14.3,1.4,7.2,1.5,42.5,0.0,6.38,4.42,Apartment,3359000.0,3,3926000.0,16.88
446.0,1.0,2.0,4.0,6.6,17.8,2.8,6.0,11.0,37.3,0.0,8.21,5.03,Apartment,1348000.0,2,1503000.0,11.5
675.0,2.0,2.0,20.0,6.5,11.5,0.9,5.1,4.6,26.0,1.0,7.25,5.13,Apartment,2259000.0,4,2861000.0,26.65
912.0,2.0,1.0,19.0,6.8,14.3,7.3,7.6,2.6,11.5,1.0,5.79,3.97,Apartment,3443000.0,3,3959000.0,14.99
761.0,3.0,2.0,12.0,6.3,4.2,0.3,,2.0,20.6,1.0,7.33,5.81,Apartment,2771000.0,4,3433000.0,23.89
1485.0,3.0,3.0,18.0,6.7,8.2,1.6,5.2,1.9,29.0,2.0,6.34,6.78,Apartment,5626000.0,3,6584000.0,17.03
1592.0,3.0,3.0,11.0,10.0,8.1,5.4,5.9,1.9,26.8,2.0,6.95,4.62,Independent House,9219000.0,3,11097000.0,20.37
1210.0,3.0,3.0,15.0,6.0,15.9,8.6,5.6,3.4,33.5,2.0,3.57,1.96,Apartment,3234000.0,5,3564000.0,10.2
1080.0,2.0,2.0,11.0,4.1,23.9,10.5,7.2,3.5,,1.0,6.0,,Apartment,2024000.0,5,2502000.0,23.62
1535.0,2.0,2.0,17.0,7.5,21.9,8.7,6.1,1.7,29.4,3.0,7.3,0.81,Independent House,5013000.0,1,5233000.0,4.39
1611.0,3.0,2.0,8.0,8.1,0.5,3.5,5.0,,27.8,2.0,7.93,7.25,Independent House,8733000.0,1,9472000.0,8.46
2638.0,,4.0,4.0,9.2,2.6,0.7,7.5,0.9,13.8,3.0,7.0,8.94,Villa,28300000.0,5,41602000.0,47.0
829.0,1.0,1.0,14.0,7.1,0.5,0.2,8.1,1.2,30.2,0.0,6.0,3.17,apartment,3702000.0,2,4174000.0,12.75
1817.0,3.0,3.0,27.0,3.6,11.9,4.1,3.6,1.5,35.7,3.0,3.77,3.12,Independent House,3602000.0,3,3843000.0,6.69
4045.0,6.0,5.0,5.0,5.3,22.8,1.3,5.9,4.1,23.8,2.0,6.33,5.06,Villa,17301000.0,1,18042000.0,4.28
2599.0,5.0,,9.0,5.3,17.5,3.3,5.4,3.5,32.9,2.0,6.59,6.91,Villa,9289000.0,4,11201000.0,20.58
937.0,2.0,2.0,13.0,7.4,7.7,3.2,6.1,0.7,26.2,2.0,6.2,3.61,Apartment,4205000.0,5,5358000.0,27.42
1553.0,3.0,3.0,15.0,7.5,6.7,1.5,7.1,0.9,,1.0,3.47,4.37,Apartment,7445000.0,4,8798000.0,18.17
1151.0,2.0,2.0,4.0,1.8,16.3,1.8,4.3,2.5,36.8,2.0,5.3,4.17,Apartment,2240000.0,3,2391000.0,6.74
1029.0,3.0,2.0,10.0,3.6,15.9,1.4,4.2,3.6,55.3,1.0,7.68,2.62,Apartment,2389000.0,3,2713000.0,13.56
1353.0,3.0,2.0,3.0,4.6,12.4,1.8,4.3,1.7,41.0,0.0,4.82,5.61,Apartment,3347000.0,5,4178000.0,24.83
1164.0,2.0,2.0,6.0,5.3,8.4,4.7,3.2,2.4,15.2,1.0,5.76,3.88,Apartment,3175000.0,2,3542000.0,11.56
1569.0,2.0,2.0,0.0,3.7,2.6,0.1,8.0,1.6,27.2,0.0,4.86,1.04,Apartment,5508000.0,4,6497000.0,17.96
1109.0,3.0,2.0,13.0,3.0,16.1,8.7,7.0,1.6,37.5,1.0,5.43,6.21,Apartment,2181000.0,1,2267000.0,3.94
2589.0,5.0,4.0,5.0,4.3,15.6,1.1,3.4,2.8,16.9,4.0,6.3,5.19,Villa,11314000.0,4,13810000.0,22.06
1580.0,4.0,3.0,13.0,5.5,11.9,1.2,7.9,3.1,37.2,0.0,7.72,2.8,Apartment,6049000.0,2,6852000.0,13.27
1888.0,3.0,2.0,25.0,5.7,12.7,3.0,5.2,2.8,50.1,0.0,8.32,6.6,Apartment,3902000.0,2,4423000.0,13.35
1884.0,3.0,3.0,12.0,6.4,17.7,1.0,3.9,2.6,37.3,1.0,3.45,2.37,Independent House,5990000.0,3,6403000.0,6.89
2211.0,4.0,4.0,18.0,6.1,12.8,7.7,5.0,3.6,28.2,3.0,5.09,3.13,Independent House,6649000.0,5,7549000.0,13.54
1717.0,3.0,3.0,5.0,3.9,16.5,6.4,5.3,3.6,34.5,1.0,6.61,6.39,Independent House,3647000.0,3,4009000.0,9.93
2847.0,5.0,4.0,20.0,7.7,8.7,2.6,7.5,2.2,32.5,1.0,6.75,3.17,Independent House,13349000.0,4,16705000.0,25.14
1096.0,1.0,1.0,2.0,5.4,5.3,4.5,7.9,1.4,22.0,2.0,4.73,5.01,Apartment,3892000.0,4,4583000.0,17.75
776.0,2.0,2.0,3.0,9.0,3.6,1.6,5.7,2.9,40.4,1.0,5.33,5.12,Apartment,3827000.0,1,4052000.0,5.88
1769.0,3.0,,11.0,7.3,9.2,2.0,4.8,1.9,19.3,1.0,6.28,6.7,Independent House,7685000.0,3,9243000.0,20.27
993.0,2.0,2.0,7.0,2.9,17.0,3.3,,5.6,34.3,0.0,5.91,3.06,Apartment,2030000.0,5,2451000.0,20.74
1664.0,4.0,4.0,3.0,8.4,16.2,2.7,5.5,3.6,17.3,0.0,5.38,4.66,Apartment,8636000.0,1,9059000.0,4.9
1447.0,2.0,2.0,3.0,7.3,0.5,2.1,6.5,1.6,24.4,2.0,6.42,4.11,Independent House,7514000.0,2,8445000.0,12.39
1522.0,3.0,3.0,25.0,6.2,14.4,1.7,3.3,4.1,,0.0,5.63,1.4,Apartment,3694000.0,4,4363000.0,18.11
1246.0,3.0,3.0,28.0,4.7,7.5,0.3,5.2,2.4,40.1,0.0,3.21,0.84,Apartment,3272000.0,5,3447000.0,5.35
2198.0,4.0,4.0,10.0,10.0,3.8,0.2,5.2,1.4,22.2,1.0,7.3,,Independent House,16112000.0,4,22306000.0,38.44
2631.0,5.0,4.0,8.0,2.9,16.0,0.5,5.0,3.3,45.0,3.0,4.92,1.74,VILLA,7838000.0,3,8761000.0,11.78
994.0,2.0,,8.0,6.2,6.5,1.8,3.3,2.8,38.1,,5.03,3.41,Apartment,2792000.0,2,3016000.0,8.02
1810.0,3.0,2.0,12.0,8.8,11.4,7.1,7.5,5.8,29.6,3.0,7.98,6.4,Independent House,9712000.0,1,10403000.0,7.11
2131.0,4.0,3.0,17.0,7.1,0.8,3.0,6.2,0.9,8.6,0.0,7.24,3.49,Apartment,9330000.0,3,11207000.0,20.12
2013.0,4.0,4.0,30.0,6.0,17.2,1.5,3.9,2.7,27.7,2.0,6.16,3.29,Independent House,5902000.0,4,7314000.0,23.92
1071.0,2.0,3.0,2.0,5.5,13.6,1.5,6.1,6.0,31.3,2.0,5.26,4.34,Apartment,3379000.0,3,3965000.0,17.34
3730.0,6.0,5.0,15.0,,13.0,6.5,7.3,2.8,20.4,3.0,6.87,3.47,Villa,19090000.0,4,22682000.0,18.82
749.0,,2.0,4.0,6.3,11.9,9.1,8.3,4.6,30.0,2.0,3.98,2.64,Apartment,2489000.0,3,2784000.0,11.85
921.0,1.0,1.0,9.0,4.8,18.0,7.5,4.1,5.3,38.3,0.0,7.59,4.52,Apartment,1625000.0,1,1688000.0,3.88
1821.0,4.0,4.0,41.0,4.9,10.7,5.0,5.8,1.0,18.1,3.0,5.36,5.38,Independent House,4994000.0,4,5923000.0,18.6
1624.0,3.0,3.0,10.0,6.7,8.8,9.1,6.6,2.6,34.9,2.0,4.62,4.47,Independent House,6055000.0,2,6535000.0,7.93
3441.0,6.0,4.0,24.0,6.7,18.4,8.9,6.8,0.6,24.5,4.0,7.6,2.59,Villa,15944000.0,2,17375000.0,8.98
1559.0,4.0,3.0,5.0,,1.1,2.0,6.2,0.9,6.3,0.0,5.8,6.18,Apartment,9687000.0,5,13413000.0,38.46
1164.0,3.0,4.0,2.0,5.7,14.1,7.1,4.0,5.6,16.5,1.0,6.54,7.32,Apartment,2987000.0,4,3701000.0,23.9
825.0,1.0,1.0,20.0,7.0,4.3,0.9,5.2,1.7,26.6,0.0,7.84,5.76,Apartment,2856000.0,5,3837000.0,34.35
1411.0,3.0,2.0,7.0,4.7,11.9,1.0,5.8,2.7,53.2,2.0,6.07,4.25,Apartment,3659000.0,4,4383000.0,19.79
1995.0,4.0,3.0,4.0,6.6,11.2,3.3,6.5,2.3,28.6,2.0,8.71,7.05,Independent House,9416000.0,5,13309000.0,41.34
1201.0,2.0,1.0,13.0,5.3,9.4,2.1,5.9,3.1,44.2,1.0,6.22,3.88,Apartment,3292000.0,4,3717000.0,12.91
2127.0,3.0,3.0,6.0,9.1,15.4,1.5,6.3,2.5,18.9,4.0,6.94,7.77,Villa,14611000.0,2,16372000.0,12.05
1255.0,2.0,1.0,6.0,4.9,14.1,3.4,6.9,4.6,41.7,0.0,6.57,5.19,Apartment,3177000.0,2,3548000.0,11.68
777.0,2.0,2.0,17.0,8.1,1.4,0.9,6.6,0.8,11.6,0.0,7.13,6.0,Apartment,3759000.0,5,5242000.0,39.45
1051.0,2.0,2.0,36.0,6.7,9.7,1.9,4.4,1.7,33.8,0.0,6.21,4.7,Apartment,2920000.0,1,3025000.0,3.6
2388.0,4.0,3.0,9.0,8.3,19.2,6.6,6.7,0.7,18.2,3.0,5.02,7.24,Villa,13380000.0,3,15299000.0,14.34
2025.0,3.0,3.0,4.0,8.2,3.5,0.5,4.9,0.9,28.8,3.0,7.87,5.82,Independent House,11111000.0,3,14215000.0,27.94
1142.0,3.0,3.0,12.0,4.5,19.7,3.3,6.5,5.9,33.7,1.0,5.24,2.53,Apartment,2632000.0,3,2962000.0,12.54
2631.0,4.0,3.0,12.0,5.5,4.8,0.5,6.8,3.3,22.8,,5.78,2.78,Independent House,12476000.0,1,13049000.0,4.59
3226.0,5.0,4.0,5.0,6.8,11.0,4.3,6.6,2.2,13.0,1.0,7.04,4.69,Independent House,15228000.0,4,19421000.0,27.53
1373.0,2.0,1.0,9.0,1.6,12.9,1.6,3.1,1.0,49.9,2.0,5.35,3.13,Apartment,2652000.0,4,3103000.0,17.01
987.0,1.0,2.0,16.0,7.5,18.1,4.9,6.0,3.2,14.0,1.0,7.14,5.7,Apartment,3243000.0,3,3895000.0,20.1
961.0,2.0,2.0,7.0,9.9,4.0,3.3,7.5,0.9,2.0,1.0,6.75,2.72,Apartment,6650000.0,5,9026000.0,35.73
1035.0,2.0,2.0,10.0,5.9,10.8,2.7,7.7,1.2,19.5,1.0,4.97,2.93,Apartment,3797000.0,3,4479000.0,17.96
1217.0,2.0,2.0,8.0,6.9,10.7,1.2,5.5,4.0,18.7,0.0,7.08,5.38,Apartment,5246000.0,3,6324000.0,20.55
1233.0,3.0,1.0,20.0,6.3,9.8,1.4,4.4,2.6,16.4,1.0,5.0,0.67,Apartment,4355000.0,1,4575000.0,5.05
1124.0,2.0,2.0,19.0,4.8,15.7,0.9,3.5,2.8,37.2,0.0,6.86,4.76,Apartment,2374000.0,1,2475000.0,4.25
891.0,2.0,1.0,6.0,8.6,10.8,9.0,6.0,3.4,22.0,0.0,7.06,4.61,Apartment,3252000.0,5,4087000.0,25.68
977.0,,1.0,5.0,8.5,11.2,5.9,5.7,5.4,5.4,2.0,5.88,4.39,Apartment,4898000.0,4,6154000.0,25.64
618.0,1.0,1.0,6.0,7.2,1.4,2.8,8.1,1.5,37.0,2.0,7.48,4.99,Flat,3143000.0,5,4207000.0,33.85
1273.0,2.0,2.0,18.0,7.1,9.6,,6.3,,25.4,0.0,4.54,6.61,Apartment,4243000.0,1,4448000.0,4.83
1085.0,2.0,3.0,3.0,7.3,15.0,1.4,4.2,2.6,37.4,0.0,6.35,3.84,Apartment,4130000.0,5,5112000.0,23.78
1628.0,5.0,4.0,6.0,6.9,0.5,1.9,5.9,0.4,44.1,,6.08,,Apartment,7082000.0,5,9839000.0,38.93
931.0,2.0,3.0,6.0,6.8,6.8,5.2,5.4,2.8,33.3,0.0,6.79,2.47,Apartment,3519000.0,4,4286000.0,21.8
729.0,1.0,1.0,4.0,6.6,9.4,2.5,7.4,2.4,27.2,1.0,6.16,6.44,Apartment,3004000.0,5,4079000.0,35.79
1069.0,2.0,2.0,15.0,3.9,11.2,2.9,6.8,0.6,52.5,2.0,6.18,5.01,Independent House,2966000.0,2,3271000.0,10.28
540.0,1.0,1.0,2.0,5.5,16.3,2.3,5.0,4.7,34.4,0.0,7.64,4.55,Apartment,1709000.0,4,2173000.0,27.15
821.0,2.0,1.0,12.0,7.2,16.0,2.8,5.0,1.0,49.6,0.0,7.67,2.68,Apartment,2600000.0,2,2873000.0,10.5
2548.0,5.0,4.0,2.0,5.7,14.5,4.4,4.0,5.5,32.4,2.0,5.99,5.69,Villa,8675000.0,5,11162000.0,28.67
2614.0,5.0,5.0,1.0,4.3,15.8,2.8,4.2,3.8,,3.0,5.72,2.28,Villa,9803000.0,3,11536000.0,17.68
1310.0,2.0,2.0,18.0,6.1,16.2,2.9,2.8,3.7,24.4,0.0,5.62,2.32,Apartment,2797000.0,5,3191000.0,14.09
3048.0,6.0,5.0,15.0,8.9,7.5,1.4,7.3,5.2,14.2,2.0,6.08,2.56,Villa,27349000.0,5,37567000.0,37.36
796.0,2.0,2.0,7.0,7.9,11.9,9.1,3.8,0.7,18.2,2.0,6.45,6.74,Apartment,2973000.0,4,3756000.0,26.34
1057.0,1.0,1.0,20.0,5.5,11.1,4.1,5.9,1.1,35.4,1.0,2.83,5.38,Apartment,2638000.0,4,3039000.0,15.2
1210.0,2.0,2.0,14.0,3.9,19.7,1.8,,5.3,36.6,2.0,5.44,2.81,Apartment,2800000.0,1,2910000.0,3.93
1565.0,3.0,3.0,11.0,5.0,,1.6,3.7,2.1,52.1,1.0,4.87,4.35,Apartment,3566000.0,3,3968000.0,11.27
1920.0,2.0,2.0,47.0,10.0,0.5,1.1,,0.7,26.2,1.0,7.99,5.47,Apartment,11306000.0,2,13336000.0,17.96
867.0,2.0,2.0,8.0,5.4,9.5,6.5,4.9,3.7,43.4,1.0,4.6,2.78,Apartment,2178000.0,2,2319000.0,6.47
1010.0,2.0,3.0,10.0,8.4,11.3,4.0,4.1,3.2,25.7,0.0,4.06,,Apartment,3677000.0,2,4084000.0,11.07
957.0,2.0,1.0,10.0,2.0,18.8,1.8,1.0,2.2,37.7,1.0,5.73,1.0,Apartment,1769000.0,3,1971000.0,11.42
,1.0,1.0,10.0,5.8,11.8,1.3,6.6,3.9,29.3,1.0,6.94,6.15,Apartment,14645000.0,4,18473000.0,26.14
2292.0,5.0,4.0,24.0,8.4,8.4,4.3,7.5,1.9,23.6,1.0,5.29,2.73,Independent House,12470000.0,1,13064000.0,4.76
1841.0,4.0,3.0,17.0,7.2,17.4,8.4,4.3,2.6,,0.0,7.05,,Apartment,4283000.0,2,4645000.0,8.45
1509.0,2.0,2.0,6.0,4.4,15.3,0.2,4.3,0.9,52.1,1.0,6.84,2.69,Apartment,3394000.0,3,3967000.0,16.88
779.0,1.0,1.0,8.0,3.7,4.7,4.1,5.4,3.1,36.6,2.0,5.97,3.32,Apartment,1879000.0,1,1953000.0,3.94
3887.0,6.0,5.0,12.0,3.1,20.6,11.4,7.0,3.1,46.4,4.0,3.54,1.91,Villa,8003000.0,5,9230000.0,15.33
1187.0,3.0,3.0,27.0,6.0,7.6,1.0,5.1,1.2,23.3,0.0,5.64,4.33,Apartment,3785000.0,4,4667000.0,23.3
2164.0,5.0,4.0,18.0,5.0,17.4,3.9,3.1,1.3,42.7,3.0,6.93,4.86,Independent House,5225000.0,3,6033000.0,15.46
1119.0,2.0,2.0,12.0,9.7,6.0,0.5,5.7,2.1,34.6,1.0,6.25,3.5,,5369000.0,5,6978000.0,29.97
627.0,1.0,1.0,4.0,7.7,4.9,2.3,3.8,,30.7,0.0,6.76,3.43,Apartment,2431000.0,1,2583000.0,6.25
1509.0,3.0,3.0,5.0,6.0,4.0,1.0,4.7,0.6,39.7,3.0,7.85,3.84,Independent House,7252000.0,2,8106000.0,11.78
2229.0,5.0,5.0,19.0,6.1,7.1,6.4,5.5,1.2,17.9,1.0,8.39,2.57,House,7783000.0,1,8190000.0,5.23
981.0,3.0,4.0,19.0,5.5,5.3,2.8,3.5,2.4,31.1,1.0,4.18,6.28,Apartment,2813000.0,1,2923000.0,3.91
3553.0,6.0,5.0,14.0,6.2,13.0,7.0,4.3,1.1,29.9,4.0,3.2,2.14,Villa,12807000.0,4,14747000.0,15.15
642.0,2.0,3.0,9.0,3.2,15.4,4.3,9.5,8.3,46.8,1.0,6.34,3.34,Apartment,1432000.0,4,1744000.0,21.79
1012.0,2.0,2.0,2.0,7.3,17.1,1.3,7.6,6.8,30.5,3.0,7.48,7.47,Independent House,5084000.0,5,7158000.0,40.79
837.0,1.0,2.0,15.0,9.3,10.8,3.2,5.5,2.0,24.9,2.0,5.18,2.83,,3863000.0,3,4467000.0,15.64
2080.0,4.0,4.0,6.0,3.0,5.5,1.1,1.0,1.3,32.6,2.0,3.5,2.0,Independent House,6092000.0,4,7179000.0,17.84
1198.0,1.0,1.0,15.0,5.1,12.0,3.2,8.3,4.8,23.1,1.0,5.14,3.62,Apartment,3520000.0,3,4043000.0,14.86
814.0,2.0,1.0,3.0,5.8,14.5,15.2,4.2,2.9,19.3,0.0,7.84,,Apartment,1696000.0,1,1766000.0,4.13
841.0,1.0,1.0,6.0,4.9,6.4,2.3,6.0,1.1,20.0,1.0,5.52,5.78,Apartment,2875000.0,2,3239000.0,12.66
1176.0,1.0,1.0,3.0,7.0,1.0,0.5,,0.7,26.1,2.0,5.82,4.4,Independent House,5912000.0,2,6642000.0,12.35
2609.0,5.0,4.0,11.0,3.5,21.8,10.1,2.5,5.2,36.4,4.0,5.36,3.19,Villa,5426000.0,1,5487000.0,1.12
1312.0,2.0,1.0,5.0,6.8,15.3,5.3,3.1,1.8,30.4,2.0,3.84,4.37,Apartment,3512000.0,1,3666000.0,4.38
2467.0,3.0,3.0,8.0,7.2,1.0,0.5,,0.6,27.7,4.0,5.67,6.26,Villa,19364000.0,5,25773000.0,33.1
1629.0,1.0,2.0,8.0,7.7,9.5,2.7,5.3,4.9,29.3,2.0,4.4,5.16,Independent House,6430000.0,1,6769000.0,5.27
1707.0,2.0,2.0,20.0,6.2,1.7,1.3,5.2,0.7,33.0,2.0,5.39,1.09,Independent House,6192000.0,1,6333000.0,2.28
672.0,2.0,2.0,12.0,5.4,16.8,5.8,5.0,7.0,28.1,2.0,6.79,4.14,Apartment,1486000.0,5,1837000.0,23.62
672.0,1.0,1.0,20.0,8.0,1.0,1.6,5.4,0.8,11.9,1.0,6.84,8.12,Apartment,3047000.0,5,4609000.0,51.26
843.0,2.0,2.0,6.0,2.5,20.2,3.6,4.2,1.7,39.7,1.0,4.79,1.14,Apartment,1472000.0,5,1761000.0,19.63
1948.0,4.0,4.0,25.0,3.9,5.2,10.8,4.5,1.7,48.9,0.0,6.15,8.69,Apartment,3818000.0,4,4664000.0,22.16
687.0,1.0,1.0,7.0,4.8,19.3,3.3,3.0,8.6,43.9,1.0,6.57,2.26,Apartment,1373000.0,1,1428000.0,4.01
1650.0,2.0,3.0,8.0,2.8,16.9,8.5,3.9,2.7,37.9,1.0,4.86,1.6,Independent House,2982000.0,1,3050000.0,2.28
2243.0,5.0,5.0,17.0,5.7,10.7,2.9,4.2,1.5,37.0,2.0,4.0,2.59,Independent House,7601000.0,4,8853000.0,16.47
1862.0,4.0,3.0,5.0,4.4,12.0,8.4,5.7,1.1,37.8,2.0,5.9,3.98,Independent House,4771000.0,2,5106000.0,7.02
947.0,2.0,2.0,5.0,5.3,12.4,2.4,2.3,3.3,28.9,0.0,4.98,1.75,Apartment,2536000.0,5,2805000.0,10.61
1158.0,2.0,2.0,9.0,6.8,11.7,2.8,6.2,2.3,27.8,2.0,6.49,2.29,Apartment,4108000.0,5,5294000.0,28.87
1050.0,2.0,2.0,18.0,7.8,18.6,2.5,2.7,1.3,33.7,2.0,,2.89,Apartment,3187000.0,1,3302000.0,3.61
1148.0,2.0,2.0,6.0,6.5,17.3,4.5,7.3,2.6,35.0,1.0,5.58,2.65,Independent House,4023000.0,1,4219000.0,4.87
1265.0,3.0,4.0,4.0,4.1,23.0,2.9,5.1,8.6,37.2,3.0,4.44,1.52,Independent House,2908000.0,5,3473000.0,19.43
1387.0,3.0,3.0,5.0,5.8,10.2,4.2,,2.5,12.8,1.0,5.83,2.71,Independent House,5171000.0,1,5404000.0,4.51
1419.0,3.0,3.0,24.0,4.5,5.1,2.3,5.5,0.9,14.6,0.0,6.71,1.67,Apartment,4077000.0,2,4526000.0,11.01
1621.0,2.0,2.0,17.0,6.0,8.2,11.4,4.8,1.4,51.4,2.0,5.43,1.95,Apartment,2896000.0,3,3027000.0,4.52
941.0,1.0,1.0,4.0,5.8,12.3,1.8,5.7,2.2,,0.0,,0.39,Apartment,2738000.0,5,3245000.0,18.52
935.0,1.0,2.0,22.0,5.5,8.6,3.3,5.9,1.8,20.8,1.0,6.78,2.79,Apartment,2416000.0,3,2751000.0,13.87
2635.0,5.0,5.0,15.0,3.3,18.4,4.6,7.9,4.3,,1.0,6.16,3.94,INDEPENDENT HOUSE,7706000.0,4,9129000.0,18.47
1786.0,3.0,3.0,20.0,2.8,10.5,4.0,3.7,1.8,39.2,0.0,7.79,3.46,Apartment,3441000.0,1,3555000.0,3.31
1141.0,3.0,3.0,22.0,5.9,13.5,5.4,5.6,4.3,27.9,2.0,6.73,5.43,Apartment,2999000.0,5,3938000.0,31.31
2697.0,4.0,4.0,13.0,3.9,24.1,,5.5,4.3,53.2,1.0,5.8,6.63,Apartment,4661000.0,5,5573000.0,19.57
886.0,2.0,2.0,8.0,7.3,3.3,1.5,4.2,3.1,32.0,2.0,6.3,2.72,Apartment,3960000.0,2,4362000.0,10.15
1502.0,3.0,2.0,11.0,3.5,12.0,0.9,8.6,2.1,43.8,0.0,5.65,1.82,Apartment,4047000.0,2,4423000.0,9.29
1149.0,2.0,1.0,21.0,5.7,13.5,6.4,3.0,3.7,,1.0,6.36,5.06,APARTMENT,2266000.0,4,2719000.0,19.99
853.0,2.0,3.0,4.0,6.9,12.2,8.6,8.7,1.8,35.2,2.0,6.19,4.39,Apartment,3181000.0,4,3923000.0,23.33
1435.0,2.0,2.0,4.0,4.2,19.9,11.0,5.5,7.9,24.6,1.0,6.28,3.64,Apartment,2916000.0,3,3246000.0,11.32
1152.0,2.0,1.0,26.0,10.0,9.1,2.3,5.2,1.3,43.8,1.0,3.71,2.97,Apartment,3548000.0,5,3983000.0,12.26
863.0,2.0,2.0,21.0,10.0,0.9,0.5,8.1,1.5,8.7,0.0,7.76,9.84,Apartment,6415000.0,2,7784000.0,21.34
1502.0,2.0,2.0,2.0,4.2,13.8,1.1,5.4,2.6,,2.0,6.81,2.4,Apartment,4742000.0,5,5809000.0,22.5
2055.0,4.0,4.0,15.0,,7.9,4.5,4.8,2.0,13.3,3.0,5.95,5.69,Independent House,10169000.0,3,12448000.0,22.41
1972.0,3.0,2.0,3.0,4.4,8.2,3.8,6.6,1.6,20.4,1.0,5.23,2.81,Independent House,7598000.0,2,8439000.0,11.07
673.0,1.0,1.0,1.0,4.4,9.7,4.9,3.7,2.2,31.4,1.0,5.36,5.75,Independent House,1832000.0,2,1964000.0,7.21
1338.0,1.0,1.0,23.0,2.8,12.4,3.1,3.3,5.5,32.6,1.0,4.4,0.91,Apartment,1981000.0,5,2238000.0,12.97
1336.0,2.0,2.0,25.0,5.1,4.0,1.8,6.3,2.3,27.9,0.0,3.86,4.12,Apartment,3495000.0,3,3889000.0,11.27
3395.0,6.0,,4.0,5.4,15.9,3.4,6.1,4.7,,4.0,4.53,3.51,Villa,16291000.0,1,16829000.0,3.3
614.0,1.0,1.0,6.0,4.2,19.0,3.2,6.2,3.3,32.4,1.0,5.65,1.28,Apartment,1425000.0,2,1549000.0,8.7
2398.0,4.0,3.0,20.0,3.3,19.0,3.9,3.0,5.8,41.0,1.0,3.96,-0.39,Independent House,4716000.0,2,4804000.0,1.87
1210.0,2.0,3.0,9.0,7.9,6.2,0.6,6.1,1.8,27.4,0.0,6.08,5.1,Apartment,5649000.0,5,7720000.0,36.66
1198.0,2.0,2.0,10.0,7.7,0.9,0.2,2.5,1.6,13.7,2.0,7.53,2.19,Independent House,5093000.0,1,5426000.0,6.54
1054.0,2.0,3.0,6.0,8.9,10.7,3.3,6.7,1.7,25.6,2.0,7.15,7.58,Apartment,5988000.0,5,8476000.0,41.55
1776.0,4.0,4.0,,,12.9,1.6,5.7,2.8,33.2,,9.89,4.32,,8519000.0,3,10605000.0,24.49
1494.0,3.0,,4.0,6.3,4.9,4.2,3.0,1.2,19.3,2.0,3.84,4.5,Independent House,5676000.0,3,6312000.0,11.21
920.0,1.0,1.0,19.0,1.8,21.1,1.9,2.9,3.8,30.6,0.0,5.37,4.52,Apartment,1348000.0,2,1458000.0,8.16
1972.0,4.0,3.0,29.0,3.6,10.1,14.5,5.1,2.0,36.7,2.0,6.03,3.7,Independent House,3735000.0,2,3937000.0,5.41
941.0,2.0,,10.0,7.0,12.0,7.5,,2.3,26.8,1.0,7.93,2.27,Apartment,4066000.0,3,4614000.0,13.48
3788.0,6.0,5.0,7.0,7.4,4.3,4.2,6.7,0.5,31.6,4.0,2.97,5.28,Villa,23331000.0,1,24240000.0,3.9
1713.0,,2.0,20.0,1.4,12.4,2.2,4.2,4.5,41.2,3.0,4.61,1.15,House,2817000.0,3,2957000.0,4.97
1284.0,2.0,2.0,10.0,6.1,17.2,2.4,6.1,2.7,44.0,2.0,5.35,3.33,Independent House,3719000.0,5,4469000.0,20.17
2598.0,5.0,4.0,7.0,6.7,15.3,5.6,6.3,2.5,27.6,2.0,10.0,4.58,Independent House,11167000.0,4,14655000.0,31.23
2078.0,5.0,5.0,10.0,6.9,0.5,1.1,,0.9,38.8,2.0,5.67,4.34,Independent House,12510000.0,5,16554000.0,32.33
1188.0,,2.0,7.0,5.0,16.5,7.7,4.0,4.6,32.8,0.0,6.67,,Apartment,2318000.0,5,2947000.0,27.14
1090.0,2.0,3.0,10.0,6.3,13.3,3.4,4.3,0.5,31.1,2.0,7.45,5.84,Apartment,3375000.0,2,3815000.0,13.04
2058.0,3.0,3.0,2.0,5.7,1.5,1.3,6.6,2.4,33.8,2.0,5.31,1.5,Apartment,8445000.0,2,9225000.0,9.24
1130.0,2.0,2.0,28.0,7.8,4.5,1.5,7.7,0.7,25.5,2.0,6.31,6.57,Apartment,4857000.0,3,5764000.0,18.67
1814.0,3.0,3.0,18.0,2.9,16.6,5.1,6.6,2.5,41.2,3.0,5.56,2.49,Independent House,4363000.0,1,4492000.0,2.96
2477.0,4.0,3.0,10.0,2.9,21.0,8.0,2.7,2.4,31.8,3.0,6.57,6.28,Independent House,4769000.0,5,5554000.0,16.46
1386.0,3.0,3.0,4.0,7.6,6.6,1.6,8.1,1.2,27.7,3.0,4.89,1.11,Independent House,8295000.0,4,10044000.0,21.08
1322.0,1.0,2.0,25.0,5.8,12.8,9.1,5.8,1.2,44.0,1.0,4.65,5.78,Independent House,2622000.0,1,2673000.0,1.95
707.0,1.0,1.0,24.0,3.9,11.6,1.9,3.7,1.7,37.8,1.0,5.88,3.83,Apartment,1569000.0,2,1691000.0,7.78
4167.0,6.0,4.0,11.0,6.4,3.8,0.6,7.1,1.8,25.2,3.0,6.47,0.87,Villa,30684000.0,4,37646000.0,22.69
1346.0,3.0,3.0,11.0,7.0,11.2,8.5,5.3,8.9,42.9,2.0,8.28,7.67,House,4900000.0,3,5835000.0,19.08
1257.0,2.0,2.0,13.0,6.1,12.5,4.1,6.8,2.3,20.3,3.0,5.94,3.61,Independent House,4897000.0,2,5240000.0,7.0
3126.0,5.0,4.0,20.0,7.7,5.0,1.4,6.4,3.0,24.1,3.0,7.38,7.09,Villa,20465000.0,2,23267000.0,13.69
1525.0,1.0,2.0,15.0,5.1,5.0,0.5,4.4,0.9,17.7,2.0,7.89,7.64,Independent House,5734000.0,2,6514000.0,13.6
1252.0,2.0,2.0,4.0,6.1,6.7,3.5,5.2,5.5,32.5,0.0,5.1,4.77,Apartment,4061000.0,5,5325000.0,31.13
1109.0,2.0,2.0,18.0,7.9,0.5,1.7,8.6,0.7,17.0,2.0,3.17,2.41,Independent House,7112000.0,4,8081000.0,13.62
1872.0,3.0,3.0,21.0,4.6,9.2,2.9,4.6,2.1,35.1,1.0,7.56,,Independent House,4901000.0,1,5142000.0,4.92
977.0,2.0,2.0,-14.0,5.3,7.4,1.9,5.7,,30.1,1.0,6.04,4.12,Independent House,3027000.0,5,3976000.0,31.35
1589.0,3.0,3.0,13.0,3.2,13.3,3.9,5.7,7.3,53.5,2.0,5.44,0.72,Apartment,2636000.0,3,2924000.0,10.93
1277.0,2.0,2.0,5.0,5.5,12.9,9.5,3.7,2.0,35.7,2.0,6.11,4.03,Apartment,2783000.0,2,2991000.0,7.47
1011.0,2.0,2.0,,3.5,15.6,3.1,4.0,6.0,41.9,0.0,5.5,1.91,Apartment,2015000.0,1,2088000.0,3.62
1336.0,2.0,2.0,5.0,8.4,2.5,0.6,,1.7,18.0,0.0,7.36,7.29,Apartment,7137000.0,3,9027000.0,26.48
1716.0,2.0,1.0,10.0,6.3,11.6,1.7,,4.9,36.9,3.0,8.79,6.46,Independent House,5810000.0,1,6266000.0,7.85
610.0,,2.0,8.0,5.4,1.9,1.2,5.1,0.6,34.1,0.0,5.58,3.48,apartment,2528000.0,4,3055000.0,20.85
1479.0,2.0,2.0,1.0,6.5,0.5,2.9,6.7,1.4,41.2,0.0,7.12,7.44,Apartment,7031000.0,5,9875000.0,40.45
1020.0,1.0,1.0,17.0,7.0,0.5,3.4,5.6,1.5,46.1,0.0,5.65,3.64,Apartment,3407000.0,2,3637000.0,6.75
1131.0,2.0,2.0,12.0,4.8,3.1,0.9,3.2,1.2,29.7,2.0,7.26,2.04,Apartment,3671000.0,4,4561000.0,24.24
3045.0,5.0,4.0,14.0,7.4,0.7,1.9,4.8,1.1,17.5,3.0,1.51,0.3,Villa,18836000.0,2,20178000.0,7.12
1822.0,4.0,3.0,30.0,6.8,17.1,1.0,6.7,1.5,33.0,,5.28,3.41,Apartment,5390000.0,3,6048000.0,12.21
3160.0,6.0,4.0,3.0,8.3,3.4,0.3,5.2,2.2,11.0,4.0,7.97,7.38,Villa,27044000.0,5,39694000.0,46.78
3093.0,6.0,5.0,17.0,5.2,12.0,8.2,2.5,4.9,24.3,4.0,3.72,1.12,Villa,9804000.0,3,10407000.0,6.15
816.0,2.0,2.0,32.0,5.5,12.7,6.3,6.1,4.4,33.5,2.0,7.72,4.36,Apartment,1835000.0,5,2288000.0,24.69
3271.0,6.0,,11.0,7.3,10.9,1.8,5.7,3.5,6.5,2.0,6.24,5.36,Villa ,19360000.0,4,24800000.0,28.1
882.0,3.0,2.0,20.0,5.4,9.0,1.0,6.3,0.8,27.9,1.0,6.65,1.0,Apartment,3196000.0,4,3880000.0,21.4
1834.0,4.0,4.0,18.0,2.6,16.5,7.5,4.5,,32.4,2.0,4.4,3.09,Independent House,3522000.0,3,3788000.0,7.55
1002.0,1.0,2.0,10.0,5.8,11.3,4.3,2.4,3.6,29.4,0.0,6.55,3.02,Apartment,2594000.0,5,3047000.0,17.46
1885.0,3.0,3.0,2.0,5.4,11.6,3.5,6.3,2.0,24.2,1.0,,5.33,Independent House,6561000.0,3,7866000.0,19.89
738.0,1.0,1.0,7.0,10.0,0.5,1.1,6.1,1.1,34.6,2.0,7.31,6.33,Apartment,4682000.0,2,5428000.0,15.93
1188.0,1.0,2.0,15.0,8.1,10.1,1.1,8.2,0.7,25.4,0.0,7.04,5.95,Apartment,5124000.0,4,6660000.0,29.98
873.0,2.0,2.0,21.0,8.3,15.2,10.4,8.2,1.2,15.2,0.0,6.18,7.59,Apartment,3547000.0,2,4031000.0,13.65
3584.0,6.0,5.0,9.0,6.2,14.5,2.2,9.4,4.0,,4.0,4.56,5.53,Villa,22890000.0,2,25154000.0,9.89
1849.0,4.0,3.0,4.0,2.6,16.7,2.1,1.7,4.1,,2.0,4.69,1.86,Apartment,4101000.0,2,4392000.0,7.1
1025.0,1.0,1.0,4.0,8.0,6.1,1.2,5.8,2.2,13.6,0.0,8.48,3.22,Apartment,4787000.0,1,5113000.0,6.81
891.0,2.0,1.0,28.0,9.5,4.8,1.8,7.3,1.0,27.7,3.0,4.68,3.64,Independent House,5344000.0,1,5545000.0,3.76
1632.0,3.0,3.0,7.0,7.1,0.5,0.6,4.8,0.9,8.3,1.0,5.79,3.23,Independent House,9699000.0,4,12490000.0,28.78
1251.0,3.0,2.0,8.0,2.6,13.4,2.8,3.7,4.9,40.2,2.0,3.54,0.13,Independent House,2929000.0,2,2950000.0,0.72
1919.0,2.0,2.0,25.0,7.1,12.2,,6.5,3.1,9.0,1.0,3.83,2.33,Independent House,6578000.0,5,7500000.0,14.02
963.0,1.0,1.0,11.0,8.2,12.9,4.3,6.7,,22.7,2.0,7.66,4.39,Apartment,4078000.0,5,5807000.0,42.4
1322.0,2.0,1.0,7.0,6.9,14.1,20.3,7.5,4.0,29.8,2.0,2.47,0.31,Apartment,2335000.0,2,2421000.0,3.68
1260.0,3.0,3.0,23.0,7.5,9.1,1.9,3.8,1.2,31.5,1.0,7.03,2.86,Apartment,4336000.0,5,5390000.0,24.31
1738.0,3.0,3.0,8.0,3.8,14.4,1.4,3.4,1.8,32.6,2.0,6.15,2.27,Apartment,4507000.0,5,5418000.0,20.21
890.0,1.0,1.0,7.0,6.2,3.9,1.4,7.0,2.0,22.3,0.0,7.43,6.49,Apartment,3705000.0,2,4303000.0,16.14
1057.0,2.0,2.0,9.0,6.2,5.9,2.1,5.7,1.7,39.8,,6.7,5.77,Apartment,3876000.0,2,4380000.0,13.0
1307.0,1.0,1.0,26.0,4.9,17.5,5.1,6.2,0.7,28.5,2.0,4.89,-0.46,,2717000.0,4,2859000.0,5.23
2271.0,3.0,3.0,20.0,5.0,6.2,1.1,4.1,1.5,41.2,3.0,6.28,2.87,Independent House,6125000.0,5,7139000.0,16.56
1179.0,2.0,2.0,8.0,7.5,4.0,2.4,6.0,0.8,43.4,1.0,8.64,5.24,Apartment,4872000.0,2,5742000.0,17.86
1005.0,1.0,1.0,12.0,5.9,9.7,0.7,5.8,3.2,19.9,1.0,5.8,5.26,Apartment,3254000.0,2,3727000.0,14.54
849.0,1.0,1.0,11.0,5.1,12.1,2.0,5.2,1.7,45.4,1.0,5.03,3.69,Apartment,2112000.0,2,2279000.0,7.91
1085.0,2.0,1.0,23.0,9.1,2.7,3.4,5.9,1.6,10.0,1.0,5.73,2.66,Apartment,5449000.0,3,6348000.0,16.5
1331.0,2.0,3.0,19.0,7.1,7.6,0.6,3.8,2.4,34.6,2.0,5.68,4.82,Independent House,5504000.0,3,6374000.0,15.81
1671.0,3.0,3.0,3.0,5.3,12.0,12.4,4.2,4.0,35.8,3.0,5.09,2.57,Independent House,3644000.0,4,3964000.0,8.78
1352.0,2.0,2.0,7.0,5.2,10.7,3.0,5.3,2.1,24.6,1.0,7.11,5.5,Apartment,4733000.0,2,5295000.0,11.87
2074.0,4.0,3.0,10.0,3.4,18.7,4.0,4.1,4.5,41.5,0.0,5.01,0.69,APARTMENT,4062000.0,2,4221000.0,3.91
709.0,2.0,1.0,20.0,5.3,16.6,2.7,3.0,2.4,24.5,2.0,4.6,-0.44,Apartment,1714000.0,4,1946000.0,13.54
784.0,1.0,1.0,5.0,5.1,8.4,0.7,,6.9,33.8,0.0,5.04,0.45,Apartment,2344000.0,2,2484000.0,5.97
1234.0,2.0,2.0,8.0,10.0,0.5,1.2,5.2,0.7,23.0,2.0,6.36,3.07,Apartment,8217000.0,5,11386000.0,38.57
1126.0,1.0,2.0,41.0,5.8,16.1,2.7,4.6,2.8,35.6,0.0,6.93,4.36,Apartment,2015000.0,2,2204000.0,9.38
1088.0,3.0,3.0,9.0,5.5,12.0,0.4,4.6,1.1,27.6,2.0,7.81,3.94,Independent House,4470000.0,1,4702000.0,5.19
715.0,2.0,2.0,5.0,8.0,11.1,3.1,9.4,9.9,35.3,1.0,6.19,3.92,Apartment,3617000.0,3,4396000.0,21.54
1957.0,3.0,3.0,5.0,3.9,12.6,4.9,6.3,4.1,38.1,3.0,3.93,4.29,Independent House,5315000.0,2,5631000.0,5.95
1258.0,1.0,2.0,15.0,6.0,15.7,6.0,5.1,7.1,24.4,3.0,7.71,5.71,Independent House,3548000.0,2,3963000.0,11.7
1393.0,3.0,3.0,14.0,6.6,12.1,4.1,3.6,3.1,23.2,1.0,6.57,6.18,Apartment,4489000.0,4,5282000.0,17.67
1093.0,2.0,2.0,4.0,5.9,12.4,7.5,3.4,2.6,38.1,2.0,7.81,3.13,Apartment,2837000.0,4,3425000.0,20.73
3229.0,6.0,6.0,16.0,5.0,15.0,2.1,3.1,2.4,30.5,3.0,5.01,7.31,VILLA,13273000.0,4,15698000.0,18.27
1715.0,3.0,2.0,17.0,7.2,9.8,8.4,6.3,1.8,42.1,2.0,4.05,0.65,Independent House,5296000.0,1,5464000.0,3.17
1418.0,3.0,2.0,15.0,8.2,8.1,2.9,5.3,1.1,10.4,2.0,6.07,3.51,Apartment,6326000.0,4,8118000.0,28.33
895.0,1.0,2.0,6.0,6.7,6.9,0.4,5.5,4.7,15.0,2.0,6.5,2.79,Apartment,3774000.0,5,5038000.0,33.49
1107.0,3.0,3.0,4.0,3.7,16.9,6.0,3.5,4.3,45.5,1.0,5.79,1.87,Apartment,2129000.0,5,2575000.0,20.95
1994.0,4.0,2.0,6.0,7.3,8.3,16.8,4.9,6.8,34.6,1.0,5.82,3.27,Independent House,5024000.0,5,5939000.0,18.21
1363.0,3.0,2.0,14.0,2.5,18.8,11.8,6.7,2.4,61.6,2.0,6.18,3.19,Apartment,1938000.0,1,1990000.0,2.68
2367.0,4.0,3.0,17.0,3.8,18.2,5.2,4.1,10.2,49.8,3.0,6.16,2.25,Independent House,4916000.0,1,5098000.0,3.7
2118.0,4.0,4.0,16.0,2.8,15.5,1.6,1.9,8.8,32.6,2.0,6.8,3.21,Independent House,4699000.0,2,5183000.0,10.3
,2.0,2.0,19.0,5.1,9.6,4.4,5.4,1.0,46.0,2.0,4.89,4.44,Independent House,2622000.0,2,2800000.0,6.79
770.0,1.0,1.0,10.0,5.5,2.4,2.9,5.5,2.5,,0.0,5.52,6.33,Apartment,2473000.0,1,2615000.0,5.74
2570.0,5.0,4.0,16.0,1.8,24.1,7.9,3.7,3.1,34.7,2.0,8.93,6.85,Villa,5503000.0,5,6891000.0,25.22
849.0,2.0,1.0,13.0,6.5,12.0,5.6,8.3,2.8,14.3,0.0,6.96,3.91,Apartment,3110000.0,4,3847000.0,23.7
3059.0,6.0,5.0,5.0,8.5,7.5,2.3,7.5,2.3,15.9,3.0,8.06,6.71,Villa,29936000.0,3,36986000.0,23.55
2566.0,4.0,4.0,22.0,5.1,19.6,2.9,4.0,2.7,25.7,2.0,7.25,5.89,Independent House,7034000.0,5,8957000.0,27.34
2971.0,5.0,4.0,7.0,7.4,8.7,1.2,4.0,1.5,31.2,3.0,8.57,5.64,Villa,18650000.0,3,22870000.0,22.63
757.0,1.0,2.0,2.0,4.5,11.5,1.4,4.0,5.2,24.1,,6.21,1.5,Apartment,2196000.0,2,2394000.0,9.02
1404.0,3.0,2.0,14.0,6.4,0.5,0.3,7.5,0.6,15.8,1.0,7.31,4.72,Apartment,5692000.0,4,7484000.0,31.48
1855.0,4.0,2.0,6.0,9.6,6.4,0.7,4.9,4.5,19.6,3.0,6.96,3.16,Independent House,10554000.0,5,14888000.0,41.06
791.0,1.0,1.0,3.0,7.9,2.5,1.0,5.6,1.6,31.3,2.0,5.66,-0.02,Apartment,3403000.0,2,3727000.0,9.52
2114.0,3.0,3.0,,5.3,6.8,3.3,5.4,2.2,28.5,3.0,7.3,4.51,Independent House,7925000.0,5,10590000.0,33.63
1432.0,3.0,3.0,7.0,1.1,22.1,4.9,3.5,1.8,34.2,3.0,5.95,,Independent House,2756000.0,5,2815000.0,2.14
1620.0,3.0,3.0,12.0,7.1,3.9,7.9,5.0,1.6,23.8,1.0,6.41,3.97,Apartment,5269000.0,5,6667000.0,26.53
1197.0,2.0,2.0,12.0,10.0,0.5,0.4,4.6,0.6,6.0,3.0,4.31,3.11,Independent House,8894000.0,2,9780000.0,9.96
789.0,1.0,2.0,23.0,7.9,0.5,1.4,4.3,0.8,16.7,2.0,6.69,5.91,Apartment,3386000.0,5,4379000.0,29.33
1304.0,3.0,2.0,17.0,7.2,10.3,6.8,4.9,2.6,20.9,1.0,4.31,4.23,Apartment,3874000.0,3,4207000.0,8.6
2025.0,3.0,2.0,9.0,5.5,14.3,3.4,3.6,0.6,41.8,3.0,6.95,,Independent House,5636000.0,2,6213000.0,10.24
834.0,2.0,2.0,6.0,4.4,14.7,10.3,,3.3,49.9,1.0,7.35,4.84,Apartment,1611000.0,3,1765000.0,9.56
924.0,2.0,2.0,28.0,5.0,10.0,4.5,5.3,2.4,36.2,1.0,6.6,5.76,Apartment,2147000.0,4,2451000.0,14.16
2026.0,4.0,4.0,9.0,10.0,3.8,0.6,8.5,1.5,15.7,0.0,7.45,7.13,Apartment,18264000.0,3,24136000.0,32.15
2197.0,5.0,5.0,4.0,5.6,14.1,2.5,,3.9,35.0,3.0,3.35,1.53,Independent House,8062000.0,4,8988000.0,11.49
1747.0,3.0,3.0,7.0,6.7,13.3,4.7,4.0,1.7,18.4,2.0,6.83,4.11,Independent House,7754000.0,3,9120000.0,17.62
1239.0,3.0,2.0,13.0,3.6,13.4,1.2,4.1,0.4,33.6,0.0,4.73,1.58,Apartment,2850000.0,1,2955000.0,3.68
638.0,1.0,2.0,22.0,7.1,14.2,1.1,3.4,1.0,24.6,,4.37,5.26,Apartment,1860000.0,2,2030000.0,9.14
1164.0,2.0,2.0,11.0,6.0,19.5,1.7,3.2,2.1,23.1,2.0,6.56,3.5,Apartment,2964000.0,2,3206000.0,8.16
852.0,3.0,3.0,,2.2,27.5,3.7,2.3,5.6,26.4,0.0,5.13,1.5,Apartment,1393000.0,2,1488000.0,6.82
779.0,2.0,2.0,29.0,1.8,31.6,6.5,3.7,,46.3,2.0,5.68,0.52,Apartment,984000.0,1,997000.0,1.32
2105.0,4.0,4.0,8.0,8.9,0.9,2.1,3.5,1.3,26.1,0.0,6.54,6.94,Apartment,10288000.0,5,14067000.0,36.73
712.0,1.0,2.0,16.0,7.5,12.4,2.0,3.8,7.3,39.2,1.0,5.57,6.79,Independent House,2032000.0,4,2553000.0,25.64
1736.0,4.0,3.0,27.0,5.4,13.4,6.3,6.6,6.0,21.4,1.0,8.24,3.33,Independent House,5261000.0,2,5699000.0,8.33
,2.0,2.0,4.0,8.7,4.2,4.6,6.1,1.7,21.9,2.0,7.08,7.71,Apartment,5931000.0,3,7430000.0,25.27
1242.0,2.0,2.0,17.0,7.8,10.0,1.5,8.6,3.4,19.9,3.0,7.69,8.04,Independent House,7441000.0,1,8155000.0,9.6
2053.0,5.0,5.0,14.0,3.3,13.3,8.6,5.6,,30.9,3.0,4.18,3.86,Independent House,4946000.0,1,5094000.0,2.99
1744.0,5.0,5.0,23.0,10.0,10.7,0.2,8.1,1.5,24.6,1.0,6.48,3.44,Apartment,10656000.0,2,11876000.0,11.45
2282.0,5.0,5.0,21.0,9.2,19.6,5.5,6.0,0.7,2.0,2.0,5.93,4.74,Independent House,11371000.0,1,11971000.0,5.28
1119.0,2.0,3.0,3.0,5.9,10.1,,5.4,0.9,28.3,1.0,5.84,4.65,Apartment,4233000.0,4,5172000.0,22.18
1515.0,4.0,3.0,9.0,7.8,11.8,3.6,4.0,1.3,27.6,0.0,5.23,6.81,Apartment,5410000.0,4,6811000.0,25.9
1523.0,4.0,4.0,14.0,5.8,6.6,0.8,7.0,0.9,54.3,1.0,7.07,4.96,apartment,5280000.0,4,6411000.0,21.42
2149.0,4.0,4.0,20.0,4.7,11.2,0.2,4.1,2.5,44.7,2.0,7.82,3.33,Independent House,5602000.0,4,6850000.0,22.28
1738.0,3.0,2.0,13.0,4.8,7.9,1.2,8.0,1.3,41.2,3.0,5.54,5.08,Independent House,6313000.0,1,6688000.0,5.94
1490.0,2.0,1.0,10.0,6.5,18.9,9.9,8.2,,31.1,3.0,7.43,3.67,Independent House,4377000.0,3,5050000.0,15.38
1126.0,2.0,2.0,11.0,2.6,18.8,3.2,1.6,2.8,31.6,2.0,2.15,2.39,independent house,2152000.0,2,2189000.0,1.72
1066.0,1.0,2.0,7.0,7.2,7.3,1.3,5.5,2.2,21.5,2.0,5.55,4.18,Apartment,4263000.0,1,4509000.0,5.77
1979.0,3.0,3.0,16.0,6.8,14.9,9.3,9.0,2.7,23.7,3.0,6.55,6.42,Independent House,7442000.0,2,8324000.0,11.85
2728.0,6.0,4.0,26.0,4.5,10.7,6.1,4.8,6.0,44.7,4.0,5.33,4.06,Villa,7762000.0,4,8981000.0,15.7
3914.0,6.0,4.0,9.0,1.8,23.7,6.2,4.6,5.6,40.3,2.0,5.79,3.68,Independent House,6955000.0,3,7708000.0,10.83
1482.0,2.0,2.0,18.0,3.7,15.2,10.6,2.5,6.1,41.7,1.0,6.78,3.07,Independent House,2076000.0,3,2235000.0,7.66
1253.0,1.0,1.0,36.0,3.5,20.2,4.8,5.5,0.5,45.2,0.0,4.42,3.59,Apartment,1585000.0,2,1676000.0,5.74
2298.0,4.0,4.0,22.0,6.5,3.3,1.0,7.6,1.6,47.1,2.0,7.28,6.42,Independent House,11976000.0,4,14911000.0,24.51
1120.0,,2.0,28.0,8.8,10.8,0.3,6.5,1.7,12.3,2.0,9.25,6.84,Apartment,5546000.0,1,6041000.0,8.93
1236.0,2.0,2.0,11.0,4.5,20.7,5.3,3.5,4.0,,2.0,7.48,3.78,Apartment,2744000.0,1,2890000.0,5.32
803.0,2.0,3.0,21.0,6.6,3.6,2.4,6.6,2.5,31.4,2.0,6.23,7.68,Apartment,3048000.0,2,3457000.0,13.42
1392.0,2.0,,35.0,5.4,10.3,2.0,5.3,1.5,25.2,2.0,4.71,2.34,Apartment,4043000.0,4,4637000.0,14.69
815.0,1.0,2.0,7.0,4.8,15.9,1.4,,8.1,29.2,0.0,7.51,4.65,Apartment,1770000.0,5,2342000.0,32.32
1530.0,2.0,2.0,,,15.3,1.2,2.5,3.9,30.7,3.0,4.59,4.54,Independent House,4679000.0,3,5376000.0,14.9
1753.0,4.0,4.0,18.0,6.5,13.3,2.5,9.7,3.3,39.2,1.0,4.5,1.4,Independent House,7985000.0,2,8471000.0,6.09
1138.0,1.0,1.0,15.0,7.7,7.9,5.6,6.4,2.6,26.1,2.0,6.21,5.35,Apartment,4288000.0,1,4539000.0,5.85
1613.0,3.0,2.0,8.0,4.4,9.4,0.6,4.6,0.7,19.6,2.0,6.31,6.11,Apartment,6060000.0,5,7857000.0,29.65
1941.0,4.0,2.0,22.0,8.4,11.1,11.1,6.2,3.7,17.0,3.0,7.89,3.55,Independent House,7513000.0,5,9855000.0,31.17
884.0,1.0,1.0,7.0,7.8,11.9,10.0,5.9,1.7,39.9,0.0,6.09,5.95,Apartment,2329000.0,5,2777000.0,19.24
1784.0,3.0,2.0,13.0,5.6,3.2,2.0,4.0,1.4,26.1,1.0,5.2,0.23,Independent House,7302000.0,5,8773000.0,20.15
2564.0,5.0,5.0,7.0,7.5,2.8,1.1,8.0,1.1,28.5,3.0,8.06,5.54,Villa,21411000.0,5,32086000.0,49.86
1921.0,3.0,2.0,2.0,4.6,6.8,0.7,4.0,1.9,35.2,2.0,4.21,1.52,Independent House,6728000.0,1,7036000.0,4.58
1169.0,2.0,2.0,20.0,10.0,0.5,0.5,5.7,5.5,28.6,0.0,9.28,8.71,Apartment,6438000.0,2,7672000.0,19.17
1174.0,2.0,2.0,,8.3,1.2,1.2,6.0,1.8,23.0,1.0,6.57,6.55,Apartment,6965000.0,4,8518000.0,22.3
1745.0,4.0,3.0,12.0,3.3,12.3,4.8,4.9,1.8,28.8,1.0,7.13,2.75,Independent House,4710000.0,3,5344000.0,13.46
1123.0,2.0,2.0,7.0,6.0,9.5,2.5,4.8,6.3,22.2,1.0,6.07,2.91,Apartment,3708000.0,5,4889000.0,31.85
1554.0,2.0,1.0,3.0,5.6,13.2,2.0,4.8,0.8,36.5,1.0,4.92,5.32,Independent House,5263000.0,1,5478000.0,4.09
1003.0,1.0,1.0,8.0,7.4,19.5,2.8,2.5,1.9,13.6,0.0,6.42,3.2,Apartment,3338000.0,1,3512000.0,5.21
2051.0,4.0,3.0,12.0,6.2,0.5,0.9,9.5,0.9,19.7,3.0,5.31,5.94,Independent House,12797000.0,2,14642000.0,14.42
972.0,2.0,1.0,5.0,8.2,10.8,7.8,4.8,7.8,32.1,0.0,7.42,,Apartment,3348000.0,1,3513000.0,4.93
1533.0,3.0,3.0,8.0,3.3,14.3,6.6,3.0,3.0,51.4,2.0,5.93,-0.46,Apartment,3056000.0,1,3124000.0,2.23
1990.0,3.0,2.0,27.0,5.5,10.8,3.6,4.6,1.9,18.9,1.0,6.8,2.93,Independent House,5185000.0,1,5440000.0,4.92
1381.0,3.0,3.0,12.0,9.1,6.0,4.6,7.8,0.8,14.7,1.0,6.69,4.8,Independent House,9257000.0,5,13029000.0,40.75
880.0,2.0,2.0,6.0,8.5,9.8,6.1,7.1,0.8,30.9,0.0,7.23,6.63,Apartment,3886000.0,4,5071000.0,30.49
1045.0,3.0,3.0,3.0,6.2,5.7,5.6,5.0,0.8,30.2,1.0,6.65,6.73,Independent House,4327000.0,2,4909000.0,13.45
1287.0,2.0,2.0,30.0,4.1,17.3,3.8,4.9,1.1,38.0,2.0,6.05,0.05,Apartment,2374000.0,2,2518000.0,6.07
3166.0,6.0,6.0,13.0,3.6,16.3,5.4,4.9,3.6,45.1,4.0,8.34,6.02,Villa,10298000.0,3,12119000.0,17.68
1437.0,1.0,2.0,15.0,8.2,7.0,0.5,4.2,3.3,11.9,0.0,7.3,1.67,,6053000.0,5,7523000.0,24.29
2316.0,4.0,3.0,26.0,5.9,21.8,2.4,6.0,1.7,,,4.9,4.13,Independent House,6885000.0,3,7822000.0,13.61
2834.0,,4.0,22.0,4.6,16.6,7.3,5.2,1.6,33.7,4.0,3.86,4.1,Villa,9182000.0,2,9635000.0,4.93
900.0,2.0,3.0,12.0,3.6,15.1,2.2,2.3,4.5,29.7,2.0,2.74,2.75,Apartment,2198000.0,5,2434000.0,10.74
1279.0,2.0,2.0,16.0,6.7,3.0,8.6,4.1,2.2,26.2,2.0,6.8,4.58,Apartment,3917000.0,2,4245000.0,8.37
3991.0,6.0,5.0,19.0,9.1,0.8,0.8,5.2,0.6,33.9,3.0,6.91,8.23,Villa,35463000.0,5,49790000.0,40.4
918.0,1.0,1.0,6.0,8.1,10.1,0.8,2.6,1.1,5.6,0.0,5.39,5.77,,3558000.0,3,4318000.0,21.36
6000.0,6.0,5.0,9.0,5.9,10.0,2.8,4.5,0.9,,1.0,,5.68,INDEPENDENT HOUSE,27541000.0,3,32479000.0,17.93
1523.0,3.0,2.0,19.0,6.8,19.1,11.4,6.5,1.7,35.4,,6.93,3.05,Apartment,3645000.0,3,4178000.0,14.62
1307.0,3.0,2.0,,5.9,5.2,4.5,7.7,3.6,17.8,1.0,6.24,0.49,Apartment,5093000.0,3,5891000.0,15.67
1057.0,2.0,,33.0,5.0,16.7,14.1,5.5,2.7,25.7,1.0,6.79,3.66,Apartment,1792000.0,5,2020000.0,12.72
1555.0,2.0,1.0,4.0,6.3,9.1,4.1,7.0,2.5,48.5,0.0,2.81,3.09,Apartment,5059000.0,3,5393000.0,6.6
714.0,1.0,1.0,9.0,5.5,11.6,4.6,4.0,,21.1,0.0,5.6,3.2,Apartment,1846000.0,4,2219000.0,20.21
2683.0,6.0,5.0,23.0,4.5,16.4,2.3,,9.0,33.5,1.0,4.98,4.1,Independent House,6590000.0,4,7629000.0,15.77
1239.0,3.0,3.0,13.0,5.5,16.3,16.9,4.7,3.6,36.6,2.0,5.52,2.54,Apartment,2711000.0,1,2787000.0,2.8
892.0,1.0,1.0,16.0,5.7,11.7,3.3,5.9,1.6,35.9,0.0,6.45,1.7,Apartment,2273000.0,3,2591000.0,13.99
2488.0,5.0,4.0,4.0,8.5,4.2,1.8,3.2,1.1,9.2,3.0,5.3,3.58,Independent House,15397000.0,1,16085000.0,4.47
2303.0,5.0,4.0,2.0,4.3,11.1,2.2,4.5,1.9,35.3,1.0,3.69,2.99,Independent House,8016000.0,3,8727000.0,8.87
2861.0,5.0,5.0,38.0,2.2,24.0,3.4,7.6,0.8,48.7,3.0,5.63,1.83,Independent House,4551000.0,4,4905000.0,7.78
1139.0,3.0,3.0,6.0,7.5,22.0,3.5,,9.3,18.2,1.0,5.35,3.91,Apartment,3338000.0,3,3850000.0,15.34
743.0,1.0,2.0,8.0,6.2,14.3,6.5,5.4,2.5,39.8,1.0,6.67,1.99,Apartment,1863000.0,2,2030000.0,8.96
786.0,1.0,2.0,19.0,7.3,12.5,0.9,8.9,3.0,,2.0,6.26,8.26,Apartment,3705000.0,3,4499000.0,21.43
5411.0,6.0,5.0,28.0,12.0,22.0,4.0,2.9,7.0,50.9,3.0,6.37,1.99,Villa,10698000.0,1,10801000.0,0.96
1168.0,3.0,2.0,12.0,3.0,12.7,6.0,6.1,3.5,41.5,0.0,3.82,2.3,Apartment,2161000.0,2,2333000.0,7.96
1003.0,2.0,2.0,11.0,5.0,12.7,4.2,5.3,5.2,24.8,0.0,6.22,3.58,Apartment,3016000.0,3,3504000.0,16.18
729.0,2.0,3.0,2.0,6.5,15.4,3.7,5.0,8.9,30.9,1.0,5.34,2.36,Apartment,2295000.0,2,2517000.0,9.67
1943.0,3.0,3.0,7.0,9.1,0.5,1.3,7.4,1.0,29.2,1.0,8.74,5.65,Independent House,14510000.0,2,17243000.0,18.84
723.0,1.0,2.0,35.0,8.6,7.3,1.3,8.6,2.6,22.3,2.0,4.93,5.98,Independent House,3425000.0,2,3813000.0,11.33
1558.0,3.0,3.0,20.0,7.9,8.5,1.1,5.5,0.9,,0.0,4.46,2.86,Apartment,6425000.0,4,7397000.0,15.13
2894.0,4.0,4.0,10.0,3.4,9.4,2.4,6.7,3.3,41.0,1.0,2.95,2.13,independent house,7864000.0,5,8985000.0,14.25
1159.0,2.0,2.0,23.0,3.5,13.0,0.8,5.0,1.8,32.0,0.0,4.46,2.31,Apartment,2799000.0,4,3132000.0,11.9
2757.0,5.0,4.0,5.0,5.2,12.5,2.1,9.1,1.3,31.0,4.0,6.87,5.11,Villa,15171000.0,4,18537000.0,22.19
779.0,2.0,2.0,10.0,6.4,7.0,1.1,5.6,3.1,17.2,2.0,,5.82,Apartment,2973000.0,4,3793000.0,27.58
1168.0,3.0,2.0,2.0,9.1,8.2,1.5,,1.6,10.9,2.0,5.49,2.8,Apartment,7664000.0,4,9531000.0,24.36
1139.0,1.0,2.0,6.0,4.1,12.2,2.5,4.3,1.6,21.8,2.0,5.18,1.31,Apartment,3151000.0,4,3566000.0,13.17
1473.0,3.0,2.0,10.0,7.6,1.6,1.1,5.0,2.4,30.0,1.0,6.98,3.25,Apartment,6365000.0,5,8192000.0,28.7
1664.0,4.0,4.0,4.0,9.1,5.1,2.3,3.7,0.8,20.2,2.0,5.05,1.45,Independent House,10941000.0,5,14139000.0,29.23
1309.0,2.0,2.0,2.0,3.6,15.6,10.6,6.2,4.7,34.1,0.0,5.42,3.64,Apartment,2287000.0,1,2365000.0,3.41
1046.0,2.0,2.0,3.0,8.8,14.5,6.0,5.4,3.6,15.9,0.0,8.64,6.74,Apartment,4933000.0,5,7230000.0,46.56
729.0,2.0,2.0,19.0,4.7,23.3,2.6,4.3,2.7,23.7,1.0,7.35,2.23,Apartment,1911000.0,5,2341000.0,22.5
1360.0,2.0,2.0,20.0,4.4,16.7,10.2,5.0,6.7,29.9,0.0,4.83,4.44,Apartment,2332000.0,5,2669000.0,14.45
1134.0,2.0,2.0,14.0,5.3,14.3,12.1,6.5,2.0,14.3,3.0,5.63,5.0,Independent House,2997000.0,4,3635000.0,21.29
604.0,1.0,1.0,2.0,6.2,17.1,4.1,4.6,5.6,39.7,0.0,6.24,0.27,Apartment,1608000.0,3,1841000.0,14.49
1137.0,2.0,2.0,3.0,7.5,0.5,2.2,7.2,0.8,38.0,1.0,5.91,4.45,Independent House,6191000.0,2,6977000.0,12.7
2546.0,4.0,3.0,10.0,7.7,0.5,0.7,4.6,0.6,23.8,3.0,6.19,6.8,Independent House,15379000.0,5,21699000.0,41.09
2571.0,5.0,4.0,11.0,5.9,14.7,2.6,3.8,1.4,15.7,1.0,5.41,3.55,Independent House,9646000.0,5,12629000.0,30.92
4013.0,6.0,5.0,21.0,5.5,7.6,1.5,5.2,6.0,13.9,3.0,6.04,2.94,Villa,18989000.0,3,21388000.0,12.63
943.0,1.0,1.0,7.0,8.2,4.8,2.2,8.1,4.5,21.4,2.0,5.61,6.93,Apartment,5001000.0,1,5357000.0,7.12
1652.0,3.0,3.0,39.0,6.6,2.3,0.5,2.4,2.7,30.7,1.0,4.05,5.39,Independent House,4407000.0,3,5095000.0,15.61
955.0,,1.0,5.0,6.7,6.3,2.2,8.4,4.4,40.1,2.0,5.84,6.5,Apartment,4713000.0,4,6400000.0,35.79
960.0,3.0,3.0,6.0,2.3,14.8,2.5,5.6,1.0,51.7,0.0,6.85,3.31,Apartment,1830000.0,2,1985000.0,8.47
3461.0,6.0,6.0,7.0,6.2,12.1,0.1,6.3,5.7,21.7,2.0,7.33,6.28,Villa,20567000.0,1,22022000.0,7.07
1373.0,4.0,4.0,14.0,3.3,23.0,0.2,7.4,3.7,38.3,0.0,5.93,3.06,Apartment,2669000.0,3,3013000.0,12.89
923.0,1.0,1.0,19.0,4.6,13.2,5.2,,0.6,27.8,1.0,6.05,2.53,Apartment,2167000.0,4,2602000.0,20.07
1438.0,3.0,2.0,10.0,4.1,18.3,8.2,3.7,2.5,28.8,1.0,6.08,3.71,,3249000.0,5,3927000.0,20.87
2281.0,5.0,4.0,13.0,5.8,10.4,2.8,5.1,2.7,30.9,3.0,4.81,3.24,Independent House,7795000.0,4,8843000.0,13.44
1499.0,3.0,2.0,2.0,9.4,8.5,2.4,6.2,3.2,22.9,,8.35,7.36,Independent House,9680000.0,2,11621000.0,20.05
2096.0,4.0,4.0,7.0,7.1,11.3,4.5,7.6,4.5,15.4,2.0,4.06,5.68,Independent House,10819000.0,4,12761000.0,17.95
2545.0,4.0,3.0,16.0,4.9,16.3,6.0,6.5,6.0,18.6,0.0,6.86,4.4,Apartment,6576000.0,4,8043000.0,22.31
2725.0,5.0,4.0,24.0,10.0,4.3,7.7,6.0,1.9,16.6,2.0,6.75,2.63,House,16897000.0,5,22218000.0,31.49
1123.0,2.0,2.0,8.0,8.7,8.1,2.6,4.0,2.0,22.4,2.0,7.97,4.26,Apartment,5143000.0,5,7468000.0,45.21
4292.0,1.0,2.0,15.0,10.0,5.4,1.4,5.9,2.2,22.9,1.0,7.46,6.02,Apartment,3695000.0,4,5108000.0,38.24
633.0,1.0,2.0,30.0,9.1,3.4,2.4,8.1,0.7,,2.0,8.58,6.97,Apartment,3796000.0,2,4424000.0,16.54
748.0,2.0,2.0,2.0,6.7,3.4,1.1,4.8,1.0,26.9,0.0,3.8,4.4,Apartment,3217000.0,5,3879000.0,20.58
1238.0,3.0,2.0,-16.0,5.2,17.7,5.0,5.5,5.8,31.6,1.0,4.29,5.94,Apartment,2758000.0,3,3096000.0,12.26
1527.0,4.0,3.0,12.0,6.2,5.3,2.5,5.9,3.2,20.7,3.0,5.73,3.82,Independent House,7018000.0,3,7987000.0,13.81
1295.0,3.0,2.0,1.0,3.6,16.8,2.4,4.4,6.0,11.4,2.0,5.22,1.78,Independent House,3615000.0,4,4137000.0,14.44
1500.0,2.0,1.0,7.0,6.5,13.8,9.7,5.7,5.8,36.9,2.0,4.14,2.01,Apartment,3578000.0,3,3901000.0,9.03
937.0,2.0,3.0,8.0,5.6,7.3,4.0,2.0,1.0,27.2,1.0,6.48,5.11,apartment,2538000.0,5,3265000.0,28.64
909.0,1.0,1.0,5.0,2.9,21.2,1.9,7.7,3.0,32.8,0.0,3.31,2.39,Apartment,1782000.0,3,1930000.0,8.31
1174.0,2.0,1.0,25.0,5.1,2.8,0.4,3.8,1.9,26.7,1.0,5.03,1.52,Apartment,3037000.0,3,3459000.0,13.9
2334.0,4.0,4.0,9.0,4.6,7.7,2.1,1.6,1.6,29.1,3.0,5.97,2.65,Villa,7522000.0,1,7881000.0,4.77
944.0,2.0,3.0,23.0,7.4,13.6,4.1,6.9,4.1,19.7,0.0,7.27,4.48,Apartment,3005000.0,1,3156000.0,5.02
1192.0,1.0,1.0,39.0,8.0,12.7,5.3,5.5,2.3,19.1,1.0,4.08,2.49,Apartment,3247000.0,3,3444000.0,6.07
1767.0,3.0,2.0,11.0,9.1,3.3,2.9,6.8,1.3,40.6,2.0,4.75,6.56,Apartment,9543000.0,3,11488000.0,20.38
1176.0,2.0,1.0,8.0,6.0,11.2,5.2,3.9,3.8,37.8,2.0,6.68,0.88,Apartment,3040000.0,3,3497000.0,15.03
2267.0,5.0,4.0,37.0,7.3,2.8,3.0,,1.8,31.6,1.0,6.98,3.14,Independent House,9466000.0,3,11191000.0,18.22
2768.0,5.0,3.0,8.0,7.2,5.9,4.0,6.3,2.3,36.7,3.0,5.26,1.91,Independent House,13159000.0,5,16142000.0,22.67
797.0,2.0,1.0,40.0,3.7,16.8,5.7,4.5,4.9,32.0,2.0,5.89,-0.13,Apartment,1433000.0,4,1558000.0,8.72
810.0,2.0,3.0,4.0,4.1,25.7,7.0,4.7,3.6,26.7,0.0,6.36,0.58,Apartment,1791000.0,1,1849000.0,3.24
1312.0,3.0,2.0,9.0,3.1,29.9,8.0,4.6,7.8,33.4,,6.54,3.1,Apartment,2110000.0,1,2187000.0,3.65
984.0,1.0,2.0,14.0,5.2,6.9,2.0,4.3,2.4,24.7,1.0,,4.85,Apartment,2769000.0,1,2905000.0,4.91
1373.0,2.0,2.0,18.0,7.8,3.6,3.2,6.3,1.1,23.7,2.0,6.89,3.9,Independent House,6149000.0,3,7134000.0,16.02
1118.0,2.0,2.0,9.0,5.6,14.0,8.9,4.2,3.0,18.7,3.0,7.03,3.31,Independent House,3413000.0,2,3690000.0,8.12
1663.0,4.0,3.0,17.0,5.4,3.3,0.7,2.9,0.6,40.8,1.0,6.42,2.65,Independent House,5058000.0,2,5486000.0,8.46
2171.0,3.0,1.0,17.0,7.5,6.4,2.7,3.6,1.4,23.7,0.0,5.37,4.68,Apartment,7375000.0,2,8070000.0,9.42
961.0,3.0,3.0,14.0,3.5,17.9,11.9,4.5,3.8,24.9,2.0,4.93,0.18,Apartment,1721000.0,4,1789000.0,3.95
636.0,1.0,2.0,5.0,7.3,16.8,11.0,4.6,1.5,39.4,2.0,5.56,5.36,Apartment,1750000.0,3,2053000.0,17.31
996.0,2.0,2.0,6.0,3.3,16.2,6.4,5.9,2.0,47.6,0.0,4.17,1.24,,1942000.0,4,2164000.0,11.43
1522.0,2.0,2.0,13.0,5.7,15.5,7.9,4.1,2.4,22.3,0.0,8.09,7.72,Apartment,3489000.0,3,4058000.0,16.31
1135.0,3.0,3.0,18.0,9.4,2.8,0.5,,0.7,21.6,3.0,5.88,3.58,Independent House,6734000.0,2,7659000.0,13.74
3402.0,6.0,5.0,2.0,3.6,17.8,4.7,4.5,2.5,37.2,3.0,6.15,4.06,Villa,13347000.0,2,14453000.0,8.29
970.0,2.0,3.0,17.0,6.1,9.1,1.2,6.5,2.1,49.9,1.0,3.84,3.37,Apartment,2978000.0,5,3499000.0,17.49
1278.0,3.0,3.0,8.0,7.5,11.6,1.6,4.5,2.6,27.3,2.0,7.55,6.23,Apartment,4589000.0,2,5259000.0,14.6
4195.0,6.0,5.0,3.0,8.9,3.9,,9.0,2.2,17.8,2.0,5.69,4.89,Villa,48702000.0,1,52187000.0,7.16
1231.0,2.0,1.0,16.0,3.6,7.4,7.0,6.2,1.9,32.2,,4.53,3.43,Apartment,2937000.0,2,3111000.0,5.92
543.0,1.0,2.0,8.0,7.9,4.0,2.9,6.9,4.1,47.6,0.0,4.68,3.03,Apartment,2265000.0,5,2633000.0,16.25
1617.0,4.0,3.0,24.0,3.0,10.6,4.5,5.6,2.3,26.8,1.0,5.53,4.32,Independent House,3523000.0,4,4112000.0,16.72
1254.0,3.0,2.0,6.0,7.7,2.0,0.6,5.3,1.7,26.4,1.0,3.01,6.78,Apartment,5805000.0,1,6058000.0,4.36
3488.0,6.0,5.0,11.0,7.4,4.5,7.5,6.2,0.7,31.0,2.0,6.64,2.9,Villa,21078000.0,1,22245000.0,5.54
1987.0,3.0,3.0,12.0,6.2,14.6,6.8,8.2,4.5,26.5,3.0,7.48,6.35,Independent House,7784000.0,4,9661000.0,24.11
1096.0,3.0,3.0,9.0,6.5,5.4,6.4,5.8,0.7,29.6,2.0,6.73,3.47,Apartment,3821000.0,4,4617000.0,20.83
988.0,2.0,2.0,4.0,9.6,0.5,1.1,8.1,0.3,12.6,2.0,8.18,5.4,Apartment,10691000.0,4,15125000.0,41.47
1662.0,3.0,3.0,7.0,2.5,19.5,2.8,2.0,4.3,33.7,0.0,6.26,2.46,apartment,3716000.0,1,3818000.0,2.74
858.0,2.0,2.0,10.0,7.8,1.4,0.9,6.6,1.3,21.3,0.0,6.04,5.45,Apartment,4557000.0,1,4825000.0,5.88
1560.0,3.0,3.0,,6.1,8.1,3.0,5.5,0.7,5.0,1.0,6.46,3.23,Independent House,8205000.0,4,9657000.0,17.7
1787.0,3.0,2.0,,6.6,10.5,5.4,5.2,3.2,24.7,2.0,6.13,3.83,Independent House,7369000.0,5,9462000.0,28.4
5234.0,6.0,5.0,3.0,6.9,14.2,2.8,5.1,1.5,15.6,4.0,4.16,2.82,Villa,27706000.0,3,30911000.0,11.57
2326.0,6.0,5.0,8.0,7.2,0.5,1.1,5.9,1.9,43.3,1.0,3.65,2.98,Independent House,11326000.0,5,13583000.0,19.93
1436.0,3.0,2.0,16.0,7.6,2.5,0.4,6.6,2.6,10.6,0.0,9.1,5.39,Apartment,7559000.0,2,8959000.0,18.52
2787.0,5.0,4.0,11.0,2.2,28.9,14.0,4.0,2.6,55.0,3.0,3.7,2.34,Villa,4036000.0,1,4069000.0,0.82
1143.0,2.0,2.0,,4.9,19.6,1.8,5.7,6.3,21.5,2.0,6.66,6.26,Apartment,3074000.0,2,3391000.0,10.31
1546.0,2.0,2.0,14.0,3.4,13.1,3.9,2.0,3.2,32.6,1.0,5.97,5.73,Apartment,3074000.0,5,3988000.0,29.73
1442.0,3.0,2.0,,9.7,2.0,2.5,7.7,0.7,13.6,1.0,4.75,4.85,Apt,8479000.0,2,9528000.0,12.37
1509.0,3.0,3.0,7.0,6.7,10.0,1.8,8.5,2.6,28.7,3.0,8.02,4.68,Independent House,8345000.0,4,11089000.0,32.88
1606.0,2.0,,6.0,3.4,11.4,5.4,6.6,0.8,36.0,1.0,5.15,0.9,Independent House,4099000.0,4,4757000.0,16.05
1655.0,3.0,2.0,11.0,8.3,12.5,1.7,7.2,4.4,29.8,0.0,6.35,3.34,Apartment,7165000.0,4,8966000.0,25.14
1231.0,2.0,3.0,4.0,7.1,0.5,1.4,7.0,,23.0,0.0,7.6,4.2,Apartment,6011000.0,4,7963000.0,32.47
3876.0,6.0,4.0,11.0,5.2,9.9,1.9,5.1,2.3,21.5,4.0,6.53,5.29,Villa,21730000.0,2,24278000.0,11.73
1310.0,3.0,2.0,9.0,6.5,10.6,4.5,6.1,3.0,50.8,1.0,6.95,3.74,Apt,4111000.0,4,4657000.0,13.28
840.0,2.0,1.0,3.0,6.9,4.7,1.5,6.1,1.7,55.7,0.0,5.79,3.94,Apartment,3274000.0,4,3956000.0,20.83
1726.0,,3.0,2.0,6.1,0.5,0.9,3.9,2.6,48.7,3.0,5.01,7.12,Independent House,6419000.0,2,6824000.0,6.31
1035.0,2.0,2.0,13.0,3.4,6.3,3.1,3.4,3.7,43.0,0.0,6.5,1.9,Apartment,2118000.0,4,2392000.0,12.94
3218.0,6.0,4.0,14.0,7.1,1.9,1.6,4.8,0.7,31.1,2.0,7.45,0.77,Villa,20357000.0,2,22221000.0,9.16
1341.0,2.0,2.0,20.0,4.3,12.2,3.1,5.4,,19.3,2.0,6.86,0.96,Apartment,3546000.0,4,4171000.0,17.63
1385.0,3.0,3.0,6.0,5.5,13.6,9.1,6.4,1.6,28.5,1.0,4.15,0.15,Apartment,3679000.0,5,4289000.0,16.58
814.0,3.0,3.0,17.0,7.1,9.1,5.8,6.1,2.8,22.7,1.0,6.72,4.48,Apartment,3547000.0,2,3859000.0,8.8
2412.0,4.0,4.0,1.0,7.2,9.2,3.2,6.5,1.6,30.6,3.0,3.02,2.84,Independent House,10877000.0,4,11993000.0,10.26
1575.0,3.0,3.0,11.0,4.6,17.9,9.8,5.1,0.5,41.3,0.0,6.37,4.69,Apartment,3009000.0,5,3696000.0,22.83
2311.0,4.0,3.0,11.0,3.5,11.7,9.4,2.2,4.8,35.1,2.0,3.02,-1.44,Independent House,4611000.0,3,4730000.0,2.58
1247.0,3.0,3.0,46.0,8.1,9.6,0.5,7.4,4.8,39.2,1.0,3.48,3.86,Independent House,4767000.0,1,4935000.0,3.52
1119.0,1.0,1.0,13.0,4.4,12.7,2.1,6.7,2.7,42.2,,4.34,2.3,Apartment,2614000.0,5,2967000.0,13.5
1595.0,3.0,2.0,27.0,6.8,0.5,1.3,6.6,1.8,44.1,2.0,5.38,1.56,Apartment,5310000.0,2,5736000.0,8.02
1802.0,3.0,3.0,10.0,3.2,22.7,18.1,4.6,,20.6,1.0,5.9,2.93,Independent House,2516000.0,4,2784000.0,10.65
1072.0,3.0,2.0,10.0,6.8,3.8,1.9,5.4,0.5,38.5,1.0,8.57,6.25,Apartment,3838000.0,2,4405000.0,14.77
1457.0,4.0,3.0,16.0,8.2,10.1,4.4,10.0,1.5,31.0,2.0,7.7,6.98,Apartment,7815000.0,1,8382000.0,7.26
1111.0,2.0,2.0,8.0,3.6,9.9,11.3,6.1,1.9,59.7,3.0,4.03,2.04,,2073000.0,5,2387000.0,15.15
1076.0,2.0,3.0,,5.1,17.4,10.1,8.4,1.4,39.3,0.0,5.25,4.6,apartment,2576000.0,2,2702000.0,4.89
1333.0,2.0,3.0,10.0,4.4,9.6,1.5,7.4,2.3,33.8,1.0,5.96,3.24,Apartment,4069000.0,2,4500000.0,10.59
2575.0,5.0,5.0,2.0,6.0,19.7,2.7,7.1,3.3,31.2,4.0,7.63,6.68,Villa,12458000.0,3,15144000.0,21.56
752.0,1.0,1.0,18.0,4.8,12.7,2.1,4.7,3.8,44.4,1.0,6.12,2.17,Apartment,1605000.0,4,1872000.0,16.64
785.0,2.0,2.0,34.0,4.2,21.7,5.9,6.6,4.3,24.3,1.0,5.83,3.07,Apartment,1311000.0,5,1586000.0,20.98
1091.0,1.0,2.0,6.0,10.0,10.2,2.2,5.5,3.4,26.1,1.0,5.38,7.19,Apartment,5295000.0,4,6560000.0,23.89
919.0,2.0,2.0,18.0,2.5,15.8,4.7,1.9,1.8,43.2,1.0,5.43,3.32,Apartment,1293000.0,1,1330000.0,2.86
828.0,2.0,2.0,3.0,2.9,20.0,1.9,,5.9,50.7,0.0,6.8,4.92,Apartment,1445000.0,4,1688000.0,16.82
2831.0,,4.0,32.0,7.0,6.8,5.8,5.0,2.4,25.0,2.0,7.15,6.45,Villa,12027000.0,1,12580000.0,4.6
1415.0,2.0,2.0,10.0,5.1,14.4,3.0,5.9,1.7,20.2,1.0,5.44,2.91,Apartment,4671000.0,3,5473000.0,17.17
1463.0,3.0,3.0,21.0,2.5,22.8,1.2,4.0,,30.6,0.0,4.67,1.9,Apartment,2637000.0,4,2864000.0,8.61
1153.0,3.0,3.0,6.0,4.5,13.3,3.3,5.3,4.0,37.3,1.0,4.58,2.81,,3330000.0,5,3875000.0,16.37
3101.0,6.0,6.0,7.0,6.7,12.9,5.3,5.1,1.6,43.2,4.0,6.82,3.08,Villa,14844000.0,1,15636000.0,5.34
1557.0,3.0,3.0,,6.6,13.8,1.5,4.5,2.4,15.5,2.0,6.16,3.19,Independent House,7536000.0,4,9127000.0,21.11
1157.0,3.0,2.0,3.0,3.8,15.6,4.0,1.0,3.4,32.8,2.0,4.98,3.0,Apartment,2616000.0,1,2730000.0,4.36
1749.0,2.0,,3.0,5.2,9.8,2.0,3.6,2.8,37.7,2.0,7.29,4.46,Apartment,5061000.0,5,6575000.0,29.92
687.0,2.0,2.0,5.0,6.4,15.6,11.0,6.6,0.9,26.0,1.0,3.22,0.33,Apartment,2214000.0,5,2373000.0,7.18
1564.0,2.0,3.0,18.0,7.0,8.3,2.6,7.5,2.2,21.0,1.0,7.8,4.54,Apartment,6157000.0,3,7505000.0,21.89
1399.0,2.0,3.0,7.0,7.0,6.2,2.8,4.0,0.5,6.0,1.0,5.15,4.21,Apartment,29603000.0,2,32866000.0,11.02
818.0,1.0,2.0,10.0,5.1,14.1,1.6,4.4,8.5,47.2,0.0,6.49,6.43,Apartment,1917000.0,1,2034000.0,6.1
1077.0,2.0,1.0,14.0,9.3,3.7,0.3,5.1,1.3,18.3,1.0,7.57,5.82,Apartment,5813000.0,4,7913000.0,36.13
1067.0,1.0,1.0,11.0,5.4,12.8,,4.3,6.2,14.6,2.0,7.07,3.34,Apartment,2880000.0,1,3023000.0,4.97
2910.0,5.0,5.0,46.0,9.2,1.0,0.1,,1.5,40.0,3.0,7.71,3.7,Independent House,17253000.0,5,23364000.0,35.42
2184.0,3.0,3.0,15.0,4.8,14.7,4.4,5.5,8.4,4.5,1.0,6.35,4.33,Independent House,6495000.0,2,7171000.0,10.41
1098.0,2.0,,12.0,7.8,10.4,1.5,8.4,1.7,31.7,0.0,9.37,5.45,Apartment,5408000.0,3,6840000.0,26.48
1610.0,3.0,3.0,14.0,5.6,17.2,7.2,5.3,3.3,28.4,3.0,5.54,3.53,INDEPENDENT HOUSE,4669000.0,4,5574000.0,19.38
2468.0,5.0,4.0,15.0,9.6,10.5,2.4,,,41.3,2.0,5.98,7.83,Independent House,16316000.0,1,17245000.0,5.69
928.0,1.0,1.0,3.0,7.2,11.0,0.7,6.8,4.0,24.5,2.0,8.73,5.88,Independent House,4836000.0,3,6152000.0,27.21
1109.0,2.0,2.0,,5.5,13.9,2.2,7.0,2.8,29.5,2.0,6.1,3.88,Apartment,3385000.0,2,3793000.0,12.05
1142.0,3.0,3.0,12.0,4.5,19.7,3.3,6.5,5.9,33.7,1.0,5.24,2.53,Apartment,2632000.0,3,2962000.0,12.54
1460.0,3.0,3.0,9.0,8.6,20.3,7.2,9.2,0.8,37.8,0.0,5.55,3.0,Apartment,5531000.0,2,6215000.0,12.37
871.0,1.0,1.0,,10.0,0.5,2.6,5.4,0.6,,0.0,7.69,8.23,Apartment,5292000.0,5,7794000.0,47.28
929.0,2.0,2.0,3.0,8.3,9.9,1.6,5.7,1.5,41.1,0.0,7.43,6.27,Apartment,4268000.0,2,4943000.0,15.82
998.0,1.0,1.0,12.0,6.4,11.1,0.5,6.5,2.2,28.5,,6.75,2.99,Apartment,3625000.0,2,4001000.0,10.37
1054.0,2.0,2.0,14.0,4.7,10.8,3.4,6.3,1.7,46.1,2.0,4.18,,apartment,2855000.0,3,3214000.0,12.57
1790.0,3.0,3.0,3.0,6.0,8.6,0.7,8.1,2.8,48.0,2.0,7.09,7.84,Independent House,8615000.0,2,9804000.0,13.8
1406.0,2.0,3.0,20.0,7.0,13.7,1.8,3.1,1.5,20.8,2.0,5.1,4.2,Independent House,4411000.0,1,4588000.0,4.01
1731.0,2.0,2.0,3.0,5.4,8.2,4.7,5.6,4.6,19.1,0.0,7.46,3.85,Apartment,5627000.0,1,5927000.0,5.33
1460.0,3.0,,2.0,3.0,21.0,8.1,2.1,5.4,40.6,3.0,4.77,2.24,Independent House,2776000.0,1,2847000.0,2.56
1434.0,2.0,2.0,8.0,4.1,10.4,10.8,4.9,1.2,20.4,1.0,6.41,3.97,Apartment,3230000.0,4,3915000.0,21.21
981.0,2.0,2.0,12.0,9.2,7.6,1.0,4.7,1.5,29.7,0.0,6.69,5.98,Apartment,4477000.0,2,5178000.0,15.66
980.0,1.0,1.0,5.0,4.2,15.7,7.0,,8.0,27.8,2.0,8.59,3.06,Apartment,2153000.0,5,2863000.0,32.98
1077.0,2.0,2.0,20.0,5.3,10.6,4.5,5.7,1.5,17.8,2.0,4.88,1.26,Apartment,3124000.0,1,3221000.0,3.1
997.0,1.0,1.0,7.0,1.8,19.5,1.9,3.6,4.7,29.6,1.0,6.35,0.05,Apartment,1933000.0,2,2054000.0,6.26
929.0,2.0,2.0,20.0,8.5,9.6,2.4,5.6,4.2,37.1,0.0,4.76,3.29,Apartment,3036000.0,1,3201000.0,5.43
1851.0,5.0,4.0,6.0,6.8,17.0,8.8,6.2,4.2,21.8,2.0,6.34,4.18,Independent House,7547000.0,1,7944000.0,5.26
2305.0,4.0,,19.0,8.1,12.0,2.4,6.1,2.6,33.8,3.0,5.66,3.91,Independent House,9536000.0,2,10431000.0,9.39
3052.0,6.0,5.0,4.0,3.8,15.7,8.0,4.5,4.5,48.1,3.0,7.99,2.68,Villa,8461000.0,4,10148000.0,19.94
1361.0,2.0,2.0,6.0,4.3,14.8,11.3,5.8,6.0,38.2,1.0,4.49,1.68,independent house,2698000.0,5,2942000.0,9.04
1228.0,2.0,2.0,16.0,7.0,8.0,0.2,9.4,0.9,19.2,2.0,5.16,6.1,Apartment,6893000.0,4,8619000.0,25.04
929.0,1.0,1.0,8.0,6.6,14.1,2.7,4.6,1.3,24.2,2.0,7.49,4.06,Apartment,3664000.0,2,4093000.0,11.71
1527.0,,3.0,6.0,8.4,8.0,1.5,6.1,3.3,14.1,0.0,7.76,6.69,Apartment,9973000.0,4,13424000.0,34.6
1435.0,4.0,4.0,,6.2,14.3,2.1,6.7,4.6,33.0,2.0,3.4,2.0,Apartment,4446000.0,4,5072000.0,14.08
1700.0,3.0,2.0,3.0,8.8,10.0,2.5,6.8,4.3,37.0,2.0,4.57,4.21,Independent House,10643000.0,2,11796000.0,10.83
807.0,2.0,2.0,4.0,5.6,13.3,2.5,4.9,1.3,38.9,1.0,6.89,3.72,Apartment,2268000.0,4,2773000.0,22.27
788.0,2.0,3.0,9.0,6.5,8.9,3.2,6.0,3.5,28.7,1.0,9.48,7.68,apartment,2811000.0,5,4117000.0,46.46
1390.0,3.0,3.0,33.0,1.6,20.1,7.6,3.3,1.3,67.0,3.0,7.04,3.59,Independent House,1885000.0,3,1956000.0,3.77
1987.0,4.0,4.0,14.0,8.0,6.2,3.0,6.5,4.3,18.0,1.0,5.23,7.38,Independent House,10875000.0,3,13121000.0,20.65
3687.0,6.0,5.0,,3.5,7.7,2.3,3.4,1.9,38.1,2.0,6.86,3.14,Villa,13040000.0,2,13834000.0,6.09
1254.0,3.0,3.0,7.0,6.9,10.9,6.2,5.6,1.3,29.4,1.0,7.77,6.06,Apartment,5515000.0,3,6490000.0,17.68
5004.0,6.0,6.0,30.0,5.4,15.6,15.9,3.6,1.9,21.4,2.0,6.75,1.5,Villa,14115000.0,1,14469000.0,2.51
1794.0,4.0,3.0,17.0,5.3,11.1,9.9,4.0,3.5,32.8,3.0,6.16,2.69,Independent House,4077000.0,1,4250000.0,4.24
1871.0,5.0,4.0,4.0,2.2,25.8,10.4,9.8,3.1,52.4,2.0,,1.87,Apartment,3062000.0,5,3430000.0,12.02
656.0,1.0,,3.0,7.1,3.9,7.9,4.4,0.5,37.1,1.0,8.36,5.85,Apt,2168000.0,5,2931000.0,35.19
3194.0,6.0,5.0,21.0,4.9,22.3,3.8,5.3,,30.2,4.0,5.68,4.38,Villa,10941000.0,4,12725000.0,16.31
1089.0,3.0,3.0,21.0,8.4,3.7,1.2,3.7,1.9,22.0,0.0,5.16,1.13,Apartment,4178000.0,2,4581000.0,9.65
1984.0,3.0,4.0,5.0,,10.4,1.6,4.3,2.2,,2.0,4.02,2.01,Independent House,6422000.0,5,7595000.0,18.27
1004.0,1.0,1.0,,10.0,9.7,1.1,5.3,2.2,,0.0,5.91,6.69,Apartment,5051000.0,4,6585000.0,30.37
1322.0,2.0,,23.0,8.0,2.5,1.0,5.0,0.9,21.6,2.0,,0.6,Independent House,6273000.0,4,7107000.0,13.3
2013.0,5.0,4.0,13.0,7.0,11.8,2.2,6.3,4.0,33.6,3.0,6.71,6.56,Independent House,9295000.0,2,10530000.0,13.29
4339.0,6.0,4.0,8.0,8.9,14.6,5.6,7.4,1.5,24.5,3.0,7.59,4.79,Villa,29524000.0,3,34904000.0,18.22
2024.0,3.0,3.0,12.0,7.3,20.7,1.5,7.2,4.5,21.8,4.0,8.66,8.42,Villa,12454000.0,3,15321000.0,23.02
1426.0,2.0,2.0,,6.5,19.6,1.1,4.8,6.3,40.2,1.0,3.94,4.08,Apartment,3122000.0,1,3214000.0,2.95
1605.0,3.0,3.0,2.0,3.9,14.7,7.3,4.3,2.1,37.6,2.0,4.42,1.23,Apartment,3296000.0,3,3543000.0,7.49
1040.0,2.0,2.0,35.0,10.0,3.8,0.6,6.0,2.5,17.7,1.0,9.19,7.45,Apartment,4898000.0,3,6283000.0,28.28
1626.0,3.0,3.0,12.0,7.4,5.9,,7.4,1.8,7.6,3.0,3.18,-0.11,Independent House,9711000.0,5,11244000.0,15.79
1101.0,2.0,2.0,10.0,4.3,22.4,2.0,5.3,2.9,39.2,2.0,5.56,5.66,Apartment,2487000.0,2,2724000.0,9.53
907.0,2.0,2.0,10.0,10.0,5.8,0.7,7.2,3.2,24.5,1.0,9.09,6.29,Apartment,6472000.0,4,9402000.0,45.27
2126.0,3.0,3.0,11.0,4.0,14.0,5.5,,5.0,33.6,2.0,4.57,0.88,Independent House,5263000.0,5,5743000.0,9.12
1265.0,2.0,2.0,7.0,7.0,12.5,2.2,5.5,1.4,25.5,1.0,5.94,4.62,Apartment,5272000.0,2,5798000.0,9.98
885.0,2.0,3.0,9.0,8.6,1.3,0.7,7.0,0.7,39.1,0.0,8.33,5.19,Apartment,6092000.0,3,7632000.0,25.28
4461.0,6.0,4.0,21.0,6.9,9.2,2.7,7.6,1.0,22.2,3.0,9.08,4.94,Villa,27740000.0,3,33807000.0,21.87
3408.0,6.0,5.0,10.0,10.0,8.9,2.4,5.2,,14.8,2.0,7.58,5.77,Villa,29491000.0,1,31473000.0,6.72
4263.0,6.0,5.0,-18.0,8.8,12.1,2.3,6.1,3.9,28.1,3.0,7.44,5.65,Villa,26390000.0,5,36213000.0,37.22
754.0,1.0,1.0,8.0,6.4,10.0,2.3,4.8,4.3,28.3,2.0,5.39,3.02,Apartment,2471000.0,1,2610000.0,5.63
1383.0,2.0,2.0,19.0,9.8,6.7,4.2,4.6,2.7,12.1,2.0,7.42,4.73,Apt,6427000.0,3,7492000.0,16.57
886.0,1.0,2.0,2.0,5.9,15.4,5.5,7.0,5.5,29.5,1.0,5.82,2.42,Apartment,2608000.0,3,2944000.0,12.88
896.0,2.0,2.0,28.0,3.4,10.3,5.1,4.6,1.0,43.8,1.0,5.31,4.48,Apartment,1904000.0,1,1969000.0,3.41
2258.0,4.0,3.0,10.0,7.0,9.6,9.7,7.7,2.5,38.4,3.0,7.07,5.74,Independent House,7800000.0,1,8183000.0,4.91
2539.0,4.0,3.0,13.0,6.5,7.5,3.1,7.1,2.4,26.3,2.0,5.43,4.37,Villa,13055000.0,5,17084000.0,30.86
3001.0,6.0,5.0,9.0,4.6,,0.8,4.7,7.5,28.7,3.0,4.57,2.2,Villa,10267000.0,3,11273000.0,9.8
1337.0,3.0,2.0,8.0,6.6,6.1,4.5,7.1,0.5,27.2,1.0,6.55,4.45,Independent House,5737000.0,1,6146000.0,7.13
1166.0,3.0,2.0,16.0,5.6,15.2,7.9,5.9,6.1,31.7,2.0,5.36,3.29,Apartment,2657000.0,4,2962000.0,11.48
1360.0,2.0,2.0,10.0,8.7,6.1,1.3,4.4,0.8,20.2,2.0,7.57,4.37,Apartment,6908000.0,4,9097000.0,31.69
2016.0,3.0,3.0,2.0,7.6,12.0,1.9,6.8,1.4,33.2,0.0,5.24,5.64,Apartment,9530000.0,4,11695000.0,22.72
1230.0,1.0,1.0,15.0,9.2,0.5,1.4,8.9,1.6,24.1,2.0,3.73,1.84,Apartment,8743000.0,4,10077000.0,15.26
1240.0,3.0,3.0,11.0,7.0,12.3,0.1,6.8,3.4,32.9,1.0,8.65,8.48,Independent House,5793000.0,4,8101000.0,39.84
1470.0,1.0,2.0,6.0,4.7,19.8,2.4,2.5,4.1,33.6,1.0,4.69,2.83,Apartment,2840000.0,5,3313000.0,16.65
1014.0,2.0,2.0,20.0,4.6,10.2,,6.5,,38.5,0.0,5.25,0.75,Apartment,2190000.0,2,2302000.0,5.11
1823.0,3.0,3.0,1.0,5.5,3.8,0.8,3.7,0.8,21.0,3.0,4.42,2.15,Villa,8715000.0,1,9057000.0,3.92
1319.0,2.0,1.0,12.0,9.7,8.2,1.8,7.4,0.4,29.7,0.0,7.23,9.5,Apartment,7763000.0,3,9524000.0,22.68
2138.0,3.0,2.0,13.0,4.6,9.8,1.8,6.0,1.8,16.5,3.0,4.64,4.51,Independent House,7948000.0,4,9399000.0,18.26
1128.0,2.0,2.0,25.0,8.5,0.5,2.1,6.8,0.9,2.0,1.0,4.97,5.22,Apartment,5990000.0,2,6718000.0,12.15
1629.0,3.0,4.0,27.0,8.8,10.0,1.2,5.9,,27.3,1.0,7.17,6.39,Apartment,6549000.0,4,8293000.0,26.63
2317.0,4.0,3.0,12.0,7.7,10.3,6.9,6.6,1.0,27.0,3.0,6.98,4.32,Villa,12450000.0,4,15278000.0,22.71
1970.0,,3.0,23.0,6.5,10.7,2.0,6.1,4.0,30.2,1.0,7.32,4.03,Independent House,7555000.0,2,8480000.0,12.24
1514.0,2.0,2.0,25.0,8.7,12.9,1.2,8.6,2.6,19.7,2.0,7.43,6.54,Apt,8086000.0,1,8691000.0,7.48
1342.0,2.0,2.0,14.0,9.3,0.5,2.1,6.6,0.4,20.7,1.0,8.02,4.75,Apartment,8118000.0,2,9290000.0,14.44
3054.0,6.0,4.0,14.0,5.0,11.3,1.9,6.7,1.1,29.3,4.0,6.69,1.4,Villa ,16864000.0,1,17827000.0,5.71
2304.0,4.0,2.0,30.0,,17.0,6.6,4.2,2.3,38.3,3.0,4.66,4.34,Independent House,4398000.0,3,4737000.0,7.71
1415.0,2.0,3.0,20.0,4.4,11.3,3.8,8.5,4.9,27.0,2.0,3.59,1.36,Independent House,3749000.0,4,3978000.0,6.11
1634.0,4.0,3.0,19.0,3.9,15.6,11.5,5.6,2.2,45.8,0.0,6.24,3.69,Apartment,2784000.0,5,3283000.0,17.92
2157.0,5.0,4.0,6.0,5.0,18.1,4.2,3.7,6.5,41.1,3.0,4.71,4.71,Villa,7732000.0,2,8411000.0,8.78
1553.0,3.0,3.0,15.0,5.7,11.5,4.8,6.1,3.1,17.0,2.0,5.28,2.81,Independent House,5260000.0,4,5964000.0,13.38
822.0,1.0,1.0,13.0,4.3,11.6,2.9,5.3,1.5,31.4,0.0,6.44,0.79,Apartment,1986000.0,5,2430000.0,22.36
1228.0,3.0,2.0,4.0,4.7,11.6,1.4,2.0,4.1,33.0,2.0,1.6,3.15,Apartment,3021000.0,5,3356000.0,11.09
2917.0,5.0,4.0,28.0,4.8,15.7,2.6,4.2,3.5,22.5,3.0,4.91,7.16,Independent House,8446000.0,4,10349000.0,22.53
1039.0,2.0,1.0,32.0,5.0,8.0,1.3,6.9,4.7,19.8,2.0,5.48,,Apartment,2816000.0,5,3648000.0,29.55
1686.0,3.0,2.0,1.0,8.3,12.4,5.3,4.5,2.2,14.8,1.0,5.01,5.66,Independent House,8095000.0,3,9496000.0,17.31
863.0,1.0,1.0,14.0,5.5,16.0,4.9,3.8,2.7,38.2,1.0,5.36,1.1,Apartment,1944000.0,4,2164000.0,11.32
1494.0,3.0,3.0,,5.5,19.2,2.1,4.9,4.6,28.9,0.0,7.65,6.6,Apartment,4630000.0,4,5666000.0,22.38
1162.0,3.0,3.0,9.0,6.0,14.2,1.9,5.5,1.9,27.1,0.0,7.02,7.56,Apartment,4246000.0,3,5105000.0,20.23
922.0,3.0,4.0,5.0,5.9,7.8,8.5,7.9,4.1,27.3,1.0,4.15,4.41,Apartment,3385000.0,3,3806000.0,12.44
3078.0,6.0,5.0,9.0,6.3,7.4,3.4,6.5,3.4,16.4,2.0,6.61,5.75,Villa,19380000.0,2,22047000.0,13.76
1726.0,3.0,3.0,16.0,7.1,5.1,2.1,,2.1,26.6,3.0,6.53,2.23,Independent House,8627000.0,1,9139000.0,5.93
3256.0,6.0,4.0,11.0,4.7,19.8,6.9,5.7,6.2,,2.0,4.69,2.95,Villa,9940000.0,5,11430000.0,14.99
1759.0,2.0,2.0,11.0,5.9,17.1,1.1,7.3,5.4,29.8,3.0,5.27,5.64,Independent House,5936000.0,2,6442000.0,8.52
2144.0,4.0,3.0,7.0,5.0,10.6,2.7,4.7,1.6,33.0,2.0,7.08,4.01,Independent House,6899000.0,2,7649000.0,10.87
1200.0,2.0,2.0,38.0,3.2,16.6,4.5,5.2,4.9,44.7,1.0,7.14,7.17,Independent House,2309000.0,4,2709000.0,17.32
882.0,2.0,2.0,16.0,5.4,8.6,3.2,3.5,2.8,35.1,0.0,7.91,5.44,Apartment,2256000.0,3,2654000.0,17.64
443.0,1.0,1.0,14.0,6.8,9.4,0.8,5.3,7.0,31.4,2.0,7.6,2.55,Apartment,1663000.0,3,1931000.0,16.12
851.0,1.0,1.0,3.0,6.8,8.9,5.7,7.0,1.9,28.5,1.0,5.36,5.04,Apartment,3131000.0,2,3473000.0,10.92
1046.0,3.0,2.0,4.0,4.1,14.3,3.4,3.3,2.0,41.7,0.0,6.17,3.92,Apartment,2722000.0,1,2845000.0,4.52
870.0,3.0,3.0,7.0,4.8,14.9,6.9,5.7,6.6,53.0,0.0,5.43,4.0,Apartment,2014000.0,4,2218000.0,10.13
773.0,2.0,2.0,32.0,4.7,11.6,0.2,5.5,2.2,49.4,0.0,7.21,5.0,apartment,1655000.0,4,1963000.0,18.61
971.0,1.0,1.0,8.0,7.4,14.8,3.8,6.0,4.3,15.5,0.0,7.56,3.9,Apartment,3501000.0,3,4128000.0,17.91
1550.0,3.0,2.0,3.0,3.0,14.9,2.2,6.7,6.0,43.2,3.0,3.7,3.55,House,3986000.0,1,4138000.0,3.81
1011.0,2.0,2.0,24.0,4.9,15.3,3.6,7.8,1.7,29.9,0.0,3.98,2.34,APARTMENT,2922000.0,4,3118000.0,6.71
1137.0,1.0,1.0,23.0,8.2,3.9,1.0,8.9,1.2,11.1,2.0,6.24,5.12,Apartment,6438000.0,4,8193000.0,27.26
2184.0,4.0,4.0,7.0,3.6,13.4,2.1,6.8,4.3,43.3,0.0,4.87,1.4,Apartment,4817000.0,5,5853000.0,21.51
1716.0,1.0,1.0,7.0,5.1,14.2,3.6,6.5,2.9,36.5,0.0,6.55,1.74,Apartment,4891000.0,1,5097000.0,4.21
1527.0,2.0,,34.0,9.4,3.2,2.2,3.6,1.8,18.3,2.0,5.31,4.17,Apartment,5677000.0,1,5967000.0,5.11
1748.0,4.0,3.0,13.0,,12.0,3.9,5.4,,13.6,1.0,4.07,5.75,independent house,7054000.0,4,8555000.0,21.28
1316.0,3.0,3.0,16.0,,6.5,0.8,5.1,1.7,33.4,2.0,7.69,8.8,Apartment,7798000.0,2,9055000.0,16.12
692.0,1.0,1.0,5.0,5.6,5.9,3.7,5.6,2.4,39.0,1.0,8.43,4.03,Apartment,2299000.0,3,2732000.0,18.83
971.0,2.0,2.0,14.0,7.5,0.5,0.9,6.7,0.7,29.8,1.0,5.52,3.14,Apartment,4269000.0,4,5212000.0,22.09
981.0,1.0,1.0,3.0,5.8,9.4,5.9,3.4,2.2,30.3,0.0,5.63,2.86,Apartment,2942000.0,4,3319000.0,12.81
1237.0,3.0,3.0,8.0,6.8,12.6,7.4,,1.4,13.7,1.0,5.04,4.88,Apartment,4350000.0,3,5028000.0,15.59
1259.0,3.0,3.0,5.0,6.0,20.4,6.6,6.4,4.4,15.4,,7.26,2.74,Apartment,4036000.0,2,4356000.0,7.93
480.0,1.0,1.0,12.0,6.6,8.1,1.3,6.1,5.1,19.7,1.0,5.54,6.8,Apartment,1748000.0,5,2236000.0,27.92
2044.0,4.0,4.0,21.0,4.9,9.2,6.7,5.8,3.1,43.3,3.0,5.61,4.22,Independent House,6041000.0,2,6513000.0,7.81
686.0,1.0,1.0,10.0,4.6,19.9,3.3,6.1,2.1,36.4,2.0,5.24,4.46,Apartment,1526000.0,4,1805000.0,18.28
1637.0,3.0,3.0,2.0,10.0,,1.5,10.0,0.6,7.2,1.0,4.22,3.55,Apartment,15821000.0,4,19420000.0,22.75
1619.0,3.0,2.0,2.0,7.0,9.8,3.3,3.6,2.1,21.4,3.0,5.61,5.43,Independent House,6664000.0,2,7456000.0,11.88
1097.0,1.0,1.0,16.0,7.3,5.4,0.5,5.5,1.6,17.0,1.0,5.58,6.42,Independent House,4811000.0,3,5779000.0,20.12
991.0,2.0,3.0,7.0,4.9,12.4,2.1,4.9,2.4,25.1,0.0,4.77,-0.3,Apartment,2987000.0,5,3329000.0,11.45
1876.0,4.0,3.0,13.0,5.8,8.9,,5.2,1.7,20.5,1.0,7.04,2.38,Independent House,7508000.0,1,7842000.0,4.45
3249.0,6.0,5.0,5.0,5.9,9.7,1.9,6.2,2.0,35.2,1.0,5.62,5.76,Independent House,14836000.0,3,17560000.0,18.36
1173.0,3.0,3.0,4.0,6.6,6.6,4.1,6.9,2.6,36.2,1.0,6.35,5.3,Apartment,4909000.0,3,5833000.0,18.82
1070.0,2.0,2.0,11.0,9.1,0.5,0.3,7.0,1.1,24.5,0.0,5.84,6.82,Apartment,5924000.0,4,7678000.0,29.61
2723.0,4.0,3.0,17.0,5.8,7.2,0.7,4.4,1.2,33.4,3.0,6.21,3.22,Independent House,9668000.0,5,12043000.0,24.57
1356.0,4.0,3.0,13.0,3.9,14.3,2.2,5.7,3.9,41.1,1.0,5.91,4.83,Independent House,3243000.0,2,3547000.0,9.37
1425.0,3.0,4.0,33.0,5.2,16.2,6.3,,3.5,24.4,1.0,5.27,3.07,Independent House,3781000.0,3,4045000.0,6.98
723.0,1.0,1.0,10.0,6.5,19.6,7.9,5.1,4.7,33.1,0.0,2.57,-0.19,Apartment,1355000.0,3,1413000.0,4.28
1576.0,3.0,3.0,,6.5,8.3,2.9,5.7,2.5,24.0,1.0,7.78,7.8,Independent House,7918000.0,5,11336000.0,43.17
1490.0,2.0,2.0,14.0,6.0,8.3,1.1,9.0,3.2,15.2,0.0,3.42,2.5,Apartment,5934000.0,1,6229000.0,4.97
1041.0,3.0,3.0,13.0,4.4,18.3,1.6,4.2,3.1,21.1,1.0,5.89,5.8,Apartment,2702000.0,3,3129000.0,15.8
1283.0,2.0,2.0,4.0,7.2,16.4,3.5,4.3,5.3,30.0,2.0,5.86,5.24,Apartment,4276000.0,1,4509000.0,5.45
1630.0,4.0,4.0,12.0,9.2,8.7,3.1,8.8,3.8,15.7,1.0,7.62,3.09,Apartment,10761000.0,3,13384000.0,24.38
1221.0,3.0,3.0,4.0,6.0,,1.5,2.3,0.6,13.0,1.0,5.09,4.92,Independent House,5371000.0,3,6238000.0,16.14
1042.0,2.0,2.0,4.0,4.1,9.7,1.1,7.6,0.8,51.5,1.0,6.96,,Independent House,3348000.0,2,3709000.0,10.78
1119.0,3.0,3.0,12.0,5.5,12.4,3.3,8.2,1.4,34.9,1.0,6.75,3.17,Independent House,3484000.0,1,3685000.0,5.77
889.0,1.0,2.0,17.0,7.4,1.8,0.8,4.9,0.8,31.1,2.0,6.76,4.35,Apartment,3603000.0,3,4304000.0,19.46
2729.0,6.0,5.0,3.0,6.3,10.8,2.5,5.7,1.3,44.9,1.0,6.44,0.45,Apartment,11131000.0,3,12383000.0,11.25
1456.0,2.0,1.0,10.0,6.3,2.9,0.8,5.1,0.5,26.2,0.0,5.76,2.11,APARTMENT,5333000.0,2,5934000.0,11.27
3369.0,6.0,5.0,9.0,6.4,12.5,5.9,6.8,2.6,20.9,2.0,3.92,5.07,Villa,15884000.0,3,17933000.0,12.9
1606.0,2.0,3.0,8.0,2.6,23.0,6.1,6.0,3.2,41.3,3.0,5.96,1.06,Independent House,2974000.0,5,3379000.0,13.62
1137.0,2.0,2.0,17.0,9.8,5.1,0.5,7.1,1.6,18.6,2.0,7.17,7.23,Apartment,7237000.0,4,9819000.0,35.68
1383.0,3.0,3.0,8.0,8.6,5.9,0.4,6.0,2.6,56.9,1.0,6.81,7.6,Apartment,6762000.0,5,10023000.0,48.23
1288.0,2.0,3.0,19.0,5.3,8.3,8.0,8.3,3.6,22.3,1.0,5.25,5.16,,4432000.0,3,4881000.0,10.13
1052.0,3.0,3.0,18.0,4.4,7.5,1.8,4.1,1.9,35.3,2.0,,4.72,Apartment,2747000.0,2,3009000.0,9.54
2296.0,5.0,4.0,10.0,10.0,0.5,0.6,5.9,0.7,22.4,2.0,7.07,5.95,Independent House,18835000.0,5,27286000.0,44.87
1099.0,2.0,2.0,6.0,7.4,10.5,5.6,6.8,1.8,24.9,2.0,4.44,7.22,Apartment,4828000.0,4,5783000.0,19.78
890.0,3.0,3.0,28.0,8.4,2.9,0.1,5.0,1.5,24.2,2.0,7.07,7.64,Apartment,3782000.0,3,4783000.0,26.47
983.0,1.0,1.0,21.0,3.1,20.7,1.3,5.0,3.9,47.6,0.0,5.23,3.47,Apartment,1529000.0,3,1698000.0,11.05
2967.0,4.0,3.0,5.0,6.1,12.9,4.0,5.1,3.5,30.7,4.0,6.16,4.73,Villa,12799000.0,4,15127000.0,18.19
2277.0,4.0,4.0,4.0,2.5,16.7,6.8,3.7,4.1,40.7,4.0,6.51,1.27,Villa,5427000.0,2,5777000.0,6.45
868.0,2.0,2.0,9.0,7.6,19.5,6.0,6.5,4.9,34.6,,3.78,2.12,Apartment,2649000.0,1,2710000.0,2.3
1055.0,2.0,2.0,17.0,4.7,6.5,7.2,4.9,4.1,28.2,1.0,4.39,4.93,Independent House,2595000.0,1,2675000.0,3.08
2618.0,6.0,5.0,5.0,8.0,5.1,1.4,5.6,0.6,17.6,3.0,6.61,4.99,Villa,20607000.0,2,24004000.0,16.48
1250.0,2.0,2.0,15.0,6.0,15.8,,5.2,7.6,35.7,3.0,7.23,4.91,Independent House,3578000.0,4,4347000.0,21.49
2260.0,4.0,4.0,15.0,5.6,9.3,7.6,2.8,1.0,37.9,2.0,4.97,7.39,Independent House,5288000.0,2,5724000.0,8.25
1208.0,3.0,3.0,,6.6,6.1,3.0,,0.5,29.4,0.0,5.33,4.01,Apartment,3385000.0,1,3529000.0,4.25
1256.0,1.0,1.0,20.0,5.5,23.4,6.5,4.5,7.6,29.4,1.0,4.36,3.45,Apartment,2352000.0,1,2395000.0,1.83
2654.0,4.0,4.0,15.0,4.1,15.9,8.6,3.9,4.0,42.8,4.0,6.1,4.95,Villa,7258000.0,1,7564000.0,4.22
1661.0,2.0,2.0,36.0,3.1,15.2,3.7,4.0,1.0,25.7,3.0,5.85,3.2,Independent House,3028000.0,5,3546000.0,17.11
1758.0,2.0,1.0,6.0,3.9,16.8,0.9,5.2,2.9,24.8,1.0,5.41,3.95,Independent House,4977000.0,1,5243000.0,5.34
902.0,3.0,3.0,14.0,5.9,21.5,6.0,6.3,2.0,30.8,1.0,7.47,4.05,Apartment,2405000.0,3,2835000.0,17.88
1965.0,4.0,4.0,20.0,6.7,14.4,2.8,6.6,3.2,42.5,,4.87,3.97,,7405000.0,4,8565000.0,15.67
1664.0,2.0,3.0,1.0,5.1,14.3,4.9,5.8,1.0,25.9,0.0,4.49,3.48,Apartment,5365000.0,4,6136000.0,14.37
1846.0,4.0,3.0,7.0,7.1,20.6,3.9,6.6,3.9,25.9,2.0,7.37,4.32,Apartment,7485000.0,2,8609000.0,15.02
1227.0,2.0,2.0,6.0,2.2,20.1,4.6,3.0,3.8,45.1,1.0,7.17,3.73,Apartment,2118000.0,2,2300000.0,8.59
1299.0,3.0,3.0,14.0,6.8,8.9,2.4,7.2,0.8,28.8,2.0,1.25,3.88,Apartment,5214000.0,5,5926000.0,13.66
1824.0,3.0,2.0,10.0,7.5,12.8,,,5.0,30.9,0.0,5.01,3.22,Apartment,6912000.0,5,8441000.0,22.12
1840.0,4.0,3.0,18.0,8.6,5.9,1.8,4.8,1.4,13.2,2.0,5.41,4.04,Apartment,7879000.0,5,10914000.0,38.52
1669.0,4.0,4.0,2.0,5.5,11.8,5.3,3.4,1.9,25.5,2.0,5.75,3.21,Independent House,5936000.0,5,7624000.0,28.44
2559.0,5.0,3.0,13.0,6.8,17.0,8.5,5.4,1.7,22.1,1.0,4.41,0.13,Independent House,8165000.0,2,8514000.0,4.27
3853.0,6.0,5.0,31.0,8.3,7.5,3.6,6.6,0.8,36.0,3.0,4.17,4.13,Villa,19397000.0,4,23161000.0,19.41
784.0,1.0,2.0,18.0,4.1,7.7,1.7,6.9,0.7,28.7,2.0,6.15,5.17,Apartment,2128000.0,2,2349000.0,10.39
1625.0,2.0,2.0,18.0,7.8,4.8,1.6,4.3,1.2,,0.0,4.41,3.14,Apartment,4702000.0,4,5438000.0,15.65
720.0,2.0,1.0,14.0,4.9,12.2,13.5,5.6,4.9,26.8,2.0,3.89,0.4,Apartment,1497000.0,2,1541000.0,2.94
686.0,1.0,2.0,4.0,10.0,6.5,1.5,6.2,2.6,2.0,1.0,,5.18,Apartment,4346000.0,4,6230000.0,43.35
1779.0,3.0,2.0,14.0,7.5,10.8,3.5,3.2,0.8,22.3,3.0,7.34,8.65,Independent House,6863000.0,2,7849000.0,14.37
1395.0,3.0,3.0,5.0,6.4,6.2,2.7,5.6,,16.3,1.0,8.12,5.89,Apartment,6842000.0,4,8879000.0,29.77
908.0,2.0,2.0,2.0,6.8,9.8,1.8,5.7,3.0,,2.0,5.26,2.39,Apartment,4363000.0,4,5169000.0,18.47
733.0,2.0,2.0,3.0,8.8,11.0,5.4,8.1,4.8,28.9,1.0,5.72,1.95,Apartment,3930000.0,2,4465000.0,13.61
1108.0,2.0,2.0,4.0,7.0,2.9,1.3,3.4,3.8,32.5,1.0,5.87,3.2,Apartment,4513000.0,2,5125000.0,13.56
2744.0,5.0,4.0,18.0,4.2,16.1,6.0,5.8,2.1,32.2,1.0,5.67,4.37,Apartment,6334000.0,2,6862000.0,8.34
614.0,1.0,1.0,1.0,7.2,15.3,2.4,8.1,2.0,162.1,2.0,5.12,6.25,Apartment,2957000.0,3,3411000.0,15.35
1321.0,4.0,4.0,2.0,6.4,7.9,6.4,5.0,4.8,23.9,0.0,5.15,1.84,Apartment,4547000.0,4,5305000.0,16.67
3068.0,6.0,4.0,5.0,5.1,14.3,3.4,6.0,1.1,37.3,4.0,,6.74,Villa,11184000.0,5,15393000.0,37.63
1462.0,2.0,3.0,27.0,3.7,7.0,1.0,7.1,2.4,44.7,1.0,6.27,4.17,Independent House,3302000.0,3,3663000.0,10.93
3244.0,6.0,5.0,18.0,7.2,10.6,1.2,6.9,3.8,28.3,2.0,8.42,6.05,Villa,22193000.0,3,28066000.0,26.46
2192.0,5.0,5.0,1.0,8.6,4.2,3.8,5.7,1.7,16.1,2.0,5.1,3.77,Independent House,15021000.0,5,19730000.0,31.35
1783.0,4.0,4.0,9.0,6.9,8.1,1.9,6.1,3.0,20.9,1.0,6.23,4.41,Independent House,9396000.0,4,12254000.0,30.42
1726.0,3.0,2.0,25.0,4.5,21.1,3.4,3.9,1.0,9.5,2.0,5.91,5.36,Apartment,3967000.0,3,4595000.0,15.83
967.0,,1.0,8.0,5.0,11.1,10.7,3.7,3.9,23.8,1.0,7.3,-1.15,Apartment,2195000.0,2,2337000.0,6.47
1308.0,2.0,1.0,4.0,6.4,10.6,4.2,8.4,0.8,24.8,0.0,4.9,3.86,Apartment,5410000.0,3,6096000.0,12.68
1047.0,2.0,2.0,13.0,3.3,26.4,7.0,3.2,1.4,30.6,0.0,5.94,3.91,Apartment,1530000.0,3,1634000.0,6.8
1206.0,3.0,3.0,5.0,5.2,14.2,2.9,7.4,3.3,35.7,2.0,5.62,3.85,Apartment,4811000.0,5,5920000.0,23.05
1060.0,,2.0,12.0,5.8,13.7,12.0,4.5,2.7,33.4,2.0,6.89,8.01,Apartment,2521000.0,5,3199000.0,26.89
909.0,1.0,1.0,38.0,9.5,0.5,0.2,6.6,1.6,25.7,2.0,,5.47,Apartment,3901000.0,4,4768000.0,22.23
2540.0,4.0,3.0,1.0,5.0,8.3,1.1,2.5,1.3,34.9,3.0,5.68,2.58,Villa,10131000.0,3,11614000.0,14.64
1702.0,3.0,2.0,5.0,4.1,14.0,11.2,1.8,2.5,43.5,1.0,5.82,3.87,Independent House,2814000.0,4,3210000.0,14.07
1465.0,3.0,3.0,8.0,6.8,11.3,2.1,7.4,2.5,36.9,0.0,5.09,3.91,Apartment,4987000.0,3,5809000.0,16.48
4213.0,6.0,5.0,7.0,4.2,12.8,2.5,4.4,1.5,40.2,3.0,5.42,7.0,Villa,16208000.0,3,18537000.0,14.37
1703.0,4.0,4.0,14.0,6.1,23.3,0.1,5.5,6.7,20.9,2.0,5.26,1.21,Apartment,5184000.0,3,5609000.0,8.2
1672.0,4.0,4.0,11.0,6.4,11.0,6.5,5.5,1.6,26.8,3.0,5.54,,Independent House,5962000.0,5,7388000.0,23.92
1146.0,3.0,3.0,6.0,6.2,12.7,10.0,7.1,1.0,23.3,1.0,5.1,2.83,Apartment,3280000.0,2,3616000.0,10.24
705.0,1.0,1.0,6.0,1.3,17.2,3.3,,3.3,38.7,1.0,4.62,1.25,Apartment,1353000.0,2,1392000.0,2.88
4091.0,6.0,5.0,18.0,7.9,11.0,1.1,6.2,1.6,34.3,4.0,8.28,,Villa,27063000.0,5,36381000.0,34.43
696.0,3.0,3.0,,6.7,0.5,2.0,3.1,,22.2,2.0,7.57,4.52,Apartment,3139000.0,2,3516000.0,12.01
1855.0,3.0,3.0,14.0,8.7,5.1,1.8,,2.6,21.0,2.0,6.44,3.51,Independent House,10345000.0,3,12101000.0,16.97
1554.0,3.0,3.0,3.0,8.4,10.8,2.5,6.3,6.1,17.5,3.0,7.02,8.43,Independent House,10650000.0,4,13822000.0,29.78
4425.0,6.0,,20.0,7.9,13.9,1.3,6.7,6.5,18.6,2.0,7.24,,Villa,26869000.0,1,28677000.0,6.73
1001.0,3.0,3.0,41.0,4.7,15.0,1.8,7.2,4.5,35.6,1.0,4.03,0.05,Apartment,2227000.0,1,2274000.0,2.11
1396.0,2.0,3.0,5.0,7.5,0.5,0.4,6.9,0.9,31.3,2.0,7.08,3.49,Apartment,6512000.0,4,8378000.0,28.65
1769.0,3.0,3.0,16.0,6.8,9.3,1.0,6.5,5.9,8.0,1.0,6.38,3.33,Apartment,7396000.0,2,8271000.0,11.83
882.0,,1.0,9.0,4.3,8.3,2.5,5.7,0.8,40.0,0.0,5.9,-0.88,Apartment,2549000.0,2,2722000.0,6.79
1098.0,3.0,3.0,3.0,5.1,12.4,1.4,4.1,3.9,20.7,2.0,4.56,0.47,Apartment,4337000.0,4,5067000.0,16.83
1796.0,4.0,4.0,20.0,7.0,11.1,3.4,6.8,3.2,31.7,3.0,6.84,6.67,,7973000.0,2,8953000.0,12.29
771.0,1.0,3.0,11.0,8.7,10.3,3.0,3.9,1.4,30.3,0.0,7.76,,Apartment,2632000.0,5,3625000.0,37.73
739.0,1.0,2.0,5.0,6.6,15.6,3.2,6.5,1.4,29.9,0.0,3.51,3.96,Apartment,2280000.0,1,2373000.0,4.08
1116.0,3.0,3.0,7.0,9.2,8.4,3.4,4.1,4.1,12.5,2.0,6.26,5.92,Apartment,5633000.0,2,6448000.0,14.47
1016.0,2.0,2.0,15.0,6.5,14.6,5.6,4.5,3.3,16.4,0.0,3.11,3.32,Apartment,3133000.0,1,3194000.0,1.95
931.0,2.0,3.0,,10.0,0.5,1.4,7.3,1.0,28.0,2.0,8.43,10.71,Apartment,6626000.0,4,9359000.0,41.25
4053.0,6.0,6.0,23.0,4.6,9.3,3.3,3.1,4.2,,4.0,5.63,2.26,Villa,13378000.0,2,14397000.0,7.62
1715.0,3.0,3.0,31.0,1.0,18.6,3.5,3.9,1.8,30.8,1.0,6.04,3.14,Independent House,2608000.0,3,2861000.0,9.7
1426.0,3.0,3.0,10.0,6.9,1.4,1.7,5.5,1.5,25.9,2.0,4.91,4.52,Independent House,6113000.0,3,7023000.0,14.89
1483.0,2.0,3.0,20.0,5.2,20.8,4.1,4.8,,32.5,,3.92,4.14,Independent House,3560000.0,2,3775000.0,6.04
2320.0,4.0,3.0,25.0,5.8,3.7,2.3,1.6,2.1,38.2,1.0,6.24,5.74,Independent House,6482000.0,4,7885000.0,21.64
981.0,2.0,2.0,9.0,5.2,18.6,10.6,4.1,4.0,45.3,2.0,5.25,4.51,Apartment,1692000.0,4,1934000.0,14.3
1308.0,3.0,3.0,14.0,5.0,9.5,6.4,1.8,3.3,29.2,2.0,7.12,2.91,Apartment,3290000.0,3,3623000.0,10.12
1019.0,2.0,2.0,6.0,6.8,11.2,1.1,7.8,3.3,54.4,0.0,7.7,2.84,Apartment,3446000.0,5,4468000.0,29.66
1530.0,3.0,3.0,8.0,6.7,5.4,4.9,,0.9,36.9,2.0,7.47,7.15,Apartment,6299000.0,2,7297000.0,15.84
1694.0,3.0,3.0,11.0,6.8,9.4,0.3,4.6,1.8,4.8,1.0,7.12,5.26,Independent House,8812000.0,3,11168000.0,26.74
1519.0,4.0,3.0,4.0,6.7,15.6,1.3,4.6,6.5,30.0,,6.31,4.24,Independent House,5874000.0,4,7067000.0,20.31
1707.0,3.0,2.0,35.0,5.7,1.8,0.6,3.6,3.8,39.1,3.0,7.88,4.53,House,5459000.0,2,5944000.0,8.88
737.0,3.0,2.0,10.0,4.2,14.1,2.6,4.1,5.4,40.4,0.0,4.31,0.46,Apartment,1702000.0,2,1812000.0,6.46
1229.0,2.0,2.0,18.0,6.7,4.1,2.4,8.1,,32.9,1.0,6.2,4.1,apartment,4940000.0,3,5670000.0,14.78
1605.0,3.0,2.0,21.0,4.5,14.7,1.6,4.1,1.6,39.8,3.0,5.61,1.58,Independent House,3932000.0,2,4159000.0,5.77
4260.0,6.0,5.0,6.0,12.0,18.1,3.4,4.1,0.8,38.6,3.0,7.05,5.69,Independent House,13650000.0,5,16540000.0,21.17
813.0,2.0,2.0,17.0,4.7,19.1,8.7,5.6,6.4,50.8,2.0,5.76,2.43,Apartment,1524000.0,3,1691000.0,10.96
2252.0,4.0,3.0,34.0,4.4,2.9,1.9,4.0,1.6,39.0,2.0,5.68,-1.25,Independent House,5115000.0,1,5198000.0,1.62
2399.0,5.0,4.0,10.0,6.4,8.0,0.5,5.3,2.3,39.3,3.0,5.65,4.6,Independent House,9960000.0,2,10950000.0,9.94
1335.0,2.0,2.0,6.0,8.8,6.1,0.9,7.3,0.6,22.8,1.0,6.99,3.04,Independent House,8055000.0,1,8593000.0,6.68
1896.0,4.0,4.0,21.0,2.5,19.6,2.1,5.0,4.9,30.7,1.0,6.47,0.38,Independent House,3463000.0,5,4114000.0,18.8
1736.0,4.0,3.0,3.0,7.7,18.0,4.6,6.4,,7.7,3.0,8.81,5.21,Independent House,9187000.0,2,10609000.0,15.48
930.0,2.0,2.0,14.0,8.7,9.0,3.3,7.3,1.3,20.5,0.0,5.73,5.56,Apartment,4689000.0,4,5897000.0,25.76
3757.0,6.0,6.0,5.0,6.7,11.3,0.4,5.6,,42.2,1.0,6.76,3.54,Independent House,14746000.0,2,16139000.0,9.45
2899.0,6.0,5.0,12.0,8.1,5.4,2.7,5.5,0.9,27.9,2.0,6.7,4.59,Villa,22237000.0,2,25051000.0,12.65
,5.0,5.0,5.0,5.5,18.3,3.0,6.2,3.3,24.9,2.0,6.22,1.44,Independent House,8185000.0,2,9115000.0,11.36
1593.0,3.0,3.0,6.0,2.9,,3.4,4.1,2.3,,1.0,6.36,4.63,Independent House,4305000.0,2,4673000.0,8.55
,1.0,2.0,26.0,6.7,10.7,7.1,6.8,2.7,29.6,1.0,5.5,3.84,Apartment,2791000.0,5,3439000.0,23.22
1564.0,3.0,2.0,16.0,7.1,6.0,2.0,5.7,0.8,19.3,0.0,4.64,3.42,Apartment,6001000.0,2,6703000.0,11.7
1022.0,2.0,2.0,14.0,5.7,9.2,0.8,6.3,1.4,47.7,1.0,6.08,4.67,Apartment,3520000.0,1,3704000.0,5.23
922.0,2.0,2.0,20.0,4.0,11.6,2.5,5.1,3.8,53.8,0.0,4.74,-0.69,Apartment,1966000.0,3,2058000.0,4.68
1005.0,2.0,3.0,4.0,7.6,10.4,2.4,7.0,5.8,26.3,1.0,9.76,7.29,Apartment,4667000.0,5,7125000.0,52.67
3849.0,6.0,5.0,,4.7,20.2,7.0,3.6,3.1,27.4,4.0,5.6,,Villa,11535000.0,1,11990000.0,3.94
2376.0,4.0,4.0,20.0,3.9,19.7,8.7,6.2,8.3,42.5,3.0,5.84,1.91,Independent House,4717000.0,3,4974000.0,5.45
757.0,2.0,2.0,17.0,2.3,7.9,2.0,7.3,3.7,32.1,2.0,5.45,2.49,Apartment,1656000.0,5,2009000.0,21.32
740.0,1.0,2.0,19.0,6.6,12.1,1.4,7.3,4.7,28.7,2.0,6.02,7.52,Apartment,2692000.0,2,2980000.0,10.7
1802.0,2.0,1.0,9.0,5.8,14.2,3.9,5.6,,23.8,2.0,7.66,4.52,Apartment,6214000.0,2,7012000.0,12.84
2664.0,5.0,3.0,14.0,6.0,15.6,1.8,5.7,2.3,28.2,1.0,7.09,3.66,Independent House,10176000.0,5,12923000.0,26.99
1369.0,1.0,2.0,7.0,6.4,4.8,0.1,6.1,2.9,27.3,3.0,6.52,5.18,Independent House,6122000.0,4,7939000.0,29.68
798.0,1.0,1.0,20.0,3.5,29.1,17.2,4.7,3.7,43.2,1.0,5.7,5.27,Apartment,875000.0,2,903000.0,3.2
3069.0,5.0,3.0,41.0,5.2,23.6,4.8,7.0,2.3,28.4,2.0,5.45,4.85,Independent House,7292000.0,4,8508000.0,16.68
1218.0,2.0,2.0,11.0,4.0,5.7,2.8,4.8,1.8,34.1,2.0,4.8,4.92,Apartment,3246000.0,1,3411000.0,5.08
767.0,1.0,1.0,10.0,4.7,12.0,6.6,6.6,4.7,40.4,0.0,6.33,0.13,Apartment,1567000.0,4,1775000.0,13.27
987.0,3.0,3.0,,,16.5,4.5,3.7,3.9,48.3,0.0,4.5,3.89,Apartment,1659000.0,1,1683000.0,1.45
2352.0,,3.0,,5.9,15.0,2.6,6.6,0.6,31.9,,7.05,6.13,Apartment,8051000.0,3,9605000.0,19.3
820.0,0.0,3.0,6.0,2.9,13.7,9.4,6.9,2.4,32.3,1.0,7.38,2.17,Apartment,1557000.0,2,1718000.0,10.34
1268.0,2.0,2.0,12.0,6.6,15.5,4.6,4.9,4.5,,0.0,5.28,4.16,Apartment,3805000.0,5,4721000.0,24.07
1799.0,5.0,4.0,6.0,10.0,13.7,3.7,7.2,4.0,33.3,3.0,4.77,-0.35,Independent House,12070000.0,1,12511000.0,3.65
3451.0,6.0,4.0,3.0,5.9,13.5,3.4,5.5,2.4,43.0,2.0,6.27,2.6,Villa,17742000.0,5,23010000.0,29.69
763.0,2.0,2.0,16.0,8.3,12.0,6.0,7.1,2.3,37.8,0.0,7.37,3.93,Apartment,3116000.0,3,3742000.0,20.09
2084.0,5.0,5.0,6.0,5.8,15.0,3.1,6.8,1.9,22.1,,5.42,3.22,Independent House,8889000.0,3,10014000.0,12.66
814.0,1.0,1.0,10.0,8.2,8.9,4.2,6.1,0.8,31.7,2.0,5.6,5.0,Apartment,3138000.0,5,4112000.0,31.04
1314.0,2.0,,26.0,5.5,6.3,1.7,4.4,1.1,25.2,1.0,8.36,4.43,Apartment,4125000.0,4,5235000.0,26.91
2519.0,5.0,4.0,20.0,,4.0,2.5,9.3,2.2,3.6,2.0,6.38,6.37,Villa,29670000.0,2,34629000.0,16.71
1097.0,2.0,2.0,28.0,5.5,9.6,0.9,7.1,2.4,29.1,0.0,4.59,3.95,Apartment,2566000.0,4,3104000.0,20.97
1306.0,2.0,3.0,33.0,6.7,5.0,0.3,4.6,0.5,30.0,2.0,5.56,2.06,Independent House,3868000.0,1,4010000.0,3.67
1556.0,4.0,4.0,14.0,6.9,17.3,7.9,6.6,,46.3,0.0,6.88,2.14,Apartment,4025000.0,3,4578000.0,13.74
3069.0,6.0,5.0,11.0,2.6,10.2,8.1,5.1,1.4,52.6,2.0,5.97,3.36,Independent House,7352000.0,2,7719000.0,4.99
816.0,1.0,1.0,8.0,4.8,18.5,9.3,3.6,6.4,20.8,1.0,7.12,6.03,Apartment,1798000.0,3,2085000.0,15.96
2192.0,3.0,2.0,33.0,6.7,8.4,2.6,4.8,1.9,31.5,2.0,7.93,6.47,House,7127000.0,2,7996000.0,12.19
2653.0,4.0,4.0,,9.7,6.2,2.3,7.0,1.4,28.9,3.0,8.15,,Villa,24548000.0,1,26618000.0,8.43
1057.0,2.0,2.0,7.0,6.7,13.6,6.0,4.9,1.6,29.2,2.0,7.53,5.18,Apartment,3404000.0,3,3973000.0,16.72
1762.0,4.0,4.0,16.0,6.5,18.1,9.2,6.2,5.0,11.4,2.0,6.99,3.01,Independent House,6130000.0,2,6740000.0,9.95
600.0,1.0,2.0,13.0,3.7,14.7,5.2,4.4,3.6,46.8,0.0,3.38,0.76,Apartment,879000.0,4,977000.0,11.15
1058.0,2.0,2.0,19.0,7.3,9.0,2.0,6.5,2.1,53.1,1.0,7.43,1.85,apartment,3822000.0,5,5046000.0,32.03
1104.0,1.0,1.0,7.0,9.7,0.5,1.1,7.5,1.6,26.2,2.0,6.32,4.7,Apartment,6982000.0,1,7351000.0,5.29
2269.0,4.0,3.0,4.0,5.7,,1.9,1.0,2.8,27.1,1.0,5.53,-0.14,Independent House,7320000.0,4,8624000.0,17.81
727.0,2.0,2.0,1.0,8.1,4.4,3.9,6.1,1.2,27.3,2.0,7.47,6.15,Apartment,3574000.0,4,4656000.0,30.27
791.0,1.0,2.0,17.0,6.8,11.0,2.8,5.2,2.3,25.0,0.0,7.27,7.94,Apartment,2241000.0,2,2533000.0,13.03
1173.0,1.0,1.0,9.0,3.4,12.8,1.4,3.4,1.1,47.2,1.0,6.65,2.05,Apartment,2550000.0,4,2934000.0,15.06
610.0,1.0,1.0,23.0,5.0,7.9,2.9,5.0,4.7,,1.0,4.86,3.11,Apartment,1434000.0,3,1576000.0,9.9
1409.0,3.0,3.0,8.0,4.5,11.2,5.7,5.6,2.8,28.0,2.0,6.69,2.8,Independent House,3757000.0,4,4420000.0,17.65
991.0,2.0,2.0,25.0,7.9,11.3,2.3,7.8,0.6,32.2,1.0,9.48,7.3,Apartment,4308000.0,1,4664000.0,8.26
708.0,2.0,2.0,18.0,6.0,7.6,2.6,4.5,2.2,43.6,1.0,4.8,4.74,Apartment,1994000.0,5,2509000.0,25.83
1347.0,2.0,2.0,20.0,6.9,11.7,3.1,5.2,1.9,23.4,0.0,6.16,5.51,Apartment,4216000.0,1,4432000.0,5.12
1340.0,2.0,2.0,24.0,3.1,12.6,1.2,5.0,3.1,35.6,1.0,4.94,2.63,Apartment,2567000.0,1,2661000.0,3.66
1201.0,2.0,1.0,17.0,7.4,11.7,4.0,5.4,3.4,36.0,0.0,6.16,2.36,Apartment,3685000.0,5,4811000.0,30.56
3037.0,5.0,5.0,2.0,7.6,10.3,4.6,6.1,0.8,25.5,3.0,7.25,8.46,Villa,15620000.0,3,20132000.0,28.89
2025.0,3.0,3.0,6.0,6.8,15.7,4.5,5.2,7.9,33.1,2.0,6.98,3.35,Independent House,7003000.0,3,8168000.0,16.64
993.0,2.0,3.0,12.0,5.1,10.5,1.9,6.2,1.7,24.6,0.0,5.27,5.46,Apartment,3156000.0,2,3549000.0,12.45
769.0,2.0,2.0,6.0,3.2,19.0,3.0,5.3,5.2,47.3,0.0,5.91,3.06,Flat,1566000.0,1,1623000.0,3.64
1107.0,2.0,2.0,18.0,5.7,21.7,,,11.7,44.3,1.0,7.44,6.7,INDEPENDENT HOUSE,1978000.0,3,2226000.0,12.54
1583.0,3.0,3.0,34.0,6.7,7.0,6.0,6.3,5.1,,0.0,6.27,4.41,Apartment,4205000.0,1,4414000.0,4.97
1011.0,1.0,1.0,47.0,7.0,9.4,1.4,5.5,3.1,23.3,1.0,8.03,5.76,Apartment,2819000.0,3,3388000.0,20.18
756.0,1.0,1.0,4.0,3.6,16.6,9.5,3.7,6.7,29.5,1.0,5.67,1.68,Apartment,1508000.0,4,1633000.0,8.29
1671.0,4.0,3.0,11.0,6.7,6.2,3.6,6.5,0.6,39.3,0.0,6.21,4.78,Apartment,6491000.0,3,7472000.0,15.11
1635.0,4.0,4.0,15.0,8.9,19.0,11.4,7.2,2.4,41.8,1.0,4.95,2.73,House,6071000.0,2,6510000.0,7.23
1289.0,3.0,3.0,1.0,5.0,2.4,2.0,6.2,1.1,25.0,0.0,5.43,2.32,Apartment,5217000.0,4,6074000.0,16.43
1600.0,1.0,1.0,21.0,5.3,7.7,0.6,2.8,2.0,26.6,3.0,5.98,3.34,Independent House,4403000.0,4,5061000.0,14.94
4743.0,6.0,4.0,25.0,6.8,20.0,6.2,5.5,1.8,35.4,3.0,6.43,2.29,Villa,15938000.0,1,16388000.0,2.82
1160.0,3.0,2.0,4.0,5.2,8.9,0.2,,2.5,30.1,1.0,6.5,6.38,Apartment,4290000.0,4,5564000.0,29.7
1581.0,3.0,2.0,5.0,,16.6,8.5,4.5,7.2,20.8,2.0,7.61,5.52,House,3917000.0,2,4305000.0,9.91
772.0,1.0,1.0,6.0,6.7,12.0,5.0,6.2,1.9,44.6,1.0,6.17,6.24,Apartment,2520000.0,5,3259000.0,29.33
955.0,2.0,3.0,11.0,4.7,5.3,1.0,7.0,2.1,,0.0,,5.14,Apartment,3148000.0,1,3312000.0,5.21
928.0,2.0,1.0,7.0,9.6,7.1,1.8,7.0,1.9,10.6,2.0,6.81,2.78,Apartment,5636000.0,2,6387000.0,13.33
1403.0,2.0,2.0,12.0,2.9,11.2,6.5,5.2,1.5,42.5,2.0,7.5,2.6,Apartment,3142000.0,2,3346000.0,6.49
1975.0,4.0,3.0,5.0,7.6,15.7,2.7,8.8,10.1,29.4,3.0,5.53,6.04,Independent House,9238000.0,5,11835000.0,28.11
2063.0,4.0,4.0,4.0,8.5,8.1,1.6,4.8,0.9,24.8,3.0,5.6,4.14,Independent House,9447000.0,2,10452000.0,10.64
4086.0,6.0,5.0,4.0,4.3,15.1,1.3,5.5,1.6,28.9,4.0,6.53,6.48,Villa,18362000.0,1,19320000.0,5.22
1598.0,3.0,3.0,44.0,7.2,2.2,1.4,4.3,0.8,25.3,1.0,4.49,2.53,Apartment,4578000.0,2,4929000.0,7.67
2219.0,4.0,4.0,8.0,8.3,10.1,7.0,7.5,1.2,10.6,1.0,7.83,5.33,Independent House,13021000.0,4,17016000.0,30.68
3264.0,6.0,5.0,17.0,1.8,15.6,2.2,6.9,1.6,45.4,1.0,4.69,-0.36,Independent House,7183000.0,1,7380000.0,2.74
905.0,2.0,3.0,24.0,6.2,9.7,2.7,5.6,3.2,39.8,1.0,5.83,7.53,Apartment,2566000.0,2,2935000.0,14.38
1039.0,1.0,2.0,9.0,6.4,5.9,2.3,3.3,1.4,37.3,0.0,7.08,6.59,Apartment,3567000.0,4,4467000.0,25.23
1812.0,4.0,3.0,19.0,8.8,4.0,,7.8,0.7,28.9,3.0,5.34,5.62,Independent House,8907000.0,5,11232000.0,26.1
1328.0,2.0,2.0,4.0,4.8,15.1,3.0,3.5,2.4,30.1,0.0,5.2,2.97,Apartment,3428000.0,2,3724000.0,8.63
499.0,1.0,1.0,3.0,9.2,8.0,2.4,6.2,2.1,22.5,2.0,6.26,5.39,Apartment,2779000.0,3,3391000.0,22.02
1437.0,3.0,2.0,,4.7,15.5,4.6,5.4,2.3,31.7,0.0,5.55,1.44,apartment,3423000.0,4,4021000.0,17.47
897.0,1.0,1.0,14.0,4.3,19.8,4.1,5.1,4.4,36.7,2.0,6.47,2.69,Apartment,2077000.0,4,2443000.0,17.62
2787.0,6.0,5.0,3.0,3.4,15.7,2.9,6.7,6.2,48.8,1.0,7.01,2.91,Independent House,8109000.0,2,8750000.0,7.9
1184.0,3.0,3.0,3.0,4.8,11.1,5.0,6.4,1.6,20.0,3.0,7.67,7.95,Independent House,4684000.0,4,6277000.0,34.01
1071.0,3.0,2.0,9.0,5.4,16.9,8.0,5.1,6.6,21.2,0.0,5.78,4.85,Apartment,2641000.0,2,2850000.0,7.91
1093.0,2.0,2.0,1.0,7.6,7.2,2.4,6.9,1.3,28.0,0.0,5.2,6.61,Apartment,5234000.0,4,6878000.0,31.41
919.0,2.0,2.0,6.0,4.0,8.2,2.0,6.2,0.9,12.1,2.0,6.24,2.64,Apartment,3042000.0,1,3200000.0,5.19
1493.0,2.0,2.0,18.0,7.0,0.5,2.4,7.9,1.7,26.3,1.0,5.3,,Apartment,6788000.0,5,8655000.0,27.5
1729.0,2.0,3.0,20.0,6.3,11.7,1.9,7.2,5.9,15.8,0.0,5.67,3.22,Apartment,7381000.0,5,9048000.0,22.59
1096.0,3.0,3.0,4.0,8.8,0.5,2.6,7.3,1.0,20.4,0.0,3.98,4.85,Apt,6660000.0,1,6980000.0,4.8
857.0,1.0,2.0,19.0,6.6,12.8,4.9,4.8,9.5,11.7,2.0,7.84,5.04,apartment,2369000.0,1,2500000.0,5.53
2011.0,,4.0,3.0,5.3,10.0,1.8,7.7,2.9,33.6,2.0,8.58,4.55,Apartment,9513000.0,5,13300000.0,39.81
2181.0,5.0,4.0,19.0,2.1,22.1,6.6,,2.4,43.4,3.0,5.38,1.74,,4370000.0,3,4629000.0,5.93
2410.0,5.0,4.0,3.0,4.5,18.3,5.0,,2.3,32.2,1.0,7.89,4.72,Independent House,7857000.0,2,8826000.0,12.33
1133.0,2.0,2.0,14.0,4.4,11.5,2.7,3.6,7.5,46.7,0.0,4.79,3.4,Apartment,2247000.0,4,2661000.0,18.42
1917.0,3.0,2.0,16.0,4.8,11.4,2.9,4.1,4.1,40.0,1.0,6.37,3.32,Independent House,5604000.0,1,5851000.0,4.41
673.0,1.0,2.0,6.0,7.1,0.5,0.8,7.3,1.4,30.1,,6.04,4.78,Apt,3119000.0,3,3733000.0,19.69
1397.0,3.0,2.0,,4.9,14.4,4.0,5.8,1.6,30.0,2.0,5.18,7.26,APARTMENT,3815000.0,3,4359000.0,14.26
906.0,3.0,2.0,,9.5,1.7,3.1,3.6,0.8,26.3,1.0,7.78,9.29,apartment,4656000.0,5,6950000.0,49.27
1198.0,2.0,2.0,4.0,5.4,6.9,1.1,1.9,,22.9,2.0,6.49,7.07,Apartment,3971000.0,1,4229000.0,6.5
1256.0,2.0,2.0,15.0,4.8,24.2,8.6,7.6,7.7,57.4,2.0,7.66,,Apartment,2504000.0,4,2938000.0,17.33
1363.0,2.0,1.0,41.0,4.0,18.3,7.1,4.7,,42.2,0.0,7.51,5.06,Apartment,1851000.0,3,2065000.0,11.56
817.0,1.0,1.0,21.0,4.2,19.5,9.5,2.7,2.8,12.3,2.0,6.4,,Apartment,1485000.0,3,1637000.0,10.24
1756.0,3.0,3.0,16.0,5.0,9.1,2.0,5.3,2.6,20.5,2.0,4.35,3.98,Apartment,5099000.0,4,6199000.0,21.57
767.0,1.0,2.0,6.0,5.9,7.9,2.0,7.6,0.8,24.9,0.0,5.07,3.4,Apartment,3378000.0,4,4082000.0,20.84
1349.0,4.0,4.0,6.0,6.8,14.9,6.0,2.0,2.4,42.2,0.0,6.49,2.89,Apartment,3391000.0,2,3717000.0,9.61
1374.0,2.0,1.0,30.0,5.6,19.3,4.2,5.7,2.5,45.8,1.0,5.66,3.24,Apartment,2610000.0,2,2734000.0,4.75
849.0,1.0,2.0,2.0,6.1,25.5,6.0,6.8,4.6,14.4,1.0,5.08,3.33,Apartment,2593000.0,2,2847000.0,9.8
1079.0,1.0,2.0,,2.3,24.1,1.9,5.3,8.7,34.5,1.0,5.38,3.52,Apartment,1847000.0,3,2039000.0,10.4
1422.0,3.0,3.0,18.0,4.7,14.0,12.8,5.4,1.8,31.0,0.0,8.72,4.14,Apartment,3054000.0,2,3321000.0,8.74
1255.0,2.0,2.0,13.0,8.3,6.1,2.0,7.5,0.9,36.6,2.0,,5.95,Independent House,7027000.0,4,8919000.0,26.92
741.0,1.0,1.0,10.0,8.0,2.1,1.2,5.3,1.0,17.5,0.0,7.98,5.27,Apartment,3453000.0,1,3706000.0,7.33
592.0,3.0,2.0,5.0,5.9,11.8,5.8,4.7,3.2,29.7,2.0,5.4,3.48,Apartment,1922000.0,4,2258000.0,17.48
1583.0,2.0,2.0,,8.5,2.3,2.9,7.1,1.0,28.9,2.0,6.56,2.8,Independent House,9547000.0,1,10181000.0,6.64
3411.0,6.0,6.0,19.0,5.8,15.5,5.2,5.6,1.4,37.8,3.0,7.34,2.15,Villa,14299000.0,5,17823000.0,24.65
3380.0,6.0,5.0,12.0,5.4,9.8,7.5,5.9,0.8,40.2,2.0,7.02,8.38,Independent House,10242000.0,3,11960000.0,16.77
2206.0,4.0,4.0,11.0,6.8,14.1,14.3,5.4,3.8,34.3,2.0,9.59,6.92,Independent House,6246000.0,1,6672000.0,6.82
530.0,2.0,2.0,8.0,6.9,12.3,6.8,7.7,3.3,25.3,1.0,6.18,1.87,Apartment,2044000.0,5,2503000.0,22.46
1243.0,2.0,2.0,5.0,10.0,0.5,3.5,7.9,0.7,13.6,0.0,8.04,5.26,Apartment,8378000.0,5,12174000.0,45.31
1987.0,4.0,4.0,3.0,5.3,15.6,4.0,5.8,4.3,34.8,3.0,7.48,2.9,Independent House,6718000.0,3,8052000.0,19.86
1563.0,,1.0,15.0,4.8,11.3,7.2,5.9,1.3,30.2,3.0,5.34,0.28,Independent House,4344000.0,5,5077000.0,16.87
851.0,1.0,1.0,21.0,7.0,17.0,7.4,5.3,3.4,27.4,2.0,7.08,3.47,Apartment,2369000.0,4,2868000.0,21.06
3143.0,6.0,4.0,24.0,4.8,10.9,3.5,4.0,3.3,39.5,3.0,7.32,1.1,Independent House,8983000.0,5,10789000.0,20.1
1849.0,4.0,4.0,6.0,5.3,3.3,1.6,7.4,2.0,31.2,1.0,5.74,0.11,Independent House,8208000.0,4,9919000.0,20.85
941.0,2.0,2.0,5.0,4.3,13.8,0.3,4.6,7.8,25.4,0.0,7.8,4.14,Apartment,2568000.0,3,3057000.0,19.04
774.0,1.0,1.0,18.0,3.4,14.1,1.2,5.3,3.0,44.5,1.0,3.8,1.65,Apartment,1558000.0,5,1804000.0,15.79
1064.0,2.0,2.0,,5.8,6.4,6.4,5.0,,25.4,2.0,6.84,3.6,Apartment,3571000.0,3,3999000.0,11.99
1698.0,3.0,4.0,32.0,5.6,8.6,1.8,4.1,4.1,30.4,1.0,7.3,4.29,Apartment,4250000.0,5,5195000.0,22.24
1369.0,3.0,2.0,26.0,3.9,14.0,1.6,5.7,3.6,44.6,0.0,3.02,3.46,Apartment,2657000.0,4,2860000.0,7.64
4247.0,6.0,4.0,14.0,7.5,0.5,0.6,5.8,1.2,17.1,3.0,8.03,9.79,Villa,30176000.0,3,37915000.0,25.65
722.0,1.0,1.0,27.0,4.1,17.6,2.2,3.7,6.8,39.3,1.0,4.52,1.76,Apartment,1236000.0,4,1375000.0,11.25
988.0,2.0,2.0,1.0,8.4,0.5,0.3,5.9,,35.2,1.0,6.88,9.07,Apt,5394000.0,2,6240000.0,15.68
861.0,1.0,1.0,4.0,6.5,7.7,1.4,7.3,1.2,34.6,0.0,7.3,1.15,Apartment,3719000.0,1,3945000.0,6.08
592.0,1.0,2.0,,7.3,13.5,2.6,6.6,1.3,27.4,0.0,6.75,5.6,Apartment,2291000.0,3,2716000.0,18.55
1342.0,3.0,3.0,11.0,3.9,4.2,2.0,3.7,1.4,43.1,2.0,7.11,6.02,House,4228000.0,4,4984000.0,17.88
1085.0,3.0,3.0,34.0,5.2,15.3,3.0,1.5,6.3,30.1,3.0,6.8,2.84,Independent House,2868000.0,2,3084000.0,7.53
1055.0,2.0,2.0,9.0,5.1,9.3,1.5,4.9,2.5,51.5,2.0,6.65,,Apartment,2829000.0,1,2938000.0,3.85
1694.0,3.0,3.0,10.0,9.8,2.7,2.0,5.9,0.3,31.8,0.0,6.64,,Apartment,10204000.0,3,12811000.0,25.55
1185.0,2.0,2.0,6.0,7.8,0.5,0.2,5.1,0.9,20.6,1.0,8.86,7.06,Apartment,6655000.0,4,9061000.0,36.15
2015.0,4.0,3.0,13.0,7.4,6.0,2.9,5.0,2.0,18.4,2.0,6.89,5.3,Independent House,9413000.0,2,10695000.0,13.62
2035.0,4.0,3.0,12.0,6.8,13.3,4.2,4.5,7.4,37.1,1.0,4.8,6.78,Independent House,5650000.0,1,5895000.0,4.34
1974.0,4.0,4.0,6.0,5.7,6.1,3.2,3.7,,33.6,3.0,7.05,4.22,Independent House,7795000.0,1,8190000.0,5.07
689.0,1.0,1.0,8.0,3.7,19.7,10.5,2.6,3.5,44.2,1.0,5.05,4.78,Apartment,1031000.0,3,1148000.0,11.35
1376.0,3.0,2.0,8.0,6.0,9.5,3.8,8.7,2.2,26.2,2.0,5.06,6.64,Apartment,5607000.0,1,5925000.0,5.67
1629.0,,3.0,15.0,,4.8,2.3,5.8,1.6,28.2,2.0,6.98,4.54,Independent House,6200000.0,3,7363000.0,18.76
,6.0,5.0,5.0,4.5,10.2,2.1,6.6,2.2,38.2,2.0,5.23,0.79,Villa,12542000.0,5,15707000.0,25.24
1136.0,2.0,2.0,5.0,8.4,13.1,1.5,8.8,1.7,2.0,2.0,6.99,2.59,Independent House,8206000.0,4,10502000.0,27.98
1246.0,3.0,3.0,5.0,5.6,19.1,2.1,8.9,2.5,43.2,1.0,5.36,4.34,Flat,4480000.0,3,5203000.0,16.14
2921.0,4.0,3.0,44.0,4.3,18.8,6.3,3.4,8.3,28.7,4.0,6.32,6.67,Villa,6790000.0,2,7255000.0,6.85
1090.0,1.0,1.0,14.0,4.6,10.8,9.3,5.1,9.0,36.4,1.0,4.81,1.56,Apartment,2017000.0,5,2360000.0,17.01
1076.0,2.0,2.0,9.0,5.7,17.1,2.1,4.3,5.7,19.6,1.0,4.45,3.26,Apartment,3259000.0,2,3496000.0,7.27
2615.0,5.0,5.0,9.0,6.1,18.5,2.8,5.4,2.9,21.0,2.0,5.95,5.09,Independent House,9592000.0,3,11241000.0,17.19
3464.0,6.0,6.0,15.0,4.0,18.3,,3.9,4.9,29.3,2.0,5.08,3.18,Independent House,6831000.0,5,7886000.0,15.44
1525.0,4.0,,5.0,6.7,10.7,2.8,5.0,2.1,54.3,0.0,8.52,5.39,Apartment,5104000.0,2,5807000.0,13.77
2412.0,4.0,4.0,22.0,4.8,17.5,8.1,3.5,1.6,,2.0,6.04,3.36,Independent House,5186000.0,1,5357000.0,3.3
2216.0,4.0,3.0,4.0,8.6,0.6,1.9,6.1,0.6,31.9,3.0,3.48,5.28,Independent House,13945000.0,1,14722000.0,5.57
683.0,1.0,2.0,4.0,7.2,10.2,4.5,7.1,5.3,32.1,0.0,5.71,2.46,Apartment,2874000.0,3,3229000.0,12.35
570.0,2.0,2.0,2.0,6.3,14.2,2.3,9.2,8.1,29.1,2.0,5.45,2.64,Apartment,2397000.0,2,2720000.0,13.48
2468.0,5.0,6.0,10.0,5.7,9.3,4.0,4.2,1.1,31.0,2.0,5.51,4.27,Independent House,7873000.0,5,10637000.0,35.11
2051.0,5.0,4.0,26.0,4.0,14.8,5.0,3.0,2.7,37.9,3.0,4.44,0.17,Independent House,4280000.0,2,4425000.0,3.39
1359.0,2.0,2.0,3.0,7.8,7.6,3.2,,1.5,13.1,2.0,6.35,2.51,Apartment,6339000.0,1,6722000.0,6.04
1458.0,3.0,2.0,19.0,8.3,2.2,4.6,,0.6,19.4,2.0,5.46,6.34,Apartment,6896000.0,1,7203000.0,4.45
1069.0,1.0,1.0,15.0,8.6,6.9,3.3,9.1,1.9,25.1,0.0,7.62,,apartment,6379000.0,5,8925000.0,39.91
3821.0,6.0,5.0,10.0,5.0,12.6,0.1,3.7,3.1,39.0,4.0,5.36,3.13,Villa,15184000.0,1,15598000.0,2.73
1487.0,2.0,2.0,3.0,6.2,14.7,5.0,5.2,4.4,28.0,3.0,5.47,5.87,Independent House,5566000.0,3,6579000.0,18.2
1606.0,3.0,3.0,19.0,4.6,18.6,3.4,4.1,1.7,19.5,1.0,4.59,4.74,Independent House,3707000.0,2,4082000.0,10.12
2665.0,4.0,4.0,11.0,6.3,15.2,3.3,5.5,2.1,43.4,1.0,7.88,2.65,Apartment,9091000.0,4,10750000.0,18.25
1288.0,2.0,1.0,,9.2,7.4,3.6,9.3,3.0,19.1,2.0,7.67,5.09,Independent House,8595000.0,1,9274000.0,7.9
2437.0,5.0,6.0,9.0,8.2,7.3,1.4,6.6,1.1,19.5,1.0,9.62,8.86,Independent House,16514000.0,5,26145000.0,58.32
1037.0,1.0,1.0,20.0,4.4,15.5,3.3,3.6,,50.3,0.0,5.55,4.15,Apartment,1718000.0,2,1801000.0,4.83
1089.0,3.0,3.0,11.0,6.8,2.8,2.6,9.1,1.0,45.2,0.0,2.89,2.82,Apartment,4502000.0,1,4719000.0,4.82
1381.0,3.0,3.0,11.0,6.4,,2.8,4.9,0.8,19.7,2.0,6.97,,Independent House,5078000.0,2,5611000.0,10.5
2345.0,5.0,5.0,39.0,,14.7,6.5,1.8,5.5,28.1,3.0,4.48,3.27,Independent House,4060000.0,4,4201000.0,3.47
4000.0,6.0,5.0,16.0,4.6,16.6,5.5,5.4,3.6,38.0,,3.02,-0.28,Villa,15149000.0,5,16901000.0,11.57
1615.0,2.0,2.0,11.0,5.1,14.0,1.9,3.8,1.8,41.6,2.0,4.48,2.85,Independent House,3932000.0,1,4021000.0,2.26
2487.0,5.0,4.0,18.0,,8.7,1.7,6.1,6.0,13.1,3.0,3.49,2.95,Independent House,13675000.0,4,16379000.0,19.77
832.0,1.0,1.0,2.0,8.5,6.1,3.6,6.3,3.1,18.2,2.0,4.93,4.8,Apartment,4757000.0,2,5305000.0,11.52
453.0,1.0,,14.0,5.2,15.1,3.4,4.3,1.4,44.7,2.0,5.6,0.37,Flat,985000.0,4,1104000.0,12.08
2098.0,4.0,3.0,18.0,1.9,19.3,2.8,5.9,3.2,37.2,2.0,7.38,4.82,Flat,3940000.0,3,4516000.0,14.62
1166.0,2.0,1.0,10.0,5.6,13.9,6.4,2.8,2.1,27.4,0.0,7.87,6.09,Apartment,2777000.0,1,2937000.0,5.76
1239.0,3.0,3.0,3.0,8.0,6.5,1.1,6.8,4.4,20.3,2.0,6.54,6.51,Apartment,7418000.0,3,8918000.0,20.22
1105.0,2.0,2.0,11.0,5.6,10.9,2.2,8.2,1.2,48.5,0.0,5.63,-0.33,Apartment,3382000.0,2,3582000.0,5.91
776.0,1.0,1.0,14.0,5.0,17.3,1.2,2.7,4.6,38.8,2.0,5.79,7.87,Apartment,1835000.0,1,1918000.0,4.52
1760.0,3.0,2.0,7.0,9.1,5.5,2.3,6.7,1.0,10.4,2.0,5.79,,Apartment,12040000.0,2,13297000.0,10.44
1645.0,3.0,2.0,11.0,7.0,10.0,1.8,5.1,1.6,16.6,2.0,6.48,5.91,Independent House,6893000.0,4,8806000.0,27.75
1015.0,3.0,3.0,5.0,5.9,14.0,17.9,3.2,2.9,34.5,0.0,5.8,5.82,Apartment,1968000.0,4,2233000.0,13.47
3121.0,6.0,6.0,,4.7,13.8,2.9,4.3,0.8,46.7,4.0,,-1.4,Villa,12845000.0,4,14250000.0,10.94
649.0,1.0,1.0,1.0,6.5,12.6,12.4,5.0,3.6,39.7,0.0,5.54,6.73,Apartment,1461000.0,4,1777000.0,21.63
2078.0,5.0,5.0,3.0,3.9,10.9,7.3,5.9,2.5,40.7,3.0,4.04,3.75,Independent House,6303000.0,1,6464000.0,2.55
1384.0,3.0,3.0,5.0,5.3,17.8,4.6,5.6,5.9,241.4,3.0,8.06,3.69,Independent House,4651000.0,3,5421000.0,16.56
1598.0,2.0,2.0,10.0,4.5,20.5,11.7,6.9,2.9,27.9,3.0,5.43,2.55,Independent House,3425000.0,1,3558000.0,3.88
1888.0,2.0,2.0,4.0,,11.7,12.0,5.4,2.4,45.1,2.0,6.45,2.54,Independent House,4107000.0,4,4590000.0,11.76
723.0,2.0,2.0,20.0,4.4,9.3,,,0.8,42.8,1.0,3.21,1.37,Apartment,1627000.0,5,1819000.0,11.8
1083.0,2.0,2.0,16.0,9.8,9.4,1.5,4.2,7.0,,2.0,,2.26,Apartment,5147000.0,4,6805000.0,32.21
1600.0,4.0,4.0,37.0,6.9,9.5,7.7,5.4,1.9,2.0,2.0,8.01,5.07,Independent House,5268000.0,2,5978000.0,13.48
1684.0,3.0,3.0,7.0,6.3,6.0,1.8,4.8,3.3,26.8,1.0,7.38,3.25,Apartment,6872000.0,2,7716000.0,12.28
4504.0,6.0,6.0,11.0,7.7,1.8,2.1,4.1,0.8,26.8,1.0,5.76,5.88,Independent House,21849000.0,5,30303000.0,38.69
803.0,1.0,1.0,8.0,8.6,8.5,11.7,8.3,2.2,15.0,2.0,8.13,8.59,Apartment,3913000.0,5,5611000.0,43.39
941.0,2.0,1.0,32.0,5.6,8.4,16.0,7.1,3.1,,1.0,5.03,2.58,Apartment,1756000.0,4,1872000.0,6.61
992.0,3.0,3.0,24.0,6.0,5.8,0.8,5.6,1.2,23.4,1.0,6.66,2.11,Apartment,4009000.0,1,4224000.0,5.36
1098.0,2.0,2.0,6.0,3.1,27.4,2.7,6.3,11.3,21.9,0.0,5.99,2.05,Apartment,1848000.0,3,2020000.0,9.31
1211.0,2.0,1.0,6.0,8.0,3.4,0.8,7.9,1.9,31.1,2.0,7.09,2.55,Apartment,7157000.0,4,9356000.0,30.73
2568.0,6.0,4.0,30.0,10.0,7.2,2.8,6.0,5.9,11.4,2.0,6.45,4.52,Villa,19513000.0,3,23463000.0,20.24
1262.0,2.0,2.0,4.0,6.8,5.2,1.4,5.6,0.7,33.0,2.0,5.15,2.87,Independent House,5679000.0,1,5918000.0,4.21
933.0,3.0,3.0,16.0,6.6,12.9,10.4,5.3,2.5,33.7,2.0,5.67,2.64,Apartment,2447000.0,5,2812000.0,14.92
1697.0,3.0,4.0,13.0,1.1,14.4,1.3,4.9,6.1,45.3,2.0,2.32,0.05,Independent House,3054000.0,1,3095000.0,1.34
1593.0,4.0,3.0,9.0,7.8,7.7,4.0,6.1,2.3,20.1,2.0,7.8,6.7,Independent House,7467000.0,3,9298000.0,24.52
3239.0,6.0,5.0,10.0,3.0,13.0,1.1,4.6,1.5,39.8,2.0,3.67,2.18,Villa,9797000.0,4,10773000.0,9.96
740.0,1.0,2.0,16.0,6.0,15.3,3.8,4.0,,49.1,1.0,8.26,3.72,Apartment,1578000.0,1,1660000.0,5.2
2482.0,5.0,3.0,29.0,,11.9,5.2,6.3,2.4,32.5,1.0,4.55,3.33,Independent House,6811000.0,1,6960000.0,2.19
3623.0,6.0,5.0,10.0,6.4,7.1,1.3,6.3,1.1,56.4,2.0,7.58,5.53,Independent House,17956000.0,5,24055000.0,33.97
994.0,2.0,2.0,49.0,6.1,8.4,2.9,6.3,3.1,29.3,0.0,6.11,3.78,Flat,2120000.0,2,2262000.0,6.7
969.0,1.0,1.0,29.0,4.9,9.7,11.3,3.5,2.3,39.6,0.0,4.96,1.05,Apt,1365000.0,3,1486000.0,8.86
961.0,1.0,2.0,20.0,3.8,16.9,8.9,5.6,3.8,20.5,1.0,4.88,,Apartment,1893000.0,1,1968000.0,3.96
1004.0,1.0,1.0,11.0,4.1,12.9,0.9,2.9,3.2,,0.0,6.2,4.63,Apartment,2328000.0,1,2462000.0,5.76
1431.0,3.0,3.0,9.0,8.4,8.1,6.3,7.2,2.4,30.4,2.0,6.34,5.72,Independent House,7350000.0,3,8838000.0,20.24
1878.0,3.0,2.0,12.0,6.3,11.0,1.4,3.7,3.2,35.5,2.0,5.45,5.0,Apartment,5662000.0,5,7099000.0,25.38
1890.0,5.0,5.0,12.0,6.5,4.1,1.0,3.8,1.9,41.3,1.0,6.51,4.5,Independent House,7241000.0,4,8768000.0,21.09
1782.0,3.0,2.0,12.0,6.8,6.5,3.6,5.4,4.1,39.8,3.0,5.14,2.71,Independent House,55467000.0,5,67173000.0,21.11
460.0,1.0,1.0,8.0,9.3,12.4,2.0,8.0,1.2,13.6,0.0,7.3,2.28,Apartment,3020000.0,5,4097000.0,35.66
2587.0,5.0,4.0,14.0,4.9,9.8,3.4,2.6,1.3,25.2,3.0,4.92,0.75,Independent House,8152000.0,2,8614000.0,5.67
2271.0,4.0,3.0,19.0,7.2,9.7,10.2,4.0,1.8,20.4,2.0,7.15,5.01,Independent House,7020000.0,2,7771000.0,10.7
1717.0,2.0,2.0,10.0,3.7,4.1,1.3,3.4,0.9,26.3,1.0,6.57,4.07,Apartment,4682000.0,2,5140000.0,9.78
874.0,1.0,2.0,10.0,9.4,17.6,2.2,4.2,4.5,25.7,2.0,4.45,5.6,Independent House,3753000.0,3,4370000.0,16.44
1314.0,3.0,3.0,16.0,5.5,18.2,9.1,6.5,2.2,33.2,1.0,6.11,4.53,Apartment,2861000.0,1,2991000.0,4.54
1206.0,1.0,1.0,14.0,5.5,11.3,6.2,4.0,2.6,35.6,0.0,7.96,5.83,Apartment,2334000.0,5,2909000.0,24.64
1706.0,3.0,3.0,5.0,4.9,13.7,1.9,7.5,1.0,37.5,2.0,6.68,2.9,Independent House,6463000.0,3,7316000.0,13.2
758.0,1.0,1.0,19.0,6.1,6.0,1.0,4.6,1.4,23.4,0.0,7.25,4.73,Apartment,2432000.0,1,2571000.0,5.72
2529.0,6.0,5.0,25.0,6.8,14.5,4.1,7.9,0.9,37.9,3.0,4.95,1.37,Villa,13233000.0,1,13682000.0,3.39
920.0,2.0,2.0,16.0,5.1,8.4,1.9,7.0,0.9,47.9,2.0,6.92,3.45,Apartment,2957000.0,5,3540000.0,19.72
1208.0,1.0,1.0,21.0,6.0,5.9,4.8,5.7,1.6,40.0,2.0,6.38,2.29,Apartment,3190000.0,4,3792000.0,18.87
2836.0,5.0,4.0,2.0,7.7,15.7,4.0,8.2,8.3,39.2,4.0,5.46,3.26,Villa,16120000.0,3,17868000.0,10.84
1301.0,1.0,,20.0,1.8,9.8,1.7,1.5,1.2,21.7,0.0,5.57,2.57,Apartment,2344000.0,2,2525000.0,7.72
1263.0,2.0,2.0,19.0,6.6,1.9,1.9,6.9,0.9,34.8,0.0,5.84,1.23,Apartment,4465000.0,3,4894000.0,9.61
2395.0,4.0,4.0,6.0,6.9,3.6,1.3,5.2,1.0,34.8,3.0,7.89,3.32,Independent House,15532000.0,3,18197000.0,17.16
2003.0,2.0,2.0,,7.7,2.9,3.8,4.9,1.0,45.2,3.0,7.37,4.6,Independent House,7379000.0,4,9031000.0,22.39
2138.0,3.0,2.0,20.0,5.0,15.5,,4.6,2.8,33.8,1.0,6.34,4.38,Independent House,4522000.0,3,4918000.0,8.76
1611.0,3.0,3.0,19.0,5.4,6.0,1.8,7.1,0.7,17.4,1.0,7.08,2.88,Independent House,6464000.0,5,8773000.0,35.72
1411.0,3.0,2.0,35.0,6.4,7.4,2.7,6.6,1.9,32.9,2.0,6.29,3.22,Independent House,4650000.0,4,5492000.0,18.11
2094.0,4.0,3.0,,6.3,9.2,7.6,4.4,1.7,,0.0,4.23,1.43,Apartment,5112000.0,3,5534000.0,8.26
1728.0,3.0,3.0,8.0,6.6,14.5,7.2,,4.7,49.4,1.0,4.98,0.99,Independent House,3997000.0,3,4364000.0,9.18
972.0,2.0,1.0,3.0,6.1,12.4,1.3,5.6,4.5,,1.0,6.48,2.02,Apartment,3439000.0,1,3628000.0,5.5
2928.0,5.0,5.0,16.0,7.2,4.6,3.0,6.9,1.5,21.6,3.0,6.52,3.64,Villa,20905000.0,3,24952000.0,19.36
3037.0,6.0,4.0,19.0,10.0,1.2,1.1,5.1,0.5,6.6,2.0,6.51,2.74,Villa,28686000.0,4,38807000.0,35.28
1210.0,3.0,2.0,11.0,5.5,16.2,1.7,6.0,2.2,33.6,3.0,7.96,2.77,Independent House,4290000.0,1,4563000.0,6.36
2325.0,4.0,3.0,,4.9,13.0,6.1,4.4,2.1,25.5,1.0,6.28,5.17,Independent House,5793000.0,2,6314000.0,8.99
894.0,1.0,2.0,2.0,8.8,8.5,2.3,,0.7,26.8,2.0,7.04,6.12,Apartment,4753000.0,2,5507000.0,15.86
1962.0,3.0,2.0,19.0,10.0,13.7,4.7,4.9,5.3,6.5,1.0,6.03,4.07,Apartment,9708000.0,3,11088000.0,14.22
1279.0,3.0,3.0,5.0,4.5,12.4,6.4,6.5,2.1,23.8,0.0,6.46,0.61,Apartment,3514000.0,3,4031000.0,14.71
904.0,1.0,2.0,13.0,3.3,17.1,8.5,4.9,3.8,36.4,2.0,4.1,2.56,Apartment,1555000.0,3,1664000.0,7.01
1727.0,3.0,3.0,3.0,5.5,,2.1,2.1,4.8,31.7,0.0,4.87,5.99,Apartment,3803000.0,5,5060000.0,33.05
1695.0,4.0,3.0,16.0,4.6,14.5,2.4,5.1,3.0,35.7,2.0,6.16,6.78,Independent House,4560000.0,5,5774000.0,26.62
2317.0,4.0,4.0,17.0,9.9,8.0,,4.9,1.8,13.6,2.0,7.31,6.61,Independent House,14120000.0,2,16208000.0,14.79
1113.0,2.0,,4.0,6.1,12.4,2.8,2.4,1.0,40.5,1.0,8.06,3.89,APARTMENT,3323000.0,5,4439000.0,33.58
1153.0,2.0,2.0,23.0,6.6,14.0,2.3,4.3,4.6,29.4,2.0,8.03,4.29,Independent House,4389000.0,5,5761000.0,31.26
1453.0,3.0,3.0,6.0,5.5,8.6,6.0,6.7,1.4,31.1,3.0,6.87,3.23,Independent House,5227000.0,4,6138000.0,17.43
1073.0,1.0,1.0,28.0,9.4,11.0,1.5,5.6,4.4,29.4,2.0,7.73,3.67,Apartment,4201000.0,1,4455000.0,6.05
2531.0,5.0,5.0,17.0,2.9,12.6,5.0,4.5,3.9,39.6,2.0,4.71,4.6,Villa,6218000.0,4,6989000.0,12.4
3856.0,6.0,5.0,9.0,5.4,2.9,0.3,3.4,2.3,21.4,4.0,5.54,,Villa,20485000.0,3,23691000.0,15.65
667.0,1.0,1.0,18.0,4.8,15.1,1.7,4.2,8.0,28.8,2.0,4.61,0.76,Apartment,1294000.0,2,1389000.0,7.34
2314.0,4.0,3.0,23.0,8.2,0.5,0.6,5.1,0.9,23.8,3.0,9.17,6.28,Independent House,14626000.0,4,19253000.0,31.64
1517.0,2.0,3.0,31.0,6.7,12.9,11.3,3.5,0.6,31.6,2.0,,6.56,Independent House,3318000.0,4,3793000.0,14.32
1574.0,3.0,3.0,10.0,8.0,12.6,4.8,7.5,0.8,21.5,1.0,9.89,6.65,Independent House,8439000.0,1,9090000.0,7.71
2135.0,4.0,3.0,27.0,6.0,16.3,11.1,2.2,,39.2,3.0,6.11,3.16,Independent House,4301000.0,1,4428000.0,2.95
2116.0,3.0,3.0,13.0,9.0,9.9,4.2,6.3,2.9,10.1,2.0,5.37,5.71,INDEPENDENT HOUSE,10817000.0,1,11543000.0,6.71
752.0,2.0,2.0,14.0,7.7,14.9,2.8,7.0,2.2,,0.0,5.95,8.35,Apartment,2881000.0,2,3206000.0,11.28
756.0,1.0,1.0,17.0,4.7,22.0,1.9,4.0,8.0,30.9,0.0,7.16,6.86,Apartment,1780000.0,1,1854000.0,4.16
3973.0,6.0,4.0,20.0,4.4,26.6,11.1,4.6,3.9,41.1,2.0,6.95,5.75,Villa,8744000.0,1,9061000.0,3.63
1247.0,2.0,2.0,25.0,3.3,20.0,3.0,4.6,2.2,,1.0,5.64,3.68,Apartment,2236000.0,1,2322000.0,3.85
1229.0,3.0,2.0,12.0,7.5,0.5,1.2,7.4,0.6,35.1,1.0,7.39,4.71,Apartment,6704000.0,3,8028000.0,19.75
1034.0,3.0,2.0,4.0,4.7,19.8,4.4,5.2,3.9,23.1,1.0,7.11,3.44,Apartment,2626000.0,3,2986000.0,13.71
2151.0,4.0,4.0,36.0,9.1,7.6,2.0,5.9,1.6,18.3,1.0,7.29,7.7,Independent House,10572000.0,5,15173000.0,43.52
1266.0,2.0,2.0,,6.1,8.9,4.8,9.9,3.6,17.3,1.0,9.63,4.02,Apartment,4937000.0,1,5294000.0,7.23
1732.0,4.0,3.0,15.0,6.4,14.9,7.9,6.7,2.9,5.0,0.0,5.82,3.24,Apartment,5206000.0,2,5515000.0,5.94
772.0,1.0,2.0,14.0,,25.6,3.5,4.8,5.7,17.7,0.0,6.64,3.76,Apartment,1666000.0,4,2007000.0,20.47
2355.0,5.0,3.0,5.0,8.3,0.5,1.6,3.3,0.6,17.2,1.0,6.14,3.45,INDEPENDENT HOUSE,13665000.0,5,18170000.0,32.97
3087.0,0.0,5.0,22.0,3.3,10.9,1.9,5.5,,30.6,3.0,6.94,6.95,Villa,11982000.0,5,15226000.0,27.07
3210.0,6.0,4.0,6.0,8.2,3.3,,4.5,1.2,,3.0,6.51,0.82,Independent House,20288000.0,2,22114000.0,9.0
2976.0,5.0,4.0,42.0,2.3,18.5,13.7,3.1,4.6,56.1,3.0,6.35,6.44,Independent House,3263000.0,5,3639000.0,11.52
1932.0,4.0,4.0,2.0,4.8,8.5,3.2,2.8,3.4,39.0,0.0,4.12,2.08,Apartment,5569000.0,5,6275000.0,12.68
1256.0,3.0,3.0,22.0,6.7,10.0,1.4,9.2,1.9,36.1,2.0,4.17,2.12,Apartment,5019000.0,2,5369000.0,6.97
3249.0,6.0,4.0,1.0,7.2,3.8,2.1,2.4,2.1,24.3,1.0,4.34,5.48,Independent House,14878000.0,5,19975000.0,34.26
5225.0,,5.0,24.0,6.6,8.9,1.9,3.8,1.7,35.5,3.0,6.26,2.78,Villa,22769000.0,4,25151000.0,10.46
1006.0,1.0,2.0,21.0,4.1,18.4,4.3,6.5,9.2,35.1,2.0,6.93,0.83,Independent House,2202000.0,5,2619000.0,18.94
1490.0,4.0,3.0,9.0,,5.4,2.3,5.1,1.5,12.1,2.0,6.03,6.97,Apartment,8993000.0,5,12012000.0,33.57
775.0,1.0,1.0,23.0,7.1,13.6,6.0,8.0,,16.7,1.0,4.6,2.36,Apartment,2411000.0,5,2857000.0,18.5
3024.0,6.0,5.0,18.0,4.0,3.9,0.3,6.8,1.3,27.7,2.0,6.2,1.26,Villa ,16526000.0,1,17190000.0,4.02
1381.0,3.0,3.0,10.0,7.5,6.3,1.5,5.5,0.7,24.1,2.0,5.7,4.69,Apartment,5903000.0,1,6258000.0,6.01
893.0,2.0,3.0,10.0,3.1,15.8,3.4,3.7,4.5,56.3,1.0,5.92,0.34,APARTMENT,1575000.0,3,1689000.0,7.24
876.0,1.0,1.0,50.0,6.4,5.6,0.9,4.6,2.5,32.4,0.0,4.42,2.19,Apartment,2143000.0,2,2269000.0,5.88
1880.0,2.0,2.0,20.0,5.8,10.1,2.7,4.8,2.6,30.8,1.0,8.68,7.35,Apartment,5917000.0,2,6797000.0,14.87
2025.0,4.0,,24.0,4.6,16.6,9.3,2.8,2.6,30.1,1.0,4.51,1.62,Independent House,4202000.0,2,4403000.0,4.78
1464.0,3.0,3.0,10.0,6.4,16.8,3.4,7.3,2.7,20.2,2.0,7.05,5.36,Apartment,6008000.0,3,7335000.0,22.09
1301.0,1.0,1.0,25.0,5.2,19.3,1.8,4.8,6.2,35.5,2.0,7.7,3.78,Apartment,2864000.0,5,3602000.0,25.77
984.0,2.0,2.0,4.0,11.0,11.8,4.7,5.2,0.8,40.7,2.0,5.98,5.1,Apartment,2691000.0,1,2818000.0,4.72
2062.0,4.0,4.0,10.0,8.4,9.8,5.9,6.4,5.5,31.7,1.0,5.93,5.18,Independent House,10057000.0,1,10549000.0,4.89
863.0,1.0,1.0,14.0,5.1,10.7,8.4,4.4,2.6,34.2,,7.0,1.93,Flat,2584000.0,4,3020000.0,16.87
3886.0,6.0,4.0,14.0,6.4,13.6,3.2,4.3,3.1,33.5,3.0,4.15,5.17,Villa,13779000.0,5,16580000.0,20.33
2778.0,5.0,5.0,,1.9,9.6,3.4,4.6,4.5,29.6,3.0,6.97,3.28,Independent House,5893000.0,3,6516000.0,10.57
937.0,,3.0,3.0,5.6,11.3,2.5,5.6,6.2,29.0,2.0,6.2,4.6,Apartment,3298000.0,2,3729000.0,13.07
1755.0,3.0,3.0,7.0,4.5,18.0,6.8,7.4,7.6,35.9,2.0,7.02,2.33,Apartment,4239000.0,1,4471000.0,5.47
924.0,2.0,2.0,6.0,9.0,0.5,3.0,7.4,1.0,32.5,0.0,6.92,5.23,Apartment,6025000.0,3,7231000.0,20.02
870.0,2.0,2.0,11.0,2.2,20.0,6.1,4.9,2.9,32.9,1.0,7.0,,Apartment,1483000.0,4,1688000.0,13.82
1591.0,3.0,2.0,15.0,6.6,5.7,1.6,3.6,1.0,29.2,0.0,6.85,2.53,Apartment,4864000.0,2,5406000.0,11.14
2673.0,4.0,4.0,10.0,3.1,30.5,9.3,8.2,22.5,23.6,0.0,6.25,3.94,Apartment,4158000.0,2,4529000.0,8.92
1576.0,3.0,4.0,23.0,7.9,1.7,3.1,9.4,1.3,25.0,0.0,4.64,5.48,Apartment,7414000.0,3,8352000.0,12.65
686.0,2.0,2.0,8.0,10.0,9.7,3.2,,3.0,188.5,2.0,5.29,5.28,Apartment,4482000.0,3,5248000.0,17.09
940.0,2.0,2.0,3.0,7.3,12.8,7.3,9.4,4.0,36.7,0.0,3.71,1.82,Apartment,3763000.0,5,4670000.0,24.1
1794.0,3.0,2.0,6.0,6.5,13.9,3.8,5.1,2.1,18.5,3.0,6.3,2.33,Independent House,6771000.0,4,8020000.0,18.45
4301.0,6.0,4.0,9.0,8.2,6.5,1.6,4.7,1.5,,4.0,4.43,4.39,Villa ,27326000.0,5,35653000.0,30.47
853.0,2.0,1.0,7.0,8.0,10.4,0.9,6.5,1.6,23.7,0.0,6.35,2.66,Apartment,4061000.0,3,4712000.0,16.03
4127.0,6.0,5.0,10.0,7.4,11.3,13.6,5.3,2.1,21.8,3.0,7.49,8.31,Villa,17636000.0,4,22409000.0,27.06
1586.0,4.0,5.0,6.0,4.2,19.7,2.0,,4.4,36.6,3.0,5.62,3.99,Independent House,5310000.0,2,5783000.0,8.91
1515.0,4.0,4.0,12.0,2.4,11.1,6.8,2.5,10.7,,3.0,4.97,6.5,Independent House,2680000.0,4,3057000.0,14.07
1643.0,3.0,3.0,7.0,7.6,12.3,5.6,5.3,3.1,29.2,1.0,8.65,7.87,Independent House,5644000.0,3,7105000.0,25.89
1159.0,2.0,2.0,5.0,5.4,14.7,5.0,5.5,1.6,40.4,2.0,5.96,3.94,Apartment,3577000.0,4,4348000.0,21.55
1841.0,3.0,3.0,4.0,5.3,13.8,5.5,5.0,4.7,20.5,0.0,6.58,3.76,,5467000.0,2,5876000.0,7.48
2117.0,4.0,4.0,8.0,7.6,18.9,6.3,4.6,4.5,36.5,1.0,7.56,5.47,Independent House,6284000.0,5,8514000.0,35.49
1171.0,3.0,2.0,15.0,5.3,16.0,3.7,1.9,4.1,56.0,0.0,5.55,3.77,Apartment,2087000.0,5,2459000.0,17.82
865.0,2.0,3.0,21.0,6.0,11.9,1.7,5.7,3.2,36.2,0.0,5.63,3.44,Apartment,2502000.0,2,2746000.0,9.75
574.0,1.0,1.0,2.0,5.8,18.6,5.8,8.6,3.2,45.5,1.0,6.88,4.35,Apartment,1638000.0,1,1733000.0,5.8
3110.0,5.0,4.0,12.0,5.0,10.1,0.3,4.5,1.2,31.3,3.0,5.37,3.6,Independent House,12181000.0,2,13289000.0,9.1
1563.0,2.0,2.0,34.0,6.4,15.9,1.1,5.3,5.0,29.4,2.0,5.63,3.48,Apartment,3747000.0,1,3916000.0,4.51
2523.0,5.0,4.0,8.0,3.5,13.7,5.5,1.8,2.5,31.3,2.0,8.16,7.53,Independent House,5937000.0,1,6262000.0,5.47
3433.0,6.0,5.0,13.0,9.0,8.4,5.0,6.2,1.9,26.4,2.0,6.76,7.07,Villa,21677000.0,2,24433000.0,12.71
1671.0,4.0,4.0,21.0,2.9,11.2,1.6,7.4,3.3,47.2,0.0,5.36,0.05,Flat,3696000.0,4,4045000.0,9.44
1519.0,4.0,3.0,4.0,8.4,1.6,0.6,5.1,1.0,14.5,1.0,4.37,2.51,Apartment,8148000.0,1,8462000.0,3.85
3700.0,6.0,5.0,1.0,5.4,7.1,1.5,1.9,1.2,41.9,4.0,5.87,4.56,Villa,14740000.0,2,16181000.0,9.78
616.0,1.0,1.0,14.0,3.3,15.8,1.9,4.2,1.2,54.4,0.0,6.1,2.43,Apartment,1280000.0,1,1303000.0,1.8
970.0,2.0,2.0,31.0,3.6,21.1,5.0,4.6,6.0,37.1,1.0,5.48,5.91,Apartment,1503000.0,4,1724000.0,14.7
1320.0,3.0,3.0,1.0,5.5,17.3,7.9,3.1,4.6,27.1,1.0,4.26,2.98,Apartment,3212000.0,5,3679000.0,14.54
1062.0,1.0,1.0,6.0,7.1,6.4,4.6,2.9,1.0,25.5,0.0,5.38,3.75,Apartment,3409000.0,2,3677000.0,7.86
1502.0,3.0,3.0,13.0,4.5,13.3,5.9,4.3,1.8,41.6,1.0,5.5,2.65,Independent House,3507000.0,2,3752000.0,6.99
2243.0,5.0,5.0,17.0,5.7,10.7,2.9,4.2,1.5,37.0,2.0,4.0,2.59,Independent House,7601000.0,4,8853000.0,16.47
618.0,1.0,1.0,13.0,5.8,8.2,3.3,5.5,2.0,41.2,0.0,5.87,3.87,Apartment,1670000.0,1,1728000.0,3.47
936.0,1.0,1.0,8.0,6.4,14.0,7.4,3.1,2.6,39.0,0.0,5.53,4.17,Apartment,2078000.0,1,2166000.0,4.23
1693.0,3.0,2.0,,2.7,11.6,2.6,4.5,2.7,46.1,2.0,6.24,2.19,Apartment,3483000.0,1,3589000.0,3.04
730.0,1.0,1.0,3.0,6.9,10.8,4.6,5.2,,20.1,1.0,9.8,3.92,Apartment,2666000.0,3,3271000.0,22.69
503.0,2.0,3.0,13.0,7.6,5.7,0.3,3.3,3.2,33.1,1.0,6.36,2.12,Apartment,1851000.0,3,2062000.0,11.4
945.0,1.0,1.0,,5.7,15.1,1.8,7.3,1.0,35.4,2.0,7.07,1.64,Apartment,2595000.0,4,3149000.0,21.35
1251.0,2.0,1.0,24.0,5.8,5.9,8.2,4.6,1.4,25.2,1.0,5.46,1.01,Apartment,2814000.0,4,3171000.0,12.69
1372.0,3.0,3.0,22.0,6.9,11.4,0.7,8.5,3.8,22.1,2.0,4.42,2.59,Independent House,6431000.0,1,6668000.0,3.69
997.0,2.0,1.0,10.0,5.5,6.1,2.1,9.2,1.6,43.3,,3.89,1.57,Apartment,3497000.0,5,3784000.0,8.21
2526.0,5.0,5.0,37.0,4.6,27.8,21.4,4.2,3.2,,1.0,7.22,3.77,Apartment,2510000.0,3,2610000.0,3.98
919.0,2.0,2.0,2.0,4.8,14.7,4.2,3.6,2.5,39.8,0.0,7.11,2.11,Apartment,1920000.0,4,2375000.0,23.7
1174.0,2.0,2.0,16.0,6.4,20.1,6.1,6.2,1.0,12.4,3.0,5.11,5.22,Independent House,3766000.0,3,4363000.0,15.85
1886.0,4.0,4.0,24.0,3.1,18.5,4.6,3.3,3.8,33.5,,4.7,1.52,Independent House,4002000.0,1,4092000.0,2.25
2337.0,4.0,3.0,21.0,6.7,10.4,5.7,7.7,3.5,39.9,1.0,5.83,1.16,independent house,8493000.0,5,9536000.0,12.28
1088.0,2.0,2.0,4.0,8.0,15.1,0.8,5.5,5.2,26.5,1.0,6.61,4.42,Apartment,4912000.0,4,6149000.0,25.18
1096.0,2.0,1.0,,7.0,2.0,1.5,5.7,1.5,2.0,2.0,5.87,2.98,Apartment,4823000.0,5,6543000.0,35.66
3093.0,6.0,5.0,5.0,7.1,17.2,2.6,7.7,2.6,38.3,4.0,7.2,2.51,Villa,21877000.0,2,24106000.0,10.19
1242.0,2.0,2.0,8.0,6.8,7.1,1.3,7.3,2.1,22.5,3.0,4.93,2.38,Independent House,6758000.0,3,7829000.0,15.85
1102.0,2.0,3.0,4.0,10.0,1.7,1.0,6.0,,21.2,2.0,8.04,8.08,Apartment,8154000.0,1,8991000.0,10.26
2158.0,3.0,3.0,8.0,3.6,11.5,1.9,6.1,,46.0,1.0,6.29,2.25,Apartment,5047000.0,4,6023000.0,19.34
3231.0,5.0,3.0,18.0,3.3,19.0,2.2,2.8,7.8,39.7,2.0,7.76,5.02,Villa,8960000.0,2,9832000.0,9.73
1053.0,2.0,2.0,29.0,8.3,2.7,2.2,9.7,1.0,41.9,1.0,7.34,6.89,Apartment,4710000.0,2,5421000.0,15.1
1188.0,2.0,1.0,13.0,5.5,14.8,2.9,6.3,5.2,19.1,2.0,5.87,3.71,Apartment,3640000.0,4,4448000.0,22.2
1096.0,1.0,2.0,11.0,4.6,13.8,0.8,2.3,0.9,31.8,1.0,5.63,3.78,,2431000.0,3,2748000.0,13.04
1020.0,3.0,3.0,10.0,5.4,16.8,5.0,4.8,1.4,30.4,1.0,6.39,3.11,Apartment,2659000.0,3,2990000.0,12.45
951.0,2.0,2.0,8.0,5.3,13.7,4.6,5.9,2.3,36.2,1.0,4.66,1.93,Apartment,2673000.0,5,3259000.0,21.92
888.0,2.0,2.0,29.0,4.4,11.1,0.1,1.7,2.1,42.9,0.0,6.28,3.35,Apartment,1693000.0,5,1951000.0,15.24
648.0,2.0,2.0,21.0,5.0,18.7,17.3,5.3,3.9,30.3,1.0,5.2,0.73,Apartment,1118000.0,3,1141000.0,2.06
3190.0,6.0,5.0,3.0,8.2,10.4,3.6,6.3,2.4,33.2,3.0,7.7,6.18,Villa,22168000.0,4,29156000.0,31.52
1024.0,2.0,2.0,11.0,5.6,4.3,0.4,3.9,1.6,28.0,1.0,7.52,5.87,Apartment,4024000.0,4,5149000.0,27.96
1273.0,2.0,2.0,26.0,,14.6,6.4,,1.3,42.3,1.0,4.61,-0.31,Independent House,3112000.0,1,3135000.0,0.74
1409.0,2.0,2.0,5.0,7.2,5.4,1.4,7.1,0.7,,1.0,4.64,3.38,Independent House,6786000.0,5,8796000.0,29.62
1354.0,3.0,,8.0,7.2,13.2,6.8,6.8,5.4,24.8,2.0,7.0,2.42,Apartment,4980000.0,4,6046000.0,21.41
1431.0,1.0,1.0,8.0,5.6,17.8,5.3,7.1,3.3,15.7,0.0,4.85,4.49,Apartment,4784000.0,4,6025000.0,25.94
1128.0,3.0,3.0,9.0,3.8,22.9,4.0,3.9,2.3,31.4,0.0,4.41,2.36,Apartment,2114000.0,2,2270000.0,7.38
1778.0,3.0,3.0,24.0,4.0,13.1,7.1,6.2,0.6,41.9,0.0,6.77,3.79,Apartment,2905000.0,3,3255000.0,12.05
2450.0,4.0,3.0,15.0,4.4,11.2,6.4,5.0,1.3,33.6,3.0,5.93,3.02,Independent House,6500000.0,5,7744000.0,19.14
1525.0,2.0,2.0,2.0,9.3,2.0,2.5,4.6,1.8,34.0,2.0,8.86,2.85,Independent House,8239000.0,3,10267000.0,24.61
994.0,1.0,2.0,27.0,7.2,15.9,2.4,7.4,5.4,33.6,2.0,7.52,6.78,Independent House,2924000.0,1,3109000.0,6.33
1533.0,2.0,2.0,15.0,12.0,17.4,1.6,3.6,3.7,29.9,2.0,5.32,1.9,Independent House,4064000.0,1,4219000.0,3.81
934.0,1.0,1.0,22.0,5.8,5.9,2.4,3.2,1.5,39.4,2.0,7.15,2.96,Apartment,2288000.0,1,2388000.0,4.37
999.0,1.0,1.0,12.0,5.3,12.1,0.9,5.0,2.5,31.3,2.0,8.36,9.36,Apartment,3167000.0,5,4495000.0,41.93
1867.0,3.0,3.0,11.0,6.6,0.5,2.7,5.3,0.6,30.6,3.0,6.09,4.98,,8568000.0,1,9053000.0,5.66
1078.0,1.0,1.0,30.0,8.3,12.1,3.7,8.7,3.3,21.3,2.0,6.58,6.93,Apartment,4096000.0,3,5039000.0,23.02
1866.0,2.0,2.0,11.0,6.1,13.9,11.3,4.0,,27.8,2.0,5.82,4.88,Villa,5526000.0,3,6133000.0,10.98
2744.0,6.0,5.0,10.0,9.4,5.6,3.4,5.4,1.1,25.8,2.0,4.6,4.54,Villa,19591000.0,1,20564000.0,4.97
1159.0,3.0,2.0,15.0,6.6,7.7,3.1,3.8,1.5,27.4,2.0,,2.4,Apartment,3325000.0,1,3461000.0,4.09
925.0,2.0,2.0,6.0,9.7,3.5,,8.1,2.3,12.9,1.0,5.54,6.2,Apartment,6594000.0,2,7565000.0,14.73
1417.0,4.0,3.0,8.0,3.9,16.5,11.1,5.4,5.4,36.9,0.0,6.83,-0.23,Apartment,2648000.0,4,3032000.0,14.5
1114.0,2.0,2.0,13.0,,9.9,4.5,5.6,3.6,49.3,0.0,4.84,3.48,Apartment,2326000.0,4,2656000.0,14.19
1046.0,2.0,2.0,11.0,4.5,21.6,6.1,4.7,6.6,31.7,1.0,4.76,1.65,Apartment,2232000.0,4,2370000.0,6.18
1487.0,2.0,2.0,,10.0,8.0,1.5,5.3,5.5,26.7,1.0,9.02,7.46,Apartment,8253000.0,4,11538000.0,39.8
2034.0,4.0,4.0,10.0,6.5,6.8,3.6,7.0,0.9,19.2,2.0,6.48,6.25,Independent House,9953000.0,5,13049000.0,31.11
2073.0,4.0,4.0,11.0,4.3,15.0,4.3,4.9,2.9,23.0,2.0,5.8,7.51,Independent House,5525000.0,3,6571000.0,18.93
2230.0,5.0,4.0,9.0,2.3,20.7,7.2,5.9,5.1,28.7,2.0,4.23,-3.0,Apartment,4010000.0,3,4047000.0,0.92
1185.0,1.0,2.0,31.0,8.2,7.7,2.5,7.6,,31.7,2.0,6.73,6.32,Apartment,4590000.0,4,5670000.0,23.53
1009.0,3.0,3.0,9.0,7.7,5.2,2.4,4.9,3.2,54.6,0.0,4.58,4.62,Apartment,3090000.0,5,3889000.0,25.86
4132.0,6.0,5.0,9.0,6.6,2.4,3.7,7.3,1.6,27.3,2.0,5.63,2.87,Villa,25421000.0,1,26539000.0,4.4
1593.0,3.0,3.0,7.0,7.7,4.8,1.2,6.1,2.6,20.7,0.0,4.91,3.93,Apartment,7290000.0,2,7993000.0,9.64
863.0,2.0,,14.0,5.7,13.9,3.1,4.8,2.9,26.7,2.0,5.64,1.78,Apartment,2598000.0,1,2689000.0,3.5
1883.0,3.0,2.0,5.0,9.7,0.5,0.6,5.2,0.6,26.9,1.0,5.79,5.07,Apartment,11481000.0,2,12619000.0,9.91
1337.0,3.0,3.0,11.0,6.5,14.4,4.4,4.7,6.8,40.6,0.0,6.13,4.55,Apartment,3684000.0,3,4228000.0,14.77
1726.0,3.0,3.0,22.0,10.0,0.5,0.1,7.1,2.6,19.2,1.0,5.26,3.28,Apartment,9996000.0,3,11871000.0,18.76
1272.0,2.0,1.0,6.0,6.0,18.4,2.1,5.7,1.4,23.3,2.0,7.42,4.62,Independent House,4578000.0,5,6510000.0,42.2
2091.0,4.0,4.0,22.0,6.7,8.4,2.4,5.3,,32.1,2.0,7.92,5.49,Independent House,7910000.0,1,8433000.0,6.61
1201.0,2.0,1.0,22.0,5.7,9.9,0.9,8.1,2.9,42.3,0.0,6.4,8.23,Apartment,3387000.0,5,4384000.0,29.44
1727.0,2.0,2.0,11.0,7.7,2.1,3.0,5.4,0.7,26.9,1.0,5.43,3.56,Independent House,8734000.0,3,10552000.0,20.82
3688.0,5.0,5.0,5.0,3.8,20.5,7.8,4.1,9.2,33.8,3.0,7.18,3.94,Villa,9661000.0,4,11630000.0,20.38
911.0,2.0,2.0,32.0,4.6,11.3,8.8,2.0,1.0,22.8,0.0,7.43,2.39,Apartment,1731000.0,4,1988000.0,14.85
1635.0,4.0,3.0,17.0,4.8,7.1,3.2,6.3,0.8,,0.0,4.77,2.88,Apartment,4770000.0,2,5098000.0,6.88
1234.0,3.0,2.0,13.0,6.4,2.2,0.3,6.8,1.3,20.2,2.0,7.29,4.33,Apartment,5951000.0,3,7284000.0,22.4
2147.0,3.0,3.0,15.0,1.0,21.2,10.2,6.2,,41.1,2.0,5.15,0.27,Independent House,2745000.0,4,3053000.0,11.22
1207.0,2.0,2.0,28.0,3.8,19.0,5.5,3.8,7.9,,3.0,10.0,8.17,Independent House,2441000.0,3,2811000.0,15.16
730.0,1.0,1.0,20.0,4.1,14.7,10.7,2.8,1.4,41.0,1.0,6.59,0.91,Apartment,1077000.0,3,1151000.0,6.87
1519.0,3.0,2.0,19.0,5.5,0.5,1.5,8.3,0.5,18.3,0.0,6.44,5.57,Apartment,8275000.0,1,8704000.0,5.18
862.0,2.0,1.0,18.0,7.3,17.7,2.1,8.5,0.8,16.6,2.0,7.42,,Apartment,3865000.0,2,4374000.0,13.17
1244.0,3.0,2.0,4.0,7.7,7.0,3.0,7.1,1.5,30.4,0.0,3.45,5.29,Apartment,4901000.0,1,5130000.0,4.67
1050.0,1.0,1.0,10.0,3.6,17.4,5.1,6.6,4.0,32.4,0.0,6.07,5.16,Apartment,2441000.0,5,2903000.0,18.93
1190.0,2.0,1.0,23.0,4.3,9.3,2.0,4.9,5.1,36.1,2.0,5.19,3.84,Apartment,2544000.0,4,2894000.0,13.76
1308.0,3.0,3.0,13.0,8.6,3.3,0.8,8.3,1.4,37.6,2.0,7.95,5.15,Independent House,9488000.0,2,10913000.0,15.02
1184.0,3.0,2.0,,7.2,7.4,3.9,9.4,2.4,28.8,0.0,6.52,5.02,Apartment,5315000.0,3,6294000.0,18.42
1328.0,3.0,2.0,29.0,3.9,13.8,7.8,5.8,0.9,55.7,1.0,3.05,1.4,Apartment,2243000.0,1,2236000.0,-0.31
1086.0,3.0,3.0,12.0,6.0,18.1,,6.9,7.1,30.1,3.0,4.72,4.24,Independent House,3599000.0,1,3704000.0,2.92
1268.0,2.0,2.0,7.0,4.4,16.4,4.8,5.4,9.2,48.9,3.0,3.94,4.67,Independent House,2798000.0,3,3203000.0,14.47
1152.0,1.0,2.0,7.0,6.7,10.5,5.3,7.1,3.2,44.1,0.0,8.0,3.1,Apartment,3368000.0,4,4312000.0,28.03
1777.0,3.0,3.0,5.0,5.2,18.6,0.3,6.3,8.0,34.1,2.0,5.25,2.35,Independent House,5811000.0,2,6370000.0,9.62
1933.0,4.0,3.0,15.0,9.9,5.5,0.9,7.1,5.3,16.3,3.0,4.41,6.42,Independent House,16280000.0,1,17264000.0,6.04
526.0,1.0,2.0,9.0,8.2,8.6,6.2,6.2,1.4,,2.0,3.9,2.39,Apartment,2473000.0,5,3103000.0,25.48
1156.0,2.0,2.0,9.0,6.2,18.0,0.9,5.2,3.1,38.8,0.0,5.64,3.59,Apartment,3461000.0,2,3658000.0,5.69
1844.0,,3.0,4.0,7.1,17.7,5.8,4.9,2.8,20.1,1.0,7.31,6.58,Independent House,6970000.0,1,7431000.0,6.61
1351.0,3.0,2.0,2.0,4.9,14.3,5.4,,3.1,18.9,0.0,6.02,5.42,Apartment,3852000.0,3,4413000.0,14.56
1255.0,1.0,1.0,6.0,9.3,5.1,0.8,6.2,1.2,15.0,1.0,6.13,6.56,Apartment,7463000.0,1,8070000.0,8.13
1080.0,2.0,2.0,27.0,5.0,5.0,0.2,6.1,1.3,37.3,1.0,6.71,4.07,Apartment,2859000.0,3,3232000.0,13.05
1784.0,3.0,3.0,8.0,5.1,9.7,6.0,3.4,3.7,33.7,2.0,5.19,2.96,Apartment,4565000.0,3,4896000.0,7.25
1169.0,2.0,2.0,4.0,7.4,0.5,1.1,6.4,1.8,24.3,1.0,6.56,7.41,Independent House,6965000.0,4,9522000.0,36.71
805.0,1.0,1.0,2.0,5.5,10.2,5.4,5.2,1.3,41.4,1.0,7.34,0.98,Apartment,2251000.0,3,2552000.0,13.37
722.0,1.0,1.0,13.0,8.4,3.5,1.1,7.2,2.2,30.7,0.0,5.07,3.33,Apartment,3520000.0,3,4071000.0,15.65
1139.0,1.0,1.0,15.0,6.7,2.3,0.4,6.2,2.2,35.1,1.0,5.6,7.08,Apartment,4351000.0,1,4685000.0,7.68
1123.0,3.0,3.0,8.0,8.5,14.2,7.0,7.0,3.6,,0.0,6.5,8.94,Apartment,4515000.0,4,5859000.0,29.77
898.0,2.0,2.0,12.0,7.3,7.4,3.0,8.0,1.7,25.1,2.0,3.73,3.08,Apartment,4786000.0,2,5129000.0,7.17
1129.0,1.0,1.0,14.0,4.6,14.9,9.5,3.6,3.6,51.4,1.0,6.45,1.24,Apartment,1826000.0,1,1881000.0,3.01
948.0,2.0,2.0,17.0,6.0,29.0,5.1,7.0,4.2,27.4,1.0,6.17,5.27,Apartment,2165000.0,3,2473000.0,14.23
1085.0,2.0,3.0,9.0,7.4,3.8,0.9,7.9,1.2,31.8,0.0,6.54,5.32,Apartment,6136000.0,3,7679000.0,25.15
911.0,2.0,1.0,15.0,6.0,11.7,5.0,4.5,,31.9,1.0,7.01,4.77,Apartment,2799000.0,1,2973000.0,6.22
2210.0,4.0,4.0,9.0,3.3,22.3,5.7,8.4,1.4,43.2,2.0,5.38,1.44,Independent House,5942000.0,2,6368000.0,7.17
841.0,1.0,,17.0,,19.7,6.0,4.4,1.4,46.9,0.0,6.35,2.39,Apartment,1141000.0,3,1231000.0,7.89
1302.0,3.0,2.0,2.0,6.8,11.2,1.5,5.9,0.9,31.4,2.0,7.3,5.56,Apartment,5350000.0,2,6036000.0,12.82
4659.0,6.0,5.0,17.0,2.9,17.7,3.5,4.2,1.1,38.8,4.0,5.55,1.38,Villa,13515000.0,4,15163000.0,12.19
978.0,2.0,2.0,23.0,5.3,13.3,2.9,5.4,0.9,34.7,1.0,5.2,1.19,APARTMENT,2236000.0,3,2557000.0,14.36
1676.0,3.0,3.0,4.0,3.7,14.4,4.4,2.5,3.5,33.5,2.0,6.36,4.95,Independent House,4202000.0,2,4474000.0,6.47
1090.0,2.0,2.0,15.0,,3.8,4.2,7.1,0.5,17.3,1.0,6.53,,Independent House,4816000.0,4,6282000.0,30.44
1094.0,2.0,2.0,,2.3,17.7,2.2,4.8,2.6,55.4,0.0,5.91,5.18,Apartment,1604000.0,1,1652000.0,2.99
891.0,1.0,2.0,14.0,9.4,2.9,1.7,5.9,0.7,14.7,0.0,8.38,6.95,Apartment,4934000.0,1,5358000.0,8.59
1010.0,2.0,2.0,20.0,4.0,10.5,4.4,6.1,0.9,,1.0,4.5,1.63,Apartment,2400000.0,5,2785000.0,16.04
,2.0,2.0,2.0,3.4,11.4,2.2,5.2,4.3,56.2,2.0,8.81,5.78,Independent House,2962000.0,2,3303000.0,11.51
969.0,1.0,2.0,11.0,6.8,5.7,1.6,5.6,1.8,18.5,1.0,2.75,3.31,Apartment,3698000.0,5,4303000.0,16.36
788.0,2.0,2.0,20.0,7.5,18.5,11.3,5.2,9.9,26.9,2.0,6.88,5.01,Apartment,1848000.0,2,1985000.0,7.41
1474.0,3.0,3.0,6.0,8.2,0.5,1.3,6.7,0.5,11.2,2.0,7.58,7.0,Independent House,11714000.0,5,17805000.0,52.0
1331.0,2.0,2.0,12.0,6.9,1.5,0.7,5.8,0.6,39.6,2.0,6.61,6.7,Apartment,5758000.0,1,6055000.0,5.16
1017.0,1.0,2.0,13.0,5.8,5.3,2.9,6.9,0.5,32.8,1.0,4.49,3.72,Apartment,3585000.0,4,4351000.0,21.37
3361.0,6.0,6.0,21.0,8.0,3.2,0.6,8.8,0.6,5.4,4.0,8.08,8.27,Villa,36520000.0,3,47591000.0,30.31
1598.0,2.0,3.0,15.0,6.6,4.7,0.4,6.7,3.9,42.4,1.0,7.1,7.95,Apartment,6558000.0,3,7979000.0,21.67
1873.0,2.0,2.0,16.0,4.4,15.6,5.7,5.6,6.6,34.9,,5.89,8.98,Independent House,4265000.0,4,5149000.0,20.73
779.0,2.0,1.0,15.0,2.1,17.2,4.2,7.0,2.1,49.6,2.0,3.27,1.67,Apartment,1193000.0,3,1252000.0,4.95
1383.0,1.0,1.0,6.0,5.8,15.5,3.0,6.6,6.4,11.7,1.0,4.56,3.24,Apartment,3909000.0,5,4862000.0,24.38
942.0,3.0,2.0,2.0,1.2,,7.9,5.5,2.1,35.7,0.0,4.92,-1.29,Apartment,1530000.0,5,1721000.0,12.48
963.0,2.0,2.0,11.0,5.6,7.3,4.2,6.7,6.6,135.1,2.0,7.05,3.45,Apartment,4071000.0,2,4594000.0,12.85
1320.0,1.0,1.0,6.0,5.5,11.7,4.7,4.3,4.8,35.6,0.0,9.11,7.7,Apartment,3297000.0,5,4739000.0,43.74
935.0,2.0,2.0,17.0,4.8,5.4,3.8,7.1,3.5,41.8,2.0,7.34,6.71,Apartment,2486000.0,5,3103000.0,24.82
1626.0,4.0,4.0,3.0,7.3,8.4,4.7,7.6,2.5,29.5,2.0,7.62,4.08,Apartment,7551000.0,4,9546000.0,26.42
1275.0,2.0,2.0,6.0,6.0,12.7,3.9,2.7,2.3,25.8,1.0,3.29,2.88,Apartment,3565000.0,5,4132000.0,15.9
1235.0,2.0,2.0,21.0,5.7,4.1,0.5,,1.8,26.0,2.0,4.93,4.93,Apt,4368000.0,5,5728000.0,31.14
1011.0,2.0,2.0,12.0,5.5,18.6,7.7,4.4,5.0,24.9,3.0,6.95,5.57,Independent House,2692000.0,3,3097000.0,15.04
1254.0,2.0,2.0,12.0,7.0,9.6,3.5,,1.2,35.2,2.0,5.22,2.59,Apartment,4149000.0,5,5279000.0,27.24
4209.0,6.0,5.0,15.0,4.7,23.2,3.9,3.4,1.6,49.2,3.0,5.66,5.79,Villa,12826000.0,3,13808000.0,7.66
1160.0,2.0,1.0,17.0,4.7,17.2,2.8,7.4,4.6,56.5,2.0,4.79,,Apartment,2665000.0,5,2930000.0,9.94
2019.0,3.0,2.0,,4.0,18.7,5.6,1.2,2.4,19.5,3.0,5.41,4.32,Independent House,4112000.0,1,4251000.0,3.38
1885.0,4.0,4.0,25.0,6.1,7.3,8.6,6.1,1.9,18.1,2.0,4.65,2.1,Independent House,5284000.0,4,6143000.0,16.26
1592.0,4.0,4.0,14.0,5.8,0.8,0.1,5.2,2.3,37.3,3.0,5.2,6.88,Independent House,6695000.0,4,8249000.0,23.21
6247.0,2.0,1.0,9.0,4.4,11.5,1.4,3.8,0.6,37.4,2.0,6.78,2.3,Apartment,2866000.0,3,3246000.0,13.26
1107.0,3.0,3.0,46.0,2.4,18.4,1.3,1.1,4.8,40.0,0.0,6.36,3.24,Apartment,1483000.0,2,1597000.0,7.69
2348.0,4.0,3.0,5.0,5.9,11.2,3.0,5.0,1.6,22.5,1.0,4.94,4.59,Independent House,8249000.0,4,9344000.0,13.27
1360.0,3.0,3.0,3.0,5.9,11.8,1.4,4.5,2.1,34.5,2.0,6.43,5.14,Apartment,4922000.0,2,5434000.0,10.4
1671.0,4.0,3.0,16.0,5.8,8.3,5.3,3.9,2.1,41.0,2.0,6.37,5.11,Apartment,4528000.0,1,4809000.0,6.21
1811.0,4.0,3.0,5.0,3.3,15.3,1.3,5.2,2.5,44.4,2.0,3.42,0.98,House,4562000.0,3,4904000.0,7.5
2113.0,3.0,2.0,6.0,5.3,8.0,0.5,3.2,1.1,20.3,3.0,5.13,4.31,Villa,10648000.0,5,13633000.0,28.03
2058.0,4.0,4.0,7.0,6.4,7.8,1.9,6.7,3.6,19.0,3.0,7.42,3.08,Independent House,11945000.0,4,14651000.0,22.65
2321.0,4.0,3.0,9.0,8.8,7.3,0.2,3.2,1.0,26.3,2.0,4.93,7.07,Villa,15039000.0,3,17492000.0,16.31
936.0,2.0,2.0,5.0,9.7,10.4,6.8,6.3,0.9,24.9,0.0,6.76,4.88,Apartment,4891000.0,4,6439000.0,31.65
1209.0,2.0,3.0,,5.9,9.8,3.5,6.0,8.1,33.5,0.0,5.65,5.74,Apartment,3513000.0,3,4038000.0,14.94
907.0,1.0,1.0,2.0,8.4,6.0,3.6,5.4,1.6,24.7,2.0,4.32,5.17,Apartment,4011000.0,5,5226000.0,30.29
1060.0,1.0,1.0,27.0,6.3,7.1,3.2,1.8,3.1,28.2,1.0,6.32,5.11,Apartment,2733000.0,4,3246000.0,18.77
872.0,2.0,2.0,30.0,6.5,9.5,0.9,,1.0,31.4,0.0,8.13,7.22,Flat,2401000.0,5,3429000.0,42.82
1011.0,3.0,4.0,,6.2,17.6,2.4,6.3,1.3,35.9,2.0,4.53,4.72,Apartment,3609000.0,5,4440000.0,23.03
1173.0,2.0,2.0,22.0,1.7,28.0,5.2,3.9,3.7,40.0,3.0,3.24,-1.38,Independent House,1752000.0,1,1747000.0,-0.29
1751.0,2.0,,5.0,5.9,5.1,3.0,6.4,4.1,36.9,0.0,4.84,1.6,Apartment,5111000.0,5,5888000.0,15.2
1223.0,2.0,2.0,12.0,3.5,14.5,2.6,5.4,2.8,,0.0,4.41,-0.22,Apartment,2447000.0,3,2605000.0,6.46
584.0,2.0,2.0,17.0,5.0,13.7,,6.7,,32.2,1.0,5.3,3.97,Apartment,1287000.0,5,1533000.0,19.11
729.0,1.0,2.0,7.0,7.4,13.0,1.0,5.3,9.3,27.3,2.0,5.93,6.04,Apartment,2410000.0,4,2942000.0,22.07
1401.0,2.0,2.0,13.0,8.4,1.3,0.6,6.0,1.7,15.5,3.0,4.34,5.64,Independent House,8485000.0,1,8954000.0,5.53
1023.0,2.0,2.0,14.0,7.8,6.8,0.5,7.4,2.7,24.1,1.0,7.31,6.05,Apartment,5536000.0,5,7779000.0,40.52
3501.0,1.0,1.0,5.0,4.5,7.5,1.5,3.3,1.3,41.3,0.0,6.28,1.9,Apartment,1600000.0,1,1671000.0,4.44
1535.0,4.0,4.0,6.0,5.6,11.7,2.1,4.9,2.1,28.9,3.0,6.3,1.81,Independent House,6506000.0,1,6742000.0,3.63
1036.0,2.0,2.0,21.0,4.9,9.2,1.3,7.2,2.3,23.6,1.0,6.38,1.42,Apartment,3126000.0,1,3263000.0,4.38
1197.0,3.0,2.0,12.0,4.8,7.7,2.7,6.5,0.8,24.4,0.0,7.35,1.31,Apartment,3209000.0,5,4142000.0,29.07
855.0,1.0,1.0,35.0,5.2,25.7,7.8,5.0,0.7,34.7,2.0,6.91,3.46,Apartment,1237000.0,5,1434000.0,15.93
1767.0,3.0,4.0,21.0,,14.8,5.8,5.5,2.0,32.2,0.0,5.36,6.54,APARTMENT,4418000.0,4,5125000.0,16.0
1177.0,2.0,2.0,18.0,8.1,6.4,1.5,7.6,5.7,28.2,0.0,6.91,6.82,Apartment,5374000.0,1,5635000.0,4.86
4569.0,6.0,5.0,17.0,8.5,2.1,1.5,6.6,2.0,25.8,2.0,7.56,7.26,Villa,32070000.0,5,46802000.0,45.94
1268.0,3.0,3.0,35.0,5.6,14.7,3.6,7.0,4.0,37.6,2.0,4.79,3.21,Apartment,3037000.0,5,3576000.0,17.75
1365.0,3.0,3.0,4.0,7.3,9.1,9.7,7.4,6.2,36.0,2.0,7.29,6.97,Independent House,5557000.0,3,6963000.0,25.3
912.0,3.0,2.0,5.0,9.7,5.1,0.5,7.5,1.2,19.7,0.0,8.56,8.15,Apartment,6805000.0,2,8245000.0,21.16
1654.0,3.0,2.0,17.0,6.8,8.1,4.9,5.8,4.8,29.2,1.0,6.68,1.94,Independent House,5827000.0,4,6508000.0,11.69
2860.0,,5.0,14.0,4.5,9.7,1.0,7.3,2.7,44.1,4.0,3.59,5.71,,12401000.0,1,12821000.0,3.39
,6.0,6.0,9.0,6.5,5.4,0.7,3.8,3.0,21.0,3.0,5.82,4.2,Villa,13355000.0,2,15027000.0,12.52
1564.0,2.0,3.0,18.0,7.0,8.3,2.6,7.5,2.2,21.0,1.0,7.8,4.54,Apartment,6157000.0,3,7505000.0,21.89
1045.0,3.0,4.0,23.0,7.8,1.3,0.8,6.9,0.5,28.6,2.0,4.79,6.03,Apartment,5322000.0,2,5871000.0,10.32
1200.0,2.0,2.0,20.0,7.3,0.5,1.0,5.4,0.4,21.5,0.0,4.16,3.35,Apartment,4947000.0,5,6268000.0,26.7
1776.0,2.0,2.0,12.0,8.6,1.6,0.7,7.1,1.4,,0.0,4.91,4.45,Flat,11486000.0,2,12913000.0,12.42
1107.0,1.0,1.0,19.0,5.1,15.8,9.2,7.9,3.4,37.3,0.0,5.25,1.74,Apartment,2501000.0,1,2584000.0,3.32
1259.0,3.0,2.0,22.0,5.3,9.8,3.3,5.5,5.3,36.8,0.0,4.66,0.8,Apartment,3265000.0,1,3329000.0,1.96
1029.0,2.0,1.0,11.0,7.9,2.5,0.8,6.5,2.4,28.5,0.0,4.96,,Apartment,4539000.0,5,5648000.0,24.43
955.0,2.0,3.0,15.0,7.0,5.6,1.8,5.1,1.5,21.1,2.0,5.31,5.93,Apartment,3940000.0,2,4318000.0,9.59
2468.0,4.0,4.0,8.0,6.8,0.5,3.0,7.1,0.9,18.4,1.0,6.12,2.36,Independent House,13540000.0,4,15608000.0,15.27
817.0,2.0,2.0,14.0,7.8,12.6,3.6,7.0,2.3,30.6,1.0,5.56,7.3,Apartment,2819000.0,3,3264000.0,15.79
1897.0,,4.0,11.0,5.3,12.4,3.4,6.3,3.7,20.2,2.0,6.62,3.05,villa,8216000.0,5,11124000.0,35.39
1263.0,2.0,2.0,18.0,8.8,4.5,2.1,9.7,0.9,45.6,0.0,6.12,-1.46,Apartment,7829000.0,5,9926000.0,26.79
1225.0,3.0,3.0,9.0,4.8,8.2,2.3,4.8,1.2,33.4,1.0,5.61,3.4,Apartment,3493000.0,3,3988000.0,14.17
1431.0,2.0,2.0,7.0,7.1,10.7,,5.3,2.6,28.8,1.0,5.63,7.38,Apartment,4795000.0,4,6008000.0,25.3
1234.0,3.0,3.0,8.0,6.1,7.3,1.1,5.6,3.7,36.6,0.0,,3.79,Apartment,3772000.0,4,4780000.0,26.72
858.0,1.0,1.0,6.0,5.7,14.3,5.9,6.4,2.3,,2.0,6.59,6.76,Apartment,2652000.0,5,3582000.0,35.07
1512.0,3.0,3.0,15.0,4.2,17.5,6.3,6.7,2.3,32.8,2.0,5.65,3.12,Independent House,3915000.0,5,4587000.0,17.16
1632.0,2.0,2.0,6.0,5.2,15.4,7.6,5.0,1.7,25.4,0.0,6.19,3.26,Apartment,4635000.0,3,5508000.0,18.83
1579.0,3.0,2.0,14.0,5.6,10.1,1.8,4.0,4.7,23.9,2.0,4.61,4.33,Independent House,4645000.0,1,4821000.0,3.79
1586.0,2.0,2.0,1.0,4.4,17.9,6.0,4.7,2.8,37.1,0.0,3.34,1.72,Apartment,3472000.0,3,3747000.0,7.92
1555.0,3.0,3.0,10.0,10.0,3.9,2.9,7.9,1.1,28.1,,7.39,5.3,Flat,10870000.0,2,12721000.0,17.03
1128.0,1.0,1.0,16.0,4.0,24.2,4.4,2.7,1.5,43.0,2.0,5.11,4.44,Apartment,1665000.0,3,1874000.0,12.55
1454.0,3.0,3.0,24.0,8.5,7.7,1.7,4.8,4.3,34.0,1.0,7.99,8.42,Apartment,5412000.0,5,7466000.0,37.95
1312.0,3.0,2.0,17.0,8.8,8.6,0.7,6.9,5.4,46.4,2.0,7.21,,Apartment,6561000.0,3,7819000.0,19.17
949.0,1.0,1.0,19.0,6.1,1.0,0.6,,1.8,20.0,0.0,6.2,4.02,Apartment,3555000.0,4,4449000.0,25.15
1054.0,1.0,1.0,16.0,3.4,18.3,9.6,6.0,7.3,53.6,1.0,6.25,0.09,Apartment,1753000.0,3,1898000.0,8.27
1316.0,3.0,3.0,3.0,3.4,18.6,4.1,3.9,1.7,28.0,0.0,6.13,3.66,Apartment,3102000.0,2,3427000.0,10.48
1016.0,1.0,1.0,6.0,8.5,10.7,5.0,5.9,4.3,42.9,2.0,5.79,2.55,Apartment,4284000.0,3,4982000.0,16.29
774.0,2.0,3.0,37.0,4.6,14.5,3.3,3.6,2.7,33.1,2.0,5.3,2.76,Apartment,1712000.0,1,1756000.0,2.57
1399.0,2.0,1.0,13.0,5.8,11.3,7.0,5.7,14.5,47.8,3.0,5.07,1.28,Independent House,3321000.0,5,3832000.0,15.39
1594.0,2.0,2.0,21.0,6.0,11.1,1.1,5.7,2.4,20.0,3.0,7.04,3.49,Independent House,5928000.0,4,7643000.0,28.93
3880.0,6.0,5.0,14.0,5.7,15.5,4.9,6.5,0.8,32.3,2.0,4.98,3.62,Villa ,17051000.0,3,19203000.0,12.62
2487.0,5.0,4.0,11.0,8.7,2.4,3.0,7.9,4.0,32.7,2.0,6.89,6.12,Independent House,16910000.0,3,20846000.0,23.28
1244.0,3.0,2.0,12.0,6.9,4.6,0.2,7.3,0.7,33.6,2.0,6.34,5.93,Apartment,5617000.0,3,6722000.0,19.67
1213.0,2.0,1.0,20.0,8.6,3.6,2.4,3.8,1.1,21.0,2.0,4.26,4.77,Apartment,4460000.0,4,5167000.0,15.85
1763.0,3.0,2.0,5.0,7.1,10.6,2.1,6.0,2.3,22.0,2.0,5.5,3.56,Apartment,7946000.0,3,9117000.0,14.74
652.0,1.0,1.0,6.0,6.6,16.8,2.3,2.0,3.5,14.6,0.0,6.32,5.43,Apartment,1884000.0,3,2154000.0,14.33
687.0,1.0,1.0,7.0,5.2,14.2,5.1,3.0,0.6,25.6,2.0,3.97,6.77,Apartment,1686000.0,5,2097000.0,24.38
659.0,2.0,3.0,19.0,5.3,11.1,9.4,7.2,1.8,37.6,0.0,4.63,6.3,Apartment,1377000.0,2,1506000.0,9.37
1230.0,2.0,3.0,10.0,4.0,7.6,5.9,5.2,1.6,37.0,2.0,4.98,4.75,Apartment,2974000.0,1,3068000.0,3.16
1247.0,2.0,2.0,15.0,8.5,0.5,1.3,5.9,1.0,40.6,1.0,8.01,7.91,Apartment,6295000.0,4,8267000.0,31.33
2330.0,3.0,3.0,16.0,7.3,7.8,3.5,5.7,3.0,34.4,0.0,5.84,4.45,Apartment,7958000.0,2,8714000.0,9.5
869.0,2.0,2.0,1.0,5.8,14.9,6.4,5.4,1.1,19.6,2.0,5.94,2.57,Apartment,2709000.0,1,2839000.0,4.8
2046.0,4.0,4.0,21.0,7.2,10.9,5.7,6.9,2.0,,2.0,6.99,6.85,Villa,10350000.0,2,11827000.0,14.27
1535.0,2.0,2.0,10.0,3.4,14.3,3.9,5.0,3.3,34.3,0.0,4.84,2.7,Apartment,3265000.0,5,3961000.0,21.32
2258.0,5.0,4.0,11.0,4.5,21.1,17.1,5.1,1.6,34.8,3.0,6.2,3.45,Independent House,4506000.0,3,4740000.0,5.19
1289.0,2.0,2.0,4.0,8.0,7.8,4.1,6.3,4.3,20.9,3.0,9.49,10.2,Independent House,6745000.0,2,7979000.0,18.3
1817.0,4.0,3.0,3.0,10.0,3.4,0.5,6.2,3.4,27.1,2.0,5.5,5.36,Independent House,14233000.0,1,15058000.0,5.8
1395.0,3.0,3.0,10.0,5.5,11.1,4.8,5.3,3.0,36.7,2.0,2.97,2.99,Apartment,4039000.0,4,4471000.0,10.7
751.0,1.0,2.0,5.0,5.7,19.8,6.5,5.6,3.6,31.9,2.0,7.26,5.66,Apartment,2227000.0,4,2730000.0,22.59
1042.0,2.0,2.0,18.0,7.1,16.2,1.9,7.1,2.0,17.9,1.0,4.97,,Apartment,4002000.0,5,5266000.0,31.58
872.0,2.0,1.0,8.0,5.8,8.0,2.0,2.5,5.1,14.9,1.0,5.33,5.85,Apartment,2873000.0,4,3345000.0,16.43
1343.0,2.0,2.0,3.0,7.9,12.0,1.2,6.2,2.8,24.7,2.0,5.48,4.29,Apartment,6531000.0,2,7282000.0,11.5
1351.0,2.0,2.0,4.0,3.6,25.3,1.8,4.7,9.4,50.6,1.0,4.85,4.97,Apartment,2587000.0,1,2642000.0,2.13
1244.0,3.0,3.0,15.0,6.0,11.1,2.7,4.7,2.0,26.1,2.0,3.3,3.75,Apartment,4127000.0,5,4852000.0,17.57
1120.0,1.0,1.0,1.0,6.1,8.5,5.3,6.2,1.7,26.7,1.0,8.14,3.74,Apartment,3710000.0,4,4698000.0,26.63
2215.0,4.0,4.0,5.0,4.6,14.1,9.2,3.8,0.6,16.0,2.0,3.32,1.42,Independent House,6033000.0,4,6279000.0,4.08
1101.0,2.0,3.0,7.0,4.7,8.8,12.4,5.0,,38.2,2.0,5.67,1.14,House,2607000.0,5,2991000.0,14.73
1942.0,2.0,2.0,8.0,5.9,13.4,1.4,5.2,1.9,31.5,1.0,6.55,4.82,Independent House,6517000.0,4,8048000.0,23.49
2197.0,3.0,3.0,13.0,2.4,20.3,12.5,2.1,7.0,29.2,3.0,7.64,4.13,Villa,4390000.0,5,5402000.0,23.05
2515.0,4.0,5.0,23.0,9.1,12.0,0.2,5.2,1.4,,3.0,5.0,7.08,Villa,14903000.0,1,15620000.0,4.81
2135.0,4.0,3.0,5.0,,7.7,5.7,5.5,0.6,50.0,2.0,7.07,4.95,Independent House,6880000.0,1,7327000.0,6.5
1917.0,3.0,2.0,4.0,10.0,5.3,0.6,7.6,1.4,12.9,3.0,5.01,3.83,Independent House,14077000.0,1,14997000.0,6.54
1857.0,5.0,4.0,18.0,5.9,13.2,1.0,3.6,2.4,36.1,2.0,6.8,8.13,Apartment,5526000.0,1,5886000.0,6.51
1527.0,3.0,3.0,15.0,6.4,15.0,1.8,3.1,10.6,28.0,0.0,7.3,3.35,Apartment,3904000.0,5,4953000.0,26.87
757.0,1.0,1.0,8.0,6.1,12.2,7.3,3.4,4.6,37.0,0.0,5.82,1.84,Apartment,1582000.0,1,1647000.0,4.11
1456.0,3.0,2.0,23.0,,11.9,5.6,6.2,0.9,22.5,3.0,7.04,-0.55,Independent House,4264000.0,5,4774000.0,11.96
651.0,1.0,2.0,3.0,6.6,10.3,6.6,5.3,4.0,13.0,0.0,6.07,1.87,Apartment,2321000.0,2,2552000.0,9.95
2435.0,5.0,4.0,6.0,3.4,16.2,5.2,2.4,2.2,41.3,4.0,5.89,2.59,Villa,6355000.0,4,7344000.0,15.56
2242.0,4.0,4.0,22.0,9.6,2.0,0.3,7.1,0.5,22.7,1.0,5.79,4.05,Independent House,15183000.0,1,16085000.0,5.94
989.0,2.0,1.0,15.0,7.4,6.6,3.2,5.8,0.6,24.3,1.0,6.76,4.94,Apartment,4062000.0,4,5201000.0,28.04
1225.0,2.0,3.0,9.0,7.4,5.8,3.2,7.5,2.4,41.7,2.0,7.56,5.57,Independent House,6466000.0,1,6873000.0,6.29
1124.0,3.0,3.0,6.0,3.0,16.4,4.7,7.6,5.4,47.0,2.0,6.25,2.24,Apartment,2498000.0,2,2687000.0,7.57
823.0,1.0,1.0,31.0,7.5,2.9,1.7,7.1,1.5,17.9,0.0,3.12,2.73,Apartment,2899000.0,5,3426000.0,18.18
829.0,1.0,1.0,8.0,8.6,2.7,0.8,3.8,0.6,32.1,2.0,6.01,4.48,Apartment,3495000.0,1,3656000.0,4.61
906.0,1.0,2.0,25.0,9.8,0.8,1.1,7.6,0.6,17.0,1.0,6.73,7.53,Independent House,5022000.0,5,7260000.0,44.56
1059.0,2.0,1.0,13.0,5.4,12.2,6.1,7.6,0.8,21.1,0.0,6.68,1.79,Apartment,3126000.0,3,3604000.0,15.29
1006.0,2.0,3.0,28.0,3.3,22.3,8.2,2.4,4.4,27.8,2.0,4.39,1.29,Apartment,1368000.0,3,1449000.0,5.92
1032.0,2.0,2.0,7.0,10.0,3.0,2.7,7.1,1.0,29.0,1.0,4.04,5.27,Apartment,6182000.0,5,7847000.0,26.93
1449.0,2.0,3.0,18.0,8.3,4.1,1.6,7.3,4.7,16.0,3.0,4.64,1.88,Independent House,9331000.0,5,11679000.0,25.16
1428.0,2.0,2.0,19.0,2.3,25.3,4.4,3.4,4.9,34.2,2.0,8.06,4.55,Apartment,2073000.0,1,2168000.0,4.58
1093.0,2.0,,13.0,7.0,17.0,1.2,6.8,3.5,45.5,2.0,6.31,5.34,apartment,3906000.0,1,4113000.0,5.3
849.0,1.0,2.0,7.0,6.5,5.6,0.7,5.1,1.1,25.9,2.0,7.52,3.69,Apartment,3927000.0,1,4175000.0,6.32
2310.0,3.0,3.0,10.0,4.5,7.6,0.8,5.1,1.1,28.5,3.0,3.48,5.8,Villa,7723000.0,5,9902000.0,28.21
1086.0,2.0,1.0,6.0,3.9,,6.2,5.0,5.9,41.2,1.0,4.54,2.17,Apartment,2345000.0,3,2617000.0,11.6
3361.0,6.0,6.0,5.0,2.3,18.5,7.8,2.9,1.3,53.6,4.0,4.56,-0.07,Villa,8299000.0,4,8736000.0,5.27
1551.0,3.0,3.0,11.0,2.6,21.2,3.9,4.2,1.1,31.8,1.0,6.63,-0.45,Apartment,2945000.0,3,3203000.0,8.76
664.0,2.0,2.0,8.0,7.0,4.3,3.6,5.4,0.8,21.4,0.0,7.4,4.52,Apartment,3050000.0,1,3233000.0,6.0
1172.0,2.0,2.0,3.0,5.4,10.5,4.3,6.0,3.3,38.7,0.0,4.56,1.56,Apartment,3852000.0,2,4106000.0,6.59
882.0,1.0,2.0,1.0,3.5,17.8,2.5,1.6,3.7,33.4,2.0,3.0,1.52,Apartment,1868000.0,1,1913000.0,2.41
1155.0,2.0,2.0,11.0,8.9,2.4,2.5,7.3,2.6,14.6,1.0,6.09,3.76,Apartment,6896000.0,4,8771000.0,27.19
1224.0,2.0,2.0,9.0,6.5,10.7,3.5,5.0,2.8,32.1,2.0,4.71,5.88,Independent House,4924000.0,1,5164000.0,4.87
1196.0,3.0,2.0,15.0,7.2,8.2,4.4,5.8,1.9,33.7,0.0,3.26,-0.34,Apt,3757000.0,3,4058000.0,8.01
1126.0,2.0,2.0,14.0,9.4,0.5,0.5,5.7,1.0,28.5,0.0,6.41,,Apartment,5556000.0,5,7450000.0,34.09
604.0,1.0,2.0,33.0,3.0,12.0,6.8,3.8,1.6,41.2,2.0,2.86,2.37,Apartment,812000.0,1,824000.0,1.48
1399.0,2.0,2.0,9.0,4.6,13.5,5.1,5.9,2.4,35.2,1.0,5.76,,Apartment,3888000.0,1,4024000.0,3.5
1732.0,3.0,3.0,22.0,8.2,13.6,5.8,7.3,3.6,24.0,1.0,5.4,5.63,House,7085000.0,3,8118000.0,14.58
1224.0,2.0,1.0,3.0,6.9,17.8,2.3,7.7,1.7,,2.0,6.17,5.33,Apartment,6068000.0,1,6411000.0,5.65
1087.0,3.0,2.0,16.0,5.7,8.9,1.4,2.0,2.4,42.8,2.0,6.38,3.71,Apartment,2895000.0,3,3312000.0,14.4
1094.0,1.0,1.0,7.0,8.0,4.8,5.3,5.4,1.3,15.0,2.0,6.16,3.6,Apartment,5094000.0,2,5723000.0,12.35
2497.0,3.0,2.0,22.0,6.0,6.1,3.7,6.0,1.4,39.5,3.0,7.67,3.63,Independent House,8288000.0,1,8716000.0,5.16
1936.0,4.0,4.0,18.0,7.3,11.5,7.3,8.1,3.9,31.1,2.0,7.0,7.48,Independent House,8446000.0,4,10380000.0,22.9
950.0,1.0,1.0,14.0,,8.1,1.7,3.8,3.4,37.7,2.0,3.46,4.29,Independent House,3211000.0,4,3599000.0,12.08
1316.0,3.0,3.0,28.0,6.8,8.9,1.0,5.6,3.8,22.9,1.0,6.62,3.59,Apartment,5097000.0,3,5673000.0,11.3
968.0,1.0,1.0,5.0,1.3,19.0,8.6,6.4,2.8,44.7,2.0,5.35,3.21,Apartment,1480000.0,1,1506000.0,1.76
1458.0,1.0,1.0,8.0,7.8,0.5,1.3,6.5,1.2,30.1,3.0,5.69,4.32,Independent House,8487000.0,3,10028000.0,18.16
1125.0,2.0,2.0,4.0,6.7,4.7,0.1,5.4,4.0,50.0,1.0,6.84,5.96,Apartment,4171000.0,5,5529000.0,32.56
1293.0,3.0,3.0,15.0,5.0,9.9,5.0,5.7,0.8,25.0,1.0,8.19,5.52,Independent House,4546000.0,2,5168000.0,13.68
940.0,1.0,1.0,32.0,4.7,15.7,3.4,2.4,1.8,23.7,0.0,8.37,8.08,Apartment,1960000.0,3,2310000.0,17.86
1553.0,2.0,1.0,10.0,8.6,8.5,2.3,6.0,1.6,18.8,2.0,3.74,2.79,Independent House,7573000.0,5,9504000.0,25.5
2114.0,4.0,4.0,23.0,9.7,3.9,0.2,6.9,3.9,22.5,3.0,5.23,2.75,Independent House,14167000.0,5,18286000.0,29.07
780.0,2.0,2.0,23.0,3.5,14.3,6.7,4.7,2.2,25.4,2.0,4.95,4.7,Apartment,1505000.0,2,1578000.0,4.85
3854.0,6.0,5.0,12.0,,11.4,4.3,6.4,2.3,42.4,3.0,3.33,3.55,Villa,17197000.0,5,21603000.0,25.62
691.0,1.0,2.0,8.0,3.2,18.6,2.0,5.5,,25.0,0.0,4.27,0.71,Apartment,1401000.0,4,1541000.0,9.99
1551.0,2.0,2.0,16.0,7.0,4.4,5.7,3.5,1.0,34.9,2.0,5.57,4.63,Independent House,4730000.0,3,5371000.0,13.55
1315.0,2.0,3.0,31.0,5.9,7.7,8.4,8.7,1.6,20.5,1.0,5.38,5.36,Apartment,3986000.0,3,4543000.0,13.97
993.0,2.0,3.0,45.0,9.4,0.5,1.3,7.2,0.5,23.6,1.0,7.11,9.02,Apartment,4717000.0,2,5530000.0,17.24
4134.0,6.0,4.0,7.0,4.9,7.5,3.1,5.1,0.9,33.9,3.0,5.33,0.42,Villa,17424000.0,3,19410000.0,11.4
1192.0,4.0,3.0,12.0,10.0,13.0,2.0,8.7,,10.9,1.0,7.99,5.32,Apartment,9826000.0,2,11466000.0,16.69
1340.0,3.0,3.0,23.0,4.9,5.3,0.3,5.0,,22.0,2.0,7.66,4.03,Apartment,4695000.0,2,5273000.0,12.31
999.0,1.0,1.0,10.0,2.6,16.1,6.7,2.8,1.8,38.8,1.0,7.18,3.77,Apartment,1854000.0,4,2059000.0,11.06
660.0,2.0,2.0,9.0,1.3,24.5,2.5,4.9,4.4,48.2,1.0,6.54,0.83,Apartment,1099000.0,3,1176000.0,7.01
3073.0,6.0,5.0,9.0,4.8,14.8,3.7,5.5,3.2,55.9,2.0,4.53,1.32,Villa,10590000.0,1,11001000.0,3.88
1932.0,3.0,2.0,4.0,8.1,7.4,2.6,8.8,0.8,25.9,1.0,4.71,2.63,Independent House,13148000.0,1,13809000.0,5.03
1732.0,2.0,2.0,14.0,4.6,11.1,2.8,,2.1,32.3,3.0,6.64,4.74,Independent House,4714000.0,1,4967000.0,5.37
937.0,1.0,1.0,29.0,5.1,7.6,3.5,4.5,0.6,35.2,2.0,5.65,4.39,Apartment,2298000.0,3,2554000.0,11.14
1294.0,3.0,2.0,4.0,6.8,11.4,10.3,5.4,1.8,22.1,1.0,7.54,10.92,independent house,4386000.0,5,6195000.0,41.24
1010.0,2.0,2.0,7.0,5.8,11.4,0.9,6.1,2.5,41.6,2.0,2.4,3.82,Flat,3038000.0,1,3093000.0,1.81
3235.0,6.0,5.0,9.0,3.7,10.9,0.8,5.8,1.7,26.6,3.0,5.8,2.9,Independent House,11817000.0,1,12273000.0,3.86
891.0,1.0,1.0,5.0,8.5,4.5,1.2,7.4,1.4,21.1,0.0,6.65,8.87,Apartment,5098000.0,1,5540000.0,8.67
2099.0,4.0,3.0,9.0,3.6,9.7,2.7,4.1,1.6,28.8,,4.08,5.32,Independent House,5396000.0,4,6360000.0,17.87
4065.0,6.0,5.0,10.0,4.0,9.8,1.7,4.6,5.3,20.8,2.0,6.25,7.72,Independent House,12365000.0,5,16929000.0,36.91
952.0,1.0,1.0,13.0,4.6,16.3,8.0,4.1,0.4,41.1,0.0,5.42,3.9,Apartment,2035000.0,4,2349000.0,15.43
2092.0,4.0,4.0,33.0,5.8,13.9,8.5,7.2,4.1,37.3,2.0,6.05,4.54,Independent House,5046000.0,4,5897000.0,16.86
1374.0,3.0,3.0,44.0,9.2,8.3,2.3,,2.3,7.0,0.0,7.61,5.5,Apartment,6494000.0,2,7420000.0,14.26
822.0,4.0,3.0,5.0,5.0,10.9,2.4,3.1,3.6,22.6,1.0,4.63,0.17,Apartment,2852000.0,1,2967000.0,4.03
1371.0,3.0,4.0,11.0,5.4,15.3,0.7,3.7,0.8,34.7,0.0,6.12,3.75,Apartment,4297000.0,4,5138000.0,19.57
2014.0,5.0,3.0,7.0,4.9,15.8,1.8,3.8,4.3,,2.0,5.0,5.02,Independent House,5838000.0,2,6385000.0,9.37
786.0,1.0,1.0,6.0,5.0,6.6,0.6,4.6,0.9,35.4,0.0,4.39,0.84,Apartment,2121000.0,5,2437000.0,14.9
1321.0,3.0,2.0,24.0,,16.9,8.0,5.5,0.5,39.0,0.0,5.73,3.64,Apartment,2972000.0,3,3260000.0,9.69
1165.0,3.0,3.0,15.0,5.9,10.0,9.6,6.1,1.0,17.9,0.0,4.61,4.66,Apartment,3035000.0,4,3567000.0,17.53
3874.0,6.0,,10.0,6.0,8.3,7.7,8.8,3.4,33.0,4.0,5.22,4.66,Villa,18393000.0,5,22874000.0,24.36
1236.0,2.0,3.0,4.0,5.3,19.5,1.5,6.0,5.3,13.4,1.0,7.58,5.81,apartment,4300000.0,4,5511000.0,28.16
1504.0,2.0,2.0,11.0,4.4,20.0,6.2,6.3,1.2,25.8,3.0,6.82,3.93,Independent House,4298000.0,4,5233000.0,21.75
1029.0,1.0,2.0,22.0,5.4,18.7,2.8,5.5,1.7,35.2,2.0,5.36,0.58,Apartment,2435000.0,4,2895000.0,18.89
2894.0,5.0,4.0,11.0,8.6,9.1,1.9,5.6,4.0,19.9,2.0,4.75,4.7,Villa,15595000.0,2,17354000.0,11.28
2072.0,4.0,4.0,5.0,4.9,10.3,0.2,5.7,3.3,31.9,,6.59,3.0,Apartment,6278000.0,3,7397000.0,17.82
2527.0,5.0,5.0,3.0,8.3,17.8,4.1,6.9,3.5,,2.0,7.41,1.2,Independent House,12352000.0,1,12947000.0,4.82
1265.0,3.0,3.0,20.0,6.4,17.8,10.9,5.4,4.7,20.3,2.0,8.05,6.08,Apartment,3281000.0,5,4202000.0,28.07
1503.0,3.0,3.0,26.0,4.9,11.9,5.4,5.6,0.8,40.1,0.0,6.91,5.14,Apartment,3048000.0,2,3248000.0,6.56
1113.0,2.0,3.0,14.0,7.9,9.9,7.5,6.0,3.6,26.1,1.0,8.33,6.94,Apartment,4198000.0,4,5733000.0,36.57
803.0,2.0,1.0,34.0,3.3,14.3,0.6,3.7,2.2,18.2,2.0,7.57,4.08,Apartment,1520000.0,1,1610000.0,5.92
1795.0,3.0,3.0,29.0,5.9,8.5,0.9,2.5,3.5,36.8,1.0,7.26,1.54,Apartment,4597000.0,1,4780000.0,3.98
1631.0,4.0,4.0,11.0,5.0,12.4,4.5,6.5,1.5,27.1,2.0,4.6,3.73,Apartment,4858000.0,1,5007000.0,3.07
1837.0,3.0,3.0,42.0,6.6,10.6,0.8,6.4,3.8,15.3,1.0,9.31,8.71,Independent House,7340000.0,1,7973000.0,8.62
2057.0,4.0,3.0,15.0,3.9,11.4,1.5,6.5,3.2,23.3,2.0,4.87,0.21,Apartment,6207000.0,2,6750000.0,8.75
1662.0,3.0,3.0,,4.2,6.2,0.7,5.7,4.2,37.7,2.0,3.81,2.59,Independent House,5893000.0,4,6573000.0,11.54
1007.0,2.0,3.0,21.0,7.3,4.7,,,1.0,35.9,1.0,5.14,7.56,Apartment,4013000.0,5,5111000.0,27.36
641.0,1.0,1.0,16.0,6.1,18.4,6.5,5.0,2.7,27.2,0.0,6.34,4.04,Apartment,1426000.0,3,1649000.0,15.64
703.0,2.0,2.0,10.0,4.8,18.2,3.4,4.9,10.8,37.4,1.0,5.48,2.44,Apartment,1604000.0,1,1678000.0,4.61
2792.0,5.0,4.0,2.0,7.1,7.5,0.9,7.9,6.2,,3.0,6.56,5.36,Villa,22999000.0,5,30493000.0,32.58
1232.0,2.0,3.0,24.0,5.7,11.0,4.4,6.2,6.7,26.2,2.0,7.19,7.96,Apartment,3240000.0,5,4364000.0,34.69
970.0,1.0,1.0,3.0,6.5,13.5,3.7,9.4,4.1,33.7,1.0,7.17,4.56,Apartment,4110000.0,5,5377000.0,30.83
2935.0,5.0,4.0,15.0,4.5,10.5,4.7,6.9,6.6,49.3,2.0,6.13,5.91,Independent House,7753000.0,4,8913000.0,14.96
889.0,1.0,1.0,14.0,8.2,10.8,3.2,2.6,2.4,21.2,1.0,6.99,3.21,Apartment,2755000.0,5,3553000.0,28.97
1098.0,1.0,2.0,12.0,3.2,1.4,2.0,2.9,1.1,50.3,0.0,5.95,1.58,Apartment,2130000.0,3,2327000.0,9.25
1107.0,1.0,2.0,16.0,2.9,10.5,4.9,7.8,2.8,37.6,0.0,5.46,2.85,Apartment,2056000.0,1,2122000.0,3.21
1989.0,4.0,3.0,21.0,4.6,10.6,3.9,3.5,1.2,17.6,1.0,5.22,0.82,Apartment,4477000.0,4,5188000.0,15.88
1437.0,3.0,4.0,20.0,6.4,13.1,3.2,5.7,2.6,38.7,3.0,9.01,7.45,Independent House,4862000.0,5,6640000.0,36.57
4410.0,6.0,5.0,25.0,5.3,11.0,5.0,4.3,3.3,7.5,4.0,7.48,1.29,Villa,18315000.0,2,20429000.0,11.54
1081.0,2.0,2.0,10.0,7.9,16.0,0.7,2.7,4.2,20.7,1.0,6.94,,Apartment,3727000.0,3,4345000.0,16.58
2436.0,5.0,5.0,3.0,6.4,10.4,4.8,4.8,1.8,31.1,3.0,7.4,2.14,Independent House,12011000.0,4,15323000.0,27.57
2439.0,5.0,4.0,1.0,4.9,14.8,8.4,6.2,1.3,34.3,2.0,6.28,1.84,Independent House,8197000.0,4,9275000.0,13.15
2862.0,5.0,4.0,9.0,5.3,10.2,0.6,7.1,2.7,42.9,4.0,7.43,1.98,Villa,14839000.0,3,16867000.0,13.67
1195.0,2.0,2.0,26.0,5.6,8.6,1.7,3.4,2.2,,2.0,5.97,3.65,Apartment,2679000.0,4,3017000.0,12.62
1736.0,2.0,2.0,9.0,6.2,13.0,8.6,3.9,5.3,43.6,1.0,5.65,2.69,Apartment,4144000.0,4,4784000.0,15.44
1798.0,3.0,3.0,9.0,3.1,24.7,1.3,3.2,5.3,37.9,2.0,6.01,3.27,Independent House,3660000.0,3,3922000.0,7.16
1286.0,3.0,3.0,9.0,,27.8,3.7,1.8,10.7,34.2,0.0,2.97,3.96,Apartment,2004000.0,5,2153000.0,7.44
921.0,2.0,2.0,6.0,5.4,19.4,9.4,3.6,2.4,19.3,1.0,7.14,1.88,Apartment,2186000.0,1,2253000.0,3.06
1742.0,4.0,4.0,32.0,7.0,3.1,0.8,6.6,1.8,24.2,3.0,5.95,2.56,Independent House,8342000.0,1,8691000.0,4.18
1236.0,2.0,3.0,18.0,5.3,11.6,3.5,4.3,2.9,16.6,0.0,7.24,2.88,Apartment,3367000.0,3,3909000.0,16.1
2566.0,3.0,3.0,5.0,,11.1,4.0,3.3,2.9,28.7,1.0,6.67,0.42,Independent House,8172000.0,2,8750000.0,7.07
1065.0,2.0,2.0,11.0,9.4,3.5,2.3,6.7,1.9,19.7,0.0,7.38,7.54,Apartment,6543000.0,1,7046000.0,7.69
2567.0,5.0,4.0,8.0,7.5,7.9,0.6,7.6,0.7,42.3,2.0,6.24,1.52,Independent House,12803000.0,1,13472000.0,5.23
1253.0,2.0,2.0,4.0,5.1,14.8,4.3,2.8,3.5,33.4,2.0,6.11,1.62,Apartment,3030000.0,3,3456000.0,14.06
3746.0,6.0,5.0,11.0,6.8,20.8,6.3,5.9,3.2,28.7,3.0,6.31,5.56,Independent House,14940000.0,2,16289000.0,9.03
1079.0,1.0,2.0,22.0,4.4,9.1,8.8,5.3,2.0,29.3,,2.93,0.66,Independent House,2005000.0,1,2030000.0,1.25
2134.0,4.0,3.0,2.0,5.2,13.7,3.6,5.7,7.8,38.5,1.0,4.0,2.94,Independent House,6234000.0,5,7583000.0,21.64
1118.0,2.0,2.0,38.0,3.7,11.6,6.3,4.6,1.7,38.6,1.0,5.86,3.18,Independent House,1677000.0,4,1873000.0,11.69
1829.0,4.0,3.0,4.0,8.7,13.1,3.1,6.9,8.2,46.2,2.0,5.55,3.49,Independent House,8070000.0,1,8497000.0,5.29
1650.0,2.0,2.0,29.0,6.9,17.1,0.8,6.4,2.8,14.9,2.0,8.04,1.28,Independent House,6212000.0,5,8532000.0,37.35
761.0,1.0,1.0,19.0,1.0,16.6,3.2,4.8,4.2,43.5,2.0,6.27,2.17,Apartment,1321000.0,4,1471000.0,11.36
1369.0,3.0,3.0,23.0,5.1,9.6,3.5,3.9,1.0,34.2,2.0,5.64,1.12,Independent House,4127000.0,4,4451000.0,7.85
2849.0,5.0,4.0,29.0,2.0,23.9,10.6,2.1,1.6,44.1,2.0,5.7,3.14,Villa,4472000.0,2,4691000.0,4.9
1466.0,2.0,2.0,5.0,2.7,22.5,17.6,3.9,3.9,32.4,0.0,6.62,7.03,Apartment,2058000.0,2,2208000.0,7.29
1312.0,2.0,2.0,6.0,6.1,11.4,5.7,3.0,0.7,32.8,0.0,7.2,5.23,Apartment,4003000.0,4,4867000.0,21.58
859.0,1.0,2.0,4.0,6.0,7.7,1.8,4.2,2.9,27.5,2.0,6.61,5.61,Apartment,2882000.0,2,3192000.0,10.76
1671.0,3.0,3.0,13.0,1.0,26.8,4.1,5.6,9.3,,2.0,5.48,6.38,Independent House,2382000.0,2,2571000.0,7.93
992.0,2.0,2.0,,9.7,3.6,,9.1,1.2,19.9,1.0,6.97,5.51,Apartment,7415000.0,5,10668000.0,43.87
1621.0,2.0,2.0,8.0,5.0,7.8,3.1,6.7,0.9,19.9,2.0,5.82,1.55,Apartment,5214000.0,1,5445000.0,4.43
1498.0,3.0,3.0,12.0,3.9,18.1,4.9,7.5,4.2,39.7,3.0,8.31,6.82,independent house,3601000.0,1,3799000.0,5.5
1642.0,3.0,2.0,5.0,7.9,12.9,0.9,9.9,1.9,16.9,2.0,7.29,6.82,apartment,10407000.0,1,11150000.0,7.14
1516.0,4.0,4.0,49.0,6.4,7.3,2.8,4.2,8.0,28.1,1.0,5.71,4.18,Independent House,4088000.0,5,4957000.0,21.26
1203.0,2.0,2.0,11.0,7.9,7.7,1.5,9.1,4.5,13.0,2.0,6.55,2.96,Apartment,6751000.0,5,9126000.0,35.18
1647.0,2.0,2.0,7.0,6.7,15.7,11.6,5.4,3.8,34.2,1.0,5.77,3.86,Independent House,3902000.0,1,4048000.0,3.74
1064.0,1.0,1.0,18.0,8.2,13.1,6.0,5.4,0.9,22.5,1.0,7.52,5.2,Independent House,4157000.0,2,4572000.0,9.98
1069.0,2.0,2.0,3.0,10.0,5.3,1.9,,2.3,18.0,0.0,5.25,4.76,Apartment,8876000.0,2,10084000.0,13.61
1181.0,3.0,3.0,3.0,6.4,21.7,0.1,4.6,4.8,38.9,0.0,7.4,6.75,Apartment,3421000.0,4,4385000.0,28.18
1328.0,2.0,2.0,9.0,3.3,20.4,1.7,4.9,0.5,30.5,3.0,5.55,3.87,Independent House,3387000.0,1,3524000.0,4.04
1601.0,2.0,3.0,12.0,6.9,9.6,1.7,7.6,1.5,43.2,2.0,6.02,5.34,Independent House,6333000.0,2,7028000.0,10.97
1822.0,3.0,2.0,11.0,8.7,4.2,1.0,7.6,0.9,35.8,1.0,7.85,5.11,Apartment,9936000.0,4,13112000.0,31.96
3264.0,6.0,5.0,15.0,6.0,4.0,1.8,1.0,2.4,25.0,3.0,8.3,5.03,Villa,13829000.0,4,17997000.0,30.14
1177.0,2.0,1.0,3.0,8.8,2.6,2.0,5.8,1.4,15.0,0.0,5.13,3.38,Apartment,6371000.0,4,8052000.0,26.39
721.0,2.0,2.0,21.0,6.5,6.0,,6.2,3.1,35.7,1.0,6.31,4.8,Apartment,1869000.0,4,2292000.0,22.63
2620.0,5.0,4.0,5.0,7.3,11.0,1.9,7.4,1.6,36.5,4.0,8.44,4.04,Villa,17315000.0,4,21634000.0,24.94
1776.0,3.0,2.0,4.0,3.3,16.0,2.8,2.7,5.2,51.6,0.0,6.67,4.64,Apartment,3394000.0,4,3904000.0,15.03
1525.0,4.0,3.0,10.0,7.9,9.8,0.9,8.3,3.0,25.2,2.0,5.99,4.64,Independent House,8452000.0,4,10824000.0,28.06
2204.0,3.0,2.0,10.0,5.2,3.8,1.6,3.0,2.4,43.8,3.0,7.03,9.04,Independent House,7047000.0,4,9075000.0,28.78
717.0,1.0,2.0,,7.1,7.9,2.1,3.7,2.5,34.8,0.0,4.72,4.44,Apartment,2300000.0,4,2564000.0,11.48
1325.0,2.0,2.0,14.0,6.3,12.1,2.8,6.1,3.4,21.9,0.0,7.09,2.69,Apartment,4132000.0,5,5721000.0,38.46
2692.0,4.0,4.0,,6.4,10.3,4.3,5.8,1.8,25.9,4.0,6.08,3.53,Villa,11112000.0,5,12970000.0,16.72
1316.0,,3.0,23.0,4.5,14.5,5.4,3.6,3.3,26.0,2.0,6.43,4.52,Apartment,3144000.0,2,3418000.0,8.72
1090.0,3.0,3.0,22.0,4.2,6.4,3.7,6.5,3.8,29.8,1.0,4.85,,Apartment,2518000.0,1,2582000.0,2.54
1626.0,4.0,2.0,24.0,6.7,2.6,0.9,6.3,2.7,29.4,2.0,5.16,4.25,INDEPENDENT HOUSE,7281000.0,2,8145000.0,11.87
1844.0,3.0,2.0,10.0,6.9,16.4,1.4,5.2,5.6,,3.0,6.66,5.92,House,7234000.0,5,9670000.0,33.67
4072.0,6.0,5.0,22.0,8.4,9.5,0.9,5.1,1.9,27.4,3.0,8.48,8.17,Villa,28206000.0,1,30789000.0,9.16
4273.0,6.0,6.0,9.0,6.9,10.5,1.7,6.5,,41.4,4.0,9.46,5.32,VILLA,23730000.0,3,29400000.0,23.89
1296.0,2.0,2.0,11.0,5.6,21.2,0.7,6.3,10.2,32.9,2.0,4.44,,Apartment,3406000.0,5,3990000.0,17.15
1725.0,3.0,2.0,24.0,7.1,8.5,2.3,5.5,7.3,32.8,2.0,6.78,5.2,Independent House,5890000.0,1,6142000.0,4.28
1216.0,1.0,2.0,11.0,7.1,17.2,0.9,7.2,8.7,21.5,3.0,5.19,3.22,Independent House,5126000.0,4,6267000.0,22.26
1233.0,2.0,2.0,17.0,7.0,10.2,8.4,7.4,1.6,25.9,2.0,5.76,1.84,Apartment,3661000.0,1,3778000.0,3.2
889.0,1.0,1.0,12.0,8.1,7.0,1.3,6.3,1.0,22.1,0.0,6.95,4.95,Apartment,4060000.0,2,4590000.0,13.05
1407.0,2.0,2.0,2.0,4.4,16.6,7.3,3.5,2.5,22.2,3.0,5.86,3.36,Independent House,14565000.0,4,17459000.0,19.87
1394.0,3.0,3.0,10.0,6.3,16.3,2.9,5.8,1.8,39.8,2.0,6.03,1.82,Apartment,4101000.0,4,4840000.0,18.02
3199.0,6.0,4.0,6.0,7.9,8.2,2.2,6.3,0.7,24.4,3.0,7.34,8.25,Villa,22447000.0,5,31497000.0,40.32
2073.0,4.0,4.0,3.0,4.9,8.9,1.8,,0.6,21.9,0.0,5.9,2.44,Apartment,7045000.0,4,8945000.0,26.97
1706.0,3.0,3.0,17.0,5.7,19.8,5.7,5.5,4.0,33.3,1.0,6.87,4.84,Apartment,4789000.0,1,4995000.0,4.3
1974.0,4.0,3.0,38.0,4.8,17.1,3.8,6.1,1.9,13.2,2.0,3.75,1.5,INDEPENDENT HOUSE,4771000.0,5,5460000.0,14.44
765.0,2.0,2.0,10.0,6.2,8.7,3.1,4.5,1.4,44.2,1.0,6.41,4.1,Apartment,2323000.0,5,2857000.0,22.99
1573.0,2.0,1.0,11.0,3.7,13.6,4.0,2.3,8.6,43.1,2.0,6.5,0.53,Apartment,2938000.0,4,3215000.0,9.43
764.0,2.0,2.0,5.0,4.4,14.8,4.1,5.2,1.0,25.2,2.0,6.84,7.27,Apartment,2419000.0,4,3000000.0,24.02
1842.0,3.0,2.0,6.0,3.2,11.6,8.7,2.6,1.9,43.8,2.0,7.18,0.68,Independent House,3734000.0,2,4065000.0,8.86
1225.0,2.0,,4.0,4.4,8.3,1.9,3.7,6.5,38.3,1.0,7.61,3.44,Independent House,3515000.0,4,4076000.0,15.96
1662.0,4.0,4.0,15.0,7.5,7.5,3.6,5.2,2.5,27.8,2.0,6.55,4.91,Independent House,6904000.0,3,7958000.0,15.27
1423.0,2.0,2.0,8.0,2.4,18.5,3.1,4.6,4.7,45.1,1.0,2.76,2.56,Apartment,2287000.0,5,2627000.0,14.87
1253.0,3.0,2.0,19.0,6.7,6.2,3.2,4.9,1.3,16.2,3.0,5.43,4.84,Independent House,4778000.0,1,5040000.0,5.48
699.0,1.0,2.0,5.0,5.6,11.9,7.1,4.6,2.4,,1.0,6.08,3.04,apartment,1603000.0,4,1922000.0,19.9
3037.0,6.0,6.0,5.0,6.0,5.8,5.1,4.7,2.5,31.6,4.0,8.46,4.01,Villa,17984000.0,4,23150000.0,28.73
1737.0,4.0,4.0,4.0,4.6,13.6,6.4,6.7,5.0,51.7,1.0,5.25,1.74,Independent House,4355000.0,1,4461000.0,2.43
1275.0,2.0,3.0,8.0,7.8,11.3,6.3,9.3,1.1,20.1,0.0,6.87,6.0,Apartment,5729000.0,5,7715000.0,34.67
4192.0,6.0,6.0,12.0,8.9,2.7,1.9,2.7,1.8,9.5,3.0,6.33,3.61,Villa,28832000.0,4,38176000.0,32.41
733.0,2.0,2.0,6.0,9.5,9.2,5.4,5.4,2.1,26.0,1.0,6.38,6.05,Apartment,3623000.0,2,4092000.0,12.95
1451.0,3.0,3.0,10.0,5.6,9.9,4.2,4.8,3.0,29.0,1.0,5.72,3.87,Apartment,4611000.0,4,5579000.0,20.99
836.0,1.0,1.0,4.0,4.5,7.6,5.7,7.4,0.6,48.3,2.0,7.18,4.94,Independent House,2399000.0,3,2788000.0,16.22
2020.0,5.0,4.0,27.0,4.9,13.3,13.0,7.7,5.3,26.6,2.0,6.88,2.7,Apartment,4416000.0,1,4543000.0,2.88
1599.0,3.0,2.0,12.0,5.8,13.0,9.1,5.6,4.0,50.5,1.0,6.4,4.01,Apartment,3753000.0,3,4087000.0,8.9
1072.0,2.0,2.0,12.0,3.2,17.0,8.0,6.0,2.5,37.9,0.0,6.44,1.9,Apartment,1864000.0,3,2063000.0,10.68
1255.0,2.0,2.0,6.0,4.3,10.6,1.5,,3.4,24.8,2.0,3.83,2.67,Apartment,3926000.0,3,4348000.0,10.75
1423.0,2.0,2.0,22.0,4.9,11.2,1.1,4.7,2.5,55.7,2.0,6.4,5.12,Independent House,3641000.0,4,4260000.0,17.0
1461.0,2.0,2.0,8.0,4.0,13.4,4.5,4.0,1.2,17.7,1.0,4.9,,Independent House,3731000.0,1,3832000.0,2.71
1192.0,2.0,2.0,14.0,5.5,16.3,0.4,7.0,2.6,38.0,0.0,3.67,3.0,Apartment,3534000.0,4,3868000.0,9.45
1015.0,2.0,2.0,12.0,6.9,11.1,2.5,4.8,2.2,36.6,1.0,6.6,2.98,Apartment,3034000.0,1,3195000.0,5.31
701.0,1.0,1.0,1.0,5.9,7.9,10.4,5.6,0.8,16.0,1.0,7.04,1.76,Apartment,2190000.0,1,2283000.0,4.25
2991.0,4.0,4.0,5.0,6.9,12.8,4.6,5.5,6.3,31.8,4.0,6.46,5.13,Villa,18259000.0,3,21076000.0,15.43
1664.0,1.0,1.0,6.0,6.5,10.0,1.0,3.4,2.9,27.3,3.0,8.43,5.33,Independent House,6747000.0,2,7615000.0,12.86
2061.0,3.0,3.0,21.0,2.4,20.3,,4.9,,34.4,1.0,4.35,1.81,Independent House,3032000.0,2,3130000.0,3.23
1250.0,3.0,3.0,,6.3,12.9,6.4,5.6,5.2,27.2,3.0,6.49,0.78,Independent House,4351000.0,3,4880000.0,12.16
1376.0,4.0,4.0,18.0,6.5,17.0,3.2,4.8,0.6,30.1,1.0,5.27,2.81,Apartment,3754000.0,5,4311000.0,14.84
723.0,1.0,1.0,30.0,7.1,4.2,0.5,5.5,2.6,28.5,2.0,6.16,3.46,Apartment,2380000.0,2,2650000.0,11.34
1389.0,3.0,2.0,5.0,4.0,10.8,18.8,5.8,4.7,42.6,3.0,4.59,0.14,Independent House,2853000.0,1,2920000.0,2.35
1494.0,2.0,1.0,12.0,6.2,8.8,1.0,5.4,1.5,39.7,1.0,6.69,2.84,Apartment,4488000.0,5,6029000.0,34.34
1070.0,1.0,2.0,21.0,4.6,22.5,11.4,4.7,1.0,30.8,1.0,5.94,4.91,Apartment,1574000.0,2,1672000.0,6.23
1096.0,2.0,2.0,21.0,6.7,8.7,0.8,5.8,1.7,54.5,1.0,5.04,4.96,Apartment,2792000.0,3,3197000.0,14.51
868.0,1.0,1.0,11.0,1.5,25.9,7.3,4.0,6.5,43.9,0.0,7.13,0.99,Apartment,1123000.0,2,1179000.0,4.99
1693.0,3.0,2.0,14.0,6.2,14.8,2.1,3.7,2.0,27.8,2.0,5.68,3.51,Independent House,5909000.0,2,6383000.0,8.02
1247.0,2.0,2.0,12.0,5.7,17.1,2.7,4.4,5.1,43.6,3.0,5.56,2.88,Independent House,3826000.0,4,4268000.0,11.55
2080.0,4.0,3.0,15.0,8.4,7.2,0.8,3.6,2.7,31.8,1.0,6.16,2.17,Apartment,8672000.0,2,9582000.0,10.49
4008.0,6.0,5.0,12.0,5.0,13.0,1.8,8.7,1.0,38.6,2.0,4.56,3.97,villa,18538000.0,5,22295000.0,20.27
1353.0,2.0,1.0,5.0,6.8,9.4,0.5,6.5,0.7,,1.0,5.79,3.1,Apartment,5872000.0,1,6186000.0,5.35
1178.0,2.0,2.0,27.0,1.0,19.1,4.5,5.2,7.2,,0.0,4.46,1.87,Apartment,1483000.0,3,1584000.0,6.81
1846.0,3.0,3.0,20.0,6.1,4.5,1.3,4.8,1.4,38.4,2.0,8.04,5.06,Apartment,6188000.0,5,8314000.0,34.36
,2.0,2.0,7.0,4.2,22.3,3.6,6.3,2.2,18.1,0.0,5.14,2.2,Apartment,1828000.0,4,2076000.0,13.57
2413.0,4.0,3.0,23.0,3.9,19.8,5.7,4.7,13.0,30.9,3.0,6.16,2.04,Villa,6857000.0,5,8061000.0,17.56
771.0,1.0,1.0,9.0,7.0,13.2,1.6,8.3,1.4,39.7,1.0,7.7,1.82,Apartment,2391000.0,4,3021000.0,26.35
833.0,,2.0,12.0,8.1,9.1,5.6,4.2,2.2,27.2,2.0,6.33,4.82,Apartment,2911000.0,1,3037000.0,4.33
2944.0,5.0,4.0,25.0,6.0,25.2,3.3,4.3,1.9,44.8,3.0,6.59,4.92,Independent House,6954000.0,4,8339000.0,19.92
3418.0,0.0,4.0,34.0,6.9,12.3,4.3,4.6,5.8,35.5,2.0,5.33,4.57,Villa,14456000.0,3,16244000.0,12.37
1446.0,3.0,2.0,12.0,7.3,8.4,3.4,,3.2,35.1,1.0,7.19,2.88,Apartment,5118000.0,1,5371000.0,4.94
687.0,1.0,1.0,6.0,5.8,17.3,3.6,8.2,0.9,,0.0,5.06,4.13,Apartment,2065000.0,4,2452000.0,18.74
2608.0,5.0,4.0,22.0,6.9,9.3,0.7,3.6,1.2,26.6,1.0,5.48,7.13,Independent House,8808000.0,2,9603000.0,9.03
1192.0,2.0,2.0,13.0,3.9,20.9,3.5,4.8,2.7,42.9,0.0,6.31,3.55,Apartment,2342000.0,2,2556000.0,9.14
967.0,1.0,1.0,20.0,7.3,11.3,1.8,7.7,2.9,10.9,2.0,6.2,5.08,Apartment,4241000.0,3,5016000.0,18.27
1529.0,2.0,2.0,16.0,5.9,8.7,0.3,,2.3,28.7,1.0,7.02,3.84,Apartment,6131000.0,1,6469000.0,5.51
1421.0,3.0,3.0,6.0,5.8,16.2,11.0,8.0,3.8,47.5,2.0,3.42,2.84,Independent House,3322000.0,2,3428000.0,3.19
1121.0,1.0,2.0,6.0,6.3,,2.7,4.8,2.5,26.9,1.0,5.4,4.4,Apartment,3455000.0,4,4140000.0,19.83
1357.0,3.0,2.0,19.0,6.5,17.7,3.6,5.7,9.6,27.5,,8.85,4.16,Independent House,4022000.0,4,4983000.0,23.89
1060.0,2.0,2.0,19.0,4.8,9.6,3.7,,2.2,47.0,1.0,7.32,3.03,Independent House,2563000.0,4,3036000.0,18.45
1067.0,3.0,3.0,8.0,5.5,10.5,7.2,5.8,2.0,26.3,0.0,6.95,2.84,Apartment,3131000.0,3,3686000.0,17.73
1821.0,3.0,3.0,3.0,5.6,12.2,,7.3,2.2,42.5,2.0,4.9,0.68,Independent House,7756000.0,1,7924000.0,2.17
1582.0,3.0,3.0,9.0,5.0,12.5,1.2,2.5,2.8,46.0,1.0,4.9,2.84,Independent House,3842000.0,4,4343000.0,13.04
1192.0,3.0,3.0,30.0,7.1,19.1,6.3,5.0,6.0,25.5,1.0,5.29,2.19,Apartment,2685000.0,3,2969000.0,10.58
1536.0,3.0,3.0,21.0,7.4,11.1,1.0,,3.2,15.5,2.0,5.65,6.05,Apartment,5989000.0,1,6348000.0,5.99
1263.0,2.0,2.0,2.0,4.5,19.2,3.2,3.9,5.2,35.1,2.0,7.54,5.46,Apartment,3185000.0,4,4020000.0,26.22
1308.0,3.0,4.0,19.0,7.9,5.8,1.8,5.9,0.6,13.0,2.0,5.91,4.87,Independent House,7206000.0,2,8072000.0,12.02
1101.0,2.0,,5.0,7.0,15.5,6.8,6.9,1.9,,1.0,7.15,1.27,Flat,3974000.0,2,4402000.0,10.77
1666.0,4.0,3.0,16.0,10.0,0.5,0.8,7.6,1.0,23.1,2.0,8.72,7.68,Apartment,12331000.0,2,14565000.0,18.12
1302.0,1.0,2.0,19.0,8.0,7.1,3.6,6.0,1.1,30.1,2.0,6.0,2.68,Apartment,4290000.0,2,4600000.0,7.23
1781.0,3.0,3.0,29.0,10.0,2.6,2.6,8.0,1.4,13.5,0.0,8.87,7.38,Apartment,12170000.0,3,15368000.0,26.28
1321.0,1.0,1.0,12.0,3.1,18.7,4.4,5.4,3.3,59.7,2.0,5.9,1.96,Independent House,2267000.0,3,2531000.0,11.65
1258.0,2.0,2.0,7.0,9.1,5.2,5.0,5.8,1.8,7.4,3.0,6.3,3.54,Independent House,8255000.0,4,10835000.0,31.25
2493.0,6.0,4.0,18.0,10.0,0.5,0.7,,2.1,4.9,3.0,5.93,4.52,Independent House,23414000.0,1,24955000.0,6.58
1219.0,2.0,1.0,19.0,7.5,10.4,1.9,6.5,6.6,26.7,1.0,4.88,6.4,Apartment,4341000.0,4,5275000.0,21.52
1554.0,4.0,4.0,7.0,3.4,15.8,4.1,3.8,5.8,35.2,1.0,4.24,0.1,Apartment,3171000.0,5,3659000.0,15.39
1771.0,3.0,3.0,15.0,1.0,27.6,3.0,3.4,5.0,43.7,2.0,3.13,1.8,Independent House,2548000.0,4,2617000.0,2.71
3201.0,,4.0,11.0,4.9,27.0,18.9,4.4,5.9,31.2,2.0,6.59,4.7,Villa,6180000.0,4,7216000.0,16.76
2740.0,5.0,4.0,3.0,6.5,23.7,7.0,9.4,5.4,28.0,3.0,5.24,4.61,Independent House,11603000.0,2,12822000.0,10.51
2790.0,5.0,4.0,10.0,3.9,7.1,6.1,3.9,3.1,42.0,2.0,6.97,5.43,Villa,8978000.0,1,9417000.0,4.89
1254.0,3.0,3.0,4.0,4.2,15.4,6.1,2.6,6.7,38.5,2.0,4.37,5.61,Apt,2381000.0,5,2738000.0,14.99
1912.0,4.0,3.0,8.0,6.3,11.5,3.6,7.0,2.5,,3.0,4.77,,Independent House,7369000.0,2,7945000.0,7.82
1155.0,3.0,3.0,15.0,3.4,8.0,1.8,2.5,4.5,59.0,2.0,5.14,1.4,Apartment,2290000.0,4,2661000.0,16.2
814.0,1.0,1.0,8.0,7.1,16.5,3.4,6.5,7.4,28.5,2.0,6.76,3.43,Apartment,2491000.0,2,2748000.0,10.32
1638.0,3.0,3.0,7.0,4.0,26.8,1.6,3.6,2.6,27.7,1.0,6.47,0.26,Independent House,4394000.0,5,4895000.0,11.4
2500.0,5.0,5.0,9.0,6.1,5.5,1.1,6.6,0.5,33.7,2.0,6.16,5.95,Villa,14772000.0,3,17397000.0,17.77
917.0,2.0,2.0,4.0,4.4,18.2,9.7,2.2,2.7,21.3,0.0,6.0,5.94,Apartment,1728000.0,2,1836000.0,6.25
2050.0,3.0,3.0,21.0,8.6,0.5,0.6,6.2,0.5,27.0,2.0,8.0,5.34,independent house,11758000.0,3,14316000.0,21.76
1303.0,2.0,1.0,3.0,6.1,4.2,2.5,10.0,0.8,37.2,3.0,2.89,6.71,Independent House,5152000.0,3,5827000.0,13.1
1619.0,3.0,4.0,11.0,3.2,9.0,8.2,6.0,4.3,23.6,3.0,5.76,4.78,Independent House,3896000.0,2,4168000.0,6.98
2418.0,5.0,4.0,6.0,3.0,20.4,0.2,5.5,2.5,34.9,,3.27,2.7,independent house,7088000.0,5,8191000.0,15.56
1183.0,2.0,2.0,17.0,3.6,20.7,2.4,6.2,7.2,25.9,1.0,5.08,5.51,Apartment,2184000.0,1,2293000.0,4.99
1675.0,2.0,2.0,12.0,5.5,11.8,1.1,5.7,3.0,32.6,2.0,6.18,4.28,Apartment,4439000.0,1,4633000.0,4.37
1448.0,2.0,2.0,3.0,4.9,10.4,6.7,1.0,4.8,40.1,2.0,7.48,8.32,Apartment,3217000.0,5,4223000.0,31.27
1086.0,2.0,2.0,10.0,5.7,12.1,1.6,10.0,6.6,30.0,0.0,5.2,3.43,Apartment,4036000.0,5,4895000.0,21.28
634.0,1.0,1.0,7.0,9.1,3.2,3.5,,1.4,10.3,2.0,5.03,3.71,APARTMENT,4046000.0,2,4483000.0,10.8
846.0,2.0,2.0,7.0,5.0,10.9,3.2,6.7,4.2,27.4,1.0,3.96,3.53,apartment,2856000.0,2,3149000.0,10.26
1820.0,5.0,4.0,15.0,4.6,19.4,4.2,2.3,3.1,38.7,0.0,5.35,3.07,Apartment,4036000.0,3,4496000.0,11.4
1678.0,3.0,2.0,3.0,6.7,14.0,1.2,4.5,4.1,43.5,2.0,6.6,3.78,Independent House,6703000.0,4,8476000.0,26.45
906.0,2.0,3.0,19.0,6.7,16.3,3.4,5.9,5.2,28.6,0.0,3.03,0.1,Apartment,2507000.0,4,2847000.0,13.56
1288.0,2.0,2.0,6.0,7.9,17.8,4.8,5.1,1.3,35.3,1.0,5.59,5.96,Independent House,4427000.0,2,4871000.0,10.03
1426.0,3.0,3.0,12.0,4.3,11.8,3.8,5.2,2.4,39.4,,5.34,3.54,Independent House,3501000.0,4,4125000.0,17.82
1139.0,3.0,3.0,4.0,3.8,12.8,3.4,6.6,1.5,31.5,1.0,7.36,1.73,Apartment,3611000.0,4,4310000.0,19.36
1318.0,2.0,1.0,2.0,5.6,13.8,0.8,3.7,1.8,23.0,1.0,6.22,5.58,Apartment,4071000.0,4,5031000.0,23.58
1584.0,4.0,3.0,14.0,5.5,11.6,0.8,8.0,2.7,26.5,2.0,6.1,6.79,Apartment,5505000.0,4,6719000.0,22.05
1192.0,2.0,2.0,4.0,6.3,10.9,1.1,6.7,1.5,20.4,3.0,4.9,3.46,Independent House,5722000.0,5,7182000.0,25.52
2442.0,5.0,4.0,20.0,7.8,5.9,1.8,5.7,1.7,43.1,1.0,6.22,4.43,Independent House,10216000.0,4,13075000.0,27.99
1556.0,3.0,3.0,12.0,9.7,9.7,2.3,,2.5,,2.0,4.43,7.9,Independent House,10720000.0,2,12270000.0,14.46
1003.0,1.0,2.0,13.0,6.4,19.0,0.5,6.2,10.9,38.0,2.0,5.91,0.86,Apt,2928000.0,4,3398000.0,16.05
2010.0,3.0,2.0,3.0,8.5,1.5,1.6,7.2,0.5,40.7,0.0,9.19,7.94,Apartment,13001000.0,1,14070000.0,8.22
799.0,1.0,2.0,-20.0,4.3,16.3,0.7,4.9,3.0,31.1,1.0,4.75,-0.35,Apartment,1882000.0,4,2116000.0,12.43
631.0,2.0,2.0,2.0,9.4,5.5,,6.9,2.0,8.9,2.0,3.63,5.38,Apartment,4015000.0,3,4723000.0,17.63
971.0,1.0,1.0,4.0,4.5,16.3,8.6,5.1,2.1,29.1,2.0,9.28,2.67,Apartment,2321000.0,3,2756000.0,18.74
1360.0,2.0,2.0,5.0,8.3,10.2,8.2,7.1,1.2,14.4,1.0,4.23,2.09,Apartment,6090000.0,3,7011000.0,15.12
904.0,2.0,2.0,10.0,3.7,22.1,10.5,6.4,6.0,,0.0,6.21,4.52,Apartment,1467000.0,3,1592000.0,8.52
3006.0,5.0,4.0,5.0,7.5,1.0,0.9,5.9,1.0,33.6,1.0,8.06,6.27,Independent House,18717000.0,3,23984000.0,28.14
,2.0,2.0,24.0,6.6,22.2,5.9,5.0,4.5,35.5,2.0,4.36,4.73,Apartment,2223000.0,2,2381000.0,7.11
,1.0,1.0,3.0,7.8,10.6,2.2,5.0,1.7,36.0,1.0,8.72,7.11,Apartment,3748000.0,2,4354000.0,16.17
1243.0,2.0,2.0,6.0,5.5,3.8,1.4,5.4,2.0,30.5,1.0,5.4,4.02,Apartment,4830000.0,1,5081000.0,5.2
1533.0,2.0,2.0,21.0,7.8,10.3,1.1,6.9,5.1,26.1,2.0,6.22,,Apartment,6687000.0,2,7567000.0,13.16
1771.0,2.0,2.0,8.0,5.0,11.7,10.7,4.0,5.4,40.2,1.0,4.92,4.57,Independent House,3537000.0,1,3643000.0,3.0
3662.0,6.0,6.0,14.0,4.5,12.5,5.1,2.3,4.2,27.1,2.0,7.92,4.85,Villa,13255000.0,2,14608000.0,10.21
649.0,2.0,2.0,14.0,5.3,,0.5,6.8,2.7,,0.0,5.21,4.14,Apartment,1903000.0,3,2131000.0,11.98
,6.0,5.0,8.0,5.0,14.0,2.2,,2.4,30.7,2.0,5.4,6.96,Apartment,11535000.0,4,14594000.0,26.52
1193.0,3.0,3.0,12.0,6.5,10.5,1.1,8.3,2.5,29.5,0.0,6.29,5.1,Apartment,4784000.0,2,5426000.0,13.42
1714.0,4.0,3.0,11.0,4.6,19.4,17.7,6.4,10.3,,0.0,5.55,5.14,Apartment,3230000.0,1,3351000.0,3.75
645.0,2.0,2.0,14.0,7.0,15.9,0.7,4.4,2.5,33.6,2.0,3.66,2.13,Apartment,2207000.0,5,2455000.0,11.24
1956.0,5.0,3.0,13.0,8.8,5.1,4.9,5.3,1.7,8.6,3.0,6.19,4.87,House,11346000.0,3,13169000.0,16.07
4453.0,1.0,2.0,17.0,5.6,6.0,4.8,6.0,1.1,29.3,0.0,5.28,,Apartment,2195000.0,5,2543000.0,15.85
2290.0,3.0,3.0,22.0,4.9,19.4,4.8,3.8,9.9,48.1,4.0,6.57,2.4,Villa,6442000.0,4,7347000.0,14.05
1045.0,1.0,2.0,24.0,10.0,1.8,2.0,7.6,0.9,8.2,1.0,8.92,,Independent House,7894000.0,3,10040000.0,27.19
1217.0,2.0,2.0,12.0,5.6,11.2,1.2,7.3,1.3,11.9,1.0,5.12,1.44,Apartment,4996000.0,3,5740000.0,14.89
3491.0,6.0,5.0,14.0,6.0,16.3,3.7,5.1,5.3,26.0,3.0,7.64,7.6,Villa,13966000.0,5,18461000.0,32.19
858.0,1.0,1.0,21.0,6.5,4.1,1.9,4.5,2.4,22.8,1.0,5.36,7.69,Apartment,2816000.0,3,3241000.0,15.09
1391.0,3.0,3.0,15.0,6.7,9.0,4.3,3.9,1.0,5.3,2.0,4.41,2.1,Apartment,5860000.0,2,6286000.0,7.27
903.0,2.0,2.0,5.0,8.7,8.2,2.6,7.8,3.4,31.8,1.0,5.5,3.86,Apartment,4568000.0,5,5980000.0,30.91
1865.0,3.0,2.0,13.0,3.8,18.4,11.4,7.3,0.9,38.5,3.0,5.33,,Independent House,3906000.0,4,4430000.0,13.42
1593.0,3.0,2.0,13.0,5.3,13.5,2.5,6.9,1.3,,1.0,6.9,4.06,Independent House,5873000.0,1,6165000.0,4.97
1890.0,3.0,3.0,19.0,7.5,12.1,3.9,7.7,1.0,43.4,3.0,6.02,6.85,Independent House,7611000.0,1,8057000.0,5.86
1208.0,3.0,3.0,21.0,7.6,9.9,11.8,5.1,1.6,28.0,2.0,6.57,8.03,Independent House,4088000.0,4,4853000.0,18.71
729.0,1.0,1.0,4.0,6.7,3.4,2.6,5.6,0.6,17.5,2.0,6.49,6.29,Apartment,3611000.0,2,4178000.0,15.7
1265.0,2.0,2.0,5.0,4.9,11.2,6.7,5.2,2.9,,1.0,7.11,5.97,Apartment,4008000.0,5,5100000.0,27.25
722.0,1.0,1.0,15.0,2.7,16.5,9.3,4.0,4.6,42.6,1.0,6.06,2.63,Apartment,988000.0,1,1003000.0,1.52
1025.0,1.0,1.0,7.0,6.5,19.2,15.6,7.2,5.0,45.1,1.0,5.04,4.95,Apartment,2129000.0,4,2433000.0,14.28
1177.0,2.0,2.0,13.0,8.5,9.0,7.0,7.1,6.6,13.0,0.0,7.2,7.87,Apartment,5355000.0,2,6199000.0,15.76
1622.0,3.0,3.0,9.0,7.9,2.4,1.2,6.4,0.6,34.7,2.0,5.83,6.53,Independent House,9251000.0,5,12271000.0,32.65
2647.0,,4.0,11.0,5.6,17.9,10.4,5.7,2.4,37.0,,4.49,0.68,Villa,6854000.0,4,7490000.0,9.28
871.0,1.0,1.0,19.0,5.5,10.6,5.0,5.9,5.0,29.1,1.0,7.64,3.92,Apartment,2224000.0,2,2414000.0,8.54
725.0,2.0,2.0,47.0,3.4,16.6,11.9,4.5,1.5,46.9,0.0,6.91,5.03,Apartment,895000.0,5,1055000.0,17.88
2831.0,4.0,3.0,8.0,6.8,12.2,7.0,2.7,1.6,35.8,3.0,4.12,3.53,Independent House,8588000.0,5,10236000.0,19.19
1308.0,2.0,3.0,7.0,6.6,13.5,5.5,4.8,1.6,33.6,3.0,5.03,1.74,Independent House,4378000.0,3,4858000.0,10.96
2184.0,4.0,5.0,14.0,3.9,14.1,5.2,5.2,3.5,20.1,3.0,6.02,-0.51,Independent House,6179000.0,3,6922000.0,12.02
1164.0,3.0,3.0,9.0,6.0,14.0,8.2,2.1,6.8,22.1,2.0,5.19,5.44,Apartment,3307000.0,5,3926000.0,18.72
1003.0,1.0,2.0,6.0,6.3,17.5,1.8,5.9,8.6,12.7,1.0,5.82,3.64,Apartment,3064000.0,5,4015000.0,31.04
2300.0,4.0,,14.0,8.0,2.5,0.6,8.1,1.4,20.9,3.0,8.07,5.71,,16698000.0,2,19570000.0,17.2
1351.0,2.0,2.0,10.0,7.9,,0.4,6.5,1.8,38.8,1.0,6.37,4.2,Apartment,7108000.0,4,8663000.0,21.88
,2.0,2.0,8.0,8.7,3.6,2.7,3.5,2.3,17.1,2.0,3.72,-0.92,Apartment,4978000.0,4,5812000.0,16.75
712.0,2.0,3.0,23.0,7.1,17.2,13.5,1.9,2.2,28.2,0.0,7.16,5.73,Apartment,1208000.0,3,1341000.0,11.01
486.0,1.0,1.0,10.0,2.8,23.9,6.2,5.8,1.6,30.4,1.0,5.43,1.57,Apartment,819000.0,5,951000.0,16.12
2186.0,3.0,2.0,14.0,8.3,0.5,2.3,6.4,0.8,28.1,2.0,5.67,6.22,Independent House,13619000.0,1,14299000.0,4.99
1187.0,2.0,1.0,7.0,6.7,11.3,2.5,9.5,4.6,41.2,0.0,4.91,4.4,Apartment,4095000.0,2,4627000.0,12.99
668.0,1.0,1.0,12.0,7.0,6.6,1.4,5.6,2.8,33.3,1.0,6.84,7.56,Apartment,2369000.0,1,2511000.0,5.99
2873.0,5.0,4.0,9.0,6.8,18.8,9.3,3.6,2.2,25.4,3.0,4.74,2.57,VILLA,10217000.0,4,11052000.0,8.17
1330.0,4.0,3.0,9.0,8.2,6.6,2.5,3.2,1.0,18.8,0.0,8.01,3.98,Apartment,6145000.0,3,7524000.0,22.44
3569.0,6.0,5.0,3.0,5.9,9.7,3.0,5.7,0.9,41.7,4.0,6.31,5.23,Villa,16441000.0,5,22321000.0,35.76
,2.0,2.0,13.0,8.0,4.2,5.0,9.2,0.8,33.8,2.0,4.4,4.16,Apartment,5931000.0,4,6982000.0,17.72
1083.0,3.0,3.0,7.0,,3.9,1.2,4.4,2.2,16.5,0.0,5.95,2.91,Apartment,4912000.0,4,5870000.0,19.5
3227.0,5.0,5.0,8.0,6.3,5.3,2.7,8.0,1.1,27.7,2.0,4.53,7.15,Villa,19683000.0,2,22092000.0,12.24
513.0,1.0,1.0,2.0,8.5,5.0,1.4,8.7,1.1,25.8,0.0,5.96,3.71,Apartment,3209000.0,5,4222000.0,31.57
977.0,2.0,,16.0,4.0,16.7,7.2,,15.2,53.9,2.0,5.03,1.16,Apartment,1368000.0,1,1404000.0,2.63
797.0,2.0,2.0,6.0,3.8,14.2,2.3,4.2,2.4,,1.0,4.11,5.51,Apartment,1895000.0,2,2049000.0,8.13
1269.0,2.0,1.0,23.0,6.0,13.2,1.3,3.8,2.4,24.6,2.0,7.63,1.67,Apartment,3390000.0,2,3754000.0,10.74
1508.0,4.0,3.0,9.0,5.0,16.6,10.4,2.8,5.0,38.4,0.0,5.7,2.65,Apartment,2824000.0,1,2916000.0,3.26
870.0,1.0,1.0,8.0,6.1,16.2,2.7,5.7,3.2,26.8,2.0,4.72,0.93,Apartment,2480000.0,3,2754000.0,11.05
1812.0,3.0,3.0,5.0,7.4,12.2,1.5,2.5,3.6,38.1,2.0,7.99,8.29,Villa,6880000.0,1,7277000.0,5.77
1052.0,2.0,3.0,7.0,6.0,17.6,9.4,6.0,4.1,33.0,2.0,3.35,3.34,Independent House,2365000.0,1,2423000.0,2.45
1996.0,3.0,3.0,15.0,7.4,13.2,3.9,5.0,2.1,40.5,2.0,6.71,4.27,,7755000.0,1,8159000.0,5.21
2404.0,5.0,4.0,,5.1,8.8,0.6,4.4,2.0,22.7,2.0,8.67,8.86,Independent House,10481000.0,1,11312000.0,7.93
863.0,2.0,2.0,6.0,4.6,17.3,6.6,4.8,4.2,55.1,0.0,7.72,3.26,Flat,1577000.0,4,1824000.0,15.66
917.0,2.0,2.0,8.0,7.1,8.9,5.7,6.0,0.9,9.1,0.0,5.13,3.03,Apartment,3431000.0,1,3606000.0,5.1
1908.0,5.0,4.0,13.0,8.7,0.5,0.2,5.0,0.3,25.8,1.0,6.99,3.0,,10792000.0,3,12834000.0,18.92
1095.0,1.0,2.0,4.0,5.9,6.2,2.8,6.7,2.8,18.0,1.0,3.34,1.36,Apartment,3726000.0,4,4151000.0,11.41
2756.0,5.0,4.0,16.0,8.4,14.2,3.5,7.5,1.9,23.1,2.0,5.01,5.82,Villa,18730000.0,2,21273000.0,13.58
1056.0,1.0,1.0,11.0,6.1,16.2,0.4,5.1,4.6,20.6,1.0,4.67,4.42,Apartment,3248000.0,1,3402000.0,4.74
1505.0,3.0,3.0,13.0,5.9,14.8,2.8,3.6,6.7,30.5,2.0,5.75,1.22,Apartment,4088000.0,2,4425000.0,8.24
1629.0,3.0,3.0,18.0,7.3,6.0,0.5,4.3,2.1,11.1,2.0,5.76,4.99,Apartment,7589000.0,5,10038000.0,32.27
2503.0,4.0,4.0,1.0,7.0,12.1,7.9,6.5,2.9,24.8,4.0,7.14,3.05,Villa,14584000.0,4,18439000.0,26.43
1405.0,4.0,3.0,1.0,5.1,20.5,8.8,5.0,1.3,48.0,1.0,4.31,1.03,Apartment,3268000.0,3,3547000.0,8.54
1418.0,2.0,,3.0,4.5,13.9,7.6,5.4,0.4,27.0,,7.1,3.2,Apartment,3377000.0,5,4259000.0,26.12
2015.0,5.0,5.0,37.0,6.1,14.3,4.8,4.0,1.0,36.8,2.0,8.03,4.45,Apartment,5718000.0,4,6819000.0,19.25
1241.0,2.0,1.0,21.0,4.3,14.5,4.9,6.9,0.5,42.3,0.0,7.5,3.62,Apartment,2602000.0,4,3200000.0,22.98
1429.0,2.0,2.0,37.0,4.9,10.9,11.9,4.7,4.9,38.8,2.0,6.06,5.35,Apartment,2493000.0,2,2663000.0,6.82
1109.0,2.0,2.0,22.0,5.0,14.0,3.4,7.3,0.6,38.8,2.0,4.14,2.24,Apartment,2473000.0,1,2535000.0,2.51
2925.0,5.0,3.0,7.0,2.5,16.5,0.1,4.3,5.0,32.4,4.0,6.94,1.77,Villa,10694000.0,1,11149000.0,4.25
3494.0,5.0,4.0,7.0,8.1,5.4,3.2,5.0,2.6,20.0,4.0,5.14,3.09,Villa,19750000.0,2,21085000.0,6.76
2384.0,4.0,,8.0,4.6,4.9,2.4,6.2,2.3,13.4,3.0,5.67,4.32,Independent House,10968000.0,4,13057000.0,19.05
599.0,1.0,2.0,13.0,4.1,21.2,2.3,,10.3,57.7,2.0,6.96,6.8,Apartment,1037000.0,3,1154000.0,11.28
2520.0,4.0,3.0,10.0,5.7,14.4,4.3,4.7,1.6,27.6,3.0,6.54,4.77,Villa,9291000.0,3,10786000.0,16.09
662.0,2.0,2.0,5.0,7.9,17.1,7.9,2.8,3.8,,1.0,6.68,5.57,Apartment,1847000.0,5,2408000.0,30.37
2047.0,4.0,4.0,6.0,5.5,13.5,0.7,6.5,2.2,39.2,1.0,6.65,4.31,Independent House,7739000.0,4,9670000.0,24.95
768.0,1.0,2.0,12.0,4.0,9.3,2.2,5.0,2.5,26.8,1.0,,2.32,Apartment,2175000.0,1,2251000.0,3.49
1546.0,3.0,2.0,45.0,6.1,16.0,1.0,3.4,3.5,40.1,2.0,4.99,1.11,Apartment,3069000.0,1,3121000.0,1.69
2279.0,4.0,5.0,2.0,5.6,11.7,2.0,7.7,3.7,29.3,3.0,4.91,1.83,Independent House,9758000.0,4,12480000.0,27.9
2883.0,5.0,5.0,6.0,6.7,9.0,0.3,5.8,0.9,37.7,3.0,5.03,3.33,INDEPENDENT HOUSE,14614000.0,3,16401000.0,12.23
963.0,1.0,1.0,9.0,7.0,6.8,1.4,3.7,0.8,5.7,2.0,3.23,4.77,Apartment,3940000.0,1,4110000.0,4.31
1123.0,3.0,3.0,21.0,5.2,20.8,0.8,6.9,6.0,41.8,0.0,5.58,2.8,Apartment,2783000.0,5,3286000.0,18.07
1322.0,2.0,2.0,26.0,7.2,9.4,2.1,7.9,7.2,22.5,0.0,5.84,3.67,Apartment,5112000.0,2,5679000.0,11.09
2407.0,4.0,3.0,10.0,4.8,13.7,4.9,6.4,1.5,40.7,2.0,6.13,3.86,Independent House,8250000.0,5,10680000.0,29.45
939.0,1.0,2.0,11.0,7.1,11.2,1.9,5.8,2.6,37.3,0.0,5.82,5.29,Apartment,2880000.0,2,3193000.0,10.87
879.0,,3.0,6.0,5.0,19.2,2.5,9.1,1.7,36.1,2.0,6.27,1.1,INDEPENDENT HOUSE,3066000.0,3,3447000.0,12.43
1744.0,4.0,3.0,36.0,9.0,0.5,0.9,6.0,1.1,27.0,3.0,5.65,2.91,INDEPENDENT HOUSE,8771000.0,3,10314000.0,17.59
1059.0,1.0,2.0,6.0,8.8,7.0,2.9,5.4,2.8,24.4,1.0,7.04,7.87,Apartment,4075000.0,4,5526000.0,35.61
948.0,2.0,3.0,12.0,4.3,10.6,6.7,4.0,2.4,48.0,1.0,,0.9,Apartment,1961000.0,4,2197000.0,12.03
1574.0,2.0,3.0,23.0,2.8,19.4,5.4,2.3,1.0,27.2,3.0,8.27,1.32,independent house,2749000.0,4,3206000.0,16.62
1354.0,2.0,2.0,10.0,3.8,14.3,7.4,4.1,3.6,50.4,3.0,4.36,2.2,Independent House,2669000.0,3,2895000.0,8.47
948.0,2.0,3.0,1.0,7.0,7.5,2.9,4.5,0.6,23.7,2.0,3.41,4.56,Apartment,4303000.0,3,4850000.0,12.71
872.0,,3.0,4.0,6.0,12.7,2.4,7.3,2.1,35.9,0.0,2.74,3.78,Apartment,2566000.0,1,2667000.0,3.94
1528.0,3.0,3.0,5.0,7.6,13.5,3.3,5.5,2.4,,1.0,6.41,6.65,House,6162000.0,3,7433000.0,20.63
1833.0,3.0,2.0,25.0,6.3,14.0,10.7,8.1,1.2,39.4,2.0,5.21,5.36,Independent House,4957000.0,2,5369000.0,8.31
1699.0,3.0,4.0,21.0,9.1,7.5,1.7,6.6,1.8,25.8,1.0,9.57,,Apartment,8717000.0,3,11163000.0,28.06
2260.0,5.0,4.0,9.0,7.8,11.2,2.1,3.1,3.9,29.5,2.0,4.58,1.26,Villa,10877000.0,4,12627000.0,16.09
1227.0,3.0,3.0,3.0,5.6,13.4,1.1,7.9,1.7,28.9,2.0,5.73,4.38,Apartment,4324000.0,2,4790000.0,10.78
2330.0,4.0,4.0,9.0,8.0,5.0,1.9,6.9,1.3,8.3,3.0,7.06,7.55,Independent House,16935000.0,5,24542000.0,44.92
1444.0,2.0,2.0,14.0,4.4,16.1,2.2,5.7,4.3,30.7,1.0,5.33,2.03,Apartment,4277000.0,5,5121000.0,19.73
1896.0,4.0,4.0,6.0,7.0,17.2,1.3,7.9,4.3,30.3,2.0,4.32,0.69,Independent House,8649000.0,1,8841000.0,2.22
4299.0,6.0,5.0,4.0,7.3,17.9,8.8,5.5,1.3,33.7,4.0,6.83,4.52,Villa,17669000.0,2,19612000.0,11.0
1186.0,2.0,2.0,13.0,5.8,8.9,1.5,8.0,2.6,19.3,1.0,7.4,5.08,Independent House,4772000.0,2,5406000.0,13.29
1221.0,2.0,1.0,2.0,5.6,2.0,2.6,5.7,2.6,13.0,2.0,5.81,5.58,Apartment,5345000.0,4,6688000.0,25.13
1210.0,2.0,1.0,10.0,7.6,4.9,4.8,4.8,,33.0,1.0,6.34,7.05,Apartment,4309000.0,2,4868000.0,12.97
1665.0,4.0,4.0,28.0,8.5,5.2,,3.8,1.7,42.6,1.0,5.64,5.09,Apartment,5961000.0,3,7050000.0,18.27
1021.0,2.0,1.0,28.0,6.1,6.0,4.2,5.6,0.9,29.3,2.0,,5.71,Apartment,3003000.0,4,3527000.0,17.45
3409.0,6.0,5.0,6.0,3.4,20.7,1.9,5.2,,35.7,1.0,3.91,1.63,Independent House,8533000.0,5,8966000.0,5.07
940.0,1.0,2.0,5.0,7.5,2.6,1.3,,2.4,23.7,1.0,4.19,3.42,Apartment,5623000.0,4,6524000.0,16.02
1489.0,3.0,4.0,10.0,4.1,12.3,3.6,2.8,2.6,32.4,1.0,4.31,2.66,Apartment,3653000.0,4,4122000.0,12.84
1431.0,2.0,2.0,5.0,4.9,22.8,5.1,3.6,4.2,29.1,0.0,7.3,2.53,Apartment,3258000.0,4,4064000.0,24.74
864.0,1.0,1.0,4.0,5.8,9.1,1.5,5.8,2.1,25.3,1.0,5.7,2.3,Apartment,3044000.0,5,3830000.0,25.82
1187.0,2.0,2.0,,7.5,14.3,4.6,6.6,7.5,22.0,1.0,5.1,3.12,Apartment,3901000.0,1,4089000.0,4.82
1522.0,2.0,2.0,9.0,4.1,9.6,0.7,7.1,1.7,39.9,2.0,4.55,1.1,Apartment,4584000.0,2,4923000.0,7.4
1419.0,3.0,3.0,2.0,6.3,15.1,,2.4,3.0,34.1,2.0,6.25,7.8,Independent House,4501000.0,5,6424000.0,42.72
2257.0,4.0,3.0,7.0,9.7,7.7,1.3,,1.2,11.3,2.0,5.43,4.56,Independent House,18078000.0,4,23427000.0,29.59
1182.0,2.0,2.0,16.0,7.7,12.3,2.7,5.7,4.2,37.7,,2.07,1.74,Apartment,3751000.0,4,4072000.0,8.56
2883.0,5.0,4.0,8.0,8.3,5.4,1.4,4.1,1.9,32.4,1.0,6.26,4.03,Independent House,16705000.0,1,17613000.0,5.44
838.0,2.0,3.0,12.0,5.3,11.7,7.1,7.1,3.7,39.0,0.0,5.39,2.79,Apartment,1891000.0,1,1979000.0,4.65
746.0,1.0,1.0,17.0,4.2,11.3,3.5,5.0,1.4,46.0,1.0,5.6,2.4,Apartment,1710000.0,2,1832000.0,7.13
1626.0,3.0,2.0,4.0,6.7,8.1,2.6,5.5,2.5,35.8,0.0,5.82,4.53,Apartment,5060000.0,3,5897000.0,16.54
1413.0,2.0,3.0,17.0,5.5,23.4,2.5,3.9,2.1,23.6,0.0,5.98,3.89,Apartment,3708000.0,1,3880000.0,4.64
973.0,2.0,3.0,9.0,7.1,8.7,1.4,4.9,1.8,29.4,2.0,4.9,5.37,Apartment,3075000.0,3,3481000.0,13.2
1249.0,2.0,2.0,18.0,8.0,5.0,0.7,5.4,1.6,13.9,1.0,6.17,2.95,Apartment,5334000.0,4,6855000.0,28.52
2710.0,5.0,5.0,11.0,2.6,20.6,0.5,4.7,6.3,33.7,4.0,4.45,1.13,Villa,7802000.0,4,8329000.0,6.75
1851.0,4.0,3.0,2.0,3.8,20.5,5.5,3.5,1.0,26.1,3.0,6.2,3.74,Independent House,5313000.0,3,6126000.0,15.3
1236.0,2.0,1.0,7.0,2.5,22.5,8.0,4.7,3.1,27.8,0.0,7.23,2.12,APARTMENT,1788000.0,5,2074000.0,16.0
1506.0,2.0,1.0,13.0,4.9,4.3,0.5,6.1,2.3,22.0,1.0,7.02,5.9,Apartment,5447000.0,4,6998000.0,28.47
1540.0,,3.0,19.0,1.7,18.2,8.4,3.7,5.4,39.0,2.0,4.47,2.44,Independent House,1976000.0,4,2083000.0,5.41
1387.0,2.0,3.0,34.0,3.2,15.0,0.9,4.6,2.9,42.4,2.0,5.82,1.35,Apartment,2616000.0,2,2726000.0,4.2
1594.0,3.0,2.0,5.0,10.0,10.6,4.7,8.1,5.1,23.4,3.0,6.82,8.14,Villa,12727000.0,5,19690000.0,54.71
1710.0,3.0,2.0,7.0,6.1,10.4,1.0,,0.3,22.8,2.0,5.59,3.59,Independent House,8513000.0,4,10527000.0,23.66
892.0,1.0,1.0,11.0,6.8,14.4,15.9,8.1,1.6,11.2,1.0,6.53,4.03,Apartment,2729000.0,3,3063000.0,12.24
1890.0,4.0,4.0,19.0,7.1,0.5,2.1,4.0,1.6,17.4,1.0,5.77,6.19,Independent House,7508000.0,5,9690000.0,29.06
989.0,2.0,3.0,12.0,5.8,17.0,4.2,5.5,5.0,37.5,1.0,4.21,4.02,Apartment,2212000.0,5,2351000.0,6.28
1037.0,1.0,1.0,25.0,9.5,0.5,0.7,3.5,2.0,17.2,1.0,8.59,6.9,Apartment,4144000.0,2,4884000.0,17.86
533.0,1.0,2.0,13.0,2.8,18.2,6.0,4.9,6.8,25.8,1.0,4.0,3.1,Apartment,934000.0,2,985000.0,5.46
4486.0,6.0,4.0,24.0,7.9,15.8,3.5,4.1,5.9,17.0,2.0,7.41,8.31,independent house,16095000.0,3,19098000.0,18.66
2184.0,4.0,3.0,6.0,5.6,13.0,5.9,4.4,1.2,12.5,1.0,6.97,2.3,Apartment,6957000.0,1,7300000.0,4.93
1509.0,,2.0,21.0,8.6,14.3,2.0,5.5,3.2,42.0,1.0,6.6,5.7,Apartment,4615000.0,5,5697000.0,23.45
1026.0,2.0,3.0,21.0,4.9,17.7,1.9,4.9,4.1,36.5,0.0,7.24,4.09,Apartment,2176000.0,4,2674000.0,22.89
1854.0,4.0,4.0,16.0,6.5,2.9,2.2,8.3,3.0,41.3,2.0,5.58,3.01,House,7791000.0,3,8801000.0,12.96
1034.0,2.0,1.0,19.0,9.9,8.3,3.4,6.6,4.6,29.0,0.0,6.98,4.48,Apartment,4476000.0,1,4751000.0,6.14
1150.0,3.0,3.0,23.0,7.3,11.0,2.3,4.1,6.0,19.7,2.0,5.74,5.85,Apartment,3666000.0,1,3812000.0,3.98
1049.0,2.0,2.0,1.0,7.6,0.5,1.0,3.4,1.1,22.4,0.0,7.98,6.26,Apartment,5043000.0,2,5831000.0,15.63
780.0,2.0,3.0,19.0,6.3,18.3,8.4,5.7,13.7,16.5,0.0,7.29,6.34,Flat,1818000.0,2,2039000.0,12.16
1042.0,3.0,3.0,,2.2,29.9,10.5,4.3,0.8,47.5,1.0,,-1.36,Apartment,1289000.0,5,1291000.0,0.16
1549.0,3.0,2.0,22.0,4.5,9.9,3.5,5.0,1.1,46.1,0.0,4.82,2.58,Apartment,3560000.0,3,3714000.0,4.33
1278.0,3.0,3.0,10.0,7.6,12.3,6.1,,11.4,28.8,2.0,7.32,,Apartment,3792000.0,1,3994000.0,5.33
1463.0,3.0,2.0,25.0,8.6,11.2,1.9,7.0,1.3,27.3,0.0,5.05,4.36,Apartment,6489000.0,4,7550000.0,16.35
1247.0,3.0,3.0,7.0,5.7,11.6,7.7,7.6,3.0,30.9,2.0,5.4,3.66,Apartment,3858000.0,5,4556000.0,18.09
1965.0,0.0,1.0,22.0,5.2,13.8,2.8,4.8,3.3,20.8,3.0,3.87,2.7,Independent House,5011000.0,1,5101000.0,1.8
1179.0,2.0,2.0,5.0,5.9,4.8,1.8,3.4,3.5,49.5,0.0,5.57,6.03,Apartment,3506000.0,2,3847000.0,9.73
484.0,1.0,1.0,8.0,4.9,20.4,4.5,5.0,9.0,43.4,2.0,5.8,7.34,apartment,981000.0,4,1164000.0,18.65
1256.0,2.0,2.0,10.0,4.9,8.2,0.9,7.3,3.2,41.2,0.0,5.48,2.38,Apartment,4296000.0,4,4936000.0,14.9
726.0,1.0,2.0,19.0,4.8,12.7,1.1,,0.9,35.6,0.0,5.87,5.24,Apartment,2004000.0,5,2470000.0,23.25
1048.0,1.0,2.0,39.0,7.5,21.6,3.3,4.5,7.4,18.4,2.0,7.74,1.47,Apartment,2920000.0,2,3160000.0,8.22
624.0,1.0,1.0,3.0,6.0,6.5,1.4,8.9,4.1,45.3,1.0,4.44,1.68,Apartment,2040000.0,1,2140000.0,4.9
2151.0,4.0,3.0,2.0,1.4,23.1,1.9,4.2,3.6,51.2,4.0,6.82,2.07,Villa,5209000.0,5,6245000.0,19.89
1447.0,2.0,2.0,24.0,10.0,2.0,0.2,6.2,3.4,10.5,0.0,8.03,6.17,Apartment,7829000.0,3,9891000.0,26.34
952.0,2.0,2.0,8.0,7.9,2.5,0.9,5.8,0.6,21.3,1.0,5.75,5.31,Apartment,5415000.0,4,6593000.0,21.75
922.0,2.0,2.0,14.0,5.1,10.6,5.1,4.3,0.7,26.5,1.0,5.82,3.15,Apartment,2298000.0,2,2481000.0,7.96
1719.0,3.0,2.0,25.0,3.6,24.9,2.7,4.6,4.6,33.2,2.0,4.42,0.5,Apartment,2847000.0,3,3015000.0,5.9
794.0,1.0,2.0,23.0,6.7,21.1,14.1,8.0,2.5,29.4,0.0,5.74,5.34,Apartment,1597000.0,5,1923000.0,20.41
1560.0,2.0,1.0,28.0,6.7,14.6,3.6,6.5,4.5,20.7,0.0,6.34,4.11,,4626000.0,4,5554000.0,20.06
1188.0,3.0,3.0,31.0,6.9,10.6,7.4,4.2,4.0,15.9,2.0,5.79,4.29,Apartment,3012000.0,1,3133000.0,4.02
819.0,2.0,2.0,11.0,10.0,10.0,3.8,6.7,3.5,23.3,2.0,7.46,3.79,Apartment,5046000.0,5,7390000.0,46.45
1216.0,1.0,2.0,5.0,6.5,12.0,,6.9,6.0,14.0,1.0,3.86,2.4,Apartment,3480000.0,4,4151000.0,19.28
1065.0,2.0,3.0,1.0,2.8,14.9,3.9,4.0,1.5,39.5,1.0,5.44,2.89,Independent House,2212000.0,2,2360000.0,6.69
1207.0,3.0,3.0,35.0,5.5,13.0,3.2,5.6,2.8,37.1,2.0,6.51,2.88,Apartment,2968000.0,1,3086000.0,3.98
669.0,1.0,2.0,12.0,5.3,7.7,1.8,5.1,1.7,21.1,2.0,4.76,4.16,Apartment,2361000.0,5,2959000.0,25.33
1053.0,2.0,2.0,12.0,6.5,4.3,1.5,8.8,2.1,31.9,2.0,7.74,3.21,Apartment,4576000.0,2,5155000.0,12.65
3601.0,6.0,4.0,,6.9,10.1,6.8,6.9,0.3,9.4,2.0,5.94,5.54,Villa,21360000.0,4,27113000.0,26.93
1369.0,3.0,3.0,8.0,3.0,12.2,1.9,3.9,0.4,51.5,2.0,5.34,1.78,Apartment,3449000.0,3,3745000.0,8.58
2512.0,4.0,4.0,19.0,8.1,4.5,1.1,5.1,0.7,20.6,2.0,6.1,4.48,Independent House,11683000.0,5,15955000.0,36.57
1435.0,4.0,4.0,6.0,7.9,19.6,10.3,4.3,3.2,11.8,2.0,6.99,4.97,Apartment,5723000.0,4,6899000.0,20.55
991.0,3.0,3.0,11.0,6.3,16.0,1.7,4.6,2.4,27.9,2.0,5.84,5.34,Apartment,2929000.0,2,3247000.0,10.86
2200.0,4.0,3.0,8.0,4.7,24.0,5.1,4.8,2.1,24.5,2.0,3.91,1.34,Independent House,5496000.0,2,5879000.0,6.97
1673.0,3.0,2.0,29.0,4.6,10.1,1.8,6.2,1.3,23.9,1.0,2.76,1.07,Apartment,4820000.0,1,4960000.0,2.9
1423.0,4.0,4.0,23.0,6.2,11.4,6.9,6.1,2.1,26.8,1.0,6.52,6.14,Apt,3686000.0,3,4339000.0,17.72
835.0,2.0,2.0,15.0,4.1,19.0,3.0,6.7,1.2,52.4,1.0,7.74,4.8,Apartment,1961000.0,3,2242000.0,14.33
10453.0,5.0,3.0,28.0,6.2,8.5,4.6,6.5,5.4,30.4,3.0,6.58,4.36,Villa,12941000.0,4,16394000.0,26.68
1693.0,3.0,3.0,6.0,7.7,6.0,4.2,5.9,1.6,22.4,2.0,6.75,2.24,Independent House,9308000.0,2,10262000.0,10.25
1280.0,3.0,3.0,10.0,7.7,5.4,1.4,7.6,2.4,31.5,1.0,6.54,4.21,Apartment,6159000.0,5,8426000.0,36.81
2408.0,4.0,3.0,5.0,7.1,6.3,4.3,5.8,2.6,31.3,1.0,4.94,1.4,Independent House,9101000.0,1,9511000.0,4.5
1230.0,,1.0,17.0,5.9,12.4,1.6,3.8,2.7,19.4,0.0,5.29,3.56,Apartment,3519000.0,4,4221000.0,19.95
3498.0,6.0,5.0,6.0,5.6,17.7,3.8,5.2,1.9,26.7,4.0,6.57,1.79,Villa,97836000.0,2,106302000.0,8.65
2410.0,4.0,3.0,1.0,3.4,14.3,7.5,3.8,1.9,26.7,3.0,4.24,5.16,Independent House,6874000.0,2,7457000.0,8.48
1003.0,1.0,2.0,16.0,4.1,16.5,3.1,4.1,6.6,17.3,0.0,6.73,3.18,Apartment,2146000.0,3,2404000.0,12.02
2168.0,4.0,3.0,6.0,9.8,7.3,2.9,7.9,3.4,17.4,2.0,5.66,5.51,Independent House,15265000.0,5,21281000.0,39.41
1293.0,4.0,3.0,14.0,6.4,11.8,4.3,4.8,0.9,16.6,2.0,5.68,5.27,Apartment,4388000.0,5,5973000.0,36.12
872.0,1.0,2.0,19.0,2.7,13.4,1.0,4.2,7.9,52.8,1.0,4.68,2.47,Apartment,1561000.0,3,1643000.0,5.25
898.0,2.0,2.0,6.0,8.2,5.2,2.6,7.2,4.3,15.1,1.0,5.36,3.41,Apartment,5022000.0,3,5738000.0,14.26
1223.0,2.0,2.0,2.0,4.0,11.2,1.4,4.8,1.4,43.4,2.0,5.28,2.37,Independent House,3592000.0,5,4425000.0,23.19
1376.0,3.0,3.0,17.0,4.7,11.3,4.4,5.7,3.0,29.8,2.0,6.92,4.01,Independent House,4262000.0,3,5001000.0,17.34
1266.0,4.0,4.0,10.0,7.1,6.2,3.7,6.1,1.9,22.1,1.0,4.91,,Apartment,7017000.0,4,8635000.0,23.06
2312.0,5.0,4.0,21.0,7.7,11.5,3.2,5.2,1.7,38.5,2.0,6.19,4.49,Villa,11194000.0,4,13235000.0,18.23
794.0,1.0,1.0,15.0,,10.7,0.8,5.0,0.5,21.5,2.0,6.47,5.38,Apartment,2421000.0,5,3191000.0,31.81
2411.0,4.0,3.0,8.0,2.8,14.8,2.7,5.9,1.7,44.8,2.0,5.8,5.13,Independent House,6064000.0,1,6323000.0,4.27
1704.0,2.0,2.0,26.0,3.3,14.6,4.4,2.2,4.1,31.8,2.0,5.06,2.83,Apartment,2951000.0,3,3233000.0,9.56
1321.0,2.0,2.0,18.0,4.0,12.7,1.6,6.6,,17.1,1.0,4.97,3.62,Independent House,4034000.0,2,4367000.0,8.25
482.0,1.0,1.0,26.0,5.0,4.9,1.9,,1.1,18.6,2.0,4.44,4.24,Apartment,1313000.0,4,1500000.0,14.24
1308.0,2.0,1.0,9.0,8.4,5.2,3.6,6.4,2.8,2.0,2.0,5.98,4.42,Independent House,7154000.0,1,7566000.0,5.76
1562.0,2.0,2.0,10.0,,6.7,2.0,6.5,2.1,28.3,3.0,7.37,7.17,Independent House,8720000.0,5,13596000.0,55.92
1184.0,2.0,2.0,1.0,5.3,11.4,3.9,3.1,0.5,42.1,2.0,6.09,4.54,Apartment,3240000.0,5,3903000.0,20.46
2186.0,4.0,3.0,21.0,1.2,24.0,4.2,2.4,5.3,43.7,2.0,6.2,2.05,Villa,3916000.0,2,4144000.0,5.82
1310.0,2.0,2.0,2.0,4.2,13.9,1.6,5.6,4.8,38.7,1.0,6.33,3.18,Apartment,3699000.0,4,4372000.0,18.19
761.0,2.0,2.0,11.0,9.9,9.5,3.3,7.7,0.7,14.8,2.0,4.53,4.14,Apartment,5099000.0,1,5398000.0,5.86
1283.0,3.0,2.0,13.0,10.0,1.3,1.6,6.3,1.1,17.4,2.0,7.31,9.16,Apartment,9294000.0,4,12940000.0,39.23
1599.0,3.0,3.0,26.0,8.9,4.3,3.0,7.0,0.9,,2.0,4.1,2.46,Apartment,6844000.0,5,8258000.0,20.66
1111.0,3.0,3.0,6.0,8.0,6.3,5.3,5.7,2.2,36.7,1.0,6.04,3.31,Independent House,5349000.0,5,7063000.0,32.04
1033.0,1.0,1.0,7.0,3.2,20.2,1.1,7.1,4.4,28.5,2.0,6.06,3.68,Apartment,2295000.0,1,2396000.0,4.4
1191.0,3.0,2.0,9.0,7.0,19.5,2.1,7.1,3.0,30.7,1.0,4.39,5.06,Apartment,3833000.0,3,4274000.0,11.51
1076.0,2.0,2.0,11.0,5.1,8.4,2.2,,3.3,46.1,3.0,5.29,5.01,Independent House,2720000.0,5,3127000.0,14.96
999.0,2.0,2.0,33.0,2.9,14.7,1.9,5.3,0.4,40.5,0.0,5.88,1.68,APARTMENT,1726000.0,1,1769000.0,2.49
1340.0,3.0,3.0,8.0,6.4,11.9,7.9,4.2,1.7,37.3,1.0,4.49,2.86,Independent House,4140000.0,5,5062000.0,22.27
843.0,1.0,1.0,26.0,6.0,6.4,0.8,3.9,0.7,26.2,0.0,5.77,,Apartment,2173000.0,5,2508000.0,15.42
2009.0,4.0,3.0,1.0,5.4,20.1,8.9,5.7,2.6,18.7,3.0,6.08,5.77,Independent House,5664000.0,4,6730000.0,18.82
1429.0,3.0,3.0,8.0,8.2,1.8,0.4,5.8,1.3,34.1,1.0,6.24,3.34,Apartment,6497000.0,4,8049000.0,23.89
1222.0,2.0,2.0,29.0,7.3,3.0,2.6,6.4,2.5,27.0,1.0,7.23,3.68,Apartment,4370000.0,3,5232000.0,19.73
1670.0,4.0,4.0,20.0,6.9,13.0,3.4,8.3,1.4,42.1,1.0,5.6,1.83,Apartment,6485000.0,3,7260000.0,11.95
1594.0,2.0,3.0,12.0,6.7,11.2,0.6,4.3,2.8,28.7,2.0,7.31,5.05,Independent House,6232000.0,1,6591000.0,5.76
1064.0,2.0,1.0,25.0,6.5,1.0,3.1,7.9,0.9,41.3,0.0,6.57,3.5,Apartment,3300000.0,1,3503000.0,6.15
1344.0,2.0,2.0,6.0,4.4,19.8,1.6,4.8,2.5,44.7,2.0,7.0,3.38,Independent House,4309000.0,5,5363000.0,24.46
1627.0,2.0,2.0,16.0,5.2,12.2,3.7,4.8,0.5,30.5,1.0,5.54,6.6,Apartment,4101000.0,3,4613000.0,12.48
2996.0,5.0,4.0,25.0,4.9,19.1,5.1,5.7,4.4,40.9,2.0,5.44,2.14,Independent House,7086000.0,3,7880000.0,11.21
1564.0,3.0,3.0,27.0,4.6,10.1,6.1,4.6,1.8,34.6,2.0,7.33,3.1,Independent House,3520000.0,2,3779000.0,7.36
1016.0,1.0,1.0,6.0,8.5,10.7,5.0,5.9,4.3,42.9,2.0,5.79,2.55,Apartment,4284000.0,3,4982000.0,16.29
1008.0,2.0,1.0,12.0,8.6,2.0,1.2,5.5,1.0,26.6,2.0,7.49,6.99,Apartment,4652000.0,5,6930000.0,48.97
836.0,1.0,2.0,32.0,5.3,22.5,8.4,5.7,7.0,23.5,0.0,4.86,4.2,Apartment,1222000.0,1,1257000.0,2.86
1022.0,1.0,2.0,23.0,5.3,19.8,5.1,6.0,5.9,26.6,2.0,6.02,7.32,Apartment,2511000.0,5,3250000.0,29.43
1432.0,2.0,1.0,5.0,6.2,6.7,1.4,3.1,2.1,43.0,1.0,7.33,5.02,Apartment,4640000.0,4,5761000.0,24.16
3422.0,6.0,4.0,2.0,4.0,19.2,4.0,2.6,3.4,39.1,3.0,5.3,5.8,,9918000.0,1,10271000.0,3.56
2870.0,5.0,,24.0,8.1,10.1,4.5,2.9,,7.4,2.0,4.37,1.25,Independent House,10527000.0,1,10835000.0,2.93
1225.0,2.0,2.0,10.0,8.8,6.2,0.1,8.6,1.4,15.5,2.0,4.58,5.5,Independent House,8083000.0,2,8958000.0,10.83
2785.0,5.0,4.0,13.0,9.2,1.3,1.0,10.0,0.8,20.6,4.0,7.5,,Villa,34528000.0,4,49363000.0,42.97
1842.0,2.0,2.0,12.0,6.2,7.0,7.1,1.6,0.7,32.4,2.0,4.72,2.9,Independent House,4956000.0,5,5903000.0,19.11
950.0,2.0,2.0,25.0,7.0,8.4,0.5,5.0,1.1,35.5,0.0,5.96,5.89,Apartment,2727000.0,4,3394000.0,24.46
968.0,1.0,1.0,5.0,1.3,19.0,8.6,6.4,2.8,44.7,2.0,5.35,3.21,Apartment,1480000.0,1,1506000.0,1.76
1951.0,4.0,4.0,8.0,6.8,16.9,6.4,7.0,3.0,35.7,3.0,5.26,2.28,independent house,8381000.0,4,9873000.0,17.8
1073.0,2.0,2.0,2.0,6.1,14.6,6.9,1.3,1.7,,2.0,4.41,3.45,Apartment,2587000.0,1,2642000.0,2.13
1361.0,3.0,3.0,21.0,6.5,10.4,3.8,5.9,5.1,26.6,1.0,,3.52,Independent House,4790000.0,2,5277000.0,10.17
4232.0,6.0,6.0,4.0,6.8,10.8,4.0,5.4,2.5,27.7,4.0,7.29,3.82,Villa,22878000.0,4,28889000.0,26.27
860.0,1.0,2.0,4.0,4.9,12.8,10.4,4.3,1.7,49.9,0.0,5.21,2.87,Apartment,1680000.0,3,1871000.0,11.37
1317.0,2.0,2.0,30.0,9.1,1.8,4.7,6.0,3.1,7.5,0.0,5.16,5.72,Apartment,6021000.0,4,7276000.0,20.84
1117.0,2.0,2.0,16.0,5.3,4.7,3.6,4.1,3.3,26.8,2.0,5.51,1.99,Apartment,3294000.0,2,3503000.0,6.34
1800.0,4.0,3.0,6.0,3.0,12.0,3.6,4.6,0.5,23.1,0.0,6.81,3.36,Apartment,4195000.0,1,4409000.0,5.1
1036.0,2.0,2.0,9.0,7.9,9.0,14.0,8.4,3.3,27.2,0.0,5.85,7.01,Apartment,3333000.0,2,3680000.0,10.41
1059.0,1.0,2.0,4.0,5.1,16.7,6.0,7.4,10.2,30.8,0.0,3.28,,Apartment,2522000.0,2,2584000.0,2.46
1180.0,3.0,3.0,21.0,6.6,14.9,0.9,5.6,1.0,30.8,1.0,6.66,,Independent House,4063000.0,3,4612000.0,13.51
1078.0,2.0,2.0,7.0,4.9,16.5,4.7,4.3,6.9,32.6,2.0,5.27,3.31,Apartment,2650000.0,3,2981000.0,12.49
982.0,3.0,2.0,5.0,5.1,16.9,12.6,5.5,1.7,39.0,1.0,4.82,3.51,Apartment,2000000.0,4,2254000.0,12.7
830.0,1.0,1.0,18.0,4.8,25.9,13.1,6.1,4.8,33.2,2.0,4.73,2.25,Apartment,1219000.0,3,1317000.0,8.04
1497.0,3.0,2.0,10.0,4.9,13.0,0.2,3.3,4.2,29.6,1.0,4.15,2.07,Independent House,4706000.0,2,4999000.0,6.23
945.0,2.0,2.0,6.0,4.3,11.1,0.5,3.2,3.7,26.0,1.0,5.27,0.79,Apartment,2900000.0,5,3320000.0,14.48
2585.0,4.0,5.0,1.0,1.0,16.9,0.8,3.5,9.0,44.2,2.0,6.08,2.26,Villa,6712000.0,2,7256000.0,8.1
1073.0,2.0,2.0,5.0,1.0,18.8,11.4,4.0,3.4,50.7,1.0,5.9,1.17,Apt,1251000.0,4,1318000.0,5.36
2647.0,4.0,3.0,4.0,5.8,11.4,1.0,2.2,4.8,33.0,1.0,4.81,6.3,Independent House,7744000.0,2,8458000.0,9.22
1154.0,1.0,1.0,6.0,6.5,2.2,1.6,4.5,1.3,38.5,2.0,5.39,5.38,Apartment,4069000.0,4,4963000.0,21.97
1194.0,2.0,2.0,11.0,4.5,10.2,2.9,5.0,4.5,38.1,1.0,4.03,1.4,Apartment,3059000.0,3,3342000.0,9.25
1158.0,2.0,2.0,4.0,5.5,15.7,8.9,5.2,4.7,30.0,2.0,7.09,2.77,apartment,2467000.0,1,2589000.0,4.95
1235.0,1.0,1.0,13.0,4.9,3.2,0.4,3.5,1.8,30.2,2.0,7.28,3.93,Apartment,3828000.0,4,4537000.0,18.52
1046.0,1.0,2.0,1.0,5.1,21.2,7.7,4.1,1.7,44.8,0.0,4.61,7.05,Apartment,2259000.0,4,2602000.0,15.18
2293.0,3.0,2.0,12.0,7.1,8.8,6.4,6.8,1.6,30.6,2.0,4.96,,Independent House,9732000.0,1,10179000.0,4.59
2855.0,6.0,5.0,21.0,7.9,14.6,2.0,5.0,0.9,25.7,3.0,7.73,3.58,Independent House,12371000.0,4,16162000.0,30.64
874.0,2.0,3.0,11.0,7.8,0.5,1.1,2.6,0.5,21.0,1.0,5.71,4.46,Apartment,4058000.0,2,4572000.0,12.67
1336.0,3.0,3.0,13.0,9.0,2.5,3.1,8.7,2.7,12.4,1.0,6.45,4.92,Apartment,8835000.0,1,9363000.0,5.98
1611.0,3.0,3.0,2.0,4.2,12.8,1.5,5.5,1.8,47.6,0.0,5.25,2.39,Apartment,3455000.0,2,3778000.0,9.35
2452.0,3.0,3.0,6.0,9.2,4.0,1.3,4.6,3.6,34.9,2.0,6.52,5.28,,13038000.0,2,14278000.0,9.51
1121.0,2.0,2.0,36.0,5.4,13.8,6.0,6.3,4.6,35.5,2.0,5.39,,Apartment,2561000.0,4,2934000.0,14.56
1159.0,2.0,2.0,14.0,6.4,15.4,2.1,7.5,4.8,28.7,,4.66,4.11,Apartment,4110000.0,2,4451000.0,8.3
1828.0,3.0,3.0,21.0,5.6,19.7,5.0,4.6,6.9,11.5,2.0,4.23,2.29,Independent House,4963000.0,1,5083000.0,2.42
2988.0,5.0,4.0,13.0,2.7,16.1,11.0,5.2,1.1,36.6,3.0,5.83,2.4,Villa,6367000.0,4,6772000.0,6.36
3614.0,6.0,5.0,36.0,5.6,16.6,1.7,6.5,4.9,40.5,2.0,5.26,6.17,Villa,11765000.0,2,12742000.0,8.3
703.0,1.0,1.0,14.0,9.9,,0.4,6.4,0.9,4.1,2.0,5.08,8.82,Apartment,4596000.0,3,5793000.0,26.04
2981.0,6.0,5.0,10.0,6.8,11.7,2.0,6.3,0.5,30.0,3.0,6.12,4.21,Villa,17394000.0,1,18270000.0,5.04
1799.0,4.0,3.0,21.0,4.3,14.9,2.7,6.7,3.2,33.5,3.0,7.67,7.0,Independent House,6030000.0,1,6390000.0,5.97
1244.0,2.0,1.0,15.0,6.5,5.4,2.9,6.3,0.5,28.6,3.0,4.36,3.13,Independent House,5063000.0,2,5468000.0,8.0
1454.0,2.0,1.0,6.0,8.2,4.8,1.5,4.3,3.0,29.7,0.0,4.87,7.68,,5198000.0,2,5802000.0,11.62
802.0,1.0,1.0,10.0,8.1,2.5,1.5,5.5,1.0,17.2,2.0,7.68,5.83,Apartment,3828000.0,5,5126000.0,33.91
1488.0,3.0,4.0,15.0,6.4,13.0,1.0,3.0,1.3,37.7,3.0,5.64,6.84,Independent House,5516000.0,4,6596000.0,19.58
2145.0,4.0,3.0,17.0,7.0,9.6,7.4,6.4,6.2,32.6,2.0,3.3,3.89,Independent House,6592000.0,5,7826000.0,18.72
1151.0,2.0,2.0,8.0,12.0,7.4,1.8,7.5,1.3,23.9,1.0,7.12,4.03,Apartment,6409000.0,5,9121000.0,42.32
1388.0,3.0,3.0,10.0,4.5,11.6,3.0,3.6,4.2,36.5,0.0,5.67,4.43,Apartment,2913000.0,4,3542000.0,21.59
1872.0,2.0,2.0,7.0,7.2,8.2,0.6,6.7,2.3,16.1,1.0,6.3,5.19,Apartment,8092000.0,1,8608000.0,6.38
910.0,2.0,2.0,2.0,,3.0,3.1,8.1,1.4,20.2,0.0,5.59,3.59,Apartment,4613000.0,1,4880000.0,5.79
4904.0,1.0,2.0,6.0,2.4,13.4,4.7,2.5,3.1,20.6,1.0,4.9,6.09,Apartment,1857000.0,1,1938000.0,4.36
868.0,,1.0,21.0,6.1,10.3,2.2,6.6,2.4,22.5,1.0,5.6,4.71,Apartment,2599000.0,1,2751000.0,5.85
2637.0,5.0,5.0,3.0,3.3,13.5,2.1,5.6,1.7,56.6,3.0,4.84,2.69,House,8092000.0,4,9067000.0,12.05
2540.0,5.0,4.0,3.0,6.8,16.7,11.5,2.1,1.7,18.3,2.0,7.05,0.41,Independent House,8567000.0,3,9695000.0,13.17
1202.0,2.0,2.0,8.0,4.6,17.4,4.8,4.3,1.8,35.7,2.0,5.48,1.82,Independent House,3154000.0,4,3454000.0,9.51
859.0,2.0,2.0,9.0,7.6,1.5,0.5,7.7,1.1,38.9,0.0,6.93,3.66,Apartment,4311000.0,4,5523000.0,28.11
2576.0,5.0,4.0,6.0,7.4,8.5,2.1,5.2,3.2,23.1,2.0,8.39,5.24,Independent House,13364000.0,1,14198000.0,6.24
867.0,3.0,3.0,5.0,8.3,8.3,5.3,4.5,1.9,14.1,2.0,6.81,7.23,apartment,4398000.0,3,5244000.0,19.24
1450.0,2.0,2.0,2.0,1.3,18.0,10.5,3.8,4.2,37.5,0.0,4.94,4.66,Apartment,2108000.0,2,2211000.0,4.89
1912.0,4.0,4.0,25.0,4.0,16.0,1.4,5.0,2.4,31.4,1.0,5.45,1.93,Independent House,4752000.0,4,5355000.0,12.69
842.0,1.0,2.0,25.0,1.7,21.5,3.9,2.4,6.3,47.6,2.0,5.87,2.94,Apartment,1070000.0,3,1144000.0,6.92
1116.0,1.0,1.0,21.0,4.1,7.8,3.9,6.4,2.3,18.7,2.0,7.41,5.2,Apartment,2872000.0,5,3727000.0,29.77
1279.0,3.0,3.0,6.0,6.1,17.4,1.4,6.8,1.5,39.1,2.0,7.51,4.53,Apartment,4600000.0,4,5620000.0,22.17
2250.0,4.0,3.0,39.0,5.2,17.4,6.9,7.3,4.5,35.3,1.0,8.3,7.0,Independent House,5003000.0,5,6211000.0,24.15
1233.0,2.0,3.0,7.0,3.2,12.3,7.2,3.9,4.8,42.0,3.0,6.14,3.83,Independent House,2811000.0,1,2866000.0,1.96
3047.0,5.0,5.0,11.0,2.6,14.0,3.6,2.2,5.2,38.9,3.0,4.45,1.54,Independent House,7354000.0,3,7996000.0,8.73
1251.0,2.0,2.0,8.0,7.2,14.9,6.5,7.9,,24.7,2.0,7.5,7.24,Flat,4382000.0,3,5309000.0,21.15
778.0,1.0,2.0,11.0,6.5,9.1,5.2,5.2,3.7,26.1,1.0,7.17,3.25,Apartment,2503000.0,4,2997000.0,19.74
3604.0,6.0,5.0,19.0,2.7,18.0,4.1,8.1,1.3,37.7,4.0,5.36,4.69,Villa,12404000.0,4,13638000.0,9.95
896.0,2.0,2.0,11.0,5.6,7.1,2.8,,0.8,19.5,1.0,4.36,3.72,Apartment,2569000.0,1,2704000.0,5.25
865.0,2.0,1.0,43.0,6.1,7.5,1.0,3.4,1.0,42.8,2.0,6.44,2.54,Independent House,1900000.0,4,2198000.0,15.68
872.0,2.0,2.0,8.0,7.0,9.8,2.2,6.7,3.8,32.8,1.0,5.35,5.04,Apartment,3339000.0,5,4153000.0,24.38
1164.0,2.0,2.0,21.0,5.7,20.6,8.1,5.9,4.6,18.7,1.0,7.41,4.38,Apartment,2779000.0,5,3289000.0,18.35
870.0,1.0,1.0,27.0,8.2,9.8,3.5,3.5,2.6,36.6,1.0,7.91,,Apartment,2661000.0,5,3474000.0,30.55
863.0,2.0,2.0,9.0,5.7,14.1,1.2,5.3,2.2,19.9,1.0,5.75,0.76,Apartment,3009000.0,5,3790000.0,25.96
605.0,1.0,2.0,3.0,7.9,10.1,1.6,5.5,4.9,32.4,1.0,6.39,4.5,Apartment,2593000.0,4,3126000.0,20.56
1444.0,3.0,3.0,8.0,8.0,8.2,1.6,,2.0,6.9,1.0,,4.38,Independent House,8237000.0,3,10008000.0,21.5
975.0,1.0,1.0,18.0,5.0,6.2,2.2,2.7,3.2,35.5,0.0,3.95,4.97,APARTMENT,2049000.0,4,2389000.0,16.59
1302.0,3.0,4.0,4.0,5.4,16.2,0.1,5.7,10.9,36.3,2.0,4.56,2.15,Apartment,4475000.0,5,5162000.0,15.35
1158.0,2.0,2.0,7.0,9.4,6.1,2.6,5.2,2.4,30.9,2.0,8.18,6.29,Apartment,6016000.0,5,8230000.0,36.8
691.0,1.0,1.0,31.0,7.8,0.5,1.4,7.3,1.1,23.4,2.0,8.17,5.66,Apartment,2852000.0,2,3262000.0,14.38
2059.0,3.0,3.0,23.0,2.2,25.6,9.1,5.1,2.8,24.6,1.0,7.87,5.99,Independent House,3472000.0,1,3607000.0,3.89
1785.0,3.0,2.0,9.0,7.2,4.8,1.1,4.6,1.4,48.7,1.0,6.07,6.66,Independent House,6433000.0,2,7143000.0,11.04
1269.0,3.0,4.0,5.0,8.3,9.4,2.0,6.0,3.1,19.5,2.0,7.2,7.14,Apartment,7140000.0,5,9920000.0,38.94
2471.0,4.0,4.0,16.0,8.3,2.6,2.2,5.6,0.9,13.9,,5.33,3.17,Independent House,12075000.0,1,12714000.0,5.29
1792.0,3.0,3.0,19.0,,15.4,4.0,,1.7,36.7,2.0,7.9,5.53,Independent House,5786000.0,1,6051000.0,4.58
1283.0,2.0,2.0,12.0,7.8,9.4,,6.0,1.4,21.8,1.0,5.18,4.72,Independent House,5836000.0,4,6894000.0,18.13
1745.0,3.0,3.0,4.0,4.2,12.0,1.1,4.3,,28.4,3.0,6.27,5.81,Villa,6329000.0,5,8238000.0,30.16
1338.0,2.0,2.0,5.0,3.1,19.1,3.3,4.4,2.0,42.1,2.0,,4.48,Independent House,3675000.0,3,3954000.0,7.59
1103.0,3.0,3.0,4.0,7.6,10.3,3.2,4.5,1.8,19.5,1.0,5.98,4.65,Apartment,4917000.0,4,6071000.0,23.47
2818.0,4.0,4.0,10.0,2.3,30.3,12.6,2.2,7.2,34.3,1.0,7.95,2.88,Independent House,3583000.0,4,3877000.0,8.21
3225.0,6.0,5.0,10.0,5.4,16.3,3.4,4.7,0.7,47.6,2.0,2.85,1.92,Villa,11299000.0,2,11710000.0,3.64
1922.0,3.0,3.0,15.0,9.1,9.3,2.2,7.0,1.2,16.0,1.0,8.69,3.24,Independent House,12858000.0,5,18285000.0,42.21
,3.0,3.0,13.0,5.3,13.4,8.9,5.5,1.1,35.4,1.0,6.46,1.46,Apartment,1775000.0,5,2085000.0,17.46
2215.0,3.0,3.0,14.0,5.9,11.8,6.3,6.5,2.6,24.2,1.0,5.68,2.16,Independent House,8362000.0,1,8776000.0,4.95
2131.0,3.0,3.0,4.0,6.4,8.7,0.4,5.4,1.7,7.6,3.0,7.02,1.92,Independent House,11743000.0,3,14317000.0,21.92
1356.0,,3.0,10.0,8.6,4.5,2.9,,3.1,24.6,1.0,8.46,7.29,Apartment,6801000.0,4,9350000.0,37.48
1760.0,3.0,2.0,19.0,5.1,11.6,2.2,8.0,3.2,32.8,1.0,5.31,5.15,Independent House,5158000.0,3,5878000.0,13.96
1644.0,3.0,3.0,12.0,5.6,14.4,1.0,5.0,3.0,27.0,2.0,5.21,4.67,Independent House,5911000.0,5,7339000.0,24.16
1157.0,2.0,2.0,16.0,8.1,9.1,5.0,7.8,2.6,28.0,0.0,7.48,6.21,Apt,4574000.0,3,5546000.0,21.25
1428.0,3.0,3.0,14.0,7.7,13.8,4.1,5.5,2.7,25.5,1.0,5.27,5.03,Apartment,5793000.0,3,6782000.0,17.07
1226.0,2.0,2.0,5.0,3.0,18.0,2.2,6.3,1.3,27.3,2.0,4.49,1.07,Apartment,3037000.0,3,3260000.0,7.34
1025.0,2.0,2.0,29.0,6.6,15.0,4.2,5.3,4.8,36.9,1.0,6.15,5.48,Apartment,2673000.0,5,3304000.0,23.61
1812.0,3.0,3.0,7.0,5.8,8.7,3.8,5.2,1.9,20.0,2.0,4.18,2.68,Independent House,6369000.0,5,7639000.0,19.94
4772.0,6.0,5.0,8.0,6.0,14.6,6.0,5.1,1.3,28.9,3.0,6.62,5.37,Villa,19596000.0,4,23000000.0,17.37
1104.0,3.0,2.0,-7.0,7.4,0.5,1.6,6.8,1.3,29.5,2.0,4.62,2.54,Apartment,5247000.0,4,6535000.0,24.55
2473.0,4.0,4.0,19.0,5.8,13.1,3.3,6.6,1.9,24.0,4.0,6.64,5.74,Villa,11874000.0,5,15683000.0,32.08
1095.0,2.0,2.0,8.0,7.7,0.5,0.7,5.6,1.2,25.8,0.0,8.26,3.34,Apartment,5123000.0,2,5985000.0,16.83
867.0,1.0,1.0,12.0,4.4,7.3,1.5,6.7,0.9,23.1,1.0,6.99,4.06,apartment,2883000.0,5,3620000.0,25.56
2223.0,4.0,3.0,19.0,9.3,3.8,3.0,5.4,4.9,26.2,3.0,3.55,3.75,Independent House,10815000.0,5,13557000.0,25.35
791.0,2.0,2.0,16.0,3.9,22.8,7.7,4.3,7.0,33.4,1.0,4.96,0.28,Apartment,1421000.0,5,1498000.0,5.42
3147.0,4.0,2.0,24.0,5.9,9.3,1.2,5.3,2.6,22.8,4.0,4.6,4.53,Villa,14200000.0,2,15326000.0,7.93
1116.0,3.0,2.0,10.0,6.0,15.3,3.0,5.7,2.8,29.3,2.0,4.63,3.02,Apartment,3245000.0,1,3391000.0,4.5
1427.0,2.0,1.0,14.0,3.6,5.0,2.1,2.8,2.2,30.8,1.0,4.87,0.84,Apartment,3302000.0,1,3419000.0,3.54
1247.0,2.0,2.0,5.0,6.8,0.5,0.9,3.2,0.8,23.3,,5.48,6.04,Apartment,4346000.0,2,4800000.0,10.45
845.0,2.0,3.0,14.0,8.5,0.5,1.5,4.9,1.0,17.2,1.0,7.15,2.68,Apartment,4759000.0,3,5544000.0,16.5
1072.0,2.0,2.0,7.0,5.3,20.8,9.6,5.0,10.8,24.3,0.0,5.31,5.31,Apartment,2128000.0,2,2314000.0,8.74
1379.0,2.0,2.0,9.0,7.2,5.5,5.8,,0.8,39.6,1.0,6.69,4.2,Apartment,4893000.0,5,6527000.0,33.39
2857.0,5.0,4.0,11.0,6.5,9.8,0.7,6.3,1.6,37.5,1.0,7.74,4.61,Independent House,12054000.0,4,14679000.0,21.78
768.0,1.0,1.0,11.0,10.0,1.7,0.9,6.4,0.5,2.0,2.0,7.22,6.54,Apartment,5180000.0,4,6965000.0,34.46
2826.0,5.0,5.0,8.0,7.5,10.8,0.5,3.7,5.0,11.9,0.0,5.47,0.72,Apartment,10492000.0,1,10960000.0,4.46
2446.0,5.0,4.0,17.0,9.7,11.7,6.1,7.2,1.2,24.5,1.0,5.43,4.63,Independent House,14084000.0,2,15429000.0,9.55
946.0,1.0,2.0,,1.0,14.7,8.2,2.6,2.1,49.0,2.0,6.2,5.05,Apartment,1303000.0,5,1538000.0,18.04
3284.0,6.0,5.0,3.0,4.4,20.9,3.6,7.1,2.5,42.2,2.0,7.27,,Villa,12245000.0,5,16287000.0,33.01
3856.0,6.0,5.0,13.0,3.7,19.0,10.1,4.1,3.9,46.1,3.0,7.19,5.06,Villa,9665000.0,3,10790000.0,11.64
747.0,1.0,1.0,8.0,6.6,19.3,4.8,7.5,2.2,28.5,1.0,7.17,4.19,Apartment,2668000.0,1,2817000.0,5.58
1612.0,2.0,2.0,19.0,6.9,6.4,8.3,3.0,0.9,35.8,2.0,6.08,,Apartment,3806000.0,3,4248000.0,11.61
3361.0,6.0,4.0,13.0,4.9,15.4,1.9,6.4,1.3,42.3,2.0,5.93,2.26,Independent House,12094000.0,2,13059000.0,7.98
1400.0,4.0,3.0,18.0,5.9,16.9,5.5,3.9,1.5,25.3,2.0,4.49,2.56,Apartment,4252000.0,3,4713000.0,10.84
3178.0,6.0,5.0,18.0,4.6,12.9,5.2,6.6,5.4,33.8,2.0,5.87,2.47,Villa,11099000.0,2,11833000.0,6.61
1748.0,3.0,2.0,10.0,6.5,16.2,2.6,6.0,1.5,10.6,2.0,5.9,4.5,Apartment,6888000.0,2,7688000.0,11.61
3802.0,6.0,5.0,16.0,8.8,4.8,2.7,5.7,1.0,20.2,4.0,6.67,4.86,Villa,34877000.0,2,39374000.0,12.89
2153.0,3.0,3.0,21.0,7.9,5.0,2.1,6.3,1.6,28.6,4.0,7.53,2.84,Villa,12503000.0,3,15295000.0,22.33
1464.0,3.0,3.0,10.0,6.4,4.7,1.2,4.7,0.7,22.3,1.0,3.57,3.35,Apartment,6047000.0,2,6608000.0,9.28
1533.0,2.0,2.0,23.0,4.7,6.0,2.2,6.0,1.4,47.2,1.0,5.61,-0.12,Apartment,3749000.0,4,4130000.0,10.16
,1.0,1.0,4.0,7.0,10.1,2.0,4.4,3.0,44.2,1.0,5.22,4.56,Apartment,3189000.0,4,3976000.0,24.68
1141.0,2.0,3.0,,6.9,10.7,0.9,8.5,1.9,37.9,1.0,5.25,5.57,Apartment,5015000.0,5,6706000.0,33.72
1209.0,1.0,2.0,7.0,5.2,6.9,1.4,5.8,2.0,34.0,1.0,7.44,3.59,Apartment,4217000.0,3,4968000.0,17.81
941.0,1.0,1.0,7.0,9.8,15.1,1.1,4.6,2.7,16.7,2.0,6.55,4.36,Apartment,4008000.0,3,4792000.0,19.56
1317.0,3.0,3.0,9.0,6.2,2.2,1.8,6.7,3.8,24.5,2.0,6.13,3.15,Independent House,7013000.0,3,8139000.0,16.06
1999.0,3.0,2.0,1.0,6.3,6.0,2.3,3.7,2.2,8.1,2.0,6.12,3.31,Independent House,10396000.0,3,12525000.0,20.48
989.0,1.0,2.0,10.0,5.0,20.7,9.6,7.3,2.7,50.5,0.0,5.93,5.09,Apartment,1898000.0,5,2316000.0,22.02
883.0,2.0,2.0,29.0,4.9,17.5,9.1,3.1,9.2,22.8,1.0,7.32,4.32,Apartment,1307000.0,3,1388000.0,6.2
1010.0,2.0,3.0,10.0,5.5,16.0,3.9,3.2,1.6,42.3,0.0,8.45,2.93,Apartment,2153000.0,5,2812000.0,30.61
2740.0,5.0,4.0,12.0,5.5,12.9,5.5,7.6,3.6,20.0,,5.66,7.77,Independent House,9770000.0,4,11965000.0,22.47
2309.0,4.0,4.0,19.0,6.7,8.6,6.5,3.3,0.5,29.5,1.0,6.57,5.65,Independent House,6688000.0,3,7586000.0,13.43
2941.0,5.0,5.0,14.0,5.2,9.4,1.1,4.2,1.6,33.6,4.0,5.32,3.74,Villa,14168000.0,2,15032000.0,6.1
1488.0,2.0,3.0,5.0,10.0,0.5,1.4,4.2,0.4,7.9,0.0,8.27,5.91,Apartment,9416000.0,4,12942000.0,37.45
1860.0,2.0,2.0,21.0,6.7,7.5,2.7,3.3,0.6,28.4,3.0,7.21,6.44,Independent House,6003000.0,5,7520000.0,25.27
1257.0,2.0,3.0,7.0,4.8,13.5,3.4,3.9,8.4,34.6,2.0,5.55,1.86,Independent House,3416000.0,1,3511000.0,2.78
1159.0,1.0,2.0,15.0,5.3,21.6,1.3,5.4,5.0,36.5,2.0,6.7,0.82,Apartment,2912000.0,2,3173000.0,8.96
1118.0,2.0,2.0,4.0,8.1,1.8,0.3,6.5,1.4,35.6,0.0,6.34,4.65,Apartment,5947000.0,2,6736000.0,13.27
,3.0,3.0,2.0,7.3,5.3,2.0,4.5,1.9,23.9,2.0,5.85,4.3,Apartment,6299000.0,4,7901000.0,25.43
1286.0,2.0,3.0,13.0,6.9,0.5,1.3,6.3,0.5,28.2,0.0,5.42,-0.8,Apartment,5332000.0,1,5549000.0,4.07
1589.0,4.0,3.0,12.0,7.5,10.2,1.4,6.9,10.8,33.8,1.0,3.77,5.17,INDEPENDENT HOUSE,6165000.0,1,6362000.0,3.2
1279.0,3.0,3.0,5.0,4.5,12.4,6.4,6.5,2.1,23.8,0.0,6.46,0.61,Apartment,3514000.0,3,4031000.0,14.71
2417.0,4.0,3.0,7.0,4.2,16.9,12.1,5.5,2.9,24.9,3.0,7.9,6.75,Independent House,6473000.0,5,8581000.0,32.57
960.0,1.0,1.0,15.0,6.9,8.4,4.0,5.1,2.4,34.4,2.0,7.19,6.51,apartment,3128000.0,4,3985000.0,27.4
2705.0,5.0,5.0,11.0,4.2,24.4,8.4,5.2,4.2,57.8,4.0,6.33,7.25,Villa,5838000.0,5,7103000.0,21.67
2763.0,4.0,4.0,2.0,10.0,9.4,5.3,7.8,1.8,41.6,1.0,6.86,8.43,Independent House,17350000.0,5,24680000.0,42.25
726.0,2.0,3.0,8.0,7.3,10.9,0.9,7.0,3.2,33.4,1.0,6.69,6.94,Apartment,3338000.0,4,4102000.0,22.89
2547.0,5.0,4.0,5.0,6.9,14.2,4.1,5.1,1.8,30.6,3.0,7.88,6.83,Villa,13594000.0,5,19417000.0,42.84
1444.0,3.0,4.0,19.0,5.1,7.1,1.9,7.8,1.6,39.0,2.0,6.93,4.98,Apartment,4851000.0,1,5162000.0,6.41
1503.0,4.0,3.0,,8.9,4.8,2.1,5.6,1.0,26.1,3.0,4.52,2.04,Independent House,9508000.0,3,10482000.0,10.24
1093.0,2.0,2.0,27.0,5.6,9.8,5.2,6.1,5.8,20.6,1.0,1.9,2.91,Apartment,2304000.0,2,2410000.0,4.6
1167.0,2.0,2.0,28.0,8.8,1.0,0.9,6.5,1.9,9.5,0.0,6.84,3.44,Apartment,5819000.0,3,6924000.0,18.99
,2.0,2.0,7.0,8.5,7.8,2.8,5.5,8.6,31.0,2.0,6.29,6.84,Independent House,5763000.0,1,6109000.0,6.0
1387.0,1.0,1.0,9.0,6.7,14.5,6.5,6.6,7.4,41.3,1.0,7.34,4.52,Apartment,3628000.0,4,4458000.0,22.88
1640.0,3.0,3.0,17.0,4.9,25.9,2.2,5.1,2.4,50.6,2.0,4.59,3.18,Apartment,3631000.0,4,4128000.0,13.69
3438.0,6.0,6.0,1.0,7.0,5.7,3.1,4.0,2.2,17.6,4.0,6.35,,Villa,20388000.0,5,28152000.0,38.08
732.0,2.0,2.0,15.0,,12.7,1.8,3.3,5.0,31.5,1.0,5.42,4.02,Apartment,1982000.0,3,2208000.0,11.4
5117.0,6.0,5.0,15.0,6.3,0.5,1.3,5.9,1.1,22.9,3.0,5.47,4.36,Independent House,24893000.0,4,31546000.0,26.73
698.0,1.0,1.0,14.0,5.3,12.6,4.1,6.3,2.9,34.9,0.0,6.56,6.52,Apartment,1974000.0,1,2085000.0,5.62
1304.0,2.0,2.0,15.0,5.5,17.2,4.9,5.6,2.4,17.5,2.0,5.72,4.85,Apartment,3444000.0,4,4144000.0,20.33
1258.0,2.0,1.0,13.0,4.7,12.5,1.8,5.5,1.3,,1.0,3.36,3.37,Independent House,3252000.0,2,3441000.0,5.81
1778.0,4.0,4.0,7.0,8.8,0.5,1.8,9.2,0.8,37.0,3.0,9.31,8.28,Independent House,13389000.0,4,18775000.0,40.23
1174.0,1.0,1.0,10.0,8.6,17.1,3.2,6.5,1.9,12.4,1.0,4.13,3.05,Apartment,4525000.0,5,5319000.0,17.55
1506.0,1.0,1.0,16.0,7.8,13.8,2.7,,0.4,20.3,2.0,6.03,4.86,Apartment,5966000.0,3,7123000.0,19.39
916.0,3.0,4.0,6.0,5.5,10.4,1.9,4.3,1.1,32.5,1.0,5.48,1.09,Apartment,2784000.0,4,3303000.0,18.64
2146.0,4.0,4.0,,7.6,11.1,9.8,5.7,1.2,24.3,1.0,5.24,2.88,Independent House,7287000.0,1,7489000.0,2.77
2123.0,5.0,5.0,28.0,10.0,14.5,5.2,6.6,5.3,20.1,2.0,,6.1,Independent House,11996000.0,1,12899000.0,7.53
1918.0,3.0,3.0,13.0,7.3,10.5,0.7,3.6,0.7,21.6,0.0,6.49,5.88,Apartment,6679000.0,2,7414000.0,11.0
1419.0,2.0,3.0,25.0,7.9,11.6,2.7,6.8,1.7,23.4,1.0,6.26,4.77,Apartment,5150000.0,1,5412000.0,5.09
2258.0,4.0,3.0,8.0,7.7,4.5,0.1,6.8,2.9,23.3,1.0,8.07,4.79,Independent House,12968000.0,4,17870000.0,37.8
1299.0,1.0,,4.0,4.5,16.0,2.3,5.2,2.5,38.1,2.0,6.41,0.68,Independent House,4013000.0,5,4742000.0,18.17
944.0,2.0,2.0,5.0,5.5,15.1,5.2,5.4,4.8,27.8,2.0,4.3,1.86,Apartment,2691000.0,3,2945000.0,9.44
2161.0,4.0,3.0,16.0,6.3,11.8,9.1,4.6,7.7,33.6,1.0,5.61,3.53,Independent House,5216000.0,4,5882000.0,12.77
1342.0,3.0,3.0,20.0,5.3,16.9,9.9,6.9,2.4,33.4,0.0,5.54,3.75,Apartment,2445000.0,5,2994000.0,22.45
1892.0,4.0,3.0,11.0,5.0,18.2,6.1,4.3,7.2,20.2,3.0,6.51,1.06,Independent House,5106000.0,5,6377000.0,24.89
854.0,1.0,2.0,-6.0,4.1,8.5,4.6,4.2,1.1,24.9,0.0,5.4,3.7,Apartment,1915000.0,3,2164000.0,13.0
1501.0,3.0,2.0,23.0,7.2,11.3,3.1,5.7,1.9,16.0,0.0,7.74,6.08,Apartment,5361000.0,2,6130000.0,14.34
,3.0,3.0,5.0,8.0,0.5,0.6,6.7,1.1,32.4,2.0,4.41,3.64,Apartment,6764000.0,2,7386000.0,9.2
1296.0,3.0,3.0,7.0,3.9,18.2,5.1,5.7,5.0,25.2,1.0,9.5,4.33,Apartment,3615000.0,5,4727000.0,30.76
1358.0,2.0,,7.0,6.4,11.4,4.5,5.9,,14.1,2.0,7.17,3.01,Apartment,4725000.0,2,5287000.0,11.89
1724.0,3.0,2.0,40.0,5.7,9.4,1.2,4.0,1.6,26.1,1.0,7.53,3.73,Independent House,4048000.0,2,4337000.0,7.14
,3.0,3.0,9.0,5.4,16.0,2.3,6.6,2.4,23.5,3.0,7.76,4.09,Independent House,5957000.0,4,7395000.0,24.14
1912.0,4.0,3.0,28.0,6.6,13.5,1.0,5.0,3.8,27.5,3.0,6.36,4.6,Independent House,6136000.0,1,6350000.0,3.49
869.0,2.0,2.0,10.0,3.6,7.2,2.6,4.2,1.9,38.1,2.0,5.68,3.15,Apartment,2320000.0,5,3051000.0,31.51
913.0,4.0,4.0,,8.9,12.2,3.0,8.2,0.7,24.2,2.0,5.25,1.8,Apartment,5302000.0,3,6250000.0,17.88
829.0,1.0,1.0,14.0,7.4,14.7,8.5,6.2,2.6,29.0,0.0,4.01,2.77,Apartment,2400000.0,5,2730000.0,13.75
1148.0,2.0,2.0,14.0,4.2,12.2,0.4,,2.8,29.2,1.0,2.38,0.89,Independent House,3307000.0,3,3500000.0,5.84
1531.0,3.0,2.0,,5.1,10.1,4.9,3.7,4.0,41.6,0.0,5.4,6.81,Apartment,3645000.0,3,4120000.0,13.03
1326.0,2.0,2.0,21.0,7.1,13.2,6.7,10.0,3.7,25.6,1.0,,4.57,Independent House,5904000.0,2,6399000.0,8.38
3944.0,6.0,5.0,2.0,7.4,17.2,4.0,4.2,1.9,15.5,2.0,4.81,4.42,Villa,20399000.0,1,21239000.0,4.12
1289.0,2.0,1.0,34.0,5.3,13.3,4.8,6.3,6.6,27.5,3.0,6.73,1.44,Independent House,2944000.0,4,3400000.0,15.49
1543.0,3.0,2.0,6.0,10.0,1.1,0.7,7.0,1.4,22.3,3.0,5.57,5.06,Independent House,12363000.0,5,17235000.0,39.41
2831.0,5.0,4.0,24.0,7.0,20.7,6.0,6.1,4.4,19.5,,7.21,7.03,Villa,12975000.0,1,13798000.0,6.34
1314.0,,2.0,8.0,6.3,13.7,7.6,4.4,4.5,24.6,1.0,5.28,1.64,Apartment,4007000.0,4,4488000.0,12.0
1085.0,2.0,2.0,10.0,7.9,10.8,11.4,,1.2,47.5,1.0,6.07,3.81,Independent House,3321000.0,3,3728000.0,12.26
1754.0,4.0,3.0,14.0,4.8,12.7,0.7,4.0,5.8,25.9,1.0,4.95,0.59,Independent House,5224000.0,1,5439000.0,4.12
2530.0,4.0,4.0,13.0,7.7,7.6,1.1,6.4,5.4,27.5,3.0,7.09,3.9,Independent House,14637000.0,2,16342000.0,11.65
1108.0,1.0,1.0,11.0,7.6,9.5,1.9,4.9,2.8,13.4,1.0,7.27,7.36,Apartment,4633000.0,1,4943000.0,6.69
1851.0,3.0,3.0,24.0,6.6,13.7,4.9,4.9,1.2,18.1,0.0,6.02,6.71,Apartment,5650000.0,2,6237000.0,10.39
1051.0,2.0,2.0,15.0,6.2,14.0,5.5,3.1,1.9,39.7,3.0,4.29,4.74,Independent House,3101000.0,5,3724000.0,20.09
1363.0,3.0,3.0,6.0,9.1,3.5,2.6,6.4,1.8,32.2,0.0,6.84,5.27,Apartment,6990000.0,2,8256000.0,18.11
727.0,2.0,3.0,16.0,5.1,11.4,1.6,6.5,1.8,,0.0,5.61,2.07,Apartment,2155000.0,3,2436000.0,13.04
1387.0,3.0,3.0,15.0,9.2,5.7,2.0,6.5,1.4,30.1,2.0,7.64,4.64,Independent House,8579000.0,5,12613000.0,47.02
1256.0,2.0,2.0,30.0,5.4,11.4,5.4,6.9,1.4,42.4,1.0,9.93,6.4,Apartment,3201000.0,2,3581000.0,11.87
2399.0,4.0,4.0,15.0,7.4,12.8,1.9,4.1,3.5,37.2,2.0,5.95,4.8,Independent House,8599000.0,1,8928000.0,3.83
761.0,1.0,1.0,7.0,7.0,18.7,3.0,4.1,2.3,35.5,1.0,6.43,1.54,Apartment,2289000.0,5,2758000.0,20.49
992.0,,2.0,16.0,8.4,0.5,0.3,7.2,0.9,29.4,2.0,5.34,3.52,Apartment,5836000.0,5,8147000.0,39.6
1205.0,1.0,1.0,5.0,4.3,15.9,2.0,5.7,0.8,30.3,2.0,5.08,0.88,Independent House,4204000.0,3,4539000.0,7.97
3199.0,6.0,6.0,18.0,3.4,14.4,8.8,4.2,1.3,43.6,3.0,7.15,4.25,Independent House,6643000.0,2,7171000.0,7.95
1093.0,3.0,2.0,9.0,4.5,14.5,4.2,3.4,1.1,24.2,0.0,4.88,0.8,Apartment,2955000.0,4,3376000.0,14.25
1489.0,3.0,3.0,12.0,5.5,15.9,1.5,7.0,1.8,32.1,2.0,7.18,6.14,Independent House,4946000.0,2,5563000.0,12.47
2230.0,3.0,3.0,19.0,10.0,1.3,1.1,4.1,1.9,15.6,0.0,4.53,4.62,Apt,10897000.0,4,13346000.0,22.47
1446.0,3.0,3.0,6.0,7.4,3.7,0.7,7.4,1.9,16.8,0.0,4.94,2.93,Apartment,6667000.0,1,7013000.0,5.19
957.0,3.0,2.0,16.0,5.5,15.7,17.6,5.0,3.0,22.7,2.0,5.49,5.57,Apartment,1791000.0,5,2106000.0,17.59
974.0,1.0,2.0,9.0,4.7,16.0,5.5,3.3,6.6,32.2,2.0,3.16,-2.02,Flat,1992000.0,4,1990000.0,-0.1
954.0,2.0,2.0,18.0,6.4,22.8,1.8,,0.5,30.4,1.0,6.83,,Apartment,3094000.0,5,3690000.0,19.26
1054.0,2.0,2.0,12.0,2.5,8.0,3.6,4.1,5.9,48.7,2.0,6.94,5.27,Apartment,2175000.0,4,2452000.0,12.74
1480.0,2.0,1.0,36.0,4.4,13.0,1.8,5.2,1.3,36.8,1.0,5.5,-0.38,Independent House,3256000.0,3,3407000.0,4.64
1290.0,2.0,1.0,7.0,4.8,24.6,10.6,6.6,4.1,36.5,0.0,6.57,3.22,Apartment,2648000.0,2,2827000.0,6.76
1132.0,2.0,2.0,14.0,4.4,6.2,0.9,3.6,3.0,36.5,2.0,3.86,2.0,Apartment,3006000.0,5,3644000.0,21.22
676.0,1.0,1.0,5.0,5.5,8.7,2.0,6.1,,39.7,0.0,4.23,4.31,Apartment,2292000.0,3,2556000.0,11.52
1834.0,3.0,3.0,1.0,9.5,0.5,0.6,6.2,0.6,38.2,2.0,7.2,4.68,Apartment,11270000.0,3,13815000.0,22.58
4339.0,6.0,4.0,8.0,8.9,14.6,5.6,7.4,1.5,24.5,3.0,7.59,4.79,Villa,29524000.0,3,34904000.0,18.22
1125.0,2.0,2.0,25.0,8.6,8.9,1.4,4.7,2.6,33.9,1.0,6.41,7.55,Apartment,3689000.0,5,4992000.0,35.32
1204.0,2.0,2.0,26.0,8.4,14.5,4.4,4.7,2.6,45.1,1.0,8.14,8.95,Apartment,3578000.0,5,4997000.0,39.66
3540.0,6.0,5.0,18.0,6.9,12.3,1.4,6.8,17.1,38.0,3.0,3.93,3.62,Villa,16175000.0,2,17226000.0,6.5
1006.0,2.0,,21.0,7.8,12.4,3.8,6.9,1.6,14.7,0.0,6.19,5.56,Apartment,4302000.0,2,4840000.0,12.51
1652.0,2.0,2.0,4.0,10.0,0.5,2.9,5.3,0.7,11.7,3.0,6.89,7.99,Independent House,10533000.0,4,14868000.0,41.16
2151.0,5.0,4.0,12.0,10.0,7.1,1.7,7.4,1.1,23.7,2.0,6.72,5.59,Independent House,16380000.0,3,19847000.0,21.17
1136.0,1.0,1.0,26.0,3.3,23.3,3.9,3.0,2.6,29.5,1.0,5.28,2.68,Apartment,1973000.0,2,2022000.0,2.48
1504.0,3.0,2.0,16.0,7.6,9.4,2.7,5.6,1.1,25.7,2.0,5.24,2.78,Independent House,6279000.0,5,7884000.0,25.56
1211.0,2.0,2.0,21.0,8.7,6.5,3.9,5.4,1.5,18.1,0.0,5.44,2.34,Apartment,4324000.0,1,4521000.0,4.56
1856.0,4.0,3.0,6.0,10.0,9.8,0.9,5.7,2.7,19.7,2.0,5.02,6.63,Apartment,11828000.0,5,16638000.0,40.67
690.0,2.0,2.0,18.0,8.3,0.9,1.1,7.3,0.9,34.6,1.0,5.63,4.96,Apartment,3412000.0,1,3618000.0,6.04
1285.0,,,10.0,6.3,11.6,2.3,3.5,1.1,8.1,1.0,5.01,0.7,Apartment,4678000.0,1,4828000.0,3.21
1211.0,1.0,1.0,50.0,6.9,7.3,2.6,8.1,0.5,29.2,0.0,7.03,3.97,Apartment,3390000.0,3,3971000.0,17.14
1017.0,2.0,1.0,6.0,5.6,10.9,5.1,6.6,1.8,,0.0,6.14,2.81,Apartment,3532000.0,2,3886000.0,10.02
2298.0,6.0,5.0,10.0,4.9,17.8,4.7,,4.6,40.7,3.0,3.9,1.99,Independent House,8277000.0,2,8980000.0,8.49
849.0,2.0,1.0,29.0,8.4,8.7,4.6,8.2,4.2,8.7,,7.31,6.89,Apartment,3501000.0,2,3937000.0,12.45
989.0,3.0,2.0,41.0,4.6,17.9,3.6,5.2,2.2,39.2,2.0,6.6,4.09,Apartment,1761000.0,5,2022000.0,14.82
1065.0,2.0,2.0,41.0,,15.9,6.1,5.3,3.1,27.9,1.0,6.29,7.72,Flat,3029000.0,4,3538000.0,16.8
1107.0,2.0,3.0,10.0,5.3,12.3,3.9,3.0,5.1,42.1,,5.49,2.55,Apartment,2431000.0,1,2535000.0,4.28
636.0,1.0,2.0,,5.4,9.5,1.2,4.0,5.2,22.0,1.0,6.23,6.75,Apartment,1868000.0,1,1974000.0,5.67
869.0,1.0,1.0,22.0,5.7,6.0,0.6,6.5,1.1,44.8,0.0,5.76,4.07,Apartment,2193000.0,3,2485000.0,13.32
961.0,1.0,1.0,10.0,,10.0,2.6,2.4,0.8,40.3,,5.46,2.57,apartment,2372000.0,3,2615000.0,10.24
1806.0,3.0,2.0,6.0,5.3,14.7,3.1,4.8,3.9,19.1,2.0,4.9,2.36,Independent House,5030000.0,4,5712000.0,13.56
2049.0,5.0,4.0,11.0,8.2,10.6,2.7,7.1,2.4,25.8,2.0,4.69,2.97,Villa,13324000.0,1,14073000.0,5.62
1122.0,1.0,1.0,35.0,6.2,7.3,0.7,3.5,2.0,23.0,2.0,4.15,2.22,Apartment,2981000.0,2,3226000.0,8.22
1418.0,3.0,3.0,47.0,9.6,14.9,3.1,8.3,0.9,11.6,1.0,7.46,4.24,Independent House,6860000.0,5,9351000.0,36.31
1269.0,3.0,,20.0,6.7,5.8,0.4,4.0,0.6,24.1,0.0,5.88,2.9,Apartment,4026000.0,5,4958000.0,23.15
1040.0,2.0,2.0,13.0,8.2,0.5,0.8,6.7,1.0,33.3,0.0,7.38,5.04,APARTMENT,5588000.0,2,6432000.0,15.1
1639.0,3.0,2.0,30.0,2.1,21.3,3.5,3.6,3.0,42.2,3.0,3.79,0.42,Independent House,2621000.0,2,2591000.0,-1.14
1455.0,2.0,2.0,21.0,4.9,19.2,7.0,3.1,1.8,40.0,0.0,5.91,6.16,Apartment,2346000.0,2,2516000.0,7.25
3078.0,,5.0,4.0,4.4,13.8,0.5,4.8,1.7,34.6,2.0,7.83,2.99,Villa,13549000.0,3,15520000.0,14.55
1970.0,4.0,4.0,3.0,6.3,12.1,3.9,4.9,3.6,26.2,1.0,5.2,4.22,Independent House,7967000.0,5,9761000.0,22.52
1556.0,2.0,1.0,7.0,3.1,23.6,1.4,3.5,1.7,37.7,1.0,4.49,0.5,Independent House,3574000.0,4,4066000.0,13.77
901.0,1.0,2.0,37.0,6.9,12.8,4.7,7.0,0.8,20.7,0.0,4.9,,Apartment,2280000.0,2,2428000.0,6.49
688.0,1.0,1.0,28.0,8.6,6.7,1.6,5.7,2.4,29.0,,4.85,3.37,Apartment,2413000.0,4,2871000.0,18.98
788.0,1.0,1.0,2.0,6.5,6.1,2.9,4.5,1.3,22.5,0.0,5.36,4.97,Apartment,3208000.0,5,4176000.0,30.17
1789.0,2.0,2.0,20.0,7.3,9.5,6.7,6.4,2.7,35.0,3.0,6.7,8.17,House,6243000.0,5,8466000.0,35.61
1165.0,2.0,3.0,22.0,6.2,10.8,4.0,5.5,0.7,37.6,1.0,5.67,6.19,Apartment,3036000.0,3,3469000.0,14.26
2264.0,4.0,4.0,10.0,8.3,8.9,1.4,4.7,3.3,23.9,3.0,8.42,5.62,Independent House,11946000.0,5,17268000.0,44.55
689.0,3.0,3.0,9.0,5.1,22.0,1.9,3.3,7.9,42.2,0.0,6.73,6.14,Apartment,1606000.0,4,1885000.0,17.37
1161.0,3.0,3.0,28.0,4.3,20.3,9.7,5.7,5.7,11.0,2.0,1.68,1.75,Apartment,2020000.0,4,2144000.0,6.14
1142.0,1.0,1.0,10.0,4.7,9.8,2.9,4.4,3.7,44.4,1.0,5.15,1.65,Apartment,2482000.0,1,2542000.0,2.42
1487.0,2.0,2.0,7.0,3.9,15.2,1.0,5.9,3.0,43.7,2.0,5.51,2.23,Independent House,3741000.0,3,4237000.0,13.26
986.0,2.0,3.0,5.0,,13.8,3.4,5.4,1.5,16.6,0.0,6.5,5.18,Apartment,2940000.0,4,3727000.0,26.77
500.0,2.0,3.0,22.0,6.8,12.0,4.0,6.7,0.8,15.7,2.0,7.56,5.75,Apartment,2128000.0,4,2615000.0,22.89
1021.0,2.0,2.0,32.0,6.7,9.4,8.9,7.0,2.4,,2.0,5.41,0.58,Apartment,2572000.0,4,2819000.0,9.6
713.0,2.0,1.0,7.0,8.3,12.7,6.0,5.4,5.0,40.2,0.0,6.33,,Apartment,2683000.0,2,2974000.0,10.85
1229.0,3.0,3.0,13.0,4.8,19.8,4.7,4.1,2.9,41.8,0.0,6.27,5.47,Apartment,2617000.0,5,3117000.0,19.11
1150.0,2.0,2.0,26.0,3.7,14.8,3.6,2.4,5.2,34.1,2.0,5.62,4.78,APARTMENT,2063000.0,1,2145000.0,3.97
1712.0,3.0,4.0,28.0,5.1,12.6,2.1,6.8,8.9,21.2,0.0,6.13,2.57,Apartment,4142000.0,3,4847000.0,17.02
1441.0,2.0,2.0,,4.9,15.9,1.6,3.9,1.3,,2.0,9.07,4.42,Independent House,3875000.0,1,4085000.0,5.42
1226.0,2.0,2.0,13.0,5.7,7.2,2.4,6.4,9.3,41.9,2.0,7.59,0.17,Apartment,3754000.0,2,4155000.0,10.68
1485.0,2.0,2.0,7.0,3.8,14.3,1.2,5.8,3.7,37.4,1.0,5.13,3.95,Apartment,3496000.0,2,3806000.0,8.87
1157.0,3.0,2.0,5.0,6.9,9.7,3.5,,1.2,36.9,0.0,7.37,4.61,Apt,5460000.0,5,7404000.0,35.6
978.0,2.0,2.0,7.0,8.1,7.0,5.2,6.9,3.4,20.9,3.0,6.88,6.41,Independent House,5812000.0,5,7991000.0,37.49
1421.0,2.0,3.0,-7.0,8.0,1.6,1.0,6.9,2.7,12.3,2.0,5.32,5.75,Apartment,7613000.0,1,8134000.0,6.84
683.0,2.0,2.0,9.0,4.0,20.3,3.1,4.0,2.0,32.5,2.0,6.1,6.18,Apartment,1523000.0,5,1917000.0,25.87
1246.0,2.0,2.0,18.0,4.8,12.9,8.1,5.9,3.6,18.7,1.0,6.82,5.28,Apartment,3033000.0,4,3601000.0,18.73
1398.0,3.0,2.0,33.0,8.0,2.4,5.3,3.9,0.5,22.6,2.0,3.45,3.94,Apartment,4414000.0,5,5173000.0,17.2
2359.0,6.0,6.0,,3.6,10.1,7.4,2.7,0.5,31.2,1.0,7.3,4.8,Independent House,6690000.0,5,8783000.0,31.29
1011.0,1.0,1.0,14.0,6.8,8.2,3.7,3.4,3.8,32.7,1.0,4.97,5.81,Apartment,2528000.0,5,3102000.0,22.71
1706.0,3.0,3.0,11.0,6.7,17.4,4.2,6.4,1.1,23.5,1.0,6.77,5.42,Apartment,5445000.0,4,6753000.0,24.02
1613.0,2.0,2.0,3.0,8.8,3.4,3.0,,2.6,18.9,1.0,4.75,4.73,Apartment,10742000.0,1,11388000.0,6.01
2686.0,4.0,3.0,,5.0,13.1,21.7,4.8,4.6,40.1,2.0,5.53,-1.03,Independent House,4396000.0,1,4441000.0,1.02
2226.0,4.0,4.0,24.0,8.1,9.8,0.8,6.3,5.8,34.1,3.0,7.06,5.2,Independent House,9732000.0,1,10272000.0,5.55
1041.0,1.0,1.0,18.0,5.6,10.6,2.6,5.0,2.0,46.3,3.0,4.46,0.87,Independent House,2542000.0,2,2692000.0,5.9
1317.0,3.0,2.0,10.0,5.9,19.0,1.9,7.7,3.1,23.2,1.0,6.0,4.99,Apartment,4758000.0,1,5063000.0,6.41
1540.0,3.0,2.0,22.0,8.6,7.5,3.2,7.5,2.3,30.1,3.0,7.91,6.21,independent house,7795000.0,4,10605000.0,36.05
1154.0,1.0,,17.0,7.8,9.5,1.4,5.9,1.8,16.3,0.0,9.66,5.66,Apartment,4976000.0,2,5704000.0,14.63
1107.0,3.0,3.0,3.0,7.1,16.0,4.5,7.1,,5.8,0.0,5.4,5.91,Apartment,5096000.0,3,5937000.0,16.5
1426.0,0.0,2.0,5.0,8.8,0.5,1.9,7.4,0.7,13.0,0.0,6.53,7.1,Apartment,9235000.0,4,12620000.0,36.65
1471.0,3.0,4.0,39.0,8.1,7.5,2.8,6.2,3.4,16.0,2.0,5.77,4.14,Apartment,5952000.0,4,7017000.0,17.89
819.0,1.0,1.0,14.0,6.4,7.5,,5.9,4.6,21.7,1.0,6.55,5.85,Apartment,2463000.0,5,3304000.0,34.15
863.0,2.0,1.0,11.0,2.7,22.7,4.1,5.1,9.0,31.1,2.0,4.79,0.75,Apartment,1514000.0,4,1685000.0,11.29
1074.0,2.0,2.0,15.0,2.6,19.1,4.0,,1.6,50.7,1.0,6.0,0.77,Independent House,1751000.0,2,1821000.0,4.0
7086.0,4.0,4.0,5.0,7.4,15.7,4.8,4.3,3.3,22.1,2.0,5.56,3.43,Apartment,5854000.0,1,6075000.0,3.78
1683.0,3.0,3.0,13.0,3.5,16.1,3.1,3.5,0.5,30.6,3.0,6.89,4.46,Independent House,4457000.0,5,5587000.0,25.35
868.0,2.0,2.0,5.0,5.3,19.9,3.2,6.9,8.6,32.2,0.0,4.59,5.37,Apartment,2375000.0,2,2566000.0,8.04
1476.0,3.0,3.0,11.0,6.9,10.1,2.8,3.2,1.6,31.9,2.0,5.24,0.02,Apartment,5405000.0,5,6283000.0,16.24
1193.0,3.0,3.0,20.0,5.7,13.9,2.2,4.9,1.1,35.0,1.0,4.97,2.61,Apartment,3762000.0,2,4055000.0,7.79
1029.0,2.0,1.0,3.0,3.8,13.5,14.8,4.3,2.0,,2.0,7.26,4.13,Apartment,1862000.0,2,2018000.0,8.38
1774.0,4.0,3.0,16.0,3.4,15.5,1.6,3.6,1.6,31.6,4.0,6.36,4.58,Villa,6094000.0,2,6581000.0,7.99
917.0,2.0,2.0,30.0,8.2,15.8,2.7,4.5,1.6,14.3,1.0,,5.86,Apartment,3091000.0,1,3254000.0,5.27
654.0,1.0,1.0,10.0,6.3,12.0,3.4,8.1,7.5,18.1,2.0,7.05,7.25,Apartment,2518000.0,2,2889000.0,14.73
1310.0,4.0,3.0,17.0,1.2,24.7,0.4,3.2,,28.4,1.0,6.87,3.45,Apartment,2155000.0,2,2283000.0,5.94
1126.0,2.0,2.0,9.0,6.3,7.4,1.2,8.5,0.8,12.6,2.0,3.52,,Apartment,4955000.0,4,5826000.0,17.58
2891.0,5.0,4.0,23.0,5.4,5.9,3.1,8.0,1.0,35.1,1.0,5.93,2.52,Apt,9267000.0,5,11451000.0,23.57
4660.0,6.0,6.0,7.0,6.2,,4.6,6.2,4.0,41.2,2.0,5.43,6.97,Villa,20159000.0,3,23548000.0,16.81
925.0,2.0,1.0,9.0,6.4,6.5,2.3,6.3,2.3,26.8,0.0,5.82,0.46,Apartment,3446000.0,2,3740000.0,8.53
1417.0,3.0,2.0,6.0,5.2,14.5,4.3,5.7,5.6,45.4,1.0,4.56,3.2,Independent House,3965000.0,4,4477000.0,12.91
1404.0,2.0,1.0,6.0,5.3,14.5,3.4,4.8,0.7,23.6,3.0,5.53,3.48,Independent House,4431000.0,1,4635000.0,4.6
1541.0,2.0,3.0,24.0,5.0,22.5,10.6,5.8,8.8,22.0,0.0,6.1,4.1,Apartment,2966000.0,2,3196000.0,7.75
2622.0,5.0,5.0,15.0,2.9,8.2,2.7,2.6,0.6,39.8,2.0,7.84,1.49,Independent House,6949000.0,1,7243000.0,4.23
1949.0,3.0,3.0,16.0,8.5,8.6,2.5,3.8,4.5,,1.0,5.48,3.27,Independent House,7300000.0,3,8375000.0,14.73
1282.0,3.0,3.0,12.0,6.7,13.3,2.1,,3.4,33.6,1.0,7.37,6.27,Apartment,4304000.0,5,5741000.0,33.39
1004.0,3.0,3.0,5.0,6.4,10.0,5.6,6.5,3.2,28.9,,5.81,5.73,Apartment,3769000.0,1,3972000.0,5.39
1310.0,3.0,3.0,16.0,5.2,7.5,0.3,6.5,,28.5,0.0,7.51,4.5,Apartment,4824000.0,4,6264000.0,29.85
915.0,2.0,2.0,10.0,8.3,7.0,7.9,4.4,1.9,2.0,1.0,6.68,4.17,Apartment,3574000.0,1,3754000.0,5.04
1955.0,3.0,2.0,21.0,5.0,15.6,5.4,1.3,3.6,17.7,1.0,6.35,3.68,Independent House,4755000.0,5,5777000.0,21.49
1035.0,2.0,2.0,1.0,4.3,16.2,3.1,5.2,4.5,47.4,1.0,7.49,3.5,Apartment,2548000.0,2,2861000.0,12.28
1996.0,4.0,4.0,35.0,8.3,14.4,10.1,5.0,2.0,24.7,2.0,3.78,3.54,Villa,7622000.0,1,7817000.0,2.56
1109.0,2.0,1.0,33.0,6.2,0.6,1.1,5.3,1.0,29.1,2.0,6.93,5.34,Apartment,3998000.0,5,5095000.0,27.44
830.0,2.0,2.0,10.0,2.8,19.9,4.7,2.4,9.4,36.2,1.0,4.68,2.37,Apartment,1358000.0,5,1609000.0,18.48
1523.0,3.0,3.0,10.0,3.0,11.8,1.3,3.9,2.1,37.6,2.0,5.08,1.57,Apartment,3756000.0,5,4307000.0,14.67
2543.0,5.0,6.0,29.0,8.8,7.0,3.2,7.6,1.8,25.6,2.0,5.87,4.48,Independent House,15157000.0,1,16188000.0,6.8
1887.0,3.0,2.0,10.0,2.8,24.3,9.1,4.4,8.2,47.0,2.0,4.94,-0.17,INDEPENDENT HOUSE,2729000.0,2,2853000.0,4.54
1108.0,2.0,2.0,25.0,5.3,17.3,3.5,6.2,4.1,38.3,1.0,3.46,2.24,Apartment,2183000.0,3,2249000.0,3.02
946.0,2.0,2.0,1.0,2.2,17.3,2.3,5.2,1.3,31.9,1.0,4.49,0.19,Apartment,2183000.0,1,2211000.0,1.28
884.0,1.0,1.0,12.0,3.8,14.8,6.4,3.7,2.6,24.8,1.0,3.78,0.53,Apartment,1830000.0,5,2045000.0,11.75
1129.0,,2.0,9.0,5.8,10.3,5.2,6.6,0.6,25.6,2.0,4.27,6.5,Apartment,3275000.0,4,3849000.0,17.53
2551.0,4.0,3.0,12.0,5.4,9.6,1.7,4.8,3.2,26.6,3.0,6.65,3.39,Independent House,10142000.0,2,11272000.0,11.14
2206.0,3.0,3.0,7.0,7.6,18.6,0.5,5.4,5.6,3.9,2.0,4.81,6.79,Independent House,10910000.0,4,13421000.0,23.02
2241.0,4.0,4.0,8.0,8.7,1.7,1.3,9.6,1.4,17.0,0.0,8.5,7.23,Apartment,17390000.0,1,19047000.0,9.53
958.0,2.0,2.0,19.0,6.8,10.9,2.2,5.2,5.4,11.8,0.0,2.03,4.81,Apartment,2804000.0,5,3231000.0,15.23
1051.0,1.0,1.0,20.0,5.5,13.1,4.4,3.2,0.9,29.7,0.0,4.94,3.07,Apartment,2038000.0,4,2287000.0,12.22
818.0,2.0,2.0,14.0,7.6,7.7,6.2,5.0,1.2,38.0,0.0,5.08,4.2,Apartment,2654000.0,5,3528000.0,32.93
3978.0,6.0,5.0,22.0,6.0,3.9,1.8,6.0,0.6,30.2,4.0,4.67,5.38,Villa,24894000.0,4,30877000.0,24.03
2294.0,3.0,3.0,1.0,2.3,17.6,3.4,4.6,2.9,32.0,1.0,6.27,3.32,Independent House,5504000.0,3,6287000.0,14.23
887.0,2.0,2.0,11.0,5.6,12.1,6.1,4.9,2.6,18.9,0.0,5.73,4.58,Apartment,2618000.0,3,3005000.0,14.78
979.0,1.0,2.0,12.0,5.8,4.2,2.3,6.3,2.4,47.8,2.0,5.03,3.59,Apartment,3431000.0,3,3915000.0,14.11
1958.0,3.0,3.0,8.0,4.7,11.9,7.0,5.4,3.8,24.9,3.0,8.35,3.17,Villa,7448000.0,5,9515000.0,27.75
884.0,2.0,2.0,8.0,6.2,10.1,4.7,7.3,0.4,31.6,2.0,7.23,3.99,Apartment,3020000.0,1,3191000.0,5.66
675.0,1.0,2.0,8.0,6.5,11.5,7.7,4.2,3.3,25.6,0.0,5.13,3.16,Apartment,1678000.0,2,1774000.0,5.72
3312.0,6.0,5.0,2.0,8.7,3.1,3.4,,1.2,30.3,1.0,7.05,3.62,Independent House,23957000.0,4,29597000.0,23.54
1766.0,3.0,,13.0,5.3,10.2,1.4,6.0,2.5,39.4,3.0,5.68,2.84,Independent House,5640000.0,5,6858000.0,21.6
1621.0,3.0,2.0,8.0,4.0,16.0,3.2,,1.7,32.5,2.0,4.53,3.14,Independent House,3671000.0,3,4098000.0,11.63
1420.0,3.0,2.0,8.0,3.8,15.8,6.9,4.4,1.0,29.8,1.0,4.6,,Independent House,3207000.0,5,4031000.0,25.69
975.0,1.0,1.0,6.0,5.1,15.6,2.7,5.0,2.5,46.2,1.0,7.69,6.48,Apartment,2411000.0,4,2989000.0,23.97
1252.0,2.0,2.0,4.0,4.2,15.0,14.5,7.7,2.1,31.6,0.0,5.17,2.63,Apt,2740000.0,2,2953000.0,7.77
2382.0,4.0,3.0,10.0,10.0,0.5,1.1,7.6,0.9,15.9,2.0,7.66,8.64,Villa,27869000.0,2,33095000.0,18.75
1237.0,2.0,2.0,16.0,5.3,15.7,3.2,3.7,2.8,34.6,2.0,7.24,2.72,Apartment,3216000.0,5,3937000.0,22.42
2663.0,4.0,3.0,6.0,6.3,8.7,0.4,9.3,1.7,28.6,2.0,6.32,4.3,Villa,17581000.0,2,19561000.0,11.26
1004.0,1.0,1.0,25.0,6.1,12.9,1.2,3.3,0.7,27.0,2.0,6.9,4.9,Apartment,2188000.0,1,2299000.0,5.07
1606.0,4.0,3.0,29.0,6.7,12.9,2.5,2.8,1.6,51.4,3.0,6.32,3.8,Independent House,4245000.0,2,4603000.0,8.43
1158.0,3.0,3.0,9.0,2.8,16.6,1.0,3.3,11.9,32.3,1.0,3.53,6.66,Apartment,2263000.0,2,2399000.0,6.01
3339.0,6.0,6.0,4.0,3.8,14.2,5.2,6.6,4.2,15.5,4.0,6.29,0.35,Villa,12423000.0,1,13077000.0,5.26
935.0,2.0,2.0,4.0,5.0,12.8,4.8,5.0,4.1,34.1,2.0,5.79,5.08,Apartment,2530000.0,5,3155000.0,24.7
808.0,1.0,2.0,50.0,4.3,14.0,13.9,3.1,0.9,27.3,0.0,6.71,2.62,Apartment,1065000.0,4,1148000.0,7.79
1329.0,3.0,3.0,3.0,7.8,5.4,0.8,7.9,0.8,23.5,2.0,5.57,7.53,Apartment,7957000.0,3,9729000.0,22.27
3031.0,6.0,5.0,22.0,5.4,13.0,2.0,6.7,1.7,29.6,2.0,3.48,-1.14,Villa,12610000.0,1,12813000.0,1.61
818.0,2.0,2.0,11.0,6.9,13.2,3.7,4.7,0.8,40.0,1.0,7.39,2.99,Apartment,2556000.0,1,2702000.0,5.71
2960.0,5.0,3.0,50.0,7.5,2.9,2.8,4.8,1.1,28.1,3.0,5.42,5.06,Independent House,9229000.0,2,9951000.0,7.82
1272.0,3.0,2.0,8.0,3.7,9.8,3.9,5.4,3.0,35.2,3.0,5.01,3.51,Independent House,3578000.0,3,3873000.0,8.24
2961.0,6.0,5.0,-20.0,4.0,12.3,4.0,8.5,1.7,35.3,1.0,7.11,2.89,Independent House,9533000.0,4,11285000.0,18.38
2965.0,5.0,4.0,13.0,2.8,17.2,,5.3,,26.9,2.0,6.94,4.18,Independent House,7928000.0,4,9481000.0,19.59
1313.0,2.0,2.0,13.0,7.0,12.1,4.1,6.2,3.4,38.1,,7.6,1.37,Apartment,4772000.0,1,5037000.0,5.55
1360.0,2.0,2.0,9.0,4.2,14.3,2.6,6.4,6.8,47.3,1.0,2.41,3.84,Apartment,2671000.0,3,2906000.0,8.8
2091.0,4.0,3.0,5.0,4.0,15.6,4.0,3.9,3.1,44.2,1.0,7.34,1.55,Independent House,5286000.0,2,5745000.0,8.68
1238.0,2.0,2.0,12.0,4.1,3.2,3.2,5.1,0.8,24.2,2.0,6.02,3.56,Apartment,3755000.0,4,4517000.0,20.29
2045.0,3.0,3.0,18.0,6.7,3.0,1.6,6.0,,24.7,1.0,7.45,3.32,House,9650000.0,3,11159000.0,15.64
1690.0,2.0,2.0,17.0,5.8,8.8,9.1,4.8,2.2,40.6,3.0,5.37,,Independent House,3895000.0,5,4634000.0,18.97
1382.0,1.0,2.0,17.0,7.9,12.9,12.7,5.7,3.4,23.0,0.0,7.66,,Apartment,4212000.0,1,4440000.0,5.41
1140.0,2.0,2.0,23.0,4.6,22.9,1.8,4.9,10.8,44.6,1.0,6.24,5.89,Apartment,2015000.0,5,2462000.0,22.18
912.0,2.0,1.0,50.0,8.4,8.4,1.6,6.5,2.7,5.0,2.0,7.42,5.03,Apartment,3795000.0,3,4453000.0,17.34
3679.0,6.0,5.0,13.0,5.6,18.3,3.7,4.6,1.9,23.3,2.0,4.44,,Independent House,11417000.0,1,11817000.0,3.5
1173.0,2.0,1.0,22.0,5.1,18.9,22.6,4.7,5.2,40.6,2.0,4.64,4.14,Apartment,1404000.0,2,1428000.0,1.71
1519.0,3.0,3.0,17.0,4.7,18.2,3.8,4.5,,46.5,1.0,5.57,1.3,Independent House,4060000.0,4,4581000.0,12.83
2837.0,5.0,3.0,3.0,8.8,10.0,1.3,5.6,0.8,28.2,3.0,5.64,4.88,Villa,21018000.0,4,27429000.0,30.5
2615.0,5.0,5.0,13.0,6.8,6.1,2.8,3.8,1.3,30.4,1.0,5.76,4.0,Independent House,12267000.0,1,13010000.0,6.06
3249.0,5.0,5.0,9.0,9.3,0.5,1.5,8.0,1.3,28.7,3.0,7.99,6.83,Villa,30454000.0,2,35806000.0,17.57
1136.0,2.0,2.0,5.0,6.0,7.2,7.3,4.6,2.9,34.2,1.0,4.57,3.77,Apartment,2945000.0,4,3480000.0,18.17
1810.0,4.0,4.0,15.0,6.5,6.2,5.4,,3.3,39.0,2.0,6.02,4.9,Apartment,5945000.0,3,6894000.0,15.96
1762.0,2.0,2.0,10.0,7.7,10.7,1.6,5.0,0.5,27.1,1.0,7.79,4.32,Independent House,7641000.0,5,10982000.0,43.72
1465.0,2.0,2.0,23.0,5.5,,6.1,6.6,0.5,37.2,1.0,5.79,6.03,Apartment,3145000.0,3,3448000.0,9.63
790.0,1.0,1.0,36.0,8.6,,5.9,,1.1,25.7,0.0,6.3,4.8,apartment,2446000.0,4,3037000.0,24.16
1083.0,3.0,3.0,5.0,7.7,8.8,0.2,8.3,1.5,20.0,2.0,7.06,6.66,Apartment,6323000.0,5,8900000.0,40.76
1887.0,3.0,,5.0,8.6,2.0,1.6,7.3,2.1,37.4,1.0,5.63,5.36,Independent House,11124000.0,1,11694000.0,5.12
1617.0,4.0,4.0,30.0,4.5,15.6,4.0,4.1,5.7,48.5,1.0,7.01,0.93,Independent House,3584000.0,2,3693000.0,3.04
1277.0,2.0,1.0,20.0,3.3,15.0,7.0,4.8,3.4,41.3,1.0,7.31,8.16,Apartment,2141000.0,3,2416000.0,12.84
2155.0,4.0,3.0,10.0,7.3,9.3,2.3,8.1,0.7,24.8,3.0,6.07,4.97,Independent House,11959000.0,1,12605000.0,5.4
3199.0,6.0,6.0,23.0,2.5,20.0,3.3,3.4,3.5,30.1,2.0,5.43,0.57,Independent House,6629000.0,5,7316000.0,10.36
975.0,1.0,2.0,8.0,10.0,4.0,1.7,7.3,0.7,2.0,0.0,5.15,5.91,Apartment,7152000.0,4,9436000.0,31.94
1484.0,3.0,3.0,10.0,8.5,11.2,,7.1,4.4,26.0,3.0,3.74,6.08,Independent House,6425000.0,2,7039000.0,9.56
1060.0,2.0,2.0,8.0,6.4,8.9,0.5,4.6,4.0,35.9,0.0,8.04,6.68,Apartment,3841000.0,3,4881000.0,27.08
1183.0,2.0,2.0,5.0,2.1,14.8,4.3,2.7,1.3,57.3,0.0,2.57,2.8,Apartment,1808000.0,2,1882000.0,4.09
1823.0,3.0,3.0,4.0,7.1,7.4,4.1,6.7,2.0,35.3,2.0,9.34,7.94,Independent House,8811000.0,3,10675000.0,21.16
1274.0,3.0,3.0,8.0,5.5,12.8,6.1,5.4,2.4,27.5,2.0,3.42,1.24,Apartment,3604000.0,3,3916000.0,8.66
1062.0,1.0,1.0,20.0,5.4,12.6,4.1,4.3,1.8,38.0,2.0,6.74,7.37,Apartment,2330000.0,3,2867000.0,23.05
1040.0,2.0,2.0,9.0,9.5,8.8,5.8,7.1,4.5,31.0,1.0,7.77,6.88,Apartment,5425000.0,4,7596000.0,40.02
1567.0,2.0,2.0,10.0,6.8,6.2,1.5,7.4,2.4,37.0,,5.4,5.84,Apartment,6671000.0,5,9240000.0,38.51
2241.0,4.0,3.0,22.0,7.1,3.9,,2.6,0.8,24.3,2.0,5.66,3.12,Independent House,6994000.0,4,8170000.0,16.81
1761.0,3.0,2.0,1.0,10.0,8.1,3.8,10.0,2.9,23.7,2.0,6.92,5.35,Apartment,17016000.0,4,23016000.0,35.26
897.0,2.0,2.0,9.0,2.3,12.5,2.1,5.2,1.6,40.8,2.0,5.81,2.25,Apartment,2123000.0,3,2314000.0,9.0
1345.0,2.0,1.0,9.0,5.7,10.1,0.8,4.5,1.3,29.7,1.0,4.81,1.37,Apartment,4373000.0,4,5260000.0,20.28
1494.0,3.0,2.0,23.0,9.8,6.2,2.6,8.8,1.8,18.4,2.0,6.22,6.68,apartment,10826000.0,3,13544000.0,25.11
2470.0,4.0,3.0,3.0,3.1,13.9,4.9,3.8,1.9,46.2,2.0,6.48,4.78,Villa,6684000.0,5,7676000.0,14.84
886.0,2.0,2.0,15.0,6.1,6.5,1.5,6.1,0.6,31.4,,6.52,7.19,Apartment,3465000.0,1,3642000.0,5.11
1012.0,1.0,1.0,21.0,5.5,11.3,0.9,8.3,1.0,40.8,0.0,4.09,2.28,Apartment,2681000.0,4,3068000.0,14.43
1105.0,3.0,3.0,24.0,5.1,14.8,6.7,6.7,1.1,32.5,2.0,4.46,4.27,Apartment,2657000.0,3,2908000.0,9.45
1791.0,3.0,2.0,6.0,2.5,14.8,10.1,4.0,1.6,34.9,2.0,6.25,2.86,Independent House,3027000.0,2,3210000.0,6.05
1997.0,4.0,4.0,,6.9,3.2,2.8,4.8,0.5,31.6,0.0,3.77,2.4,Apartment,7273000.0,2,7915000.0,8.83
795.0,1.0,1.0,,8.2,12.4,4.0,6.4,4.6,28.9,1.0,6.18,4.08,APARTMENT,3063000.0,3,3677000.0,20.05
1926.0,3.0,2.0,11.0,5.6,11.8,2.0,5.3,2.6,,2.0,4.77,5.22,Apt,5256000.0,3,6000000.0,14.16
1070.0,2.0,2.0,27.0,9.1,3.2,1.6,8.0,2.0,22.0,0.0,7.36,6.45,Apartment,5374000.0,5,7278000.0,35.43
1170.0,2.0,2.0,6.0,8.8,1.1,0.8,4.5,0.8,31.3,2.0,5.21,3.34,Apartment,5664000.0,1,5988000.0,5.72
1444.0,3.0,3.0,25.0,4.2,15.9,6.2,3.7,1.0,34.1,2.0,7.64,,Apartment,2651000.0,3,2826000.0,6.6
1963.0,4.0,4.0,9.0,7.8,0.5,2.2,4.8,1.0,35.4,1.0,7.44,8.24,Apartment,8799000.0,3,11280000.0,28.2
867.0,2.0,2.0,9.0,4.5,19.1,6.7,4.9,3.8,37.5,1.0,5.66,1.04,Apt,2194000.0,1,2268000.0,3.37
1792.0,3.0,3.0,7.0,6.3,0.5,1.7,5.3,1.7,24.5,2.0,4.77,4.24,Apartment,7575000.0,2,8249000.0,8.9
1783.0,3.0,2.0,9.0,9.9,1.9,0.7,7.9,1.8,2.0,2.0,6.46,4.19,Independent House,16662000.0,5,23433000.0,40.64
774.0,1.0,1.0,26.0,6.8,6.1,1.1,6.0,6.1,24.7,0.0,,2.86,Apartment,2180000.0,3,2423000.0,11.15
3573.0,6.0,5.0,14.0,5.7,15.8,4.1,5.1,9.5,25.2,3.0,5.88,4.41,Independent House,11674000.0,4,13834000.0,18.5
2491.0,4.0,3.0,12.0,5.8,6.9,1.6,3.4,1.7,22.5,1.0,6.87,2.25,Independent House,8695000.0,1,9130000.0,5.0
1241.0,2.0,2.0,12.0,2.9,14.3,8.9,4.0,6.3,28.3,1.0,1.9,2.6,Apartment,2155000.0,2,2190000.0,1.62
449.0,2.0,2.0,42.0,1.0,19.4,11.8,6.0,0.7,35.9,1.0,5.48,3.58,Apartment,450000.0,1,457000.0,1.56
1229.0,2.0,3.0,22.0,7.9,4.1,0.4,6.0,0.7,23.7,2.0,5.94,2.19,Apartment,6403000.0,4,7938000.0,23.97
728.0,1.0,2.0,9.0,5.5,9.4,,4.2,2.5,21.2,0.0,5.99,3.77,Apartment,1967000.0,2,2196000.0,11.64
3203.0,6.0,4.0,5.0,6.4,5.6,2.3,6.0,1.2,31.0,1.0,3.31,2.36,Independent House,13054000.0,5,16331000.0,25.1
1161.0,,3.0,29.0,5.2,11.6,0.5,7.4,0.9,31.6,1.0,4.95,2.52,Apartment,3173000.0,2,3442000.0,8.48
1358.0,3.0,2.0,24.0,5.8,,3.0,5.7,3.5,36.5,2.0,2.65,4.27,Apartment,3370000.0,4,3544000.0,5.16
3709.0,6.0,5.0,3.0,4.9,17.0,16.5,5.4,3.3,29.9,2.0,6.25,5.85,Villa,10231000.0,2,10907000.0,6.61
938.0,2.0,,23.0,8.9,6.3,0.3,6.0,1.4,,0.0,6.19,2.93,Apartment,5037000.0,3,6095000.0,21.0
1021.0,2.0,3.0,13.0,4.5,26.0,,5.8,5.5,35.5,2.0,,3.11,Apartment,1999000.0,2,2147000.0,7.4
2524.0,4.0,3.0,3.0,7.0,9.1,2.1,4.3,1.3,24.9,2.0,6.26,5.21,Independent House,11036000.0,2,12572000.0,13.92
1836.0,3.0,2.0,35.0,7.1,15.4,2.6,6.3,1.8,21.0,2.0,6.86,3.1,Apartment,5352000.0,5,6559000.0,22.55
1807.0,3.0,3.0,11.0,4.9,10.8,2.9,4.4,2.8,28.7,0.0,5.02,3.6,Apartment,5520000.0,4,6194000.0,12.21
1340.0,3.0,2.0,6.0,3.8,23.4,4.2,2.2,11.2,33.7,2.0,5.14,4.35,Independent House,2737000.0,1,2840000.0,3.76
1353.0,2.0,3.0,30.0,8.8,0.5,1.7,5.1,0.4,23.3,3.0,7.21,,Independent House,6271000.0,2,6996000.0,11.56
3924.0,6.0,5.0,15.0,10.0,0.5,3.6,6.1,2.2,25.1,3.0,6.78,7.95,Villa,33167000.0,2,38493000.0,16.06
961.0,1.0,1.0,11.0,4.4,4.2,3.8,5.9,0.6,35.3,2.0,7.55,5.67,Apartment,2875000.0,2,3173000.0,10.37
966.0,2.0,2.0,11.0,6.5,13.9,2.7,,8.2,32.5,2.0,7.34,3.72,Apartment,2952000.0,4,3806000.0,28.93
1095.0,2.0,,23.0,3.1,20.2,4.0,3.9,1.7,43.0,1.0,6.38,0.62,Apartment,1748000.0,5,1995000.0,14.13
1613.0,3.0,3.0,21.0,5.9,11.6,8.3,7.5,2.5,15.0,1.0,5.66,3.34,Flat,5108000.0,2,5606000.0,9.75
1051.0,2.0,1.0,7.0,5.2,8.5,2.3,4.4,1.0,30.5,0.0,5.98,0.77,Apartment,2906000.0,1,3018000.0,3.85
1232.0,2.0,2.0,9.0,5.4,11.2,0.4,6.7,5.7,37.4,2.0,6.97,1.81,Apartment,3580000.0,5,4795000.0,33.94
774.0,1.0,1.0,,4.2,14.6,1.4,4.6,7.1,40.3,2.0,6.92,7.29,Apartment,1855000.0,1,1955000.0,5.39
1592.0,3.0,2.0,9.0,3.9,12.8,1.8,3.8,2.0,44.5,2.0,4.54,2.9,Independent House,3883000.0,4,4374000.0,12.64
943.0,1.0,1.0,10.0,7.1,10.8,4.9,6.1,5.7,,0.0,5.51,3.8,Apartment,3074000.0,1,3218000.0,4.68
1068.0,3.0,4.0,8.0,2.7,11.2,3.0,5.7,2.2,59.4,1.0,4.46,2.45,Apartment,2250000.0,5,2423000.0,7.69
1004.0,2.0,2.0,10.0,6.8,9.9,3.0,6.1,1.2,10.5,1.0,7.13,3.66,Apartment,3993000.0,3,4798000.0,20.16
947.0,2.0,2.0,6.0,5.8,9.3,5.8,7.4,2.0,37.6,1.0,7.65,5.73,Apartment,3471000.0,5,4860000.0,40.02
942.0,1.0,2.0,2.0,2.9,21.5,,7.4,3.2,36.3,3.0,4.87,3.63,Independent House,1912000.0,2,2047000.0,7.06
1325.0,2.0,3.0,17.0,7.6,0.5,2.3,,1.4,39.5,0.0,5.4,3.49,Apartment,4774000.0,5,5892000.0,23.42
765.0,1.0,1.0,,6.7,7.7,3.2,7.3,3.4,27.4,1.0,6.45,4.36,Apartment,2639000.0,1,2768000.0,4.89
1205.0,2.0,2.0,7.0,4.1,15.4,18.3,5.7,2.0,22.7,1.0,,2.15,Apartment,1802000.0,2,1869000.0,3.72
801.0,2.0,1.0,16.0,3.8,16.8,1.9,6.2,3.0,41.9,0.0,4.41,0.84,Apartment,1703000.0,5,2042000.0,19.91
1568.0,2.0,1.0,20.0,7.0,9.4,5.5,8.1,0.6,15.9,2.0,5.77,5.14,Independent House,7633000.0,3,8587000.0,12.5
1879.0,3.0,3.0,27.0,6.3,11.8,3.0,6.3,2.7,,3.0,8.55,5.41,Independent House,6622000.0,3,8074000.0,21.93
1467.0,3.0,4.0,11.0,4.6,16.7,1.4,3.9,3.7,30.0,0.0,5.71,2.81,Apartment,3747000.0,4,4469000.0,19.27
1356.0,3.0,3.0,6.0,4.3,18.8,1.4,6.3,1.4,31.5,2.0,8.06,3.19,Apartment,4438000.0,1,4688000.0,5.63
6000.0,6.0,5.0,3.0,7.6,2.0,1.3,6.9,2.2,32.0,4.0,7.15,3.77,Villa,45083000.0,1,47597000.0,5.58
1018.0,1.0,1.0,20.0,4.5,16.1,0.7,6.7,6.4,34.9,0.0,7.2,3.74,Apartment,2519000.0,2,2783000.0,10.48
1925.0,4.0,3.0,13.0,4.4,16.5,7.1,7.5,1.7,49.4,3.0,4.51,3.97,Independent House,5243000.0,2,5496000.0,4.83
682.0,1.0,1.0,33.0,10.0,0.5,2.7,8.6,0.5,20.6,0.0,6.76,6.22,Apartment,3466000.0,3,4263000.0,22.99
1771.0,3.0,2.0,16.0,4.9,16.2,14.4,6.5,4.6,39.9,1.0,5.33,4.17,Independent House,3003000.0,2,3079000.0,2.53
2527.0,4.0,4.0,21.0,3.4,12.4,1.1,5.5,1.8,16.5,3.0,7.69,3.69,Independent House,7573000.0,4,9323000.0,23.11
,4.0,2.0,-18.0,3.4,20.7,4.4,4.7,6.0,23.4,0.0,1.88,,Apartment,3131000.0,4,3371000.0,7.67
1140.0,1.0,1.0,25.0,4.8,18.5,5.0,8.1,5.3,32.6,0.0,7.53,2.79,Apartment,2269000.0,3,2593000.0,14.28
1210.0,3.0,2.0,1.0,8.3,1.9,,7.4,0.5,21.0,3.0,6.17,3.61,Independent House,10163000.0,2,11483000.0,12.99
1622.0,3.0,4.0,8.0,4.7,14.0,9.8,4.6,4.3,31.8,1.0,5.99,4.01,Independent House,4406000.0,4,4877000.0,10.69
1084.0,2.0,1.0,4.0,5.8,7.4,0.9,4.6,0.9,24.8,2.0,9.78,9.2,Apartment,4412000.0,5,6976000.0,58.11
1649.0,3.0,3.0,6.0,6.6,9.4,8.1,7.8,0.9,36.3,1.0,7.72,6.83,Apartment,6676000.0,4,8593000.0,28.71
2037.0,3.0,3.0,5.0,6.4,13.0,5.2,5.1,3.2,4.8,1.0,7.13,5.16,Independent House,7721000.0,3,9305000.0,20.52
1284.0,3.0,3.0,23.0,7.1,8.9,2.1,6.5,4.3,37.7,0.0,4.75,3.16,Apartment,4080000.0,4,4588000.0,12.45
2828.0,5.0,4.0,16.0,9.2,3.0,1.9,9.2,1.4,13.6,3.0,3.87,3.97,Villa,29890000.0,5,39414000.0,31.86
1985.0,4.0,4.0,11.0,3.0,21.3,4.3,4.1,4.0,29.7,3.0,6.2,2.65,Independent House,4967000.0,4,5698000.0,14.72
1883.0,3.0,3.0,24.0,9.7,11.5,4.8,4.9,1.6,22.4,2.0,7.03,6.77,Apartment,6988000.0,3,8464000.0,21.12
770.0,2.0,1.0,2.0,8.1,10.5,,5.7,0.5,23.9,0.0,6.98,5.47,Apartment,3460000.0,4,4420000.0,27.75
3270.0,2.0,2.0,15.0,6.4,12.5,1.1,2.9,3.0,34.2,2.0,3.81,2.89,Apartment,2055000.0,4,2406000.0,17.08
976.0,2.0,2.0,15.0,6.2,14.3,9.4,5.6,5.5,40.7,1.0,6.11,3.65,Apartment,2084000.0,1,2158000.0,3.55
1278.0,,2.0,8.0,3.1,23.3,4.0,5.9,8.8,44.8,2.0,7.2,1.18,Apartment,2655000.0,5,3141000.0,18.31
3300.0,6.0,5.0,3.0,7.8,,1.3,3.2,1.7,27.5,4.0,8.5,5.16,Villa,19817000.0,3,24701000.0,24.65
1065.0,1.0,2.0,14.0,4.4,8.1,9.0,5.0,,43.5,1.0,5.3,0.34,Apartment,2111000.0,2,2181000.0,3.32
1961.0,4.0,3.0,7.0,5.9,10.3,0.6,5.1,6.4,32.5,3.0,6.25,3.61,Independent House,7414000.0,5,9153000.0,23.46
1878.0,3.0,3.0,2.0,8.0,14.5,3.2,7.5,0.8,32.5,2.0,6.68,7.71,Independent House,10233000.0,4,13475000.0,31.68
794.0,1.0,1.0,4.0,5.2,20.3,19.1,5.2,6.1,33.6,2.0,5.82,1.17,Apartment,1152000.0,2,1194000.0,3.65
1701.0,,3.0,15.0,7.6,18.5,2.8,6.0,2.6,30.7,2.0,6.01,5.49,Independent House,6620000.0,5,8539000.0,28.99
1195.0,2.0,3.0,17.0,3.9,11.8,1.6,4.1,,38.1,2.0,6.18,2.5,Apartment,2858000.0,1,2959000.0,3.53
1012.0,2.0,1.0,7.0,6.0,12.8,6.2,5.8,0.6,27.6,,,3.98,Apartment,3092000.0,2,3387000.0,9.54
1424.0,3.0,3.0,12.0,8.0,5.5,2.0,5.8,0.8,18.8,1.0,6.06,2.46,Apartment,6776000.0,2,7558000.0,11.54
1303.0,2.0,2.0,6.0,4.0,14.9,7.0,3.7,1.4,35.3,2.0,6.01,3.67,Apartment,2481000.0,4,2955000.0,19.11
842.0,2.0,2.0,20.0,7.8,0.5,1.8,5.6,0.4,18.5,2.0,9.02,9.14,Apartment,3939000.0,1,4274000.0,8.5
1578.0,,2.0,1.0,4.0,18.7,3.9,5.6,7.9,25.7,,4.78,1.29,Apartment,3898000.0,1,3971000.0,1.87
996.0,1.0,2.0,6.0,6.8,9.7,3.6,5.5,2.1,42.4,2.0,6.07,0.7,Flat,3086000.0,1,3261000.0,5.67
1498.0,2.0,2.0,,4.2,1.0,0.9,6.0,0.4,44.8,2.0,7.05,4.1,Apartment,5556000.0,3,6657000.0,19.82
788.0,1.0,1.0,6.0,10.0,5.6,1.2,7.7,3.8,17.5,0.0,7.29,6.68,Apartment,5439000.0,1,5913000.0,8.71
890.0,1.0,2.0,25.0,8.5,0.5,1.4,7.8,0.7,24.0,2.0,7.1,4.77,Apartment,4561000.0,5,6198000.0,35.89
1062.0,2.0,2.0,32.0,4.0,19.9,8.7,6.0,6.0,38.1,0.0,6.82,3.43,Apartment,1538000.0,2,1617000.0,5.14
908.0,2.0,2.0,18.0,5.6,2.0,0.9,5.4,0.7,24.0,1.0,5.53,4.48,Apartment,3078000.0,3,3559000.0,15.63
856.0,1.0,1.0,15.0,5.1,17.6,4.5,4.9,8.8,42.3,0.0,5.0,1.83,Apartment,1622000.0,3,1742000.0,7.4
1749.0,3.0,2.0,16.0,3.1,15.1,1.9,4.7,3.0,22.3,2.0,6.47,6.77,Apartment,5139000.0,1,5410000.0,5.27
944.0,1.0,1.0,11.0,6.3,2.0,1.1,7.0,0.6,15.0,1.0,8.13,4.41,Apartment,4550000.0,1,4900000.0,7.69
1296.0,2.0,3.0,,8.8,16.7,5.1,8.9,0.8,31.2,3.0,4.43,4.72,Independent House,5928000.0,5,7365000.0,24.24
898.0,2.0,2.0,4.0,2.1,14.4,3.5,4.0,2.6,30.7,2.0,5.63,4.57,Apartment,2023000.0,4,2279000.0,12.65
1691.0,3.0,3.0,19.0,7.1,8.0,5.1,5.9,2.0,,1.0,8.53,5.76,Apartment,6207000.0,1,6628000.0,6.78
1060.0,2.0,1.0,11.0,8.0,0.5,2.7,6.2,2.3,38.5,1.0,6.06,6.99,Apartment,4894000.0,3,5824000.0,19.0
1184.0,2.0,2.0,22.0,5.8,0.5,0.2,6.2,0.6,36.5,0.0,7.86,7.21,Apartment,4169000.0,2,4643000.0,11.37
1309.0,3.0,3.0,12.0,6.0,3.7,1.5,7.6,2.2,25.6,1.0,7.08,7.38,Apartment,5588000.0,1,5976000.0,6.94
722.0,1.0,1.0,4.0,,16.1,4.4,7.3,1.7,31.4,0.0,3.43,1.74,Apartment,1877000.0,2,1978000.0,5.38
1060.0,1.0,1.0,11.0,6.0,4.0,2.4,4.1,3.2,33.9,2.0,4.39,3.23,Apartment,3201000.0,1,3315000.0,3.56
1359.0,3.0,3.0,,3.6,14.5,4.7,5.7,1.9,32.1,1.0,6.39,3.3,Apartment,2428000.0,3,2837000.0,16.85
2559.0,4.0,4.0,4.0,10.0,6.5,1.2,6.7,1.1,23.5,2.0,8.32,5.02,Villa,24165000.0,3,31046000.0,28.48
1045.0,2.0,2.0,8.0,9.9,,1.9,7.8,0.8,22.1,0.0,7.78,6.99,Apartment,7634000.0,5,11465000.0,50.18
1532.0,3.0,2.0,21.0,3.1,23.9,2.2,4.5,1.3,15.6,2.0,5.52,4.29,independent house,3397000.0,3,3792000.0,11.63
663.0,1.0,1.0,6.0,2.2,22.4,5.0,2.4,5.7,18.1,2.0,4.82,4.84,Apartment,1076000.0,4,1230000.0,14.31
2473.0,5.0,4.0,12.0,11.0,17.3,1.9,6.4,2.3,28.1,1.0,7.08,3.59,Independent House,8555000.0,4,10414000.0,21.73
1332.0,2.0,1.0,12.0,9.0,8.3,1.0,8.4,2.8,22.7,2.0,5.18,1.58,Apartment,7562000.0,1,8006000.0,5.87
903.0,2.0,2.0,16.0,7.3,0.5,1.0,6.9,1.9,29.1,2.0,5.04,4.86,Independent House,4943000.0,4,5892000.0,19.2
1324.0,2.0,2.0,10.0,4.8,13.8,5.9,7.3,2.5,52.3,1.0,4.78,-1.77,Independent House,2942000.0,4,3222000.0,9.52
1086.0,2.0,1.0,9.0,6.9,0.5,3.2,5.6,0.4,16.3,2.0,5.05,3.55,Apartment,4653000.0,1,4914000.0,5.61
877.0,2.0,1.0,20.0,6.8,0.5,1.6,4.5,0.9,29.5,1.0,4.32,4.71,Apartment,3157000.0,3,3457000.0,9.5
2952.0,4.0,4.0,2.0,8.8,3.5,2.1,4.3,,28.3,3.0,,5.6,Independent House,16298000.0,2,19015000.0,16.67
912.0,1.0,1.0,7.0,3.5,19.5,3.8,4.8,3.3,33.0,3.0,7.67,4.0,Independent House,2413000.0,3,2816000.0,16.7
920.0,1.0,1.0,19.0,3.7,21.7,7.2,6.7,2.1,40.8,0.0,6.32,2.83,,8876000.0,3,9870000.0,11.2
587.0,1.0,2.0,16.0,6.2,7.3,2.8,4.9,0.5,31.9,2.0,6.53,6.55,Apartment,1789000.0,1,1889000.0,5.59
2248.0,4.0,3.0,6.0,7.2,14.6,3.5,6.2,7.5,38.9,2.0,5.26,2.7,Independent House,7600000.0,1,7886000.0,3.76
5945.0,4.0,4.0,16.0,6.5,0.9,1.5,7.1,1.2,36.5,1.0,6.58,5.77,Apartment,5065000.0,2,5619000.0,10.94
943.0,1.0,1.0,14.0,4.4,14.6,0.9,5.6,0.8,46.6,2.0,5.21,2.49,Apartment,2462000.0,3,2701000.0,9.71
,1.0,2.0,15.0,3.6,19.2,1.4,6.0,9.9,45.5,0.0,5.33,3.28,Apartment,1226000.0,5,1490000.0,21.53
2159.0,4.0,4.0,13.0,5.3,7.2,3.6,6.0,0.5,15.1,,6.44,4.74,Apartment,12040000.0,2,13577000.0,12.77
1473.0,3.0,3.0,4.0,7.7,7.3,3.0,4.5,4.1,36.1,0.0,5.77,1.43,Apartment,5737000.0,2,6300000.0,9.81
1559.0,4.0,3.0,4.0,6.0,10.5,1.7,3.6,2.2,40.3,0.0,5.41,5.53,Apartment,5709000.0,2,6220000.0,8.95
1259.0,3.0,4.0,,5.2,18.8,8.2,6.2,3.2,33.4,1.0,,3.78,Apartment,2816000.0,3,3199000.0,13.6
1016.0,2.0,1.0,13.0,,9.9,5.7,3.8,2.2,31.1,2.0,6.93,3.35,Apartment,2733000.0,3,3080000.0,12.7
5142.0,6.0,6.0,7.0,3.4,16.0,1.9,7.0,5.1,38.3,3.0,4.58,1.43,Independent House,16979000.0,1,17606000.0,3.69
750.0,3.0,4.0,,7.3,7.9,4.6,4.7,7.6,30.2,0.0,9.91,7.82,Apartment,2736000.0,3,3478000.0,27.12
1456.0,2.0,2.0,4.0,5.4,11.1,2.3,3.5,5.6,52.1,2.0,6.13,4.03,Independent House,3344000.0,2,3554000.0,6.28
1739.0,3.0,2.0,21.0,4.3,18.5,5.9,7.2,,45.1,3.0,6.0,2.72,Independent House,4016000.0,1,4083000.0,1.67
1749.0,3.0,3.0,18.0,8.1,0.5,1.8,3.7,1.7,,,6.05,4.38,Independent House,6955000.0,5,8898000.0,27.94
935.0,1.0,1.0,1.0,2.6,19.5,4.8,6.7,3.6,32.6,2.0,5.93,4.79,Apartment,1977000.0,1,2054000.0,3.89
2843.0,5.0,4.0,6.0,4.6,7.2,3.1,4.6,1.0,32.3,4.0,5.18,5.17,Villa,13152000.0,3,15369000.0,16.86
1163.0,2.0,1.0,7.0,9.3,7.9,2.9,8.5,3.5,15.7,2.0,6.52,8.59,Independent House,7518000.0,4,10342000.0,37.56
1727.0,3.0,3.0,7.0,7.9,0.5,2.0,6.9,1.1,16.0,0.0,6.9,5.85,Apartment,11010000.0,3,13955000.0,26.75
1313.0,2.0,2.0,14.0,4.6,19.7,13.0,5.9,4.0,29.6,2.0,7.26,4.11,Apartment,2438000.0,5,2887000.0,18.42
1234.0,2.0,1.0,10.0,6.9,10.9,11.7,4.0,1.4,15.9,2.0,5.49,5.97,Apartment,3565000.0,4,4039000.0,13.3
1344.0,3.0,3.0,14.0,7.2,4.3,1.0,6.4,2.9,34.8,1.0,6.02,3.13,Apartment,5430000.0,2,5920000.0,9.02
3992.0,6.0,6.0,13.0,3.8,12.1,5.5,5.0,2.3,41.7,3.0,5.07,1.69,Villa,12471000.0,2,13066000.0,4.77
1016.0,2.0,3.0,22.0,7.7,3.0,4.3,8.7,0.7,32.5,1.0,6.06,7.24,Apartment,5055000.0,5,6750000.0,33.53
4009.0,6.0,4.0,2.0,3.5,21.9,11.9,6.0,3.3,25.9,2.0,,5.76,Villa,10328000.0,3,12009000.0,16.28
952.0,2.0,1.0,10.0,6.6,7.7,0.9,6.8,1.2,41.5,1.0,5.14,5.72,Apartment,3460000.0,5,4131000.0,19.39
907.0,1.0,1.0,11.0,6.0,2.2,2.5,6.8,0.6,7.3,0.0,7.53,5.48,Apartment,3829000.0,5,5107000.0,33.38
1277.0,2.0,3.0,16.0,5.8,16.4,1.4,5.4,1.1,23.3,1.0,8.45,7.41,Independent House,4197000.0,4,5466000.0,30.24
1855.0,4.0,3.0,4.0,5.2,11.7,4.5,6.2,1.3,23.2,3.0,7.08,2.17,Independent House,7709000.0,2,8535000.0,10.71
1595.0,3.0,2.0,4.0,4.2,7.2,8.5,6.2,0.5,25.4,3.0,6.79,2.8,Independent House,4949000.0,5,6106000.0,23.38
3233.0,6.0,5.0,17.0,8.4,6.6,3.3,7.7,0.8,28.6,2.0,7.71,6.21,Independent House,22939000.0,5,31380000.0,36.8
2441.0,3.0,3.0,15.0,5.7,16.0,6.2,5.0,4.5,38.4,4.0,7.79,5.01,Villa,8425000.0,5,11265000.0,33.71
1373.0,3.0,2.0,5.0,6.7,9.3,2.0,,,17.4,2.0,6.93,5.11,Apartment,6245000.0,4,8052000.0,28.94
2594.0,4.0,3.0,4.0,9.1,6.3,1.6,6.0,0.7,11.3,3.0,7.16,7.25,Independent House,18544000.0,4,23927000.0,29.03
1182.0,1.0,1.0,5.0,6.0,20.4,13.8,5.4,5.9,31.5,2.0,8.21,6.6,Apartment,2518000.0,3,2984000.0,18.51
1304.0,2.0,2.0,17.0,5.6,17.6,5.5,4.4,3.5,29.3,2.0,6.74,,Apartment,3481000.0,2,3889000.0,11.72
717.0,1.0,2.0,13.0,7.4,9.1,,4.4,0.6,34.1,1.0,6.36,3.58,Apartment,1852000.0,4,2268000.0,22.46
1180.0,3.0,3.0,12.0,3.3,10.4,10.2,6.4,2.4,35.4,0.0,4.27,3.2,Apartment,2425000.0,2,2496000.0,2.93
2175.0,5.0,5.0,1.0,7.1,6.6,4.3,3.9,2.8,34.3,1.0,4.86,2.43,INDEPENDENT HOUSE,10046000.0,5,12469000.0,24.12
993.0,1.0,1.0,1.0,6.3,7.2,2.0,4.1,3.4,23.3,0.0,5.17,2.32,Apartment,3250000.0,5,4262000.0,31.14
,3.0,2.0,10.0,5.4,8.2,3.7,5.8,0.9,26.7,3.0,7.29,6.67,independent house,7821000.0,5,10035000.0,28.31
1524.0,2.0,1.0,5.0,7.1,9.7,4.7,5.0,,17.3,,4.63,0.52,Independent House,6206000.0,1,6387000.0,2.92
3467.0,6.0,6.0,23.0,7.3,13.7,9.7,6.6,2.9,16.1,3.0,5.54,2.88,Villa,19603000.0,4,22606000.0,15.32
1233.0,3.0,2.0,16.0,7.2,8.9,,4.5,1.2,40.1,0.0,7.06,4.85,Apartment,3689000.0,2,4118000.0,11.63
1199.0,2.0,3.0,6.0,2.4,18.6,,3.3,2.2,32.7,0.0,6.27,3.79,Apartment,2305000.0,1,2402000.0,4.21
2226.0,5.0,5.0,12.0,2.7,10.1,3.2,3.2,3.3,,3.0,5.04,-0.05,Independent House,5133000.0,5,5735000.0,11.73
607.0,2.0,2.0,8.0,7.5,6.4,2.1,4.7,3.3,26.7,2.0,4.24,6.5,APARTMENT,2825000.0,5,3424000.0,21.2
1384.0,3.0,2.0,4.0,7.4,11.8,0.3,,2.3,28.2,1.0,7.42,5.93,Apartment,6124000.0,2,6998000.0,14.27
1149.0,1.0,1.0,14.0,3.8,13.3,1.0,5.1,5.9,31.5,1.0,4.85,1.0,Apartment,2855000.0,4,3193000.0,11.84
834.0,1.0,1.0,27.0,3.4,21.2,3.5,3.5,2.3,30.7,1.0,,3.84,,1310000.0,1,1337000.0,2.06
1233.0,3.0,3.0,2.0,5.8,10.5,11.6,4.8,5.8,52.3,1.0,5.82,4.27,Apartment,3089000.0,2,3354000.0,8.58
983.0,1.0,2.0,3.0,3.2,14.1,3.8,4.1,3.1,43.7,0.0,5.22,1.29,Apartment,2112000.0,2,2247000.0,6.39
1059.0,2.0,2.0,5.0,4.8,4.3,2.4,6.8,0.6,25.9,0.0,4.04,-0.17,Apartment,3459000.0,1,3589000.0,3.76
1960.0,4.0,3.0,15.0,7.5,0.5,0.5,3.9,0.8,33.2,2.0,3.17,,Independent House,8058000.0,5,10178000.0,26.31
984.0,2.0,2.0,29.0,8.6,0.5,2.6,6.2,2.3,25.8,1.0,8.29,7.16,Apartment,4251000.0,4,5854000.0,37.71
1008.0,3.0,3.0,11.0,5.1,12.0,5.0,2.8,2.9,31.4,2.0,,1.01,Apartment,2985000.0,2,3250000.0,8.88
1227.0,3.0,2.0,3.0,3.7,17.3,6.0,3.5,1.2,31.8,1.0,5.4,4.25,Apartment,2474000.0,2,2686000.0,8.57
1338.0,1.0,3.0,20.0,7.4,5.2,3.1,4.6,1.8,33.1,2.0,7.13,6.0,Apartment,4330000.0,4,5418000.0,25.13
1760.0,3.0,2.0,12.0,3.1,15.0,9.4,4.6,4.4,25.5,2.0,5.71,2.75,Independent House,3600000.0,4,4032000.0,12.0
1383.0,3.0,3.0,4.0,1.9,11.5,4.5,4.5,1.3,34.4,1.0,4.79,0.09,Apartment,2956000.0,2,3159000.0,6.87
1987.0,3.0,3.0,13.0,3.8,15.3,15.2,4.6,1.7,35.0,3.0,5.16,0.58,Villa,4109000.0,2,4253000.0,3.5
1591.0,3.0,2.0,,8.4,2.6,0.9,5.4,2.5,26.8,1.0,4.37,1.93,Apartment,7492000.0,2,8138000.0,8.62
1322.0,3.0,2.0,27.0,10.0,4.3,2.3,7.8,2.4,7.7,,9.22,9.79,Apartment,7997000.0,5,12741000.0,59.32
1285.0,3.0,3.0,23.0,1.7,20.4,3.2,2.7,3.6,35.5,3.0,3.58,-0.89,Independent House,2319000.0,5,2278000.0,-1.77
1049.0,2.0,2.0,2.0,5.1,16.9,3.2,4.1,0.7,22.3,1.0,4.74,2.83,Apartment,2670000.0,4,3214000.0,20.37
5253.0,6.0,5.0,21.0,5.7,5.7,1.8,,2.4,27.6,4.0,5.57,4.63,Villa,23122000.0,2,24934000.0,7.84
1253.0,3.0,3.0,18.0,6.5,12.0,1.5,4.3,1.4,26.6,1.0,4.93,3.78,Apartment,3404000.0,3,3736000.0,9.75
1246.0,3.0,2.0,33.0,5.9,13.3,6.6,5.4,1.7,23.3,2.0,6.72,5.79,Apartment,2917000.0,4,3622000.0,24.17
1563.0,3.0,2.0,12.0,8.0,11.3,1.4,6.3,1.6,40.2,1.0,7.53,6.41,Independent House,7096000.0,3,8488000.0,19.62
934.0,2.0,2.0,17.0,3.2,22.2,1.1,5.9,5.8,46.3,0.0,6.19,4.0,Apartment,1684000.0,2,1778000.0,5.58
663.0,1.0,1.0,2.0,3.7,13.4,4.0,5.6,0.8,33.8,1.0,5.2,3.61,Apartment,1763000.0,5,2176000.0,23.43
4117.0,6.0,5.0,15.0,6.2,4.7,6.8,6.6,2.0,24.6,4.0,5.67,0.91,Villa,20350000.0,5,24781000.0,21.77
2130.0,5.0,4.0,9.0,5.3,12.0,6.0,6.6,,31.2,1.0,5.78,4.08,Independent House,6284000.0,1,6586000.0,4.81
1431.0,2.0,4.0,15.0,5.9,5.1,1.9,6.3,0.4,28.2,1.0,6.18,3.66,Independent House,5583000.0,4,7227000.0,29.45
1371.0,3.0,3.0,7.0,7.7,3.1,0.8,4.8,0.9,13.2,2.0,6.14,2.97,Apartment,6898000.0,1,7300000.0,5.83
2004.0,3.0,3.0,12.0,3.6,25.9,5.3,4.3,1.5,25.1,1.0,6.71,2.47,Apartment,3673000.0,5,4417000.0,20.26
2659.0,4.0,3.0,9.0,9.3,7.9,0.8,,1.5,17.3,2.0,5.45,5.67,Villa,23646000.0,1,25183000.0,6.5
1290.0,3.0,,22.0,3.7,19.3,9.8,1.7,2.6,38.9,1.0,5.6,1.25,Apartment,1989000.0,3,2088000.0,4.98
2362.0,4.0,3.0,7.0,7.1,13.9,7.3,2.2,3.2,37.2,0.0,6.17,6.5,apartment,5703000.0,2,6295000.0,10.38
883.0,1.0,1.0,2.0,6.9,6.5,2.2,6.7,2.5,23.8,1.0,5.82,6.74,Apartment,3303000.0,1,3495000.0,5.81
2008.0,4.0,4.0,4.0,6.9,7.0,0.9,,1.1,22.9,3.0,6.3,-0.72,Independent House,10424000.0,5,13375000.0,28.31
969.0,1.0,1.0,5.0,4.8,8.3,5.1,4.5,,31.5,0.0,5.02,2.28,Apartment,2528000.0,1,2637000.0,4.31
1182.0,4.0,4.0,31.0,4.0,19.0,2.8,4.1,6.0,28.1,2.0,5.6,2.91,Apartment,2210000.0,3,2383000.0,7.83
1205.0,2.0,2.0,3.0,5.9,13.7,13.6,6.5,8.2,24.1,2.0,3.4,5.17,Apartment,2788000.0,2,2959000.0,6.13
1474.0,3.0,2.0,15.0,5.7,14.1,8.3,4.5,8.2,36.1,1.0,7.25,6.21,APARTMENT,2953000.0,5,3901000.0,32.1
1407.0,2.0,2.0,10.0,6.1,17.3,1.5,5.5,7.9,30.3,1.0,5.3,4.27,Apartment,3914000.0,5,4882000.0,24.73
1423.0,4.0,3.0,18.0,5.3,16.4,4.3,2.4,2.5,34.8,3.0,7.59,5.92,Independent House,3553000.0,5,4439000.0,24.94
3678.0,6.0,5.0,7.0,5.1,17.7,18.4,3.3,2.0,43.8,4.0,6.46,1.5,Villa,8929000.0,3,9323000.0,4.41
2276.0,4.0,4.0,17.0,8.5,2.2,2.3,7.8,0.7,22.1,2.0,6.41,3.4,Independent House,15889000.0,1,16796000.0,5.71
1367.0,2.0,2.0,10.0,8.7,11.8,5.1,,3.2,16.6,1.0,7.84,9.14,Apartment,6270000.0,3,7889000.0,25.82
1232.0,2.0,1.0,18.0,5.5,8.9,1.0,3.8,1.8,25.7,0.0,6.17,1.86,Apartment,3253000.0,1,3414000.0,4.95
777.0,2.0,3.0,9.0,6.1,6.5,10.4,6.5,0.9,34.1,1.0,5.36,0.9,Apartment,2295000.0,5,2653000.0,15.6
671.0,2.0,2.0,6.0,7.0,15.0,4.0,6.7,9.0,26.3,1.0,6.28,5.14,Apartment,2703000.0,3,3102000.0,14.76
1157.0,3.0,2.0,26.0,3.8,23.1,5.7,5.0,4.4,20.6,0.0,6.47,5.72,Apartment,1954000.0,3,2191000.0,12.13
1888.0,3.0,2.0,25.0,5.7,12.7,3.0,5.2,2.8,50.1,0.0,8.32,6.6,Apartment,3902000.0,2,4423000.0,13.35
1110.0,1.0,1.0,5.0,5.2,20.7,8.6,6.5,3.8,40.1,1.0,4.94,4.41,Apartment,2557000.0,3,2864000.0,12.01
1718.0,4.0,3.0,14.0,5.8,10.8,2.9,7.6,4.0,30.8,2.0,5.88,3.61,Independent House,6800000.0,3,7802000.0,14.74
2080.0,5.0,4.0,-17.0,6.8,11.7,1.4,5.3,0.9,32.6,2.0,4.02,5.29,Apartment,7139000.0,3,8029000.0,12.47
1509.0,3.0,4.0,12.0,5.9,17.0,7.1,5.4,5.3,38.5,3.0,7.48,4.09,Independent House,4992000.0,1,5181000.0,3.79
1402.0,2.0,3.0,6.0,2.3,16.4,4.0,,2.7,47.0,1.0,5.65,2.17,Apartment,2736000.0,5,2842000.0,3.87
2485.0,5.0,5.0,30.0,4.0,14.8,8.4,6.7,2.5,48.0,2.0,4.23,3.43,Villa,6563000.0,5,7092000.0,8.06
2014.0,4.0,3.0,19.0,3.8,19.2,3.7,5.2,4.3,30.9,3.0,6.33,2.33,Villa,6565000.0,2,7048000.0,7.36
6000.0,6.0,5.0,6.0,4.0,6.3,2.5,6.4,0.9,,2.0,3.88,1.75,Villa,22275000.0,4,26014000.0,16.79
1265.0,3.0,3.0,7.0,5.2,18.6,4.5,6.7,1.0,36.0,1.0,4.7,7.73,Apartment,3334000.0,3,3801000.0,14.01
821.0,1.0,1.0,8.0,2.9,14.5,5.8,5.1,1.5,21.5,2.0,4.74,1.5,Apartment,1628000.0,5,1836000.0,12.78
656.0,2.0,3.0,30.0,5.7,12.4,1.8,4.2,0.5,27.2,2.0,8.11,6.37,Apartment,1848000.0,2,2106000.0,13.96
1360.0,3.0,3.0,6.0,7.2,9.0,0.5,7.3,1.4,,3.0,5.88,2.31,Independent House,7514000.0,3,8462000.0,12.62
1148.0,2.0,2.0,29.0,5.9,,5.5,4.6,1.2,23.6,0.0,7.84,1.12,Apartment,2901000.0,2,3183000.0,9.72
923.0,2.0,3.0,14.0,8.7,9.3,3.4,6.1,1.6,14.9,0.0,4.76,5.81,Apartment,4120000.0,5,5396000.0,30.97
1186.0,2.0,2.0,16.0,6.2,8.9,2.1,7.0,0.6,26.3,0.0,3.57,2.99,Flat,4140000.0,2,4590000.0,10.87
,2.0,1.0,37.0,5.0,17.3,8.7,5.7,5.9,38.7,0.0,4.59,4.1,Apartment,1022000.0,4,1169000.0,14.38
5167.0,6.0,5.0,23.0,4.8,17.3,4.7,4.4,3.7,39.9,4.0,4.18,-0.81,Villa,15536000.0,4,15755000.0,1.41
1470.0,2.0,2.0,28.0,7.8,5.0,2.1,,3.4,34.2,1.0,5.54,9.62,Independent House,5695000.0,4,6832000.0,19.96
2583.0,4.0,5.0,5.0,2.4,17.7,5.7,6.3,3.6,31.0,2.0,4.85,0.71,INDEPENDENT HOUSE,6009000.0,1,6181000.0,2.86
1433.0,3.0,3.0,1.0,7.2,9.9,0.7,6.9,1.3,29.0,3.0,6.21,-0.41,Independent House,7727000.0,1,8075000.0,4.5
1403.0,3.0,3.0,35.0,1.4,15.8,10.4,5.9,6.4,38.4,3.0,5.28,4.89,Independent House,1991000.0,3,2104000.0,5.68
1323.0,3.0,3.0,7.0,5.3,9.3,8.3,8.7,2.8,29.6,3.0,6.43,2.67,Independent House,5253000.0,2,5713000.0,8.76
4337.0,6.0,5.0,10.0,3.9,15.1,2.4,5.3,3.4,38.4,2.0,5.23,2.27,Villa,15586000.0,5,18323000.0,17.56
733.0,3.0,3.0,3.0,5.0,16.5,2.5,6.2,2.0,54.6,0.0,4.83,4.61,Apartment,2001000.0,4,2297000.0,14.79
1820.0,3.0,3.0,6.0,8.5,11.1,2.4,,1.4,30.5,2.0,5.19,6.86,Independent House,11348000.0,5,14559000.0,28.3
2035.0,4.0,3.0,7.0,6.4,6.2,0.8,2.7,3.5,24.4,2.0,2.58,2.48,Independent House,6841000.0,3,7607000.0,11.2
1720.0,4.0,5.0,16.0,6.0,12.2,1.3,5.9,2.4,28.2,1.0,6.08,4.33,Independent House,6524000.0,1,6886000.0,5.55
935.0,2.0,3.0,6.0,7.8,8.2,1.6,6.0,3.3,20.3,0.0,4.13,8.27,,3837000.0,4,4681000.0,22.0
1244.0,2.0,2.0,9.0,8.0,8.7,0.4,7.3,4.0,29.4,2.0,7.86,4.87,Apartment,6149000.0,4,8215000.0,33.6
728.0,1.0,1.0,14.0,2.9,13.3,4.6,8.2,5.5,48.2,2.0,3.4,0.04,Apartment,1458000.0,4,1527000.0,4.73
1954.0,3.0,2.0,,3.9,17.5,5.7,6.1,1.1,26.9,2.0,3.95,-1.13,,4602000.0,2,4849000.0,5.37
994.0,2.0,1.0,19.0,8.2,8.2,,4.6,2.7,23.5,2.0,7.95,2.25,Apartment,3765000.0,3,4453000.0,18.27
1343.0,2.0,1.0,10.0,7.0,9.5,4.7,7.2,2.3,22.9,3.0,6.24,4.29,Independent House,5784000.0,5,7941000.0,37.29
1752.0,3.0,3.0,17.0,5.5,13.1,2.1,2.8,3.3,34.8,1.0,3.93,2.9,Independent House,3644000.0,1,3748000.0,2.85
2143.0,4.0,4.0,1.0,6.0,11.5,3.7,5.6,5.1,29.9,2.0,6.37,4.6,Villa,9208000.0,5,11397000.0,23.77
1073.0,1.0,1.0,17.0,4.3,,8.4,5.1,1.9,26.0,2.0,6.16,5.81,Apartment,1899000.0,1,1992000.0,4.9
1236.0,2.0,1.0,9.0,8.8,2.8,6.1,6.2,0.9,18.6,0.0,5.66,4.5,Apartment,5913000.0,2,6604000.0,11.69
1134.0,3.0,2.0,11.0,8.7,3.1,2.8,8.4,,28.7,2.0,4.99,3.39,Apartment,7668000.0,1,7942000.0,3.57
690.0,1.0,1.0,19.0,8.6,12.1,0.9,8.4,2.0,28.7,1.0,5.14,6.44,Apartment,3230000.0,1,3453000.0,6.9
914.0,1.0,1.0,23.0,3.3,20.8,1.3,6.7,1.9,57.1,2.0,6.1,1.76,Apartment,1633000.0,1,1671000.0,2.33
1777.0,3.0,3.0,7.0,7.0,10.3,12.0,6.5,2.9,16.6,0.0,5.04,2.8,Apartment,5996000.0,1,6185000.0,3.15
1516.0,2.0,2.0,4.0,6.3,6.8,0.8,8.8,0.8,39.7,1.0,5.85,2.89,Independent House,6977000.0,4,8472000.0,21.43
1688.0,3.0,2.0,46.0,3.1,22.3,2.8,4.9,5.8,42.0,0.0,5.74,3.27,Apartment,2289000.0,5,2683000.0,17.21
1525.0,2.0,2.0,14.0,9.7,5.6,1.6,6.9,,28.9,2.0,6.64,5.15,Apartment,10131000.0,2,11692000.0,15.41
1367.0,3.0,4.0,8.0,8.8,6.9,1.2,4.0,4.2,34.9,2.0,4.63,5.46,House,6934000.0,2,7671000.0,10.63
1253.0,2.0,,12.0,4.7,19.0,3.1,5.4,3.2,41.7,0.0,3.99,2.51,Apartment,2665000.0,1,2728000.0,2.36
1084.0,2.0,2.0,11.0,8.4,2.2,2.9,6.8,0.9,22.1,2.0,6.15,7.3,Apartment,5318000.0,1,5689000.0,6.98
2365.0,5.0,4.0,11.0,7.3,16.2,1.4,6.3,2.2,18.9,2.0,7.0,5.54,Apartment,8981000.0,3,11119000.0,23.81
910.0,2.0,3.0,22.0,5.9,15.9,2.5,6.3,3.4,29.5,1.0,6.96,4.03,Apartment,2554000.0,1,2703000.0,5.83
846.0,1.0,1.0,10.0,3.9,21.4,9.1,3.8,5.1,29.6,0.0,5.35,3.55,Apartment,1416000.0,5,1638000.0,15.68
1433.0,2.0,3.0,1.0,5.1,12.6,2.2,,2.9,32.9,1.0,6.2,5.05,Independent House,4472000.0,1,4721000.0,5.57
2553.0,4.0,4.0,32.0,7.5,0.5,1.4,5.4,1.3,37.7,3.0,3.19,1.36,Villa,80244000.0,1,82215000.0,2.46
3063.0,5.0,4.0,8.0,7.0,5.2,6.9,4.9,2.0,26.5,2.0,9.05,3.72,Independent House,12264000.0,1,13040000.0,6.33
1748.0,2.0,1.0,15.0,4.9,12.0,1.4,4.5,2.5,32.4,1.0,5.19,4.24,Independent House,4910000.0,2,5193000.0,5.76
1092.0,1.0,1.0,8.0,4.2,13.5,5.4,4.9,1.0,24.1,2.0,6.86,4.64,Apartment,2933000.0,4,3568000.0,21.65
1376.0,2.0,2.0,6.0,3.1,28.0,3.0,2.1,11.7,55.5,0.0,7.1,4.67,Apartment,1795000.0,1,1867000.0,4.01
2659.0,5.0,4.0,11.0,1.0,24.5,7.9,1.5,8.7,56.1,2.0,6.04,3.41,Independent House,3733000.0,4,4052000.0,8.55
963.0,1.0,1.0,17.0,4.5,15.1,1.4,6.4,5.4,17.7,0.0,1.86,-0.98,Apartment,2196000.0,3,2286000.0,4.1
1568.0,2.0,,14.0,7.7,18.2,2.1,,11.9,28.4,3.0,5.49,4.63,Independent House,5191000.0,1,5439000.0,4.78
1395.0,3.0,4.0,2.0,8.0,0.5,0.7,6.1,1.4,20.5,1.0,8.72,6.06,Independent House,10805000.0,1,11687000.0,8.16
1314.0,3.0,3.0,14.0,6.3,0.5,0.5,5.1,1.4,23.5,2.0,6.75,2.4,Apartment,5973000.0,2,6626000.0,10.93
1630.0,3.0,3.0,24.0,1.9,20.0,7.0,3.6,1.0,46.5,2.0,4.96,3.91,Independent House,2334000.0,3,2493000.0,6.81
704.0,2.0,2.0,3.0,5.4,16.4,1.7,6.5,3.3,39.0,0.0,6.42,1.71,apartment,2096000.0,2,2298000.0,9.64
2002.0,3.0,3.0,3.0,3.2,11.1,1.8,5.0,2.8,44.1,1.0,6.3,3.58,Independent House,5257000.0,2,5756000.0,9.49
769.0,2.0,2.0,10.0,5.6,3.6,0.1,5.5,5.4,30.0,2.0,5.76,,Apartment,2943000.0,3,3360000.0,14.17
5369.0,6.0,5.0,30.0,6.1,0.5,1.1,6.6,0.8,51.2,4.0,5.41,2.8,Villa,28766000.0,2,31783000.0,10.49
1728.0,3.0,3.0,10.0,6.1,17.0,4.5,5.0,3.6,27.7,1.0,6.33,5.38,Independent House,5576000.0,1,5911000.0,6.01
1433.0,3.0,3.0,2.0,7.7,17.2,5.4,5.1,1.7,24.9,1.0,6.4,4.66,Independent House,6692000.0,4,8504000.0,27.08
1806.0,4.0,4.0,14.0,6.6,14.7,0.8,4.6,3.7,30.9,3.0,4.16,,Independent House,7448000.0,3,8292000.0,11.33
2466.0,5.0,4.0,8.0,6.5,3.6,1.8,6.4,0.6,41.4,3.0,,5.22,Independent House,12039000.0,3,14525000.0,20.65
1332.0,2.0,2.0,23.0,4.9,10.2,9.0,3.2,0.9,47.0,2.0,7.24,3.7,Apartment,2298000.0,1,2379000.0,3.52
1308.0,3.0,2.0,17.0,9.9,7.9,5.0,10.0,1.0,32.9,0.0,4.3,2.82,Apartment,8133000.0,1,8374000.0,2.96
2652.0,5.0,4.0,17.0,8.4,14.5,8.2,,4.4,25.4,1.0,7.93,6.92,Independent House,10120000.0,3,12435000.0,22.88
2093.0,4.0,4.0,4.0,4.3,11.3,2.4,2.9,1.8,35.0,0.0,6.05,1.01,Apartment,5149000.0,4,5624000.0,9.23
649.0,1.0,2.0,,1.8,19.7,3.3,4.6,6.5,41.6,0.0,5.17,-0.48,Apartment,913000.0,4,972000.0,6.46
806.0,1.0,2.0,10.0,9.7,13.9,2.0,3.2,3.9,10.8,2.0,6.27,5.14,Apartment,3544000.0,3,4301000.0,21.36
3302.0,,6.0,10.0,10.0,0.5,1.4,6.5,0.7,30.1,4.0,6.65,9.02,Villa,32742000.0,5,47635000.0,45.49
1652.0,3.0,1.0,4.0,5.3,17.5,11.8,5.6,1.6,33.0,2.0,6.13,2.86,Independent House,4242000.0,3,4666000.0,10.0
1962.0,3.0,3.0,9.0,7.4,1.0,0.6,3.5,0.8,18.2,3.0,7.0,4.64,Independent House,9282000.0,3,10982000.0,18.32
947.0,3.0,2.0,13.0,6.9,7.3,3.1,5.8,8.6,23.1,1.0,6.66,0.43,Apartment,3361000.0,5,4357000.0,29.63
616.0,1.0,1.0,22.0,4.4,15.0,7.3,8.4,2.0,23.6,1.0,4.54,0.27,Apartment,1647000.0,5,1920000.0,16.58
1476.0,3.0,3.0,8.0,7.6,0.5,5.0,6.1,1.3,14.8,1.0,3.97,4.18,Apartment,7390000.0,2,7995000.0,8.19
4383.0,6.0,4.0,6.0,7.9,1.7,0.6,6.6,1.2,20.2,3.0,7.61,,Villa,37666000.0,4,49552000.0,31.56
1042.0,2.0,2.0,9.0,4.9,19.6,,6.3,7.0,26.6,2.0,7.09,5.07,apartment,2310000.0,5,2883000.0,24.81
967.0,3.0,2.0,13.0,4.4,19.5,8.0,4.5,1.5,34.5,1.0,6.55,5.06,Apartment,1944000.0,2,2146000.0,10.39
3216.0,5.0,4.0,17.0,4.5,17.4,8.3,3.5,7.5,29.9,4.0,8.05,4.79,Villa,9324000.0,2,10328000.0,10.77
1680.0,2.0,2.0,9.0,4.2,12.6,4.2,1.3,1.4,41.6,0.0,5.87,3.72,Apartment,3371000.0,3,3696000.0,9.64
1340.0,3.0,3.0,0.0,4.8,15.6,6.5,4.1,3.7,38.6,2.0,5.1,2.72,Apartment,3434000.0,1,3588000.0,4.48
1287.0,3.0,3.0,23.0,5.5,8.9,3.4,4.2,3.9,29.0,1.0,5.57,4.93,Independent House,3407000.0,5,4426000.0,29.91
1298.0,3.0,3.0,4.0,7.1,19.8,13.3,,3.4,33.5,2.0,6.47,4.77,Apartment,3515000.0,4,4317000.0,22.82
1062.0,3.0,3.0,24.0,6.0,10.9,12.8,3.4,2.0,28.9,0.0,7.28,5.06,Apartment,1937000.0,3,2285000.0,17.97
3936.0,6.0,5.0,21.0,8.8,0.5,0.6,7.3,1.4,13.3,4.0,6.11,2.89,Villa,36642000.0,2,40704000.0,11.09
3130.0,6.0,5.0,13.0,5.6,15.1,2.7,4.8,3.3,6.2,2.0,3.78,4.86,Villa,13560000.0,5,16737000.0,23.43
1115.0,2.0,2.0,6.0,4.4,13.1,5.3,6.9,,34.3,1.0,6.84,4.45,,2973000.0,3,3419000.0,15.0
810.0,1.0,1.0,8.0,5.6,20.8,2.0,7.4,0.5,26.7,0.0,4.94,2.37,Apartment,2504000.0,4,3051000.0,21.85
2141.0,5.0,5.0,20.0,6.1,6.0,3.1,7.0,0.7,23.6,3.0,4.58,4.2,Independent House,9108000.0,5,11143000.0,22.34
1718.0,3.0,2.0,,7.2,9.9,2.4,5.7,4.8,24.1,1.0,5.82,,Apartment,5850000.0,4,6893000.0,17.83
1254.0,3.0,3.0,8.0,7.9,1.0,0.7,6.9,2.8,41.9,3.0,5.55,3.92,Independent House,7519000.0,1,7923000.0,5.37
1109.0,3.0,3.0,12.0,5.3,8.5,,,1.3,28.6,2.0,6.23,6.97,Apartment,3860000.0,3,4483000.0,16.14
1430.0,3.0,3.0,7.0,9.8,2.6,1.0,7.8,1.5,18.8,,6.69,5.07,Apartment,9974000.0,3,12364000.0,23.96
3164.0,6.0,5.0,18.0,5.4,9.0,3.8,,1.9,35.7,2.0,6.1,6.14,Villa,12436000.0,4,14126000.0,13.59
1406.0,1.0,1.0,3.0,5.6,12.9,1.4,1.2,1.7,34.0,1.0,4.76,-1.0,Independent House,3670000.0,3,4084000.0,11.28
1460.0,2.0,2.0,29.0,5.5,17.8,0.2,6.6,3.4,30.3,2.0,4.63,2.38,Independent House,3784000.0,4,4179000.0,10.44
2295.0,3.0,2.0,5.0,7.4,4.7,1.4,4.4,0.7,33.9,2.0,5.76,2.21,Apartment,9314000.0,2,10594000.0,13.74
2088.0,4.0,3.0,8.0,10.0,9.1,5.2,6.3,2.6,15.1,1.0,4.3,5.6,Apartment,12193000.0,1,12933000.0,6.07
2704.0,5.0,5.0,6.0,4.6,5.6,2.0,2.6,2.9,38.5,1.0,4.64,3.63,House,8842000.0,1,9070000.0,2.58
905.0,1.0,2.0,2.0,2.4,24.4,5.4,4.8,3.7,38.4,0.0,3.53,0.19,Apartment,1560000.0,1,1570000.0,0.64
1749.0,3.0,2.0,24.0,7.0,5.1,3.7,2.8,1.1,41.2,1.0,7.2,5.47,Independent House,4909000.0,3,5651000.0,15.12
683.0,1.0,2.0,7.0,6.2,12.0,1.0,6.3,4.7,32.1,1.0,5.19,1.77,,2445000.0,1,2544000.0,4.05
1583.0,4.0,4.0,9.0,8.3,11.4,7.3,6.6,1.9,20.9,1.0,7.25,6.25,Independent House,7463000.0,2,8505000.0,13.96
1370.0,3.0,3.0,,4.4,7.7,3.1,5.5,1.1,32.9,0.0,4.94,2.13,Apartment,3855000.0,3,4247000.0,10.17
1042.0,3.0,3.0,9.0,6.6,9.6,0.9,5.6,3.3,42.6,2.0,5.24,3.54,Apartment,3518000.0,5,4623000.0,31.41
3242.0,6.0,5.0,25.0,6.2,2.9,2.4,4.1,0.9,17.1,3.0,6.88,1.1,Villa ,18362000.0,3,21552000.0,17.37
1640.0,3.0,3.0,2.0,7.0,7.0,7.8,6.3,3.8,23.6,1.0,5.03,5.22,Apartment,5663000.0,4,6601000.0,16.56
1244.0,4.0,4.0,25.0,6.5,15.3,7.5,5.9,11.4,21.9,0.0,6.46,3.87,Apartment,2936000.0,4,3529000.0,20.2
599.0,,3.0,12.0,6.4,15.1,6.1,3.3,1.9,34.2,2.0,6.16,2.25,Apartment,1626000.0,4,1867000.0,14.82
899.0,1.0,2.0,10.0,8.7,12.5,0.6,4.1,2.0,7.1,2.0,5.75,,Apartment,3581000.0,4,4555000.0,27.2
1150.0,2.0,3.0,7.0,4.7,14.9,0.9,4.1,1.2,31.8,2.0,4.55,1.75,Apartment,3100000.0,2,3389000.0,9.32
1790.0,4.0,3.0,23.0,1.9,13.1,3.3,4.7,6.2,43.2,1.0,4.55,3.39,Independent House,2787000.0,2,2891000.0,3.73
1821.0,4.0,4.0,9.0,3.8,27.2,2.1,6.3,18.3,34.8,1.0,6.76,4.22,Apartment,3588000.0,3,4055000.0,13.02
1298.0,2.0,2.0,7.0,6.4,0.5,0.6,5.3,0.8,29.9,0.0,7.17,2.67,Apartment,5021000.0,2,5666000.0,12.85
1194.0,2.0,2.0,6.0,5.4,13.8,4.1,4.0,1.4,45.3,1.0,6.17,3.31,House,3047000.0,3,3467000.0,13.78
1367.0,2.0,2.0,14.0,2.8,16.4,1.5,5.7,2.4,42.2,0.0,3.05,4.43,apartment,2547000.0,2,2654000.0,4.2
652.0,1.0,1.0,13.0,5.6,0.5,0.3,6.0,1.0,26.3,0.0,7.42,5.03,,2492000.0,2,2781000.0,11.6
3499.0,5.0,4.0,20.0,8.2,4.0,2.2,3.5,0.7,21.7,2.0,3.85,4.51,Villa,17341000.0,4,20633000.0,18.98
1290.0,,2.0,8.0,5.3,14.1,3.4,5.9,8.6,27.7,3.0,6.58,1.08,Independent House,4272000.0,5,5467000.0,27.97
590.0,1.0,1.0,9.0,7.7,6.9,3.0,,2.3,40.6,0.0,5.19,4.84,Apartment,2772000.0,3,3253000.0,17.35
1101.0,2.0,2.0,7.0,6.8,11.8,8.0,4.8,8.3,15.0,2.0,5.81,1.23,Apartment,3952000.0,5,4950000.0,25.25
3106.0,6.0,5.0,11.0,7.4,14.5,6.0,8.7,1.3,20.7,3.0,5.51,4.13,Villa,19750000.0,3,23115000.0,17.04
1460.0,3.0,3.0,9.0,8.6,20.3,7.2,9.2,0.8,37.8,0.0,5.55,3.0,Apartment,5531000.0,2,6215000.0,12.37
1126.0,2.0,2.0,7.0,4.8,20.3,7.2,5.1,2.3,45.1,1.0,5.42,3.08,Apartment,2644000.0,3,2823000.0,6.77
1834.0,3.0,3.0,14.0,4.6,6.0,2.5,3.9,3.3,36.5,1.0,5.12,2.85,Independent House,4692000.0,4,5420000.0,15.52
685.0,2.0,3.0,5.0,2.2,21.2,6.0,3.8,3.7,31.7,0.0,4.97,-0.03,Apartment,1196000.0,4,1280000.0,7.02
828.0,1.0,1.0,15.0,5.7,11.4,1.3,5.7,1.9,41.5,1.0,7.38,6.12,Apartment,2351000.0,4,2856000.0,21.48
1085.0,2.0,2.0,5.0,7.4,0.5,2.1,6.1,1.3,35.1,0.0,7.6,5.7,Apartment,5076000.0,5,7696000.0,51.62
3015.0,6.0,5.0,6.0,10.0,2.0,1.2,8.5,0.7,29.2,2.0,8.72,4.71,Villa,32751000.0,1,35638000.0,8.81
1952.0,3.0,,40.0,6.5,12.0,12.0,6.9,5.6,32.5,1.0,5.36,3.02,Apartment,4294000.0,3,4637000.0,7.99
1581.0,3.0,2.0,7.0,,14.5,2.7,6.5,2.1,35.7,1.0,4.28,4.72,Apartment,4643000.0,1,4901000.0,5.56
1374.0,3.0,4.0,14.0,3.7,18.1,0.8,5.2,6.5,19.2,0.0,2.7,1.94,Apartment,3014000.0,2,3229000.0,7.13
1600.0,3.0,2.0,11.0,3.8,9.8,5.2,,2.7,46.2,1.0,6.34,1.43,Apartment,3175000.0,5,3649000.0,14.93
1831.0,4.0,3.0,3.0,2.6,17.0,4.1,5.0,5.7,31.5,1.0,6.12,0.38,Apartment,3781000.0,5,4462000.0,18.01
1154.0,4.0,3.0,15.0,7.8,11.3,7.4,4.9,7.1,10.6,3.0,5.8,2.0,Independent House,5032000.0,3,5868000.0,16.61
1706.0,2.0,2.0,26.0,6.4,8.3,1.2,6.8,2.2,26.2,2.0,4.65,1.55,Independent House,6866000.0,3,7786000.0,13.4
3412.0,6.0,6.0,17.0,8.1,14.2,3.3,8.5,0.9,,2.0,6.2,2.47,Villa,24450000.0,3,27695000.0,13.27
,3.0,3.0,11.0,8.3,,0.5,7.6,2.4,16.6,0.0,3.14,1.94,Apartment,7239000.0,5,9022000.0,24.63
857.0,1.0,1.0,14.0,3.7,16.2,10.3,8.8,4.4,28.2,2.0,3.34,-0.75,Apartment,1661000.0,1,1681000.0,1.2
1066.0,2.0,2.0,10.0,4.4,12.8,6.5,,10.0,39.4,2.0,4.63,1.34,Apartment,2081000.0,4,2394000.0,15.04
1013.0,2.0,2.0,4.0,7.1,6.4,1.8,5.6,4.7,15.6,1.0,6.04,4.43,Apartment,4134000.0,1,4361000.0,5.49
1112.0,2.0,2.0,15.0,2.6,19.5,6.0,5.6,0.5,37.1,0.0,3.73,-1.79,Apartment,1841000.0,2,1846000.0,0.27
1734.0,4.0,3.0,32.0,8.2,0.5,0.5,4.9,0.9,20.7,0.0,6.19,4.04,Apartment,6451000.0,1,6888000.0,6.77
1029.0,2.0,2.0,15.0,7.1,14.5,15.1,7.3,2.5,16.6,1.0,6.01,3.26,Apartment,2566000.0,1,2671000.0,4.09
1774.0,3.0,2.0,13.0,4.7,15.1,3.9,3.3,1.8,21.8,1.0,5.18,1.23,Independent House,4387000.0,3,4795000.0,9.3
1162.0,3.0,3.0,8.0,8.1,6.3,3.8,6.6,1.2,,1.0,7.38,6.03,Apartment,6884000.0,5,9048000.0,31.44
1080.0,2.0,3.0,26.0,8.5,7.8,3.8,6.5,2.4,27.0,2.0,6.02,4.61,Independent House,5080000.0,5,6618000.0,30.28
1527.0,2.0,2.0,8.0,4.1,8.1,3.7,1.2,0.5,42.0,1.0,2.78,3.2,Apartment,3221000.0,5,3507000.0,8.88
1110.0,2.0,2.0,5.0,9.9,1.1,1.0,5.7,0.6,18.7,0.0,4.93,6.03,Apartment,7209000.0,4,9432000.0,30.84
,4.0,3.0,5.0,7.6,6.1,1.2,5.9,1.0,26.8,2.0,8.3,5.94,Villa,16192000.0,2,18591000.0,14.82
1557.0,3.0,2.0,22.0,6.9,6.5,4.3,5.8,1.2,,2.0,4.81,1.1,Independent House,5817000.0,3,6561000.0,12.79
1802.0,3.0,3.0,15.0,7.6,5.4,2.0,7.0,1.3,19.4,2.0,6.08,4.07,Independent House,9037000.0,2,10283000.0,13.79
3491.0,2.0,2.0,9.0,7.3,0.5,,4.9,2.2,32.8,0.0,4.18,2.02,Apartment,2712000.0,1,2797000.0,3.13
931.0,1.0,1.0,29.0,6.3,0.5,0.3,6.1,2.7,20.8,2.0,5.59,1.29,Independent House,3449000.0,2,3892000.0,12.84
1362.0,2.0,1.0,,5.5,11.8,1.9,5.3,3.3,26.9,2.0,5.62,0.62,Independent House,3562000.0,2,3793000.0,6.49
5509.0,6.0,5.0,22.0,5.8,16.2,3.9,5.3,1.4,27.1,3.0,4.46,1.45,Villa,21667000.0,1,22361000.0,3.2
2811.0,6.0,5.0,1.0,3.9,13.6,4.9,1.5,5.0,38.2,2.0,3.75,1.87,Independent House,7764000.0,4,8194000.0,5.54
1002.0,3.0,2.0,6.0,6.4,15.9,4.5,5.2,2.7,31.3,1.0,4.77,4.12,Apartment,2805000.0,2,3013000.0,7.42
2052.0,3.0,3.0,8.0,7.9,5.2,0.6,6.8,2.9,19.6,4.0,7.63,2.12,Villa,15898000.0,1,16996000.0,6.91
4210.0,,6.0,31.0,3.8,20.8,1.9,2.2,3.4,35.8,3.0,5.14,3.75,Villa,11803000.0,3,12494000.0,5.85
893.0,2.0,2.0,8.0,9.2,4.0,0.9,5.9,2.0,22.4,2.0,5.9,4.77,Apartment,6101000.0,3,7193000.0,17.9
1825.0,3.0,3.0,8.0,6.5,6.4,5.9,5.2,2.3,34.8,2.0,5.59,4.21,Independent House,6811000.0,1,7194000.0,5.62
1844.0,4.0,,6.0,5.5,14.6,1.1,4.5,6.8,30.1,1.0,4.78,4.57,Independent House,7113000.0,1,7372000.0,3.64
1713.0,3.0,3.0,9.0,6.2,17.5,4.5,3.7,1.1,41.1,0.0,8.51,5.3,Apartment,5174000.0,3,5912000.0,14.26
2168.0,4.0,3.0,10.0,1.0,14.8,9.3,3.0,1.5,41.3,1.0,5.9,1.64,Apartment,3222000.0,4,3630000.0,12.66
1273.0,3.0,3.0,38.0,6.4,11.8,6.0,5.2,1.1,19.7,0.0,6.83,5.52,Apartment,3029000.0,3,3483000.0,14.99
1429.0,2.0,2.0,9.0,9.5,3.4,1.7,5.5,1.4,20.1,2.0,7.59,4.71,Apartment,8455000.0,1,9138000.0,8.08
1857.0,5.0,6.0,11.0,6.8,12.4,5.6,3.3,2.0,35.8,2.0,7.01,5.03,Independent House,5777000.0,5,7424000.0,28.51
620.0,2.0,1.0,24.0,5.0,15.8,,4.3,5.2,38.7,1.0,4.67,1.72,Apartment,1035000.0,5,1096000.0,5.89
2320.0,4.0,4.0,27.0,2.8,12.8,3.8,7.9,1.8,33.4,1.0,7.04,3.61,Independent House,5097000.0,3,5799000.0,13.77
1657.0,2.0,2.0,14.0,5.7,22.5,14.7,4.0,4.0,22.3,0.0,3.89,2.24,Apartment,2956000.0,2,3037000.0,2.74
1471.0,2.0,2.0,8.0,3.5,17.0,9.3,6.2,2.1,32.1,1.0,6.14,4.56,Independent House,3105000.0,3,3429000.0,10.43
1147.0,2.0,3.0,11.0,8.5,8.6,0.3,,3.5,17.9,0.0,7.56,7.53,Apartment,5260000.0,2,6143000.0,16.79
1423.0,3.0,3.0,9.0,5.6,2.7,1.5,7.1,1.6,35.0,2.0,7.49,6.84,Apartment,5595000.0,5,7892000.0,41.05
1528.0,2.0,2.0,20.0,3.5,20.5,2.8,2.6,3.0,36.6,0.0,6.41,2.29,Apartment,2563000.0,5,3110000.0,21.34
1894.0,3.0,3.0,17.0,6.6,11.1,0.1,7.1,0.9,20.4,3.0,6.45,3.81,Independent House,9453000.0,1,10066000.0,6.48
2056.0,3.0,3.0,27.0,4.2,15.2,6.2,4.3,4.7,58.4,1.0,8.6,5.29,Independent House,3709000.0,1,3854000.0,3.91
2486.0,4.0,4.0,,4.0,10.1,7.1,5.9,,38.8,1.0,5.92,2.56,Independent House,7344000.0,4,8700000.0,18.46
1542.0,3.0,3.0,10.0,7.2,4.1,1.8,7.5,3.2,22.2,0.0,6.41,6.38,Apartment,7961000.0,5,10526000.0,32.22
913.0,2.0,2.0,4.0,8.3,3.4,2.3,4.5,,30.0,2.0,6.32,,Apartment,4262000.0,1,4556000.0,6.9
,4.0,4.0,26.0,9.2,5.4,8.6,6.6,3.4,,1.0,5.54,5.51,Apartment,6823000.0,4,8282000.0,21.38
904.0,2.0,2.0,19.0,6.5,7.7,1.6,6.6,0.6,21.5,1.0,6.39,,Apartment,3674000.0,3,4228000.0,15.08
1042.0,1.0,1.0,12.0,5.3,14.8,2.1,5.6,2.0,36.7,0.0,6.51,0.82,Apartment,2835000.0,1,2955000.0,4.23
1252.0,1.0,2.0,3.0,4.1,15.9,3.8,6.3,1.8,36.2,2.0,6.9,6.3,Apartment,3574000.0,2,3942000.0,10.3
1872.0,4.0,5.0,50.0,6.9,6.6,,6.7,4.6,29.0,1.0,5.11,5.38,Independent House,6102000.0,4,7446000.0,22.03
1887.0,4.0,3.0,4.0,4.1,12.6,6.9,6.7,0.6,43.7,1.0,5.46,0.66,Independent House,4614000.0,5,5275000.0,14.33
4045.0,6.0,5.0,5.0,5.3,22.8,1.3,5.9,4.1,23.8,2.0,6.33,5.06,Villa,17301000.0,1,18042000.0,4.28
987.0,2.0,3.0,7.0,4.3,22.1,4.8,6.5,0.9,46.9,2.0,6.43,3.87,Apartment,2279000.0,4,2724000.0,19.53
1451.0,2.0,2.0,5.0,9.1,0.5,0.6,6.5,1.4,31.4,3.0,7.15,8.0,Independent House,10028000.0,4,13230000.0,31.93
732.0,1.0,1.0,1.0,4.4,4.9,0.8,4.1,2.9,43.7,2.0,5.53,4.96,Apartment,2406000.0,3,2736000.0,13.72
1594.0,3.0,3.0,6.0,6.3,7.9,,7.5,,24.5,1.0,5.87,3.25,Independent House,8325000.0,4,10023000.0,20.4
1703.0,4.0,4.0,7.0,5.0,18.6,7.7,7.0,3.3,25.4,2.0,7.93,3.52,Apartment,5601000.0,3,6477000.0,15.64
823.0,1.0,1.0,4.0,2.6,7.3,7.0,1.6,1.2,49.4,0.0,5.43,3.07,Apartment,1438000.0,4,1614000.0,12.24
852.0,2.0,2.0,16.0,5.4,16.7,6.3,3.1,0.5,13.4,0.0,4.9,4.86,Apartment,2064000.0,1,2137000.0,3.54
1696.0,3.0,2.0,12.0,2.4,17.8,9.3,7.5,6.7,55.5,2.0,6.03,2.66,INDEPENDENT HOUSE,2612000.0,2,2732000.0,4.59
1283.0,3.0,3.0,13.0,7.0,8.3,5.6,8.3,3.1,41.9,1.0,5.04,,Apartment,4002000.0,3,4612000.0,15.24
1321.0,2.0,2.0,10.0,6.6,7.7,4.5,5.4,4.7,28.8,2.0,5.58,5.59,Independent House,4658000.0,4,5710000.0,22.58
616.0,1.0,1.0,5.0,10.0,3.7,1.5,8.6,0.6,18.2,0.0,4.17,4.15,Apartment,4569000.0,2,5187000.0,13.53
1407.0,2.0,2.0,11.0,4.1,4.0,0.4,,1.9,51.9,1.0,5.15,0.23,Independent House,4069000.0,4,4519000.0,11.06
659.0,2.0,2.0,7.0,8.2,4.9,2.7,,0.4,41.4,0.0,9.01,,apartment,3386000.0,1,3673000.0,8.48
962.0,2.0,2.0,16.0,5.6,0.5,1.1,4.2,1.2,36.6,1.0,7.34,5.6,Apartment,2633000.0,3,3128000.0,18.8
1351.0,2.0,2.0,20.0,4.1,13.8,2.5,,3.0,32.4,0.0,5.26,2.56,Apartment,2977000.0,1,3129000.0,5.11
2148.0,4.0,3.0,34.0,3.7,19.1,3.9,6.2,2.2,23.2,0.0,4.39,4.2,Apt,3721000.0,5,4146000.0,11.42
886.0,1.0,1.0,13.0,7.3,0.5,3.7,6.1,1.4,27.8,0.0,7.4,5.65,Apartment,3464000.0,5,4712000.0,36.03
880.0,2.0,3.0,17.0,1.6,16.2,6.8,4.2,,51.9,2.0,5.51,3.76,Apartment,1204000.0,1,1230000.0,2.16
3402.0,6.0,6.0,15.0,8.9,18.3,3.8,6.9,4.9,17.6,2.0,4.92,5.36,Villa,22926000.0,5,27725000.0,20.93
1074.0,2.0,1.0,28.0,8.1,15.1,3.7,6.4,3.6,8.5,0.0,4.03,,Apartment,3243000.0,3,3558000.0,9.71
1267.0,4.0,4.0,6.0,5.9,5.9,4.0,5.4,1.6,17.3,2.0,4.21,2.97,Apartment,5101000.0,1,5305000.0,4.0
2257.0,4.0,3.0,13.0,1.1,16.6,1.5,,1.4,41.2,1.0,3.85,4.2,Independent House,3987000.0,2,4198000.0,5.29
1094.0,1.0,2.0,12.0,8.4,9.1,0.4,6.7,5.6,27.8,0.0,4.56,6.56,apartment,5045000.0,4,6361000.0,26.09
1260.0,1.0,1.0,,7.9,18.9,1.7,4.1,4.3,31.3,2.0,4.88,4.85,House,3984000.0,1,4180000.0,4.92
873.0,3.0,2.0,4.0,9.5,7.4,0.5,6.5,2.1,19.9,0.0,4.27,,Apartment,5020000.0,4,6021000.0,19.94
1226.0,2.0,2.0,13.0,5.9,16.2,3.3,6.8,2.7,20.5,2.0,7.19,6.19,Independent House,4135000.0,5,5854000.0,41.57
1589.0,4.0,3.0,9.0,6.0,14.7,4.9,5.7,6.9,39.4,0.0,3.57,7.05,Apartment,4116000.0,2,4510000.0,9.57
1579.0,2.0,2.0,9.0,4.0,17.4,6.8,6.2,2.2,28.3,3.0,6.6,2.64,Independent House,4002000.0,4,4563000.0,14.02
1318.0,3.0,3.0,9.0,5.3,17.0,4.2,4.1,1.5,42.4,2.0,5.88,2.2,Independent House,3787000.0,4,4376000.0,15.55
2031.0,3.0,4.0,7.0,6.7,9.0,0.4,4.0,1.4,29.9,2.0,7.49,5.44,House,8997000.0,1,9612000.0,6.84
2135.0,3.0,3.0,17.0,4.1,19.0,4.3,3.9,1.9,32.0,1.0,7.56,2.63,Apartment,4047000.0,2,4486000.0,10.85
1296.0,1.0,2.0,14.0,6.1,8.2,1.7,6.6,1.1,18.2,0.0,5.3,-0.23,Apartment,4072000.0,3,4654000.0,14.29
1516.0,2.0,2.0,7.0,5.4,11.7,1.6,5.7,1.3,40.2,1.0,7.19,3.81,Independent House,4489000.0,2,4919000.0,9.58
936.0,3.0,3.0,11.0,4.5,23.8,17.2,4.0,2.0,36.4,0.0,6.64,0.11,Apartment,1392000.0,4,1482000.0,6.47
2924.0,6.0,6.0,25.0,4.9,18.5,3.2,3.4,6.3,24.9,4.0,7.45,5.87,Villa,10691000.0,2,11783000.0,10.21
1371.0,2.0,1.0,8.0,6.3,12.2,2.3,,5.7,33.5,2.0,4.74,6.67,Apartment,4910000.0,1,5155000.0,4.99
901.0,2.0,2.0,5.0,8.4,0.5,0.3,4.8,0.9,25.3,2.0,5.31,2.25,Apartment,4394000.0,5,5588000.0,27.17
1021.0,1.0,1.0,8.0,6.6,11.0,8.9,6.5,1.1,,1.0,4.57,2.36,Apartment,3826000.0,5,4608000.0,20.44
919.0,2.0,1.0,5.0,7.6,13.8,1.3,3.4,1.3,20.9,2.0,5.92,5.51,Apartment,3227000.0,5,4443000.0,37.68
1293.0,2.0,2.0,25.0,6.2,8.9,7.3,8.2,3.2,32.3,1.0,7.25,5.93,Apartment,3449000.0,1,3663000.0,6.2
1195.0,2.0,2.0,19.0,7.1,9.9,7.1,8.0,2.3,25.9,1.0,6.93,5.48,Apartment,4089000.0,1,4288000.0,4.87
850.0,1.0,2.0,25.0,5.3,25.9,9.9,7.0,5.3,11.9,0.0,3.78,3.72,Apartment,1535000.0,5,1833000.0,19.41
1096.0,2.0,2.0,5.0,6.6,10.9,10.6,7.8,,26.1,0.0,,1.9,Apartment,4138000.0,5,5235000.0,26.51
1046.0,1.0,1.0,7.0,3.8,20.3,4.1,5.4,3.1,35.3,0.0,6.65,2.58,Apartment,2237000.0,4,2653000.0,18.6
3251.0,6.0,6.0,12.0,3.5,21.6,3.7,5.8,2.8,25.6,4.0,6.77,1.0,Villa,11943000.0,2,12875000.0,7.8
2711.0,5.0,4.0,17.0,12.0,9.0,1.6,6.3,2.0,27.6,3.0,4.94,3.15,Villa,12982000.0,5,15690000.0,20.86
1115.0,2.0,1.0,8.0,,10.3,3.6,6.7,3.5,16.8,1.0,6.72,8.1,Independent House,5458000.0,5,7738000.0,41.77
2821.0,6.0,5.0,17.0,9.4,7.5,0.5,6.4,1.7,38.7,4.0,7.17,8.34,Villa,22856000.0,2,26432000.0,15.65
1389.0,1.0,2.0,5.0,8.5,4.7,1.0,8.0,,42.6,2.0,5.49,5.57,Independent House,8587000.0,2,9580000.0,11.56
3160.0,5.0,5.0,15.0,9.1,5.7,3.0,3.7,1.5,19.8,2.0,7.63,5.37,Villa ,19262000.0,4,25614000.0,32.98
1404.0,2.0,2.0,2.0,5.7,13.7,3.4,2.4,2.3,24.1,2.0,7.01,2.17,Apartment,4485000.0,3,5061000.0,12.84
3084.0,5.0,4.0,13.0,4.8,18.8,12.7,4.1,4.3,29.7,2.0,7.01,3.84,Independent House,6290000.0,3,6965000.0,10.73
2094.0,4.0,4.0,7.0,4.6,,2.3,3.6,1.3,31.4,3.0,4.29,1.62,Independent House,6867000.0,4,7763000.0,13.05
1191.0,,1.0,27.0,8.7,8.8,3.3,5.3,1.2,15.7,1.0,4.11,1.96,Apartment,3849000.0,4,4619000.0,20.01
812.0,1.0,1.0,7.0,4.0,13.5,1.1,5.0,4.4,38.1,2.0,3.22,1.39,Apt,2161000.0,2,2212000.0,2.36
1158.0,2.0,2.0,13.0,8.5,2.7,2.7,4.5,2.7,10.0,1.0,3.91,5.13,Apartment,5052000.0,3,5830000.0,15.4
1561.0,2.0,2.0,3.0,8.5,3.2,1.4,4.7,0.5,25.1,2.0,5.47,5.31,Apartment,8083000.0,1,8524000.0,5.46
756.0,2.0,3.0,13.0,5.8,13.0,1.1,4.9,2.2,18.9,2.0,5.72,3.55,Apartment,2764000.0,4,3523000.0,27.46
913.0,2.0,2.0,5.0,5.4,21.3,7.1,4.8,2.1,40.3,0.0,7.38,6.08,Apartment,2184000.0,5,2751000.0,25.96
1396.0,3.0,3.0,12.0,7.7,16.4,1.8,4.5,1.3,13.6,0.0,6.31,6.69,Apartment,6423000.0,3,7592000.0,18.2
1096.0,3.0,3.0,12.0,5.0,,6.5,2.7,1.6,39.4,1.0,4.47,4.17,Independent House,2470000.0,2,2606000.0,5.51
661.0,2.0,3.0,13.0,6.7,10.5,5.7,6.6,2.2,,0.0,8.25,7.08,Apartment,2760000.0,1,2949000.0,6.85
1191.0,2.0,3.0,2.0,2.3,19.4,2.0,1.5,5.8,26.7,2.0,6.03,4.89,Apartment,2846000.0,2,3090000.0,8.57
1005.0,1.0,1.0,14.0,9.4,14.9,3.0,7.0,3.2,17.5,0.0,7.06,4.95,Apartment,4875000.0,2,5479000.0,12.39
1830.0,3.0,3.0,13.0,6.6,13.1,1.9,7.6,2.6,42.5,0.0,5.06,1.2,Apt,7305000.0,5,9012000.0,23.37
1245.0,2.0,1.0,8.0,8.3,17.3,2.0,7.1,5.7,18.5,2.0,7.37,6.27,Apartment,5474000.0,3,7100000.0,29.7
2331.0,5.0,4.0,12.0,4.5,15.1,2.7,4.8,1.7,31.9,2.0,4.38,1.9,Independent House,6907000.0,4,7579000.0,9.73
963.0,2.0,2.0,11.0,,6.3,2.8,6.9,1.5,34.9,1.0,9.81,8.82,Apartment,3755000.0,4,5139000.0,36.86
1584.0,3.0,3.0,3.0,9.3,8.5,5.7,7.6,3.3,25.3,3.0,4.01,,Independent House,8840000.0,4,10685000.0,20.87
1051.0,2.0,1.0,17.0,8.1,8.6,11.9,7.5,1.0,29.8,0.0,6.3,5.3,Apartment,2981000.0,1,3118000.0,4.6
1133.0,3.0,3.0,4.0,8.8,14.3,4.2,5.7,4.0,19.4,0.0,6.09,5.8,Apartment,4892000.0,5,6380000.0,30.42
1580.0,2.0,2.0,21.0,6.5,1.6,0.4,,1.4,2.0,2.0,6.52,5.79,Apartment,6444000.0,4,8134000.0,26.23
1476.0,4.0,4.0,17.0,6.7,9.8,3.5,6.2,1.6,35.8,2.0,5.12,4.96,Apartment,4824000.0,3,5311000.0,10.1
1026.0,2.0,3.0,10.0,6.0,9.0,3.8,5.6,3.6,24.3,1.0,5.47,3.9,Apartment,3291000.0,2,3596000.0,9.27
2222.0,5.0,4.0,9.0,7.1,9.5,,3.9,0.7,32.2,2.0,4.91,4.53,Villa,9050000.0,1,9499000.0,4.96
957.0,2.0,2.0,5.0,2.9,15.8,9.2,5.1,4.7,32.0,1.0,5.99,3.9,Apartment,1884000.0,4,2068000.0,9.77
1386.0,2.0,2.0,5.0,2.9,9.8,3.3,3.8,3.1,46.9,2.0,7.74,3.86,Apartment,13876000.0,5,17390000.0,25.32
742.0,1.0,1.0,10.0,4.2,13.7,10.7,3.1,0.7,31.5,0.0,7.15,4.42,Apartment,1584000.0,4,1907000.0,20.39
1226.0,3.0,2.0,12.0,1.8,22.8,9.0,4.0,4.8,38.5,2.0,6.49,-1.65,Apartment,1653000.0,5,1682000.0,1.75
1898.0,3.0,2.0,12.0,7.0,5.7,1.0,9.2,1.2,41.0,2.0,5.97,5.71,Villa,12769000.0,3,15837000.0,24.03
1342.0,2.0,2.0,11.0,6.9,3.6,2.4,5.6,2.3,27.2,2.0,4.69,1.78,Apartment,6063000.0,3,6758000.0,11.46
2944.0,5.0,4.0,19.0,4.3,13.5,0.3,4.9,3.3,47.2,2.0,3.04,0.84,Villa,10282000.0,1,10325000.0,0.42
1613.0,4.0,3.0,2.0,8.3,0.5,0.6,7.7,0.5,23.2,1.0,6.5,5.18,Apartment,10056000.0,5,13716000.0,36.4
1225.0,2.0,3.0,3.0,4.1,8.9,4.0,7.1,1.0,27.0,1.0,4.51,1.05,Apartment,3761000.0,5,4606000.0,22.47
964.0,3.0,2.0,13.0,7.3,3.7,1.8,7.9,3.4,27.6,2.0,8.7,8.7,Apartment,5371000.0,3,6946000.0,29.32
993.0,2.0,2.0,19.0,6.0,14.7,2.6,7.5,1.3,44.9,1.0,6.68,4.84,Independent House,3477000.0,4,4208000.0,21.02
1456.0,3.0,3.0,6.0,6.1,15.3,1.2,4.5,3.3,34.9,0.0,6.48,3.2,Apartment,5584000.0,1,5902000.0,5.69
721.0,2.0,2.0,25.0,5.4,14.1,9.3,8.9,2.2,31.0,2.0,6.2,1.5,Apartment,1864000.0,4,2182000.0,17.06
2852.0,4.0,3.0,19.0,9.7,6.3,1.1,6.3,1.2,25.4,4.0,8.25,9.62,Villa,27543000.0,3,36671000.0,33.14
918.0,2.0,3.0,7.0,6.5,7.9,1.8,6.3,6.0,24.6,1.0,7.04,4.41,Apartment,3816000.0,4,4898000.0,28.35
1089.0,2.0,2.0,5.0,5.5,13.2,2.3,6.4,1.8,36.9,2.0,7.18,4.05,Apartment,3871000.0,4,4872000.0,25.86
1161.0,2.0,2.0,10.0,5.3,9.1,2.9,7.8,1.2,28.4,0.0,6.06,0.68,Apartment,3653000.0,2,3993000.0,9.31
1022.0,2.0,3.0,11.0,7.5,12.1,5.1,4.5,2.4,33.3,1.0,6.63,4.93,Apartment,3573000.0,4,4505000.0,26.08
3478.0,6.0,5.0,9.0,2.9,14.0,3.0,3.1,1.7,49.0,2.0,6.8,1.32,Villa,9278000.0,3,10150000.0,9.4
1266.0,2.0,2.0,5.0,8.8,0.6,1.9,5.6,1.0,14.2,0.0,6.59,7.25,Apartment,6850000.0,5,9629000.0,40.57
1114.0,3.0,3.0,3.0,4.6,20.8,7.7,6.9,2.4,,0.0,6.09,5.42,Apartment,2911000.0,3,3381000.0,16.15
2949.0,5.0,4.0,13.0,7.6,7.8,2.5,6.1,2.7,36.6,2.0,10.0,7.04,Villa,16214000.0,3,20501000.0,26.44
696.0,1.0,1.0,,10.0,9.8,1.2,7.5,2.1,23.1,0.0,7.84,3.22,Apartment,4517000.0,5,6447000.0,42.73
1707.0,3.0,3.0,15.0,1.0,22.8,15.3,5.2,5.1,39.9,2.0,5.89,1.99,Independent House,1855000.0,5,1973000.0,6.36
1214.0,1.0,1.0,6.0,7.0,8.0,3.2,,1.0,16.9,2.0,5.38,4.23,Apartment,4440000.0,3,5390000.0,21.4
3506.0,6.0,5.0,-23.0,6.0,6.7,3.6,7.0,3.3,38.0,4.0,6.04,5.18,Villa,18269000.0,1,19158000.0,4.87
888.0,1.0,1.0,6.0,5.5,18.1,2.5,7.8,2.7,23.1,1.0,5.99,,Apartment,3238000.0,4,4005000.0,23.69
2031.0,4.0,3.0,14.0,5.0,18.5,13.3,5.7,4.0,28.0,2.0,6.15,4.03,Independent House,4633000.0,3,5215000.0,12.56
1047.0,2.0,1.0,4.0,6.5,4.1,1.1,5.9,0.7,12.3,2.0,5.7,5.78,apartment,4853000.0,3,5773000.0,18.96
682.0,1.0,2.0,15.0,4.8,0.5,1.8,7.6,1.4,24.6,2.0,4.89,5.22,Apartment,2181000.0,1,2306000.0,5.73
1402.0,3.0,2.0,12.0,4.6,0.5,1.9,4.7,1.0,29.0,0.0,4.47,3.08,Apartment,4691000.0,5,5649000.0,20.42
1119.0,2.0,2.0,17.0,5.1,9.2,3.5,6.6,4.6,22.7,0.0,5.84,2.43,Apartment,3146000.0,2,3372000.0,7.18
1475.0,3.0,3.0,12.0,5.7,8.7,5.5,7.1,4.5,26.8,0.0,6.71,5.72,Apartment,4055000.0,2,4533000.0,11.79
1165.0,3.0,3.0,8.0,4.6,17.9,6.3,5.1,2.0,129.5,2.0,4.68,3.93,Apartment,2765000.0,2,2935000.0,6.15
2154.0,,4.0,8.0,2.2,24.2,11.3,3.5,2.9,42.9,1.0,5.31,2.07,INDEPENDENT HOUSE,3391000.0,3,3685000.0,8.67
1152.0,1.0,1.0,29.0,8.0,12.8,3.0,6.2,3.1,26.5,1.0,7.33,5.46,Apartment,3768000.0,1,4004000.0,6.26
1448.0,3.0,2.0,12.0,5.8,13.4,6.4,5.7,6.1,33.9,1.0,6.64,4.66,Apartment,3502000.0,5,4522000.0,29.13
1020.0,2.0,3.0,10.0,6.0,9.0,7.9,6.7,3.4,49.3,2.0,6.29,0.46,Apartment,3265000.0,3,3623000.0,10.96
900.0,1.0,2.0,17.0,2.8,12.5,8.1,3.8,2.2,34.2,1.0,6.56,8.88,Apartment,1667000.0,2,1820000.0,9.18
1616.0,2.0,2.0,35.0,3.9,12.2,1.4,5.1,5.1,55.7,1.0,2.41,-0.59,Apartment,2669000.0,4,2771000.0,3.82
1016.0,3.0,2.0,,10.0,0.5,,7.2,0.6,2.0,1.0,5.29,7.81,Apartment,9113000.0,1,9807000.0,7.62
1845.0,0.0,3.0,7.0,4.1,15.6,4.3,1.0,1.6,42.1,3.0,5.02,2.39,Independent House,4024000.0,1,4140000.0,2.88
801.0,1.0,1.0,1.0,6.8,7.5,3.4,4.0,3.3,33.2,2.0,6.69,4.42,Apartment,3051000.0,5,3972000.0,30.19
1371.0,3.0,3.0,6.0,8.3,2.3,1.4,8.4,1.7,27.3,2.0,8.69,8.25,Apartment,9623000.0,2,11413000.0,18.6
1109.0,1.0,1.0,6.0,5.7,13.7,9.7,6.1,3.3,26.6,0.0,6.16,5.54,Apartment,2814000.0,5,3811000.0,35.43
1099.0,2.0,1.0,14.0,3.9,25.4,10.6,4.3,2.3,30.8,2.0,4.9,4.49,Apartment,1698000.0,5,1826000.0,7.54
2065.0,4.0,3.0,27.0,8.1,5.2,2.1,4.8,2.1,21.4,1.0,6.92,5.83,Independent House,9097000.0,4,11718000.0,28.81
2023.0,4.0,3.0,19.0,4.0,13.1,1.3,4.9,6.4,46.8,2.0,5.46,2.89,Apartment,4401000.0,5,5345000.0,21.45
1420.0,3.0,3.0,4.0,7.6,13.3,4.1,,4.8,19.4,1.0,7.41,2.04,Apartment,5682000.0,3,6778000.0,19.29
1533.0,2.0,1.0,18.0,5.7,11.7,9.9,4.7,1.4,48.8,1.0,6.45,5.02,Apartment,3256000.0,1,3386000.0,3.99
1884.0,2.0,1.0,9.0,6.2,13.6,1.7,5.9,4.5,35.8,3.0,3.09,4.19,Independent House,6114000.0,3,6577000.0,7.57
1108.0,2.0,2.0,9.0,5.3,18.0,7.3,6.9,,23.8,0.0,5.74,4.29,Apartment,2787000.0,2,3001000.0,7.68
2355.0,4.0,3.0,28.0,5.7,18.7,7.6,4.2,3.2,23.4,1.0,6.75,3.06,Independent House,5227000.0,3,5900000.0,12.88
1123.0,2.0,2.0,32.0,4.7,18.6,2.5,4.6,4.9,41.2,1.0,6.49,2.84,Apartment,1969000.0,4,2202000.0,11.83
817.0,1.0,1.0,19.0,9.0,4.6,2.8,,0.8,28.8,,8.01,5.26,APARTMENT,3741000.0,1,4015000.0,7.32
1870.0,4.0,4.0,18.0,6.1,13.8,3.6,6.1,4.7,34.2,2.0,6.99,3.39,Independent House,6660000.0,4,8235000.0,23.65
1301.0,3.0,3.0,7.0,3.6,12.1,1.2,7.1,3.1,34.2,2.0,6.96,4.21,APARTMENT,3745000.0,3,4365000.0,16.56
1168.0,3.0,3.0,39.0,6.3,14.5,1.6,4.6,3.3,22.6,1.0,5.68,5.06,Apartment,2776000.0,2,3004000.0,8.21
1529.0,3.0,3.0,7.0,5.0,18.4,1.5,4.7,1.0,26.7,0.0,4.68,3.54,Apartment,4618000.0,5,5791000.0,25.4
831.0,2.0,2.0,6.0,2.6,18.0,10.2,3.9,7.8,51.7,1.0,6.39,2.82,Apartment,1284000.0,1,1313000.0,2.26
601.0,1.0,1.0,7.0,4.9,21.6,2.3,4.5,1.2,29.0,0.0,6.1,4.88,Apartment,1330000.0,4,1571000.0,18.12
1737.0,3.0,2.0,13.0,6.1,8.9,3.9,5.7,1.3,60.4,0.0,6.8,6.12,Apartment,4589000.0,2,5100000.0,11.14
4079.0,6.0,5.0,13.0,3.6,17.4,1.8,2.8,3.4,40.8,1.0,6.02,1.91,Independent House,9101000.0,3,9987000.0,9.74
778.0,1.0,1.0,4.0,4.4,4.5,5.6,7.6,0.8,41.5,2.0,5.67,7.11,Apartment,2265000.0,1,2392000.0,5.61
1261.0,3.0,3.0,17.0,6.0,3.9,3.5,5.5,2.4,14.2,3.0,5.65,4.37,Independent House,5068000.0,3,6088000.0,20.13
1606.0,3.0,3.0,16.0,7.5,23.1,7.4,1.1,4.2,16.7,2.0,4.82,1.94,Independent House,4113000.0,1,4256000.0,3.48
2615.0,4.0,3.0,3.0,6.3,5.4,4.0,4.2,4.3,8.3,2.0,7.89,6.45,Independent House,10709000.0,5,14996000.0,40.03
1496.0,3.0,3.0,10.0,9.5,0.5,0.1,6.8,1.2,16.3,3.0,3.62,-0.42,Independent House,11537000.0,5,14424000.0,25.02
883.0,2.0,2.0,9.0,6.7,12.6,1.5,6.3,2.9,29.5,1.0,3.81,4.15,Apartment,2806000.0,1,2922000.0,4.13
1111.0,2.0,3.0,12.0,2.0,13.8,6.8,4.6,1.1,32.0,2.0,4.9,0.16,Apartment,1911000.0,2,1973000.0,3.24
627.0,1.0,1.0,2.0,2.7,20.1,6.6,6.3,1.0,32.0,1.0,4.91,1.47,Apartment,1242000.0,4,1377000.0,10.87
1770.0,3.0,2.0,15.0,8.2,4.9,0.6,5.9,2.4,18.9,1.0,6.66,7.02,Apartment,8078000.0,5,11639000.0,44.08
919.0,1.0,1.0,15.0,5.7,23.9,13.7,1.9,6.8,40.3,1.0,6.56,4.35,Apartment,1154000.0,3,1281000.0,11.01
14186.0,6.0,5.0,14.0,5.7,2.8,0.3,5.7,1.4,42.5,1.0,7.87,3.82,Independent House,11867000.0,1,12617000.0,6.32
2674.0,5.0,4.0,2.0,2.4,17.7,4.7,3.7,2.7,35.7,2.0,4.56,3.87,Independent House,6315000.0,1,6388000.0,1.16
1406.0,3.0,2.0,9.0,1.7,17.8,2.4,3.9,1.7,41.8,2.0,5.79,2.0,Independent House,3187000.0,4,3438000.0,7.88
613.0,1.0,1.0,16.0,2.8,16.2,2.4,3.0,0.5,39.5,1.0,4.74,-0.53,Apartment,1381000.0,3,1493000.0,8.11
1292.0,2.0,2.0,9.0,7.9,6.0,1.2,2.8,1.9,25.3,,6.46,3.37,Apartment,4827000.0,3,5711000.0,18.31
1505.0,3.0,3.0,3.0,6.3,13.2,4.7,7.1,1.4,39.5,0.0,4.4,8.15,Apartment,4584000.0,5,5776000.0,26.0
646.0,1.0,1.0,6.0,6.1,4.5,,6.6,2.6,27.3,1.0,7.36,2.93,Apartment,2565000.0,3,2996000.0,16.8
1278.0,2.0,1.0,21.0,6.4,0.5,0.7,3.5,0.6,35.2,1.0,5.82,3.61,Apartment,4049000.0,4,4755000.0,17.44
1645.0,4.0,4.0,9.0,2.4,12.8,3.0,3.8,4.8,31.3,2.0,6.0,0.59,Independent House,4359000.0,1,4516000.0,3.6
2782.0,6.0,5.0,7.0,8.6,5.4,0.8,7.2,1.8,,4.0,7.07,4.34,Villa,23838000.0,1,26023000.0,9.17
749.0,1.0,1.0,14.0,3.6,19.2,6.0,5.5,3.3,35.8,1.0,4.73,-2.26,Apartment,1262000.0,5,1312000.0,3.96
1942.0,3.0,2.0,7.0,9.8,4.5,2.5,6.3,1.8,15.5,2.0,6.9,5.4,Independent House,13700000.0,5,19805000.0,44.56
1812.0,4.0,3.0,11.0,7.8,0.5,0.7,7.3,1.7,50.3,2.0,5.99,3.14,Independent House,9766000.0,5,12850000.0,31.58
1075.0,1.0,1.0,16.0,4.5,6.9,2.7,4.3,3.1,42.0,2.0,4.51,5.37,Apartment,2642000.0,5,3263000.0,23.5
1380.0,3.0,3.0,9.0,5.0,14.3,15.8,6.9,5.7,48.8,0.0,5.51,5.87,Apartment,2395000.0,2,2548000.0,6.39
871.0,2.0,1.0,11.0,4.7,17.3,2.5,,6.0,31.6,1.0,6.14,3.53,Apartment,2203000.0,5,2659000.0,20.7
1565.0,4.0,3.0,12.0,3.6,10.1,2.9,3.1,2.9,25.6,2.0,4.8,1.41,Independent House,4416000.0,3,4759000.0,7.77
1398.0,2.0,2.0,21.0,6.9,1.1,0.6,6.5,1.1,19.7,3.0,7.06,5.54,Independent House,6270000.0,3,7435000.0,18.58
1376.0,3.0,2.0,9.0,4.8,11.8,4.0,6.1,5.4,40.3,2.0,6.21,3.05,Apartment,3506000.0,4,4161000.0,18.68
1647.0,2.0,3.0,10.0,8.4,0.5,0.5,1.8,1.4,28.8,1.0,5.67,5.85,Independent House,7454000.0,5,10032000.0,34.59
1203.0,1.0,1.0,11.0,6.3,3.0,2.3,7.7,1.2,37.7,1.0,9.35,5.72,Apartment,5242000.0,2,6033000.0,15.09
1723.0,3.0,4.0,10.0,7.8,13.8,4.0,7.9,4.4,10.8,1.0,5.74,3.89,Independent House,9248000.0,5,11983000.0,29.57
1935.0,3.0,4.0,,6.4,5.4,,5.2,1.5,30.9,1.0,7.7,5.23,Independent House,8360000.0,2,9516000.0,13.83
1472.0,3.0,,5.0,8.6,0.5,1.0,7.9,0.9,29.9,3.0,7.07,6.34,Independent House,11985000.0,5,16699000.0,39.33
1467.0,3.0,2.0,13.0,6.8,17.2,3.3,4.7,3.8,30.1,0.0,7.28,4.17,Apartment,4298000.0,1,4528000.0,5.35
1140.0,3.0,2.0,14.0,3.3,14.3,2.9,4.9,3.4,31.7,1.0,4.25,2.2,Independent House,3130000.0,4,3451000.0,10.26
1079.0,2.0,3.0,14.0,5.3,11.8,2.3,4.6,2.4,27.8,0.0,,1.54,Apartment,3473000.0,3,3920000.0,12.87
1079.0,2.0,2.0,17.0,6.4,20.8,0.7,5.4,1.0,25.0,0.0,4.86,2.18,Apartment,3066000.0,5,3716000.0,21.2
1309.0,2.0,2.0,16.0,3.7,20.1,3.2,5.8,12.4,45.5,2.0,5.59,3.53,Apartment,2415000.0,2,2565000.0,6.21
995.0,1.0,1.0,9.0,7.1,11.9,1.6,6.7,1.2,17.9,1.0,6.58,5.84,Apartment,4283000.0,3,5211000.0,21.67
908.0,2.0,3.0,3.0,5.5,16.4,0.8,2.4,14.1,20.8,2.0,8.3,5.87,Apartment,2511000.0,1,2659000.0,5.89
1819.0,4.0,4.0,8.0,2.2,18.5,,5.8,11.0,31.0,2.0,2.9,0.18,Apartment,2928000.0,3,3079000.0,5.16
518.0,1.0,1.0,8.0,4.8,11.1,0.2,3.8,7.6,34.1,0.0,7.38,5.06,Apartment,1346000.0,3,1553000.0,15.38
5283.0,6.0,5.0,4.0,5.0,26.6,3.5,5.5,1.4,38.2,3.0,4.98,4.21,Independent House,15617000.0,2,16843000.0,7.85
2836.0,6.0,5.0,3.0,8.3,7.1,6.1,5.6,1.7,23.5,2.0,8.87,9.54,Independent House,17085000.0,1,18568000.0,8.68
2054.0,5.0,4.0,4.0,6.0,12.6,2.3,5.7,0.5,27.5,,5.38,6.58,Independent House,10011000.0,4,11970000.0,19.57
1316.0,4.0,4.0,12.0,6.0,10.5,,6.9,,18.2,2.0,5.17,3.77,Independent House,3957000.0,4,4616000.0,16.65
1010.0,1.0,1.0,9.0,8.9,1.0,1.8,6.4,1.1,11.0,0.0,6.03,4.55,Apartment,6195000.0,5,8514000.0,37.43
1056.0,2.0,2.0,8.0,6.8,1.8,0.5,6.2,0.7,34.3,2.0,4.07,1.98,Apartment,4551000.0,1,4725000.0,3.82
1338.0,2.0,2.0,8.0,5.6,10.9,2.2,6.3,,,1.0,4.33,3.15,Independent House,4608000.0,1,4812000.0,4.43
683.0,1.0,1.0,38.0,7.7,13.7,7.3,4.1,3.5,13.5,0.0,6.99,,Apartment,1685000.0,1,1774000.0,5.28
1282.0,2.0,2.0,17.0,4.2,13.1,5.5,4.4,3.7,35.6,1.0,8.39,3.57,Apartment,2830000.0,3,3174000.0,12.16
3175.0,6.0,4.0,32.0,6.8,6.4,2.9,4.7,1.4,23.8,4.0,5.3,4.36,Villa,17342000.0,5,21685000.0,25.04
1370.0,2.0,2.0,10.0,9.5,7.0,2.5,8.2,1.0,26.2,1.0,7.52,4.99,Apartment,9439000.0,2,10956000.0,16.07
922.0,2.0,2.0,12.0,7.6,9.5,2.6,5.1,2.6,7.9,0.0,5.79,1.32,Apartment,4037000.0,2,4504000.0,11.57
661.0,1.0,1.0,6.0,3.4,15.1,3.4,6.6,3.6,51.8,2.0,3.3,0.93,Apartment,1218000.0,2,1269000.0,4.19
1076.0,2.0,2.0,20.0,4.1,7.9,3.7,5.1,2.8,40.0,2.0,6.56,3.44,Apartment,2781000.0,2,2972000.0,6.87
1381.0,2.0,2.0,10.0,7.7,8.9,6.1,6.3,1.7,39.7,2.0,8.64,4.14,Independent House,6091000.0,3,7629000.0,25.25
1016.0,2.0,3.0,13.0,5.3,22.0,5.9,6.1,3.6,47.6,0.0,6.36,5.7,Apartment,2099000.0,1,2185000.0,4.1
1160.0,3.0,3.0,8.0,5.7,15.6,7.9,7.6,4.6,53.4,1.0,6.32,5.48,Apartment,2902000.0,1,3019000.0,4.03
1505.0,1.0,1.0,12.0,6.3,5.6,0.6,4.3,2.3,30.5,2.0,4.25,0.04,apartment,4391000.0,2,4633000.0,5.51
1461.0,2.0,2.0,25.0,5.7,9.0,2.9,5.9,5.9,38.8,0.0,5.43,2.86,Apartment,3394000.0,5,4176000.0,23.04
3596.0,6.0,5.0,14.0,5.4,11.1,3.7,6.1,1.7,32.8,2.0,5.18,3.45,Villa,16543000.0,3,18363000.0,11.0
556.0,1.0,1.0,6.0,2.9,14.8,6.7,4.7,,42.6,2.0,6.18,3.53,Apartment,1027000.0,3,1085000.0,5.65
1025.0,2.0,2.0,20.0,4.2,14.5,4.2,5.4,8.6,38.0,0.0,5.47,4.18,Apartment,1913000.0,3,2071000.0,8.26
803.0,1.0,1.0,13.0,4.6,8.4,8.0,6.2,1.2,29.3,0.0,5.61,6.17,Apartment,1674000.0,1,1726000.0,3.11
1652.0,2.0,1.0,12.0,5.2,7.3,2.8,5.6,3.8,31.3,3.0,6.02,5.9,independent house,6091000.0,3,6989000.0,14.74
1418.0,2.0,,45.0,6.5,14.2,0.5,6.1,4.9,30.8,2.0,6.82,6.1,Apartment,3835000.0,3,4352000.0,13.48
1819.0,3.0,2.0,5.0,6.3,4.0,2.3,5.0,1.6,28.9,0.0,5.13,1.95,Apartment,5794000.0,5,7110000.0,22.71
3323.0,5.0,4.0,-21.0,3.1,15.6,6.8,3.1,2.3,50.0,3.0,4.33,0.61,Villa,8009000.0,3,8268000.0,3.23
1285.0,2.0,2.0,7.0,7.0,17.7,0.7,6.2,3.1,37.0,1.0,3.9,5.9,Apartment,4003000.0,4,4800000.0,19.91
1338.0,1.0,2.0,4.0,5.4,8.1,6.8,5.8,3.7,47.1,2.0,5.1,2.74,Apartment,3652000.0,3,3859000.0,5.67
904.0,2.0,2.0,7.0,5.4,12.5,1.7,8.1,2.8,27.7,0.0,4.93,0.78,Apartment,2903000.0,4,3457000.0,19.08
2101.0,4.0,3.0,16.0,9.1,0.9,1.8,6.5,1.1,20.7,2.0,6.28,2.57,Independent House,13689000.0,3,16038000.0,17.16
4937.0,6.0,6.0,11.0,7.3,12.7,6.0,8.7,4.5,9.3,3.0,6.55,6.13,Villa,29684000.0,3,36545000.0,23.11
2266.0,4.0,4.0,14.0,9.5,13.4,1.2,5.5,1.9,21.7,1.0,7.69,3.91,Apartment,12081000.0,1,12778000.0,5.77
1092.0,1.0,2.0,7.0,5.1,14.1,0.7,6.8,0.4,35.7,1.0,7.85,1.83,Apartment,3519000.0,5,4491000.0,27.62
923.0,2.0,2.0,24.0,4.0,15.6,6.6,5.7,3.2,39.5,2.0,6.09,1.93,Apartment,1838000.0,3,1988000.0,8.16
1760.0,3.0,,6.0,5.0,11.2,6.3,5.0,4.1,33.6,0.0,6.66,4.17,Apartment,4159000.0,3,4724000.0,13.58
875.0,1.0,2.0,11.0,6.3,11.7,3.3,5.0,5.8,38.9,0.0,3.05,-0.15,Apartment,2234000.0,3,2349000.0,5.15
1917.0,4.0,3.0,7.0,7.1,9.5,1.0,5.5,1.6,26.9,2.0,6.9,6.77,Independent House,10363000.0,1,11190000.0,7.98
889.0,1.0,1.0,26.0,7.4,5.3,1.7,3.9,2.6,23.2,1.0,7.6,6.24,Apartment,2451000.0,4,3030000.0,23.62
1439.0,3.0,2.0,9.0,3.1,7.3,2.0,5.0,2.5,25.5,0.0,5.37,1.65,Apartment,3700000.0,5,4306000.0,16.38
1758.0,3.0,2.0,37.0,,13.3,2.4,,4.8,25.4,3.0,6.6,2.36,Independent House,4457000.0,2,4625000.0,3.77
937.0,2.0,3.0,15.0,4.6,16.3,1.6,2.5,2.4,42.5,1.0,7.58,,Apartment,2158000.0,4,2612000.0,21.04
2619.0,5.0,5.0,16.0,5.2,14.9,11.1,2.6,2.0,33.3,2.0,6.79,2.8,Independent House,5682000.0,2,6043000.0,6.35
1314.0,2.0,2.0,7.0,5.1,11.4,4.1,4.3,2.1,34.6,1.0,7.95,5.79,Independent House,3784000.0,5,4955000.0,30.95
1118.0,2.0,2.0,14.0,4.3,10.4,3.9,4.1,2.0,31.6,0.0,6.33,3.09,Apartment,2564000.0,5,3156000.0,23.09
1140.0,2.0,1.0,11.0,8.2,0.5,0.7,6.9,1.4,26.6,0.0,7.04,3.27,Apartment,5911000.0,1,6222000.0,5.26
2006.0,4.0,4.0,6.0,6.4,6.2,3.4,6.3,2.4,17.6,1.0,4.61,1.7,Independent House,9501000.0,5,11363000.0,19.6
1031.0,1.0,1.0,5.0,7.4,8.5,5.3,5.5,1.5,25.3,2.0,5.1,3.22,Independent House,4306000.0,1,4466000.0,3.72
916.0,3.0,2.0,5.0,10.0,2.3,3.0,5.0,1.3,15.2,1.0,4.79,2.77,Apartment,5256000.0,2,5763000.0,9.65
1140.0,2.0,2.0,20.0,10.0,1.1,2.3,9.0,0.7,,,6.56,5.88,Apartment,7497000.0,2,8437000.0,12.54
2819.0,5.0,4.0,13.0,5.6,22.6,5.7,7.2,4.6,42.1,4.0,4.05,2.02,VILLA,9509000.0,5,11754000.0,23.61
3529.0,6.0,5.0,6.0,7.6,3.5,2.2,3.3,0.9,19.7,2.0,5.72,,Villa,22877000.0,2,25376000.0,10.92
816.0,2.0,2.0,9.0,6.1,10.8,3.2,5.2,0.7,33.4,1.0,4.08,2.48,Apartment,2571000.0,3,2818000.0,9.61
994.0,3.0,3.0,16.0,5.5,14.3,3.5,,3.8,,0.0,4.22,3.74,Apartment,2350000.0,4,2602000.0,10.72
899.0,2.0,3.0,34.0,3.9,17.3,4.4,2.7,12.4,34.2,2.0,6.97,3.39,Apartment,1699000.0,5,2092000.0,23.13
1213.0,1.0,1.0,7.0,7.5,14.8,2.8,9.3,4.0,28.3,1.0,3.95,5.18,Apartment,5626000.0,3,6797000.0,20.81
3379.0,6.0,5.0,10.0,5.0,19.0,5.6,5.0,0.9,41.5,4.0,5.61,2.87,Villa,11080000.0,4,12654000.0,14.21
2798.0,6.0,5.0,26.0,5.0,10.9,3.3,6.8,4.6,29.5,4.0,5.06,4.42,Villa,11712000.0,4,13413000.0,14.52
1088.0,3.0,3.0,11.0,6.0,11.8,15.1,5.2,1.7,39.8,1.0,4.42,3.27,Apartment,2093000.0,5,2276000.0,8.74
1360.0,,3.0,21.0,8.9,15.7,2.8,6.6,1.7,25.1,3.0,4.92,1.42,Independent House,6762000.0,5,8370000.0,23.78
895.0,3.0,2.0,10.0,6.1,10.2,1.1,5.5,2.9,42.2,2.0,6.84,4.6,Independent House,3102000.0,4,3841000.0,23.82
1031.0,1.0,1.0,19.0,5.1,24.7,3.1,7.3,1.3,28.6,2.0,5.29,4.58,Apartment,2474000.0,5,3073000.0,24.21
3692.0,6.0,5.0,34.0,9.1,0.5,1.6,7.3,1.1,30.5,2.0,5.71,5.56,Villa,28668000.0,1,30308000.0,5.72
1108.0,2.0,2.0,10.0,5.1,9.4,1.3,6.7,2.9,14.2,1.0,4.84,4.43,Independent House,4471000.0,2,4924000.0,10.13
743.0,1.0,1.0,1.0,2.2,11.7,2.8,5.8,3.0,40.3,1.0,8.75,5.11,Apartment,1868000.0,3,2175000.0,16.43
2208.0,4.0,4.0,11.0,10.0,0.5,1.3,8.9,2.0,16.7,4.0,5.6,6.83,Villa,27039000.0,1,29209000.0,8.03
1042.0,2.0,2.0,39.0,6.8,13.4,3.8,6.9,0.8,28.9,0.0,5.07,3.74,,2705000.0,4,3071000.0,13.53
1127.0,1.0,2.0,33.0,4.9,8.3,1.5,6.7,2.4,42.2,2.0,4.76,6.9,Apartment,2539000.0,5,3126000.0,23.12
521.0,1.0,1.0,18.0,9.2,9.5,1.5,4.5,2.3,8.8,0.0,7.53,6.2,Apartment,2185000.0,5,3140000.0,43.71
2587.0,4.0,,4.0,5.3,17.3,3.7,3.9,4.1,28.8,3.0,7.21,7.3,Independent House,8927000.0,2,9978000.0,11.77
688.0,2.0,3.0,15.0,4.0,17.7,6.0,5.3,4.9,33.9,2.0,6.51,5.19,Apartment,1568000.0,5,2017000.0,28.64
2099.0,4.0,4.0,14.0,9.3,7.8,6.0,10.0,1.2,24.9,2.0,7.2,5.53,Apartment,14483000.0,3,17778000.0,22.75
1624.0,3.0,3.0,8.0,2.9,21.4,7.1,7.1,4.0,28.8,0.0,4.59,-1.7,Apartment,3486000.0,3,3704000.0,6.25
2355.0,3.0,2.0,7.0,8.6,2.6,3.7,6.3,0.6,25.5,1.0,6.19,3.01,Independent House,13168000.0,1,14031000.0,6.55
1266.0,2.0,2.0,6.0,7.6,5.5,3.4,4.8,6.3,23.9,2.0,5.23,0.94,Independent House,6538000.0,5,7872000.0,20.4
551.0,1.0,1.0,11.0,6.8,15.7,13.1,5.0,2.7,48.3,2.0,5.74,,Apartment,1053000.0,5,1223000.0,16.14
1652.0,3.0,3.0,13.0,5.3,6.8,2.8,4.8,1.2,31.7,3.0,5.86,2.24,Independent House,5764000.0,1,6003000.0,4.15
2103.0,4.0,4.0,,6.6,11.2,5.5,4.9,1.9,35.4,2.0,7.11,3.04,Villa,7601000.0,3,8611000.0,13.29
1265.0,3.0,3.0,,3.6,12.6,3.4,2.7,0.9,41.5,,3.77,-0.7,Apartment,2620000.0,5,2970000.0,13.36
968.0,1.0,2.0,20.0,5.8,2.4,1.4,4.5,,43.9,1.0,5.78,4.96,Apartment,2799000.0,1,2913000.0,4.07
600.0,,1.0,16.0,2.9,23.5,8.9,3.0,3.6,54.4,0.0,5.96,3.13,Apartment,681000.0,2,721000.0,5.87
2125.0,4.0,3.0,12.0,5.6,13.1,3.4,,1.0,15.4,1.0,7.47,4.15,Apartment,7024000.0,2,7673000.0,9.24
1337.0,3.0,3.0,13.0,7.1,19.9,6.9,6.0,7.7,26.9,1.0,5.57,8.14,Apartment,3877000.0,5,5320000.0,37.22
837.0,2.0,,6.0,5.9,17.3,7.1,4.7,8.5,29.6,0.0,7.31,2.7,Apartment,1934000.0,5,2469000.0,27.66
1648.0,5.0,4.0,8.0,6.4,4.8,,4.1,5.4,46.1,2.0,5.3,4.03,Apartment,4861000.0,1,5076000.0,4.42
1825.0,3.0,4.0,44.0,9.4,0.5,0.3,7.7,1.3,16.9,0.0,6.44,1.79,Apartment,10119000.0,1,10700000.0,5.74
4416.0,6.0,,24.0,2.7,24.6,5.8,5.3,1.2,42.8,4.0,7.01,5.39,Villa,11675000.0,5,13716000.0,17.48
1440.0,2.0,2.0,19.0,7.8,0.9,2.4,9.6,3.6,33.6,0.0,5.53,4.09,Apartment,6888000.0,5,8971000.0,30.24
1307.0,2.0,2.0,7.0,8.1,14.0,3.3,5.4,8.5,39.5,1.0,5.32,0.84,Apartment,4467000.0,1,4681000.0,4.79
1382.0,3.0,2.0,18.0,4.2,19.6,2.8,5.1,5.5,43.6,2.0,6.08,,Independent House,2689000.0,5,3059000.0,13.76
595.0,1.0,1.0,8.0,5.1,18.6,6.1,4.7,5.7,43.1,0.0,4.57,3.6,Apartment,1095000.0,5,1229000.0,12.24
742.0,1.0,1.0,8.0,8.2,12.0,,8.0,6.8,12.8,1.0,4.46,5.58,Apartment,3055000.0,4,3824000.0,25.17
887.0,1.0,1.0,4.0,9.2,1.5,0.8,5.6,3.2,21.3,2.0,8.24,8.54,Apartment,5168000.0,1,5623000.0,8.8
886.0,2.0,2.0,9.0,9.6,0.5,2.5,7.8,1.3,25.6,1.0,5.43,7.5,Apartment,5561000.0,1,5891000.0,5.93
1086.0,2.0,3.0,9.0,7.5,10.4,13.2,3.0,1.1,24.7,0.0,5.93,6.95,Apartment,2440000.0,3,2775000.0,13.73
1255.0,2.0,2.0,3.0,7.2,15.3,4.2,5.5,1.8,39.2,0.0,5.81,7.64,Apartment,4175000.0,5,5682000.0,36.1
1042.0,2.0,1.0,2.0,9.5,3.9,1.7,6.4,1.7,16.8,2.0,5.37,6.46,Apartment,6503000.0,1,6913000.0,6.3
1202.0,3.0,3.0,,7.8,6.9,2.6,9.0,0.7,17.5,0.0,7.76,3.45,Apartment,6053000.0,2,6738000.0,11.32
1511.0,3.0,3.0,18.0,10.0,0.5,1.0,7.1,0.6,15.3,1.0,5.3,5.42,Apartment,10493000.0,3,12536000.0,19.47
1090.0,2.0,1.0,2.0,7.5,8.4,2.7,7.1,1.0,26.0,0.0,4.91,,Apartment,4765000.0,1,4993000.0,4.78
2121.0,4.0,4.0,8.0,6.1,11.1,0.3,5.6,9.6,20.1,3.0,5.78,7.85,Independent House,9877000.0,1,10619000.0,7.51
1796.0,3.0,2.0,15.0,6.5,17.9,9.3,4.3,1.7,29.1,2.0,6.86,2.7,Independent House,4360000.0,1,4553000.0,4.43
749.0,2.0,1.0,6.0,6.7,7.4,,5.1,4.2,23.9,2.0,8.06,-0.41,Apartment,3565000.0,4,4712000.0,32.17
1136.0,2.0,1.0,3.0,6.0,12.7,1.2,7.0,4.6,35.7,2.0,5.15,2.26,Apartment,4315000.0,1,4461000.0,3.38
1385.0,2.0,1.0,17.0,5.6,16.4,9.8,5.0,4.5,39.4,0.0,2.82,2.5,Apartment,2158000.0,1,2180000.0,1.02
1652.0,3.0,2.0,26.0,6.9,12.8,2.9,5.7,1.3,44.4,2.0,4.85,5.65,Apartment,4251000.0,1,4431000.0,4.23
1465.0,2.0,2.0,9.0,7.3,13.8,0.8,6.3,1.5,19.9,1.0,6.87,5.08,Independent House,6129000.0,1,6512000.0,6.25
844.0,2.0,3.0,12.0,4.9,15.8,7.3,5.2,1.5,39.4,2.0,3.16,1.87,Apartment,1969000.0,4,2181000.0,10.77
2332.0,5.0,5.0,24.0,5.0,21.0,1.4,6.1,6.7,33.8,2.0,5.96,2.95,Villa,8227000.0,1,8609000.0,4.64
2960.0,5.0,4.0,,5.5,12.3,1.5,5.7,4.6,40.8,3.0,5.58,3.45,Independent House,10162000.0,3,11631000.0,14.46
1148.0,3.0,3.0,2.0,7.0,0.5,0.8,6.5,0.7,17.9,1.0,6.22,2.66,Apartment,6187000.0,2,7060000.0,14.11
1642.0,3.0,3.0,15.0,4.7,9.9,3.7,4.2,1.5,36.3,1.0,5.58,1.05,Apartment,4430000.0,2,4667000.0,5.35
1378.0,2.0,2.0,43.0,5.3,12.3,1.8,7.5,1.8,36.0,2.0,6.08,4.14,Flat,3103000.0,1,3232000.0,4.16
1206.0,3.0,2.0,17.0,5.9,4.3,3.0,8.1,1.7,34.7,3.0,4.56,4.18,Independent House,4376000.0,3,5105000.0,16.66
3467.0,6.0,5.0,27.0,7.7,1.4,4.3,7.4,0.7,31.1,4.0,8.17,6.17,Villa,22909000.0,5,31847000.0,39.02
808.0,1.0,1.0,10.0,7.0,18.4,3.5,4.5,1.8,8.3,2.0,6.65,7.41,Apartment,3049000.0,1,3189000.0,4.59
835.0,2.0,3.0,16.0,5.7,18.0,3.9,5.7,3.3,31.4,0.0,5.77,2.81,Apartment,2226000.0,4,2479000.0,11.37
855.0,1.0,2.0,26.0,4.9,12.1,2.5,5.6,6.2,25.5,0.0,7.66,2.71,Apartment,1988000.0,4,2376000.0,19.52
984.0,1.0,1.0,8.0,4.6,5.1,0.9,5.2,2.6,44.3,1.0,5.6,1.36,Apartment,2492000.0,2,2696000.0,8.19
1229.0,3.0,3.0,21.0,9.9,6.1,0.8,7.5,,9.3,1.0,5.84,5.92,Apartment,9013000.0,4,11434000.0,26.86
689.0,2.0,1.0,1.0,3.5,18.5,10.3,4.2,2.9,25.8,0.0,5.76,4.31,Apartment,1389000.0,1,1453000.0,4.61
1384.0,3.0,2.0,23.0,8.4,7.6,0.9,8.1,0.5,26.6,1.0,7.08,3.43,Apartment,8288000.0,5,11150000.0,34.53
1268.0,3.0,3.0,15.0,6.1,6.7,4.8,4.8,3.6,25.2,0.0,7.87,5.4,apartment,4120000.0,1,4404000.0,6.89
1020.0,1.0,2.0,9.0,4.6,14.3,1.6,2.9,3.8,19.6,2.0,7.69,5.95,APARTMENT,2915000.0,3,3493000.0,19.83
878.0,2.0,2.0,12.0,6.2,6.8,1.5,6.6,1.4,16.6,0.0,4.77,5.06,Apartment,3331000.0,2,3707000.0,11.29
905.0,2.0,2.0,6.0,2.8,13.8,1.2,5.6,2.9,35.2,2.0,5.96,2.0,Apartment,2310000.0,1,2394000.0,3.64
1585.0,3.0,3.0,11.0,9.9,4.2,3.3,5.9,1.2,29.8,,8.21,6.76,Apartment,9844000.0,4,13541000.0,37.56
1149.0,2.0,2.0,5.0,6.7,1.7,0.9,7.4,1.1,13.4,1.0,6.01,3.64,Apartment,5179000.0,1,5489000.0,5.99
1893.0,4.0,4.0,8.0,4.8,17.4,3.5,4.5,4.5,35.7,2.0,5.64,5.41,Independent House,33606000.0,4,39196000.0,16.63
984.0,2.0,1.0,4.0,6.6,12.9,8.9,10.0,3.2,,1.0,5.34,1.48,Apartment,3104000.0,4,3729000.0,20.14
1196.0,2.0,1.0,32.0,8.8,4.9,2.2,6.8,1.5,,0.0,6.76,5.23,Apartment,4411000.0,2,4866000.0,10.32
2276.0,4.0,4.0,5.0,8.9,9.0,1.7,4.2,4.0,19.3,3.0,7.82,5.33,independent house,13259000.0,1,14220000.0,7.25
1579.0,3.0,3.0,14.0,,8.9,9.4,6.8,1.5,20.0,2.0,5.7,3.63,Independent House,4527000.0,5,5817000.0,28.5
1564.0,3.0,2.0,23.0,4.5,13.4,1.9,5.2,1.2,23.2,2.0,4.36,5.38,Independent House,4026000.0,3,4534000.0,12.62
2111.0,3.0,3.0,18.0,5.3,7.0,4.1,4.3,5.6,21.2,2.0,3.55,4.42,Independent House,6911000.0,1,7154000.0,3.52
1163.0,3.0,3.0,18.0,7.2,6.0,3.7,8.6,2.3,19.4,0.0,4.87,1.58,Apartment,5255000.0,4,6349000.0,20.82
787.0,2.0,2.0,21.0,5.2,16.1,9.6,5.3,4.2,47.5,1.0,6.25,3.81,Apartment,1296000.0,2,1383000.0,6.71
950.0,2.0,2.0,8.0,4.0,10.4,8.9,6.1,1.3,36.1,0.0,5.55,6.31,Flat,2062000.0,1,2162000.0,4.85
527.0,1.0,2.0,-5.0,4.8,6.3,4.1,4.3,1.6,38.4,2.0,,3.66,Apartment,1688000.0,5,2130000.0,26.18
1359.0,2.0,2.0,28.0,8.1,15.9,1.0,5.9,5.0,8.8,0.0,5.63,6.16,Apartment,5424000.0,3,6287000.0,15.91
1215.0,2.0,2.0,18.0,7.8,4.5,1.2,6.0,0.7,26.2,3.0,7.91,4.46,Independent House,6238000.0,4,8153000.0,30.7
2472.0,4.0,4.0,24.0,9.0,5.0,3.0,6.6,2.5,17.0,1.0,6.42,1.55,Independent House,11735000.0,1,12434000.0,5.96
1522.0,3.0,4.0,19.0,7.2,1.4,1.6,7.3,1.5,23.0,2.0,6.01,5.2,Apartment,6904000.0,3,8348000.0,20.92
1104.0,2.0,3.0,14.0,6.3,5.6,3.3,4.3,0.9,31.8,0.0,5.57,2.2,Apartment,3534000.0,4,4072000.0,15.22
1767.0,3.0,3.0,9.0,2.0,28.2,4.8,4.0,3.6,39.6,1.0,5.64,7.54,Apartment,2813000.0,2,3040000.0,8.07
1898.0,3.0,2.0,25.0,5.7,7.7,5.2,6.2,1.4,29.8,2.0,7.02,1.33,Villa,8222000.0,5,10302000.0,25.3
1611.0,4.0,4.0,24.0,7.9,15.6,6.5,6.4,0.5,24.8,3.0,5.17,3.67,Independent House,6514000.0,2,7097000.0,8.95
1151.0,2.0,2.0,18.0,4.6,9.1,10.0,5.6,4.3,43.4,2.0,6.07,1.34,Apartment,2543000.0,4,2819000.0,10.85
886.0,1.0,1.0,4.0,4.4,15.9,5.1,1.4,2.0,45.9,2.0,6.97,5.29,Independent House,1801000.0,3,2122000.0,17.82
3922.0,6.0,5.0,24.0,3.8,12.2,2.6,5.8,4.5,36.7,3.0,7.96,4.9,Villa,14210000.0,2,15725000.0,10.66
1274.0,0.0,2.0,15.0,,19.1,5.0,2.5,2.7,19.7,2.0,7.81,3.26,Apartment,3576000.0,5,4281000.0,19.71
3350.0,6.0,4.0,23.0,7.0,7.5,2.2,4.5,0.5,40.2,3.0,4.42,6.61,Independent House,11332000.0,2,12266000.0,8.24
1030.0,2.0,2.0,11.0,6.1,4.7,2.7,4.4,1.1,24.7,0.0,5.69,1.8,Apartment,3820000.0,2,4237000.0,10.92
1586.0,2.0,1.0,4.0,7.1,0.5,0.5,7.9,0.6,39.9,3.0,6.93,6.83,Independent House,9177000.0,5,12609000.0,37.4
961.0,2.0,3.0,8.0,7.0,0.5,2.9,5.4,0.6,24.2,2.0,5.69,3.47,Apartment,3783000.0,2,4293000.0,13.48
1581.0,2.0,2.0,4.0,7.8,6.9,0.9,8.2,2.1,20.0,1.0,3.7,1.49,Independent House,9958000.0,1,10242000.0,2.85
1732.0,3.0,3.0,3.0,7.9,6.4,2.4,9.0,0.4,32.2,1.0,5.09,5.04,independent house,10639000.0,1,11267000.0,5.9
1244.0,3.0,2.0,13.0,8.9,11.1,2.6,5.9,3.1,3.6,1.0,5.9,4.27,Apartment,6899000.0,2,7699000.0,11.6
1650.0,3.0,3.0,4.0,6.8,13.8,2.3,1.9,2.3,,1.0,5.98,5.87,Apartment,5609000.0,4,6891000.0,22.86
1084.0,2.0,2.0,9.0,3.8,11.5,6.9,4.1,2.0,36.3,0.0,3.71,0.01,Apartment,2340000.0,1,2393000.0,2.26
1049.0,1.0,1.0,18.0,6.6,8.3,6.1,3.7,3.9,40.4,0.0,8.27,7.37,Apartment,2678000.0,3,3161000.0,18.04
907.0,1.0,2.0,18.0,3.7,13.7,4.1,5.4,3.7,37.9,0.0,5.64,2.93,Apt,1799000.0,2,1923000.0,6.89
2419.0,4.0,4.0,10.0,9.0,6.1,2.7,5.6,0.6,11.9,4.0,6.93,6.3,Villa,17878000.0,1,18999000.0,6.27
3893.0,6.0,5.0,17.0,6.6,11.0,1.5,5.0,3.3,24.6,3.0,4.6,0.95,Independent House,17871000.0,5,21717000.0,21.52
1340.0,2.0,2.0,12.0,5.6,11.9,3.8,8.1,4.6,23.8,3.0,5.98,4.74,Independent House,5151000.0,4,6252000.0,21.37
2368.0,4.0,4.0,17.0,7.3,0.5,2.8,6.2,1.3,25.1,2.0,8.12,6.51,Independent House,13247000.0,5,19023000.0,43.6
1236.0,2.0,2.0,29.0,5.2,0.5,2.5,4.3,,37.7,0.0,4.44,0.66,Apartment,2854000.0,3,3065000.0,7.39
970.0,2.0,3.0,6.0,6.1,11.2,2.3,5.2,1.1,21.3,2.0,6.7,5.66,Apartment,3735000.0,1,3941000.0,5.52
858.0,1.0,1.0,,4.2,15.9,3.4,6.2,2.2,27.7,2.0,4.66,1.25,Apartment,1945000.0,3,2090000.0,7.46
1131.0,3.0,3.0,25.0,4.9,14.2,5.7,7.2,9.4,22.0,2.0,5.11,4.54,Apartment,3150000.0,4,3589000.0,13.94
643.0,1.0,1.0,21.0,10.0,1.6,3.2,8.3,1.5,8.7,1.0,6.38,6.75,Apartment,3845000.0,5,5542000.0,44.14
946.0,2.0,2.0,19.0,6.4,9.0,5.0,3.9,4.5,39.0,2.0,5.4,3.89,Apartment,2075000.0,3,2386000.0,14.99
2540.0,5.0,3.0,6.0,6.0,14.9,2.7,4.2,2.0,24.8,1.0,5.95,4.83,Independent House,9751000.0,4,12066000.0,23.74
1273.0,3.0,2.0,15.0,6.0,5.7,2.6,4.4,0.9,37.1,3.0,4.24,1.78,Independent House,4329000.0,1,4476000.0,3.4
4399.0,6.0,4.0,32.0,3.1,13.5,7.7,3.8,1.0,33.8,4.0,4.86,-0.31,Villa,11049000.0,3,11566000.0,4.68
2052.0,4.0,4.0,35.0,4.3,19.9,3.7,4.4,4.9,22.2,3.0,5.79,4.43,Independent House,4548000.0,3,5258000.0,15.61
2616.0,4.0,4.0,10.0,4.8,9.9,4.7,5.4,1.0,21.6,2.0,4.86,3.99,Independent House,8258000.0,3,9334000.0,13.03
2695.0,5.0,5.0,2.0,9.1,0.5,0.6,9.4,1.1,9.7,2.0,7.32,6.74,Villa,32262000.0,5,48343000.0,49.85
1116.0,,2.0,7.0,5.1,19.7,10.7,,5.0,40.6,2.0,4.87,4.95,Apartment,2487000.0,3,2712000.0,9.05
1816.0,4.0,2.0,14.0,6.3,16.1,10.1,8.0,2.5,45.7,3.0,6.95,2.66,Independent House,5333000.0,2,5764000.0,8.08
1573.0,3.0,3.0,15.0,4.6,13.1,4.6,4.7,2.2,43.8,1.0,8.01,4.51,Independent House,3806000.0,3,4494000.0,18.08
2123.0,4.0,4.0,16.0,5.7,11.6,5.5,2.3,1.0,42.5,1.0,3.97,1.06,House,5339000.0,1,5420000.0,1.52
1245.0,2.0,2.0,11.0,2.8,10.7,3.1,7.3,0.8,36.5,1.0,6.92,2.55,apartment,2912000.0,4,3636000.0,24.86
1724.0,3.0,3.0,7.0,8.7,5.5,0.7,5.4,1.3,35.9,1.0,6.84,6.32,Independent House,9676000.0,1,10398000.0,7.46
1709.0,3.0,3.0,23.0,4.3,27.9,2.2,3.2,3.4,34.7,1.0,5.17,0.51,Independent House,2963000.0,5,3061000.0,3.31
1326.0,3.0,3.0,,3.1,14.1,2.1,3.4,1.6,36.0,2.0,5.61,1.07,Flat,3025000.0,3,3304000.0,9.22
1760.0,3.0,3.0,6.0,5.3,23.3,4.0,3.1,3.8,9.1,0.0,5.93,2.3,Apartment,4086000.0,2,4453000.0,8.98
1030.0,1.0,1.0,9.0,4.2,24.6,9.6,3.2,6.8,38.9,1.0,3.18,2.1,Apartment,1451000.0,3,1508000.0,3.93
2415.0,4.0,3.0,13.0,5.8,16.1,2.3,7.1,4.5,16.3,3.0,7.38,1.93,Independent House,11456000.0,1,12008000.0,4.82
1232.0,3.0,3.0,28.0,6.5,12.7,0.9,7.8,4.9,33.2,0.0,5.96,6.37,Apartment,4534000.0,3,5229000.0,15.33
970.0,2.0,2.0,9.0,4.0,11.2,3.3,3.4,1.6,28.1,2.0,6.3,5.06,Apartment,2425000.0,3,2760000.0,13.81
1261.0,1.0,2.0,20.0,9.2,11.5,8.1,8.9,3.2,5.9,0.0,8.6,9.86,Apartment,6487000.0,3,8272000.0,27.52
1605.0,2.0,2.0,21.0,4.4,17.7,1.4,7.9,2.2,25.2,3.0,4.6,3.02,Independent House,4513000.0,4,5086000.0,12.7
1298.0,3.0,3.0,24.0,8.0,1.2,0.5,6.0,0.9,19.5,3.0,5.62,,Independent House,7555000.0,3,9168000.0,21.35
1663.0,4.0,2.0,11.0,3.8,13.9,2.2,4.9,8.9,51.7,2.0,4.48,-0.35,Independent House,3422000.0,1,3543000.0,3.54
1176.0,2.0,2.0,12.0,10.0,0.5,2.4,7.5,2.2,29.2,2.0,6.05,3.56,Apartment,6513000.0,3,7834000.0,20.28
781.0,1.0,1.0,18.0,10.0,5.3,1.6,5.7,1.7,19.3,2.0,8.01,5.85,Apartment,4190000.0,3,5178000.0,23.58
1247.0,,4.0,3.0,2.0,11.5,4.9,3.6,2.1,42.7,0.0,4.92,0.29,Apartment,2683000.0,2,2783000.0,3.73
1036.0,2.0,2.0,10.0,6.1,11.3,15.0,6.2,0.7,31.9,2.0,5.67,2.64,Apartment,2639000.0,5,3109000.0,17.81
1171.0,2.0,3.0,7.0,3.9,17.9,10.0,4.5,1.6,28.1,1.0,4.93,4.08,Apartment,2186000.0,5,2539000.0,16.15
1719.0,4.0,4.0,9.0,7.6,14.0,1.4,9.2,3.3,18.0,1.0,7.54,6.57,Apartment,10969000.0,1,11943000.0,8.88
553.0,1.0,1.0,10.0,5.8,13.4,3.6,5.9,2.1,17.6,2.0,7.31,3.89,Apartment,1929000.0,1,2040000.0,5.75
1190.0,2.0,2.0,6.0,5.8,6.9,3.1,5.0,1.4,29.6,3.0,6.71,5.65,Independent House,4922000.0,4,6050000.0,22.92
2015.0,4.0,4.0,4.0,10.0,8.1,4.1,8.1,2.4,,2.0,7.7,4.04,Independent House,15253000.0,5,21092000.0,38.28
955.0,1.0,1.0,4.0,6.2,3.9,0.3,6.2,1.6,35.8,2.0,6.3,0.26,Independent House,4482000.0,3,5123000.0,14.3
1194.0,2.0,2.0,13.0,7.6,10.8,,6.1,2.3,31.2,2.0,4.0,-2.21,Apartment,3973000.0,4,4198000.0,5.66
487.0,2.0,1.0,12.0,5.9,11.4,4.5,2.5,0.7,17.7,2.0,4.52,4.06,Apartment,1367000.0,4,1545000.0,13.02
856.0,3.0,2.0,5.0,7.6,11.4,0.5,8.5,2.3,21.3,2.0,5.59,5.1,Apartment,5236000.0,4,6723000.0,28.4
1575.0,3.0,3.0,9.0,4.5,12.2,2.0,4.4,0.7,47.2,1.0,6.65,7.14,Independent House,4832000.0,1,5133000.0,6.23
,2.0,1.0,20.0,7.3,14.5,5.9,5.2,1.3,24.1,0.0,5.27,3.91,Apartment,2870000.0,2,3185000.0,10.98
1990.0,4.0,3.0,11.0,8.1,1.5,3.4,7.2,1.9,26.6,1.0,4.97,6.01,Apartment,9314000.0,3,10753000.0,15.45
1351.0,1.0,,5.0,7.4,10.3,1.9,,1.8,24.1,2.0,7.43,3.62,INDEPENDENT HOUSE,5296000.0,2,5863000.0,10.71
2463.0,4.0,4.0,6.0,1.0,27.2,7.4,1.1,7.7,53.6,2.0,5.53,,House,3601000.0,5,3843000.0,6.72
832.0,1.0,1.0,8.0,5.5,7.9,3.0,5.5,2.5,30.8,0.0,5.33,2.6,Apartment,2469000.0,4,2933000.0,18.79
1655.0,3.0,3.0,10.0,9.7,0.5,0.5,7.9,0.5,27.6,2.0,9.96,3.52,Apartment,13316000.0,5,20201000.0,51.7
866.0,2.0,1.0,12.0,4.1,12.1,3.0,5.4,2.6,37.6,0.0,4.8,1.38,Apartment,1717000.0,5,2021000.0,17.71
2651.0,5.0,5.0,15.0,4.6,10.3,1.8,2.3,3.1,40.9,2.0,5.15,1.72,Independent House,7387000.0,4,8411000.0,13.86
1185.0,3.0,2.0,7.0,6.5,13.5,4.5,4.0,3.4,37.4,0.0,5.27,1.84,Apartment,3481000.0,1,3650000.0,4.85
3356.0,6.0,5.0,13.0,6.5,10.0,2.5,6.0,4.2,17.7,2.0,4.25,2.54,Villa,110023000.0,1,114052000.0,3.66
1817.0,4.0,4.0,11.0,4.1,5.6,3.2,6.1,0.9,40.5,0.0,4.36,3.52,Apartment,4678000.0,1,4847000.0,3.61
1461.0,4.0,3.0,19.0,5.6,13.4,1.4,4.3,0.9,29.8,1.0,7.08,5.42,Apartment,4794000.0,3,5587000.0,16.54
748.0,1.0,1.0,25.0,4.1,4.0,2.4,4.4,4.5,27.5,2.0,5.82,3.08,Apartment,1743000.0,4,2139000.0,22.72
1131.0,2.0,2.0,12.0,4.5,10.8,4.9,5.8,2.9,36.2,2.0,5.13,4.34,Apartment,2689000.0,1,2792000.0,3.83
992.0,2.0,2.0,2.0,8.4,6.2,3.2,4.4,0.5,20.3,3.0,8.35,8.72,Independent House,5160000.0,2,6034000.0,16.94
1226.0,2.0,2.0,7.0,6.8,15.7,11.3,5.6,3.1,28.2,2.0,7.79,4.47,Apartment,3373000.0,1,3509000.0,4.03
1913.0,4.0,3.0,5.0,4.1,9.6,8.2,4.6,1.4,32.8,2.0,4.98,1.72,Independent House,5510000.0,3,5919000.0,7.42
830.0,1.0,1.0,50.0,4.9,11.2,1.3,3.1,2.0,29.3,2.0,8.53,1.65,apartment,1390000.0,2,1494000.0,7.48
8069.0,3.0,2.0,8.0,4.6,18.1,6.6,4.0,2.5,30.0,0.0,6.03,2.3,Apartment,3511000.0,3,4029000.0,14.75
1465.0,3.0,2.0,9.0,5.5,10.4,6.6,3.2,1.2,20.2,0.0,4.95,4.16,Apartment,4348000.0,3,4816000.0,10.76
1814.0,3.0,2.0,,7.7,9.3,2.9,5.1,1.7,33.1,1.0,8.22,4.24,Independent House,7464000.0,4,9717000.0,30.18
3035.0,6.0,5.0,18.0,6.0,16.1,7.5,5.9,6.8,17.8,1.0,5.62,4.7,Independent House,9406000.0,5,12134000.0,29.0
1678.0,3.0,3.0,4.0,4.1,17.1,2.3,3.1,2.7,41.2,0.0,7.75,4.3,Apartment,4359000.0,1,4548000.0,4.34
1875.0,5.0,4.0,5.0,3.9,20.5,0.7,4.2,4.4,29.3,2.0,8.24,5.3,Independent House,6211000.0,3,7200000.0,15.92
926.0,2.0,3.0,50.0,8.0,5.7,2.9,6.5,1.3,24.6,1.0,7.05,7.26,Apartment,3197000.0,4,4132000.0,29.25
1018.0,2.0,2.0,44.0,10.0,0.5,0.4,6.2,1.2,29.8,0.0,5.95,2.96,Apartment,4758000.0,1,4961000.0,4.27
2411.0,5.0,5.0,20.0,7.6,12.3,1.0,3.7,5.3,18.8,3.0,6.83,6.38,Independent House,9092000.0,2,10239000.0,12.62
1696.0,3.0,2.0,5.0,6.2,16.7,2.8,6.4,3.2,30.1,1.0,6.28,2.29,Apartment,5525000.0,5,6964000.0,26.05
2616.0,6.0,6.0,12.0,4.4,14.3,4.1,2.3,2.7,8.9,1.0,5.12,3.28,Independent House,8806000.0,2,9436000.0,7.15
2927.0,6.0,6.0,13.0,6.5,9.1,3.7,5.9,1.1,33.7,2.0,3.1,4.46,Villa,15331000.0,3,17376000.0,13.34
812.0,2.0,2.0,15.0,4.5,15.6,1.3,5.1,3.5,30.3,2.0,5.54,,APARTMENT,2509000.0,1,2610000.0,4.03
884.0,,2.0,2.0,9.7,5.0,1.5,4.5,0.6,30.8,1.0,6.67,9.05,Apartment,4438000.0,2,5138000.0,15.77
1469.0,3.0,3.0,4.0,9.0,6.6,3.5,7.9,5.5,20.2,1.0,3.44,6.52,Flat,9059000.0,1,9466000.0,4.49
1030.0,2.0,2.0,7.0,9.3,13.1,7.8,4.5,8.7,28.2,0.0,8.24,7.79,Apartment,3553000.0,5,5329000.0,49.99
1114.0,2.0,2.0,5.0,5.9,10.2,4.0,3.8,2.0,19.2,2.0,5.74,3.91,Apartment,3253000.0,5,4262000.0,31.02
1378.0,2.0,3.0,32.0,1.9,15.9,4.1,6.5,4.7,23.3,0.0,5.82,-1.96,Apartment,2100000.0,1,2146000.0,2.19
1326.0,3.0,2.0,21.0,4.8,22.6,6.5,6.0,1.2,31.2,2.0,5.94,1.59,Apartment,2815000.0,5,3188000.0,13.25
2959.0,5.0,5.0,13.0,1.1,23.6,3.0,3.8,14.5,51.8,2.0,5.34,2.59,Independent House,4477000.0,4,5107000.0,14.07
1790.0,3.0,2.0,6.0,6.1,13.0,12.4,4.9,9.9,20.2,1.0,5.68,2.63,Apartment,4112000.0,4,4797000.0,16.66
740.0,2.0,1.0,19.0,6.0,14.1,13.0,4.1,6.0,14.5,1.0,5.35,5.04,Apartment,1686000.0,5,1846000.0,9.49
1864.0,3.0,3.0,33.0,5.9,11.3,2.4,8.3,1.1,,2.0,5.02,8.21,Independent House,6020000.0,5,7578000.0,25.88
4282.0,6.0,5.0,14.0,9.0,16.0,10.3,6.6,5.1,19.3,1.0,9.75,6.23,Independent House,22179000.0,3,27464000.0,23.83
6000.0,6.0,5.0,16.0,5.5,13.9,6.3,2.9,1.8,30.1,3.0,5.61,2.91,Villa,19810000.0,3,22055000.0,11.33
2184.0,5.0,4.0,13.0,7.1,9.5,,6.3,3.9,37.4,3.0,4.82,5.67,Independent House,8979000.0,2,9924000.0,10.52
3336.0,6.0,6.0,8.0,9.8,13.0,5.9,8.5,1.6,18.7,2.0,6.75,5.18,Villa,34349000.0,5,48125000.0,40.11
2114.0,3.0,2.0,3.0,1.9,12.3,1.5,5.8,1.2,29.6,,3.23,4.44,Apartment,5092000.0,3,5535000.0,8.7
691.0,1.0,2.0,14.0,3.5,20.6,6.2,3.0,4.5,23.3,1.0,3.23,1.68,Apartment,1087000.0,5,1184000.0,8.92
1984.0,4.0,2.0,7.0,8.3,1.1,0.6,7.8,0.9,26.1,3.0,4.21,6.62,Independent House,13696000.0,3,16299000.0,19.01
1131.0,2.0,2.0,23.0,6.7,11.4,1.0,5.5,8.5,28.3,1.0,5.73,4.48,Apartment,3762000.0,4,4624000.0,22.91
1823.0,3.0,3.0,1.0,5.5,3.8,0.8,3.7,0.8,21.0,3.0,4.42,2.15,Villa,8715000.0,1,9057000.0,3.92
1840.0,2.0,2.0,25.0,7.3,6.8,,5.3,2.7,32.0,2.0,5.7,,Independent House,6665000.0,3,7975000.0,19.65
1002.0,1.0,2.0,,2.2,32.3,11.5,2.9,10.3,34.3,1.0,4.44,-0.19,Apartment,984000.0,4,1020000.0,3.66
856.0,1.0,2.0,9.0,8.0,6.7,0.5,6.2,0.6,30.2,1.0,7.87,5.63,Apartment,4512000.0,3,5568000.0,23.4
990.0,2.0,2.0,25.0,2.8,13.9,0.6,1.0,3.9,29.9,1.0,7.97,2.07,Apartment,1851000.0,2,1981000.0,7.02
1344.0,2.0,2.0,17.0,6.9,6.7,5.5,5.6,1.0,29.7,2.0,6.17,5.15,APARTMENT,4159000.0,2,4608000.0,10.8
1147.0,3.0,3.0,10.0,4.6,9.3,1.8,5.6,0.9,31.1,2.0,5.41,1.86,Independent House,3928000.0,4,4423000.0,12.6
985.0,1.0,1.0,31.0,7.6,12.7,,4.5,5.3,14.9,2.0,5.73,6.31,Apartment,2329000.0,5,2933000.0,25.93
1127.0,1.0,2.0,12.0,,9.5,6.5,4.0,2.0,39.9,,8.33,5.53,Apartment,3067000.0,1,3232000.0,5.38
1317.0,3.0,3.0,11.0,5.0,15.8,1.0,6.6,1.3,39.0,0.0,6.39,4.2,Apartment,4556000.0,1,4774000.0,4.78
1577.0,3.0,3.0,18.0,5.4,14.1,2.9,4.2,3.6,24.4,1.0,7.55,6.0,Independent House,4762000.0,3,5488000.0,15.25
881.0,1.0,1.0,7.0,6.7,10.1,,5.9,3.0,30.9,0.0,5.3,5.27,Apartment,2601000.0,1,2732000.0,5.04
1698.0,3.0,3.0,7.0,4.2,12.4,1.2,4.4,8.6,37.6,2.0,4.88,2.16,Apartment,4593000.0,4,5181000.0,12.8
1375.0,4.0,3.0,10.0,4.5,14.4,5.6,5.4,1.4,22.1,0.0,3.18,-0.02,Apartment,3551000.0,1,3632000.0,2.28
751.0,1.0,1.0,20.0,2.5,17.0,8.7,3.8,4.4,,1.0,5.13,6.48,Apartment,974000.0,4,1124000.0,15.4
1520.0,3.0,3.0,2.0,6.3,7.7,1.6,6.7,2.8,36.8,1.0,5.94,3.01,Apartment,6359000.0,5,8489000.0,33.5
2381.0,4.0,4.0,8.0,3.3,21.7,2.5,5.7,1.6,33.6,3.0,4.02,0.81,Independent House,5773000.0,3,6230000.0,7.92
1546.0,3.0,2.0,15.0,6.6,9.8,5.1,5.8,5.0,21.3,2.0,5.74,4.75,Independent House,6559000.0,5,8480000.0,29.29
3797.0,6.0,5.0,12.0,4.4,22.6,3.8,7.0,8.5,49.0,2.0,5.96,5.17,Villa,12494000.0,5,15437000.0,23.56
559.0,2.0,2.0,50.0,5.1,11.0,0.9,6.0,0.4,29.7,2.0,3.71,2.54,Apartment,1208000.0,3,1310000.0,8.44
2504.0,4.0,4.0,,10.0,0.5,1.5,9.9,1.4,13.7,3.0,5.53,3.12,Independent House,28078000.0,2,31281000.0,11.41
2161.0,3.0,3.0,17.0,9.8,11.8,0.7,6.3,1.1,29.8,1.0,3.8,1.43,Flat,12259000.0,3,13246000.0,8.05
983.0,1.0,1.0,14.0,5.8,10.1,1.3,4.7,1.8,28.5,2.0,5.57,3.85,Apartment,3020000.0,5,3893000.0,28.91
1355.0,3.0,3.0,26.0,5.7,9.7,3.2,6.9,4.3,31.3,2.0,5.85,2.25,Independent House,4615000.0,4,5428000.0,17.62
899.0,2.0,2.0,37.0,6.0,7.0,2.7,6.5,1.4,23.3,0.0,6.38,4.71,Apartment,2429000.0,5,2939000.0,21.0
3912.0,6.0,5.0,7.0,7.1,9.5,5.3,6.9,0.8,26.8,3.0,3.86,2.15,Villa,23079000.0,2,24929000.0,8.02
1425.0,3.0,3.0,21.0,6.4,12.5,0.8,6.8,2.2,,2.0,8.35,3.74,Independent House,6647000.0,3,7556000.0,13.68
1097.0,3.0,3.0,9.0,4.7,17.3,4.5,5.1,3.2,36.4,2.0,5.24,4.02,apartment,2838000.0,4,3410000.0,20.16
1364.0,2.0,2.0,25.0,8.8,3.1,3.9,6.0,5.3,26.3,0.0,4.95,3.58,Apartment,5011000.0,2,5492000.0,9.6
987.0,1.0,1.0,5.0,4.7,16.0,2.9,5.0,4.2,40.2,2.0,9.02,8.76,Apartment,2796000.0,3,3416000.0,22.17
1857.0,4.0,3.0,37.0,7.4,11.7,2.8,4.7,2.9,21.2,1.0,5.75,2.42,Apartment,4916000.0,2,5226000.0,6.31
1205.0,3.0,3.0,12.0,5.2,10.7,,4.3,2.6,15.7,0.0,5.42,,Apartment,3317000.0,2,3608000.0,8.77
2732.0,4.0,3.0,4.0,1.7,17.5,0.7,1.9,,39.7,3.0,5.89,1.84,Independent House,7007000.0,5,8256000.0,17.83
1145.0,2.0,2.0,7.0,10.0,9.6,6.2,10.0,5.3,2.0,1.0,3.12,6.25,Apartment,7625000.0,3,8905000.0,16.79
2313.0,4.0,,8.0,6.7,17.1,3.4,7.1,5.3,31.3,4.0,6.34,5.11,Villa,10876000.0,1,11578000.0,6.45
3145.0,5.0,3.0,15.0,6.8,11.5,2.7,5.4,4.8,40.1,2.0,6.16,5.27,Villa,14655000.0,4,16940000.0,15.59
2884.0,5.0,5.0,11.0,6.0,12.7,0.6,5.1,1.6,,1.0,5.94,5.97,Independent House,11039000.0,5,14564000.0,31.93
1568.0,2.0,2.0,19.0,3.4,15.3,3.5,3.8,4.2,59.1,3.0,7.39,3.21,Independent House,2859000.0,1,2970000.0,3.88
1881.0,4.0,4.0,8.0,7.5,0.5,3.9,6.3,0.8,20.3,2.0,7.45,5.11,Apartment,9608000.0,5,13044000.0,35.76
1404.0,3.0,2.0,3.0,6.5,11.5,5.7,9.3,2.4,21.4,1.0,5.25,2.88,Independent House,6725000.0,5,8158000.0,21.31
1917.0,3.0,2.0,9.0,4.0,16.6,11.1,4.4,0.7,49.4,1.0,5.81,5.3,Independent House,3740000.0,5,4414000.0,18.02
3337.0,6.0,4.0,1.0,8.4,2.6,3.0,7.8,2.0,23.9,2.0,6.06,7.34,Villa,30055000.0,5,41577000.0,38.34
1294.0,1.0,1.0,13.0,6.7,9.4,7.2,6.0,0.6,37.9,2.0,7.06,6.33,Apartment,4111000.0,5,5456000.0,32.72
1900.0,3.0,2.0,5.0,7.7,6.3,2.5,3.9,1.4,28.2,1.0,3.18,4.77,Independent House,7487000.0,2,8138000.0,8.7
1862.0,3.0,3.0,8.0,8.2,7.4,3.0,7.1,3.5,32.6,1.0,3.71,3.77,Independent House,10133000.0,4,12310000.0,21.48
1484.0,2.0,3.0,11.0,4.8,9.8,1.0,5.8,0.9,29.5,1.0,6.99,4.26,independent house,5418000.0,5,6927000.0,27.85
1094.0,2.0,2.0,16.0,7.3,10.5,10.4,8.7,5.0,31.6,1.0,4.51,4.93,Apartment,3321000.0,2,3653000.0,10.0
4136.0,6.0,5.0,9.0,4.0,9.8,3.6,4.9,1.2,46.6,3.0,5.36,1.85,Villa,16286000.0,2,17608000.0,8.12
1116.0,2.0,2.0,10.0,6.3,6.3,2.0,1.3,1.3,36.0,1.0,4.62,1.34,Apartment,3136000.0,3,3459000.0,10.3
2739.0,5.0,4.0,6.0,6.0,8.1,1.1,6.1,2.0,25.1,2.0,4.59,3.53,Villa,13904000.0,3,15296000.0,10.01
1147.0,1.0,1.0,13.0,6.9,9.4,3.5,8.8,7.3,16.2,0.0,7.6,3.82,Apartment,4527000.0,4,5855000.0,29.34
2923.0,5.0,4.0,14.0,8.9,3.8,1.0,7.3,0.5,27.6,2.0,5.03,4.91,Independent House,21533000.0,4,28823000.0,33.86
633.0,1.0,1.0,8.0,9.1,0.5,0.1,7.8,1.1,32.9,2.0,6.31,3.42,Apartment,4387000.0,4,6130000.0,39.73
2399.0,5.0,5.0,13.0,4.3,16.6,0.6,6.0,4.0,37.6,3.0,5.48,4.4,Independent House,44764000.0,4,53792000.0,20.17
467.0,1.0,2.0,14.0,4.0,10.6,2.5,4.4,2.9,25.2,2.0,5.55,0.37,Apartment,1220000.0,5,1518000.0,24.43
3279.0,5.0,5.0,16.0,4.9,15.8,2.9,6.7,0.7,44.3,4.0,4.9,-0.33,Villa,11210000.0,4,12140000.0,8.3
1538.0,3.0,3.0,16.0,4.9,13.5,3.1,3.5,2.5,26.4,1.0,6.55,0.58,Independent House,4521000.0,3,5075000.0,12.25
1444.0,3.0,2.0,6.0,7.5,3.2,0.7,8.5,0.9,27.0,1.0,5.28,5.94,Independent House,9203000.0,5,12760000.0,38.65
2354.0,4.0,3.0,17.0,6.6,5.4,2.9,5.9,0.7,32.6,2.0,6.15,5.4,Independent House,9258000.0,5,11895000.0,28.48
1195.0,2.0,1.0,3.0,9.5,0.5,2.7,7.0,1.5,16.4,0.0,6.03,2.26,Apartment,7853000.0,4,9741000.0,24.04
1064.0,3.0,3.0,5.0,3.8,8.4,0.6,5.7,0.9,38.0,1.0,4.8,2.79,Independent House,3658000.0,2,3958000.0,8.2
937.0,3.0,3.0,2.0,8.7,8.9,3.8,4.6,1.0,18.7,1.0,8.49,6.82,Apartment,4544000.0,5,6674000.0,46.88
1870.0,4.0,4.0,7.0,5.3,13.2,4.4,6.6,2.3,35.3,1.0,7.04,,Independent House,6960000.0,1,7275000.0,4.53
1865.0,3.0,3.0,9.0,6.2,6.5,0.3,6.6,2.5,40.4,1.0,3.56,-2.12,Independent House,7579000.0,2,8023000.0,5.86
736.0,1.0,2.0,13.0,6.0,7.7,1.6,4.0,7.5,21.5,0.0,7.1,5.56,Apartment,2286000.0,3,2725000.0,19.2
1543.0,3.0,3.0,26.0,5.1,17.0,3.9,7.3,1.5,,2.0,6.86,4.54,Apartment,3607000.0,2,3934000.0,9.07
1923.0,3.0,3.0,4.0,6.4,12.9,5.6,5.5,1.8,47.6,0.0,6.19,3.85,Apartment,4982000.0,2,5444000.0,9.27
1149.0,1.0,1.0,6.0,7.4,12.2,7.0,5.3,4.2,35.2,2.0,6.66,5.86,Apartment,3485000.0,3,4112000.0,17.99
1444.0,3.0,3.0,19.0,8.1,11.4,7.3,6.4,2.5,19.7,3.0,7.31,3.49,Independent House,7154000.0,1,7562000.0,5.7
1872.0,2.0,2.0,11.0,4.3,11.1,4.6,4.2,1.6,38.5,3.0,5.24,2.38,Independent House,5425000.0,3,6126000.0,12.92
1005.0,,2.0,16.0,7.2,9.1,2.0,6.1,0.3,21.3,2.0,5.82,5.68,Apartment,4577000.0,4,5575000.0,21.8
2428.0,4.0,4.0,11.0,8.0,4.3,2.3,7.6,2.0,7.1,2.0,7.38,6.24,Apartment,16489000.0,2,19276000.0,16.9
1061.0,1.0,2.0,5.0,6.1,10.4,3.5,3.5,2.4,27.1,2.0,5.84,2.85,Apartment,3087000.0,2,3347000.0,8.42
898.0,1.0,3.0,3.0,6.1,8.6,,5.3,0.9,23.7,0.0,6.15,5.49,Apartment,3578000.0,4,4381000.0,22.44
1852.0,3.0,3.0,2.0,7.2,14.1,0.1,5.4,2.5,31.9,2.0,5.38,6.61,Apartment,8523000.0,3,9992000.0,17.24
1657.0,3.0,3.0,6.0,6.5,10.4,1.6,3.1,3.4,25.1,0.0,6.94,4.05,Apartment,6094000.0,2,6836000.0,12.18
3551.0,6.0,5.0,9.0,3.6,11.8,5.8,7.3,3.4,43.3,4.0,6.28,0.12,Villa,13241000.0,3,13945000.0,5.32
1019.0,2.0,2.0,2.0,3.8,22.2,,4.8,2.5,29.9,0.0,7.43,0.02,Apartment,2275000.0,4,2770000.0,21.76
1664.0,4.0,3.0,3.0,6.7,13.3,1.2,7.4,3.0,23.1,2.0,7.25,5.97,Independent House,8478000.0,2,9707000.0,14.5
1732.0,3.0,3.0,2.0,1.0,19.9,1.3,1.2,1.2,31.7,3.0,5.07,4.27,Independent House,3285000.0,1,3369000.0,2.56
2817.0,6.0,5.0,16.0,2.5,18.2,17.7,2.8,2.1,43.0,1.0,4.24,,Independent House,3477000.0,5,3459000.0,-0.52
2404.0,5.0,4.0,11.0,5.5,16.4,11.6,5.1,6.1,31.3,1.0,6.07,2.84,Independent House,6188000.0,2,6590000.0,6.5
1506.0,1.0,1.0,11.0,5.5,19.1,2.2,4.4,2.3,40.0,1.0,5.43,4.36,independent house,4252000.0,4,5027000.0,18.23
2073.0,4.0,3.0,20.0,9.1,6.4,1.0,7.4,3.8,7.5,2.0,6.14,8.87,Apartment,14180000.0,4,19899000.0,40.33
1729.0,4.0,4.0,13.0,3.9,16.5,13.5,2.6,0.7,21.6,1.0,5.0,2.31,Independent House,2939000.0,3,3150000.0,7.18
1309.0,2.0,2.0,5.0,5.1,27.7,,3.2,9.5,25.3,2.0,5.64,2.18,Apartment,3202000.0,4,3611000.0,12.77
1285.0,4.0,4.0,26.0,6.4,13.9,2.0,6.1,1.7,38.3,2.0,6.65,1.78,Apartment,4104000.0,5,4961000.0,20.88
1655.0,2.0,3.0,,6.6,0.8,0.4,6.8,2.1,23.2,1.0,7.4,6.17,Apartment,6448000.0,5,8793000.0,36.37
795.0,1.0,1.0,26.0,7.9,9.6,2.1,4.6,2.5,27.5,1.0,7.67,6.67,Apartment,2765000.0,3,3372000.0,21.95
946.0,2.0,2.0,1.0,3.7,13.3,5.2,7.6,2.1,34.2,2.0,5.33,1.7,Flat,2596000.0,4,3060000.0,17.87
3998.0,6.0,4.0,12.0,5.1,16.1,3.1,5.3,3.0,33.0,2.0,4.11,2.1,Villa,13779000.0,5,15979000.0,15.97
1641.0,3.0,3.0,29.0,7.2,10.0,6.2,6.2,2.1,19.2,2.0,8.98,7.78,Apartment,6324000.0,4,8418000.0,33.11
2085.0,4.0,3.0,5.0,4.9,10.9,4.1,5.2,2.3,31.2,1.0,4.09,4.39,Independent House,6938000.0,3,7619000.0,9.82
754.0,1.0,1.0,4.0,5.1,0.5,3.0,4.1,0.5,29.9,0.0,6.28,3.21,Apartment,2469000.0,4,2841000.0,15.07
1243.0,2.0,2.0,7.0,3.7,9.4,3.4,5.7,6.6,34.5,2.0,5.68,5.01,Apartment,3084000.0,3,3485000.0,13.0
1504.0,3.0,3.0,6.0,7.1,7.8,3.4,8.0,4.5,30.8,2.0,5.79,2.62,Independent House,8825000.0,2,9784000.0,10.87
994.0,2.0,2.0,2.0,7.4,12.3,2.5,4.6,2.4,31.0,1.0,5.63,2.58,Apartment,4133000.0,1,4347000.0,5.18
1330.0,3.0,3.0,19.0,5.3,19.1,0.9,5.8,1.0,24.1,0.0,4.38,0.94,Apartment,3836000.0,3,4232000.0,10.32
3318.0,6.0,5.0,25.0,3.1,13.0,8.5,3.1,,39.7,4.0,4.26,-0.66,Villa,8893000.0,3,9312000.0,4.71
3113.0,6.0,5.0,7.0,1.7,29.5,2.8,4.5,4.1,38.5,2.0,8.13,2.16,Villa,7796000.0,4,8643000.0,10.86
2211.0,4.0,3.0,25.0,9.4,0.5,1.3,6.0,0.8,29.6,2.0,6.25,1.55,Apartment,11687000.0,4,14827000.0,26.87
874.0,1.0,1.0,15.0,4.1,12.7,3.4,,2.4,30.6,2.0,6.0,6.44,Apartment,1881000.0,2,2129000.0,13.18
969.0,1.0,1.0,10.0,5.9,13.0,1.9,5.7,3.6,21.6,1.0,5.83,3.72,Apartment,3245000.0,4,3953000.0,21.82
2978.0,6.0,4.0,16.0,6.6,5.1,7.2,6.1,1.6,32.9,4.0,7.03,8.38,Villa,15084000.0,2,16906000.0,12.08
1030.0,1.0,1.0,8.0,9.9,9.7,1.3,3.4,5.0,18.0,0.0,6.06,4.96,Apartment,4521000.0,3,5400000.0,19.44
797.0,2.0,2.0,,4.2,9.1,5.3,4.6,2.3,23.5,1.0,5.38,3.32,Apartment,1899000.0,3,2163000.0,13.9
1535.0,3.0,2.0,1.0,6.4,2.3,1.9,4.3,1.1,31.5,1.0,4.25,1.77,Independent House,7043000.0,4,8360000.0,18.7
1046.0,2.0,2.0,11.0,6.8,10.5,0.5,4.1,2.2,38.0,1.0,5.67,3.88,Apartment,2825000.0,3,3325000.0,17.7
841.0,1.0,2.0,7.0,4.6,8.6,4.7,2.9,2.1,,1.0,6.83,2.2,Apartment,2301000.0,4,2838000.0,23.34
974.0,1.0,2.0,2.0,5.3,19.4,6.1,6.8,6.4,16.5,2.0,7.05,2.82,Apartment,3326000.0,4,4086000.0,22.85
1662.0,3.0,2.0,11.0,7.0,7.7,8.5,6.7,2.2,35.1,,5.19,2.76,Apartment,5765000.0,1,6028000.0,4.56
1460.0,4.0,4.0,3.0,4.6,7.2,1.8,5.6,2.9,26.5,1.0,3.56,3.56,Apartment,4577000.0,4,5214000.0,13.92
1397.0,3.0,4.0,12.0,4.0,16.0,7.9,4.8,2.2,43.0,2.0,4.9,-1.64,Apartment,2801000.0,4,2888000.0,3.11
1437.0,2.0,1.0,14.0,1.6,25.9,12.0,3.8,4.7,32.2,2.0,4.77,2.23,Independent House,1909000.0,1,1940000.0,1.62
1279.0,3.0,3.0,21.0,6.6,4.4,7.7,6.1,1.8,13.1,2.0,6.49,4.57,Apartment,4658000.0,2,5243000.0,12.56
1211.0,1.0,1.0,18.0,6.1,16.7,12.1,5.7,3.5,19.8,2.0,4.56,4.82,Apartment,2413000.0,5,2902000.0,20.27
990.0,2.0,2.0,6.0,5.1,16.4,11.7,5.0,2.6,27.4,2.0,6.25,2.98,Apartment,2239000.0,1,2301000.0,2.77
958.0,1.0,1.0,6.0,5.5,17.0,7.6,3.7,5.4,23.9,0.0,5.44,5.37,Apartment,1856000.0,1,1920000.0,3.45
1814.0,2.0,2.0,23.0,8.3,15.8,4.1,5.3,2.1,17.9,1.0,4.6,4.97,Independent House,5571000.0,2,6016000.0,7.99
1697.0,2.0,1.0,28.0,5.9,10.0,4.4,5.7,2.4,39.8,2.0,5.47,2.72,House,4212000.0,4,4694000.0,11.44
1594.0,3.0,3.0,36.0,10.0,3.9,4.1,7.2,1.1,24.5,3.0,7.48,4.06,Independent House,8013000.0,3,10023000.0,25.08
1971.0,3.0,3.0,9.0,4.9,15.8,0.7,7.2,2.4,24.4,2.0,4.61,0.46,Independent House,7897000.0,1,8171000.0,3.47
1405.0,2.0,1.0,18.0,5.5,0.5,1.3,2.3,1.5,24.0,1.0,5.03,2.62,Apartment,4702000.0,2,5133000.0,9.17
1876.0,4.0,4.0,19.0,9.8,4.1,3.4,7.8,1.5,9.8,1.0,6.84,7.55,Apartment,13471000.0,4,17556000.0,30.32
1673.0,4.0,4.0,4.0,4.7,14.9,0.2,4.1,1.7,53.4,0.0,6.72,1.45,Apartment,4586000.0,3,5215000.0,13.72
1491.0,3.0,3.0,13.0,6.7,18.5,6.5,6.0,15.2,35.4,0.0,4.57,3.8,Apartment,3900000.0,1,4024000.0,3.18
3668.0,6.0,6.0,11.0,6.2,12.3,1.9,6.3,1.5,41.1,3.0,5.73,4.29,Villa,18289000.0,3,20660000.0,12.96
2535.0,4.0,4.0,26.0,5.3,13.3,5.7,4.1,2.1,22.3,3.0,5.72,3.63,Independent House,6908000.0,5,8429000.0,22.02
688.0,2.0,2.0,16.0,6.4,8.6,1.7,7.1,4.6,28.3,2.0,5.26,6.42,Apartment,2434000.0,3,2935000.0,20.58
682.0,1.0,1.0,21.0,10.0,3.4,1.1,8.0,0.7,21.6,2.0,8.11,7.4,Apartment,5203000.0,4,7246000.0,39.27
2059.0,4.0,3.0,16.0,6.4,13.2,3.3,7.7,7.9,25.3,1.0,5.86,3.17,Independent House,7794000.0,2,8493000.0,8.97
718.0,1.0,1.0,18.0,5.2,15.1,3.0,6.8,0.9,31.2,0.0,6.91,6.17,Apartment,2279000.0,3,2634000.0,15.58
1160.0,3.0,3.0,6.0,5.6,15.9,2.2,4.0,2.3,14.4,3.0,6.8,6.35,Independent House,4267000.0,1,4502000.0,5.51
1436.0,3.0,3.0,18.0,5.2,13.1,9.0,5.3,0.9,18.3,0.0,4.96,2.86,Apartment,3368000.0,1,3480000.0,3.33
,4.0,4.0,12.0,3.8,9.3,1.6,1.1,3.9,32.9,0.0,6.82,5.03,Apartment,4839000.0,1,5089000.0,5.17
3669.0,6.0,5.0,1.0,2.6,18.1,9.7,2.8,4.1,35.7,4.0,3.51,0.66,Villa,9296000.0,4,9674000.0,4.07
1296.0,1.0,1.0,15.0,5.8,12.5,1.0,5.7,6.8,15.9,0.0,3.88,4.05,apartment,3744000.0,4,4468000.0,19.34
1079.0,2.0,2.0,3.0,5.2,15.2,4.1,5.3,3.4,35.8,1.0,5.33,0.66,Apartment,2846000.0,3,3114000.0,9.42
,,5.0,19.0,5.4,11.8,3.6,5.0,1.3,20.5,1.0,6.15,1.97,independent house,9874000.0,4,12012000.0,21.65
1360.0,3.0,3.0,4.0,7.0,13.8,2.0,6.3,2.3,28.9,0.0,7.42,5.61,Apartment,5863000.0,5,8203000.0,39.91
2022.0,4.0,3.0,5.0,4.4,19.7,2.4,6.0,3.0,38.0,2.0,6.35,4.71,Independent House,6260000.0,1,6579000.0,5.1
1723.0,3.0,2.0,31.0,3.8,8.9,2.2,4.4,2.5,6.1,1.0,3.52,3.11,Independent House,4250000.0,1,4388000.0,3.25
1871.0,3.0,3.0,17.0,2.7,21.6,4.3,4.3,15.1,26.4,3.0,6.07,1.64,Independent House,3296000.0,4,3867000.0,17.32
1793.0,,4.0,17.0,6.0,10.2,1.2,4.8,4.1,46.3,2.0,6.98,0.89,Apartment,5934000.0,5,7590000.0,27.91
1013.0,2.0,2.0,5.0,3.3,21.2,0.6,3.5,4.5,36.0,1.0,7.0,6.77,Apartment,1910000.0,1,2021000.0,5.81
2357.0,4.0,3.0,21.0,5.6,12.7,4.8,5.7,2.7,31.4,3.0,6.65,4.5,Independent House,6437000.0,2,7108000.0,10.42
5352.0,6.0,5.0,4.0,4.2,11.2,4.3,5.3,7.3,48.3,3.0,7.21,4.6,Villa,17540000.0,2,19466000.0,10.98
2995.0,5.0,4.0,11.0,3.5,19.9,1.3,5.3,2.4,37.8,3.0,4.38,0.61,Villa,8609000.0,1,8859000.0,2.9
2278.0,5.0,4.0,7.0,7.6,12.4,6.5,7.6,3.9,18.9,3.0,6.11,3.91,Independent House,10794000.0,5,14255000.0,32.06
1038.0,2.0,2.0,12.0,7.1,12.2,1.0,10.0,1.3,22.4,0.0,4.22,4.55,Apartment,4330000.0,2,4748000.0,9.65
1122.0,2.0,2.0,18.0,3.2,21.5,0.2,3.0,0.9,31.5,1.0,2.52,0.85,Apartment,2012000.0,4,2106000.0,4.67
1148.0,2.0,3.0,19.0,4.7,7.8,1.0,3.6,1.3,26.0,2.0,5.19,2.36,Apartment,2846000.0,1,2928000.0,2.88
2654.0,6.0,4.0,8.0,5.6,,0.4,6.8,1.8,42.2,1.0,6.36,3.49,Independent House,11849000.0,2,13251000.0,11.83
643.0,1.0,1.0,26.0,8.8,8.0,2.3,4.0,1.8,35.1,1.0,7.49,6.77,Apartment,2107000.0,1,2242000.0,6.41
2087.0,3.0,3.0,10.0,3.4,10.0,2.5,4.2,,47.0,0.0,2.73,-2.29,Apartment,3481000.0,3,3459000.0,-0.63
1007.0,2.0,2.0,,4.9,20.9,5.9,6.6,8.3,27.5,1.0,5.44,1.91,Apartment,2385000.0,2,2514000.0,5.41
1757.0,4.0,3.0,32.0,4.7,9.0,4.4,4.4,1.5,27.7,,7.1,3.41,Independent House,5150000.0,4,6244000.0,21.24
903.0,2.0,3.0,18.0,3.9,16.4,9.6,5.9,2.3,62.9,1.0,4.92,1.51,Apartment,1702000.0,2,1783000.0,4.76
750.0,2.0,2.0,13.0,5.6,10.5,3.8,5.8,1.8,22.3,0.0,2.57,4.36,Apartment,2176000.0,1,2266000.0,4.14
3054.0,5.0,4.0,21.0,7.8,6.4,1.3,5.9,2.2,44.2,4.0,6.24,4.3,Villa,18867000.0,1,19906000.0,5.51
1187.0,3.0,2.0,4.0,5.3,19.9,3.2,7.5,3.9,34.7,0.0,7.22,4.39,Apartment,3225000.0,3,3757000.0,16.5
1485.0,3.0,2.0,4.0,7.4,5.8,1.5,4.8,1.3,27.8,2.0,6.78,4.74,Apt,6150000.0,5,8453000.0,37.45
1863.0,4.0,4.0,8.0,7.2,6.6,1.6,3.5,4.0,30.5,2.0,5.5,10.28,independent house,6821000.0,1,7243000.0,6.19
1228.0,2.0,2.0,,8.1,13.6,3.1,8.3,,15.1,1.0,4.75,5.05,Apartment,6153000.0,2,6868000.0,11.62
4196.0,6.0,5.0,15.0,6.1,8.6,4.3,5.9,1.5,34.0,3.0,4.42,3.24,Villa,20550000.0,4,24798000.0,20.67
986.0,1.0,1.0,3.0,1.0,23.2,13.9,4.1,3.3,40.1,2.0,5.35,3.99,Apartment,1086000.0,5,1252000.0,15.29
2625.0,5.0,4.0,22.0,9.8,4.7,0.8,6.1,2.5,30.3,1.0,6.15,6.52,Independent House,12459000.0,3,15121000.0,21.37
2044.0,4.0,3.0,18.0,4.9,,7.3,5.0,,23.6,1.0,5.33,3.05,Independent House,4717000.0,2,5031000.0,6.66
1522.0,4.0,3.0,7.0,4.5,17.6,4.8,4.2,4.0,40.4,1.0,5.2,3.66,Independent House,3738000.0,4,4174000.0,11.66
969.0,2.0,2.0,7.0,5.9,8.2,2.9,5.1,4.2,18.4,2.0,5.13,5.2,Apartment,3480000.0,4,4226000.0,21.44
858.0,2.0,2.0,5.0,7.3,7.8,5.3,,4.4,,1.0,5.6,3.08,Apartment,3172000.0,5,3978000.0,25.41
1590.0,2.0,2.0,9.0,6.1,17.5,20.2,6.1,2.4,34.4,1.0,4.88,4.75,Independent House,2613000.0,5,2914000.0,11.52
598.0,1.0,1.0,21.0,6.2,9.7,5.6,,1.8,21.4,2.0,6.32,2.79,Apartment,1656000.0,1,1719000.0,3.8
1056.0,2.0,2.0,50.0,8.3,15.3,2.1,5.3,1.0,16.1,0.0,6.85,7.84,Apartment,3277000.0,4,4083000.0,24.6
990.0,1.0,2.0,26.0,7.7,12.4,1.3,4.7,3.1,23.6,0.0,,10.1,Apartment,3164000.0,4,4229000.0,33.66
2808.0,5.0,4.0,,5.1,5.5,0.8,5.8,1.5,30.2,2.0,7.06,2.66,Independent House,12205000.0,4,15555000.0,27.45
1217.0,2.0,1.0,6.0,7.0,6.1,7.2,7.6,1.3,28.5,1.0,6.08,4.86,Apartment,5133000.0,2,5719000.0,11.42
1020.0,2.0,1.0,2.0,5.9,6.8,1.7,4.3,5.4,34.8,1.0,7.64,3.84,Apartment,3752000.0,2,4234000.0,12.85
1560.0,2.0,1.0,9.0,4.8,4.9,0.8,5.5,2.7,38.9,3.0,4.96,2.33,independent house,4939000.0,4,5744000.0,16.3
3650.0,6.0,6.0,7.0,1.6,19.0,4.2,1.6,2.8,58.4,2.0,6.09,4.55,Villa,8415000.0,1,8723000.0,3.66
1355.0,1.0,1.0,19.0,9.4,8.2,1.7,6.4,1.8,36.7,0.0,7.94,6.29,Apartment,7056000.0,5,9715000.0,37.68
1048.0,3.0,3.0,10.0,5.9,18.2,5.8,5.0,4.9,10.1,0.0,7.11,5.15,APARTMENT,3077000.0,4,3753000.0,21.97
1450.0,3.0,3.0,6.0,5.3,8.8,1.3,5.3,0.8,24.2,2.0,5.87,4.61,Independent House,5352000.0,3,6297000.0,17.66
2748.0,4.0,4.0,9.0,10.0,11.2,4.3,8.2,2.0,24.8,2.0,7.66,8.38,Villa,25520000.0,1,27534000.0,7.89
2441.0,4.0,3.0,-32.0,8.7,8.2,1.6,8.6,2.0,10.2,3.0,5.07,5.31,Independent House,14271000.0,3,16793000.0,17.67
1061.0,2.0,2.0,12.0,5.9,13.3,5.0,4.9,3.4,19.6,1.0,6.95,4.57,Apartment,3282000.0,1,3469000.0,5.7
1452.0,3.0,2.0,3.0,6.7,6.2,2.5,4.2,4.5,19.1,1.0,6.77,2.72,Apartment,5943000.0,2,6576000.0,10.65
1462.0,3.0,2.0,29.0,7.1,6.4,1.1,5.8,5.3,12.9,2.0,4.88,4.05,Apartment,5601000.0,5,6979000.0,24.6
899.0,2.0,,20.0,4.1,15.0,4.0,4.9,2.4,37.1,2.0,6.26,3.42,Apartment,1932000.0,2,2095000.0,8.44
1128.0,3.0,2.0,24.0,5.7,10.3,5.8,3.8,2.0,30.3,0.0,7.48,3.6,Apartment,2639000.0,1,2742000.0,3.9
1767.0,4.0,4.0,4.0,5.3,13.4,2.9,3.0,5.7,38.6,1.0,6.23,3.17,Independent House,5361000.0,2,5791000.0,8.02
1299.0,3.0,2.0,21.0,5.8,2.5,0.4,2.8,1.2,34.4,2.0,6.14,4.55,Independent House,4329000.0,5,5285000.0,22.08
2032.0,4.0,3.0,14.0,4.0,13.6,0.6,3.1,3.3,33.5,2.0,3.93,-0.63,Independent House,4644000.0,1,4790000.0,3.14
1825.0,3.0,2.0,16.0,5.0,18.4,6.3,2.9,5.6,25.7,2.0,5.46,3.27,Apartment,3965000.0,4,4486000.0,13.14
952.0,1.0,1.0,14.0,9.0,3.8,2.5,8.5,1.6,24.9,0.0,8.45,5.61,Apartment,5978000.0,5,8417000.0,40.8
1115.0,4.0,3.0,6.0,9.0,9.1,8.0,6.0,1.7,17.8,,7.33,5.7,Apartment,6073000.0,1,6516000.0,7.29
1173.0,2.0,2.0,12.0,4.2,15.5,5.0,7.2,7.5,25.1,1.0,5.68,2.48,Apartment,2917000.0,1,3061000.0,4.94
2954.0,6.0,5.0,7.0,4.8,14.4,1.1,5.4,3.4,43.3,1.0,3.38,0.97,Independent House,9083000.0,4,9695000.0,6.74
1671.0,2.0,2.0,41.0,4.3,13.0,1.8,7.7,1.0,30.1,0.0,4.91,1.78,Apartment,3440000.0,1,3515000.0,2.18
,,3.0,10.0,4.3,11.1,2.2,6.4,5.0,19.5,3.0,6.34,2.52,VILLA,10452000.0,1,10826000.0,3.58
4875.0,6.0,4.0,9.0,4.8,12.2,3.5,,5.3,52.0,3.0,,4.01,Villa,20548000.0,3,24075000.0,17.16
898.0,2.0,2.0,6.0,7.0,4.2,3.2,8.8,2.9,43.5,2.0,6.57,2.71,Apartment,4159000.0,4,5177000.0,24.48
2207.0,5.0,5.0,10.0,1.3,15.5,10.2,4.2,5.5,31.2,2.0,2.25,-0.13,Independent House,3603000.0,4,3675000.0,2.0
1156.0,3.0,2.0,0.0,4.8,20.2,,5.0,4.1,21.6,2.0,5.33,2.14,Apartment,2951000.0,2,3171000.0,7.46
792.0,1.0,2.0,12.0,6.2,7.9,2.4,4.2,,12.0,0.0,4.02,3.76,Apartment,2835000.0,4,3281000.0,15.73
952.0,2.0,2.0,,6.8,10.6,2.5,4.8,2.1,20.2,2.0,6.88,3.97,Apartment,3487000.0,5,4852000.0,39.15
1072.0,2.0,2.0,20.0,8.0,1.5,2.1,6.2,0.7,23.8,0.0,5.82,7.0,Apartment,4597000.0,3,5549000.0,20.71
896.0,2.0,3.0,27.0,6.4,0.7,1.2,4.2,0.4,32.1,1.0,5.94,4.0,Apartment,2828000.0,5,3646000.0,28.93
1308.0,2.0,2.0,5.0,8.4,8.0,3.6,7.1,1.7,11.4,0.0,6.59,,Apartment,7124000.0,1,7619000.0,6.95
799.0,1.0,2.0,11.0,1.0,16.0,5.5,3.5,1.9,39.6,0.0,3.17,2.32,Apartment,1330000.0,5,1534000.0,15.34
3358.0,6.0,5.0,5.0,3.9,10.3,0.8,5.1,2.6,40.1,3.0,6.61,3.25,Villa,13882000.0,5,16967000.0,22.22
1122.0,1.0,1.0,6.0,8.2,8.5,5.2,5.8,,,0.0,4.4,3.91,Apartment,4315000.0,2,4880000.0,13.09
962.0,,1.0,4.0,6.1,12.8,1.3,5.6,2.6,43.3,1.0,7.83,4.22,Apartment,2908000.0,5,3793000.0,30.43
814.0,3.0,3.0,8.0,5.2,12.1,7.9,4.8,5.7,32.4,1.0,8.97,4.68,Apartment,2249000.0,4,2807000.0,24.81
1354.0,3.0,3.0,22.0,9.0,6.8,6.2,5.5,1.6,2.0,2.0,6.41,6.5,Independent House,7070000.0,3,8440000.0,19.38
2313.0,4.0,4.0,,4.5,27.3,12.1,4.4,1.8,34.3,1.0,6.98,-0.18,Independent House,4007000.0,3,4205000.0,4.94
1278.0,2.0,3.0,,0.0,15.7,3.7,4.9,1.8,21.9,1.0,6.57,4.74,Apartment,4367000.0,2,4867000.0,11.45
1460.0,2.0,2.0,7.0,2.7,10.3,1.3,4.4,0.9,54.6,2.0,4.39,5.14,Apartment,3432000.0,1,3518000.0,2.51
1053.0,2.0,3.0,19.0,4.1,21.8,1.4,5.6,4.2,34.8,2.0,6.66,6.72,Apartment,2461000.0,1,2601000.0,5.69
857.0,2.0,2.0,10.0,6.8,5.3,2.0,9.2,2.1,16.6,1.0,6.29,1.86,Apartment,4082000.0,3,4876000.0,19.45
1556.0,3.0,3.0,8.0,5.6,15.5,4.2,8.6,,46.4,0.0,5.35,2.06,Apartment,4363000.0,2,4630000.0,6.12
813.0,1.0,1.0,8.0,5.7,19.0,2.4,4.0,3.7,29.5,0.0,7.24,7.61,Apartment,1961000.0,5,2671000.0,36.21
2583.0,4.0,4.0,10.0,8.2,4.3,2.9,5.4,,31.7,2.0,6.92,2.54,Villa,15759000.0,5,21068000.0,33.69
985.0,2.0,2.0,14.0,4.8,9.3,3.7,5.0,2.0,35.6,3.0,7.22,3.99,House,3209000.0,1,3370000.0,5.02
735.0,2.0,1.0,30.0,8.6,1.4,1.7,7.3,1.9,24.5,1.0,6.92,5.7,Apartment,4232000.0,4,5270000.0,24.53
1570.0,4.0,3.0,17.0,3.2,18.8,8.5,6.8,4.5,46.0,1.0,5.96,3.14,Apartment,2558000.0,3,2712000.0,6.02
2004.0,3.0,2.0,2.0,4.3,10.8,0.9,7.5,2.2,46.4,1.0,6.16,5.22,Independent House,7061000.0,3,8390000.0,18.82
1177.0,2.0,2.0,18.0,7.0,15.3,6.5,6.1,3.8,27.9,3.0,6.03,5.54,Independent House,4512000.0,5,5430000.0,20.35
831.0,1.0,2.0,17.0,9.1,0.5,0.9,8.5,1.7,30.5,0.0,5.41,4.94,apartment,5388000.0,5,7298000.0,35.45
1562.0,4.0,3.0,1.0,5.3,20.3,2.3,5.4,,24.3,1.0,6.87,2.09,Independent House,6197000.0,2,6779000.0,9.39
1083.0,3.0,2.0,-27.0,7.4,14.0,0.5,7.0,1.8,21.4,,8.06,3.94,Apartment,4715000.0,4,5745000.0,21.85
1111.0,2.0,3.0,12.0,1.9,20.5,12.3,3.3,1.6,43.1,0.0,6.14,3.36,Apartment,1340000.0,3,1418000.0,5.82
1548.0,2.0,1.0,19.0,10.0,15.1,1.8,7.6,2.4,,1.0,10.0,7.39,Apartment,8695000.0,1,9504000.0,9.3
987.0,1.0,2.0,3.0,8.4,0.5,3.3,5.6,1.2,35.1,,6.76,4.67,Apartment,5158000.0,2,5766000.0,11.79
1175.0,2.0,2.0,19.0,4.0,25.1,25.0,4.6,3.0,34.4,0.0,6.34,2.63,Apartment,1136000.0,1,1147000.0,0.97
921.0,1.0,2.0,21.0,8.1,10.3,2.7,3.1,2.8,44.3,2.0,5.98,7.27,Apartment,2365000.0,2,2655000.0,12.26
583.0,1.0,1.0,17.0,4.6,13.9,9.7,2.1,2.7,26.5,2.0,5.58,3.37,Apartment,1170000.0,5,1328000.0,13.5
1011.0,1.0,1.0,10.0,3.6,24.6,7.3,6.4,11.0,32.1,2.0,5.86,1.8,Apartment,1795000.0,3,1932000.0,7.63
2346.0,4.0,4.0,9.0,5.5,13.7,11.8,3.7,2.2,27.6,2.0,6.69,5.65,Apartment,5858000.0,5,7159000.0,22.21
1131.0,2.0,2.0,14.0,8.9,6.1,8.8,,1.7,30.9,0.0,6.1,4.57,APARTMENT,3923000.0,2,4250000.0,8.34
1157.0,2.0,3.0,18.0,5.6,10.6,5.8,5.9,4.7,20.2,1.0,8.01,4.91,Apartment,3576000.0,5,4638000.0,29.7
2090.0,,3.0,25.0,7.8,13.9,6.3,6.5,2.5,,3.0,6.51,3.61,Independent House,7943000.0,3,8828000.0,11.14
1020.0,2.0,2.0,15.0,7.4,11.8,10.7,8.2,1.2,16.2,1.0,6.63,5.1,Apartment,3377000.0,2,3732000.0,10.51
2350.0,4.0,4.0,,6.3,13.2,0.5,8.3,2.4,46.8,3.0,6.32,6.67,Independent House,9434000.0,3,10901000.0,15.55
918.0,2.0,3.0,33.0,4.0,17.0,12.5,6.3,11.0,43.8,1.0,6.21,4.18,Apartment,1104000.0,3,1217000.0,10.24
3213.0,6.0,6.0,17.0,1.0,30.6,1.6,5.6,4.7,46.5,4.0,5.02,2.68,Villa,8004000.0,3,8699000.0,8.68
1407.0,3.0,3.0,48.0,4.3,9.1,4.9,4.7,2.0,42.2,1.0,7.8,3.71,Independent House,2735000.0,4,3124000.0,14.22
1049.0,2.0,2.0,2.0,7.1,13.9,9.6,4.6,4.3,37.1,0.0,4.44,4.41,Apartment,2476000.0,1,2563000.0,3.51
1875.0,3.0,2.0,,4.2,8.8,3.2,3.7,1.3,46.8,,7.76,4.57,Villa,6767000.0,4,8054000.0,19.02
3827.0,6.0,5.0,9.0,5.8,9.5,5.4,4.3,6.9,4.8,4.0,5.79,4.32,VILLA,21769000.0,1,22759000.0,4.55
1879.0,4.0,4.0,22.0,4.8,12.4,1.1,6.4,6.9,29.1,1.0,6.08,4.57,Independent House,5891000.0,1,6211000.0,5.43
900.0,2.0,2.0,7.0,4.8,8.3,2.8,,2.6,30.4,2.0,5.94,3.39,Apartment,2348000.0,4,2807000.0,19.55
1286.0,3.0,3.0,12.0,3.1,12.7,8.3,,6.3,31.3,0.0,7.72,6.51,Apartment,2410000.0,5,3182000.0,32.03
1567.0,3.0,2.0,18.0,1.0,10.2,0.8,2.4,,60.8,2.0,6.26,4.77,Apartment,2824000.0,5,3145000.0,11.37
1417.0,3.0,3.0,23.0,4.8,9.4,0.3,9.3,0.6,16.6,1.0,6.03,4.08,Independent House,5735000.0,5,7068000.0,23.24
2928.0,5.0,4.0,29.0,9.4,11.8,1.2,5.4,1.2,17.0,3.0,6.23,3.76,Villa,19303000.0,1,20314000.0,5.24
817.0,1.0,1.0,11.0,8.2,0.5,2.1,6.6,0.6,13.5,1.0,7.29,5.72,Apartment,5018000.0,1,5417000.0,7.95
1853.0,3.0,3.0,8.0,7.2,8.1,7.0,3.5,2.3,23.3,1.0,5.65,,Apartment,6133000.0,4,7443000.0,21.36
1266.0,2.0,2.0,17.0,5.5,14.7,0.8,6.7,7.8,25.1,2.0,4.71,3.3,Apartment,3377000.0,3,3811000.0,12.85
1536.0,3.0,3.0,5.0,2.8,16.7,5.3,6.3,2.5,35.5,2.0,5.2,3.77,Apartment,3523000.0,3,3937000.0,11.75
966.0,1.0,2.0,5.0,8.1,9.0,7.6,6.2,1.6,26.3,,6.94,7.17,Apartment,4165000.0,5,5540000.0,33.01
793.0,1.0,2.0,14.0,3.6,19.3,4.6,3.6,1.2,23.6,2.0,3.02,5.92,Apartment,1588000.0,1,1626000.0,2.39
1432.0,3.0,2.0,16.0,6.7,8.8,3.0,5.7,3.8,24.7,0.0,5.08,2.57,Apartment,4943000.0,3,5620000.0,13.7
2448.0,3.0,3.0,12.0,9.2,12.1,1.8,,2.8,25.0,3.0,5.76,5.56,Villa,17278000.0,5,23369000.0,35.25
1454.0,2.0,2.0,14.0,7.5,10.2,3.1,7.3,3.8,25.5,3.0,5.73,0.49,,6029000.0,2,6520000.0,8.14
1465.0,3.0,2.0,7.0,4.6,10.6,3.6,5.2,0.6,17.1,2.0,3.98,1.89,Apartment,4110000.0,4,4659000.0,13.36
1032.0,1.0,1.0,14.0,7.8,6.6,3.1,7.1,1.6,,2.0,7.38,2.02,Apartment,4625000.0,4,5659000.0,22.36
2109.0,4.0,3.0,13.0,9.5,7.1,1.6,5.8,1.4,23.9,3.0,5.63,2.48,Independent House,12289000.0,2,13512000.0,9.95
1063.0,3.0,2.0,15.0,8.2,4.0,1.0,4.6,0.5,23.1,2.0,4.49,5.86,Apartment,5314000.0,3,6207000.0,16.8
1198.0,2.0,2.0,12.0,2.6,19.9,1.5,2.0,5.7,46.6,1.0,4.04,0.16,Independent House,2012000.0,2,2090000.0,3.88
1039.0,1.0,2.0,21.0,3.1,9.6,3.7,3.4,1.5,30.5,1.0,6.2,1.29,Apartment,2335000.0,4,2519000.0,7.88
499.0,1.0,3.0,7.0,4.7,5.4,2.2,7.4,4.2,,2.0,4.59,3.93,Apartment,1723000.0,5,2022000.0,17.35
1485.0,2.0,1.0,5.0,10.0,0.5,1.5,5.1,2.4,19.2,0.0,6.53,5.57,Apartment,8451000.0,1,9091000.0,7.57
3139.0,6.0,5.0,8.0,7.7,12.2,5.5,7.0,6.2,28.1,3.0,8.74,5.89,Villa,18352000.0,4,24943000.0,35.91
772.0,3.0,3.0,11.0,4.4,16.7,4.3,3.3,5.8,31.1,1.0,5.55,2.06,Apartment,1652000.0,4,1866000.0,12.95
1100.0,2.0,2.0,9.0,5.8,17.7,10.4,3.8,9.8,16.4,2.0,8.1,6.24,Apartment,2724000.0,3,3212000.0,17.91
1249.0,1.0,1.0,16.0,5.8,7.3,2.0,5.7,2.3,21.8,0.0,6.89,2.17,Apartment,3828000.0,4,4606000.0,20.32
642.0,2.0,2.0,9.0,8.8,8.2,11.5,4.2,2.2,40.4,1.0,7.6,4.94,Apartment,2168000.0,5,2870000.0,32.38
1790.0,3.0,3.0,26.0,4.4,10.3,0.1,6.4,1.6,35.0,3.0,7.12,7.25,Independent House,5239000.0,2,5850000.0,11.66
724.0,1.0,1.0,23.0,6.1,14.9,4.6,3.1,1.3,27.6,1.0,6.23,4.46,Apartment,1520000.0,4,1888000.0,24.21
845.0,3.0,3.0,2.0,6.1,6.0,0.8,4.0,1.3,26.3,,7.69,4.57,Apartment,4384000.0,5,5987000.0,36.56
2777.0,5.0,4.0,43.0,6.3,9.5,2.5,5.7,0.8,27.7,2.0,6.45,5.77,Villa,11929000.0,5,15538000.0,30.25
2103.0,3.0,2.0,15.0,6.9,11.5,5.6,5.3,1.5,23.0,3.0,7.57,5.55,Independent House,8022000.0,3,9704000.0,20.97
485.0,1.0,1.0,19.0,7.5,0.5,3.3,4.1,0.8,30.1,1.0,6.87,7.6,Apartment,1705000.0,1,1805000.0,5.87
1481.0,3.0,3.0,16.0,5.8,16.0,1.6,6.6,1.1,18.4,3.0,7.2,4.78,Independent House,6558000.0,4,8228000.0,25.47
659.0,,2.0,5.0,7.3,17.3,3.0,6.0,1.8,22.2,2.0,6.35,2.18,Apartment,2450000.0,2,2704000.0,10.37
1802.0,3.0,3.0,3.0,7.2,1.7,1.1,7.4,3.0,29.4,3.0,6.81,,Independent House,11023000.0,4,14243000.0,29.21
956.0,2.0,2.0,20.0,4.4,12.1,8.0,5.9,1.8,43.6,2.0,3.84,2.51,Apartment,1668000.0,2,1738000.0,4.2
982.0,2.0,2.0,16.0,5.0,10.7,1.5,6.8,1.7,36.2,1.0,4.15,2.29,Apartment,3111000.0,4,3555000.0,14.27
1619.0,3.0,2.0,7.0,5.5,10.0,2.8,4.5,2.7,,2.0,6.6,3.01,Independent House,5897000.0,5,7433000.0,26.05
1373.0,1.0,1.0,,4.5,19.7,5.6,6.5,1.8,35.9,0.0,5.57,1.67,Apartment,2340000.0,4,2602000.0,11.2
1489.0,2.0,2.0,4.0,5.9,16.3,7.0,5.8,2.1,26.4,0.0,4.95,5.76,Apartment,4053000.0,5,5158000.0,27.26
1017.0,2.0,1.0,35.0,9.6,0.5,1.1,6.5,1.1,36.6,2.0,7.75,4.02,Apartment,4641000.0,4,6305000.0,35.85
1595.0,2.0,1.0,8.0,7.4,3.6,0.1,5.6,1.2,23.7,2.0,3.28,,INDEPENDENT HOUSE,6904000.0,3,7574000.0,9.7
1119.0,2.0,2.0,3.0,5.5,6.6,2.7,6.3,2.6,36.8,1.0,7.01,2.66,Apartment,4533000.0,5,5867000.0,29.43
4026.0,6.0,5.0,14.0,6.3,16.4,5.5,3.7,3.1,42.2,2.0,6.11,4.68,Villa,15476000.0,3,17877000.0,15.51
800.0,2.0,1.0,27.0,5.6,10.3,5.4,4.5,3.0,24.5,1.0,6.12,3.67,Apartment,2112000.0,2,2279000.0,7.91
1376.0,2.0,2.0,14.0,9.9,0.5,1.8,9.0,0.6,27.7,0.0,6.9,5.45,Apartment,9569000.0,1,10320000.0,7.85
1955.0,5.0,5.0,9.0,7.8,10.2,9.1,6.5,1.8,35.9,2.0,5.41,3.8,Independent House,8291000.0,4,9946000.0,19.96
2668.0,4.0,4.0,18.0,3.6,13.5,2.7,6.0,4.1,40.9,4.0,5.56,5.18,Villa,7977000.0,5,10078000.0,26.34
2012.0,,4.0,14.0,3.3,7.4,2.2,5.4,2.3,52.1,1.0,5.48,2.8,Independent House,4783000.0,3,5313000.0,11.08
1151.0,2.0,3.0,17.0,5.5,6.7,4.6,6.3,3.4,15.6,1.0,5.85,7.1,Apartment,3784000.0,2,4201000.0,11.02
3407.0,6.0,5.0,4.0,10.0,18.6,0.8,6.1,4.1,35.5,3.0,6.57,7.56,Independent House,21282000.0,2,24531000.0,15.27
1413.0,2.0,2.0,29.0,7.0,11.1,3.4,5.3,1.5,28.9,3.0,8.41,4.02,Independent House,4441000.0,3,5164000.0,16.28
1307.0,2.0,2.0,3.0,1.0,18.5,6.4,3.0,,32.5,0.0,5.92,0.36,Apartment,2101000.0,2,2238000.0,6.52
752.0,1.0,,11.0,1.7,17.0,1.5,4.2,3.0,50.0,2.0,4.33,3.23,Apartment,1348000.0,2,1433000.0,6.31
1643.0,3.0,3.0,36.0,4.3,10.1,2.7,4.9,2.0,55.5,1.0,4.92,1.07,Independent House,3150000.0,3,3427000.0,8.79
1074.0,2.0,2.0,17.0,7.6,5.0,1.3,4.1,1.3,13.1,2.0,6.84,6.01,Apartment,4650000.0,2,5414000.0,16.43
1023.0,2.0,2.0,8.0,5.5,10.9,13.0,4.6,,14.9,1.0,6.09,7.38,Independent House,2811000.0,3,3275000.0,16.51
2389.0,3.0,3.0,8.0,7.3,6.6,5.5,2.1,0.6,22.7,3.0,6.34,3.99,Independent House,8091000.0,1,8460000.0,4.56
2967.0,6.0,5.0,23.0,9.5,13.1,2.8,5.8,2.4,34.9,3.0,3.6,0.7,Independent House,17101000.0,3,18181000.0,6.32
812.0,1.0,2.0,25.0,6.3,14.6,1.0,4.2,4.7,39.8,,6.3,6.69,Independent House,2467000.0,4,2973000.0,20.51
2720.0,4.0,,,6.2,23.9,4.1,4.3,4.4,30.5,4.0,7.52,6.94,Villa,10104000.0,3,12199000.0,20.73
4052.0,6.0,4.0,11.0,4.0,15.3,2.2,4.4,4.2,24.4,1.0,8.76,5.79,Independent House,12292000.0,1,12994000.0,5.71
1381.0,2.0,2.0,31.0,4.0,13.9,0.6,5.5,2.6,30.2,2.0,6.03,2.66,Apartment,3462000.0,3,3852000.0,11.27
2020.0,4.0,3.0,20.0,8.0,1.7,0.8,5.8,0.9,46.7,3.0,5.24,4.33,Independent House,10082000.0,4,12084000.0,19.86
1213.0,3.0,2.0,5.0,4.5,4.9,0.8,6.0,3.4,31.7,1.0,7.09,5.31,Apartment,4481000.0,2,5015000.0,11.92
1675.0,2.0,2.0,14.0,5.3,11.3,7.9,,2.0,33.5,1.0,5.34,0.04,Apartment,3839000.0,5,4409000.0,14.85
854.0,1.0,1.0,1.0,8.6,2.6,3.2,4.9,0.8,14.2,0.0,6.96,3.21,Apartment,3823000.0,1,4058000.0,6.15
890.0,2.0,2.0,7.0,3.4,15.4,4.1,6.6,2.4,28.5,0.0,6.28,2.38,Apartment,2242000.0,3,2503000.0,11.64
678.0,2.0,2.0,25.0,3.2,25.2,7.3,,1.1,47.0,1.0,5.73,2.73,,935000.0,4,1034000.0,10.59
1656.0,3.0,2.0,7.0,6.4,8.6,3.4,4.3,,17.6,2.0,5.63,4.6,Independent House,7310000.0,3,8251000.0,12.87
1089.0,2.0,,37.0,10.0,1.5,0.7,5.7,1.3,28.4,1.0,7.78,4.34,Independent House,5227000.0,2,5911000.0,13.09
3594.0,6.0,5.0,1.0,5.4,19.6,1.1,4.9,3.9,48.3,3.0,5.74,4.05,Villa,16233000.0,2,17765000.0,9.44
1076.0,2.0,2.0,1.0,8.6,10.2,10.3,6.0,2.1,18.8,2.0,5.04,5.52,Apartment,4600000.0,3,5219000.0,13.46
2215.0,4.0,4.0,6.0,3.4,4.7,4.8,3.8,2.2,20.9,2.0,6.26,3.6,Apartment,5684000.0,3,6534000.0,14.95
823.0,2.0,2.0,12.0,7.3,9.9,3.5,6.4,3.3,31.4,0.0,6.41,2.27,Apartment,3458000.0,5,4704000.0,36.03
1692.0,3.0,3.0,7.0,7.9,12.6,2.7,4.8,,11.0,2.0,7.22,5.93,Villa,9415000.0,2,10769000.0,14.38
1293.0,,2.0,9.0,3.9,14.8,3.6,4.9,1.3,31.2,2.0,5.33,0.29,INDEPENDENT HOUSE,3376000.0,1,3473000.0,2.87
905.0,2.0,2.0,7.0,10.0,5.6,0.6,5.8,1.1,23.0,1.0,9.44,6.76,Apartment,6031000.0,5,9055000.0,50.14
1468.0,2.0,3.0,17.0,5.6,12.9,2.1,8.9,3.1,45.3,1.0,5.79,3.57,Apartment,4688000.0,4,5469000.0,16.66
1692.0,4.0,4.0,23.0,6.0,16.2,1.6,7.4,2.3,32.1,2.0,5.18,5.12,Apartment,6549000.0,3,7441000.0,13.62
1035.0,2.0,2.0,4.0,8.8,6.8,1.4,6.1,1.2,18.8,1.0,6.37,7.25,Apartment,4818000.0,3,5975000.0,24.01
1391.0,2.0,2.0,11.0,3.0,27.6,16.8,6.7,1.6,46.4,3.0,7.78,6.02,Independent House,1987000.0,5,2450000.0,23.3
847.0,2.0,3.0,18.0,4.8,16.3,5.9,3.5,3.7,38.5,1.0,7.16,4.14,Apartment,2021000.0,1,2075000.0,2.67
1350.0,2.0,3.0,10.0,6.6,15.7,18.9,4.9,6.5,17.3,1.0,6.71,4.17,,2342000.0,2,2544000.0,8.63
1278.0,3.0,4.0,3.0,8.6,0.5,2.0,5.6,1.0,20.0,1.0,3.05,3.55,Apartment,7429000.0,5,8841000.0,19.01
4224.0,6.0,6.0,27.0,4.9,,3.8,4.4,3.4,31.6,2.0,6.35,,VILLA,15655000.0,5,19392000.0,23.87
1359.0,4.0,3.0,13.0,5.6,12.9,10.2,5.1,0.8,50.8,2.0,7.64,3.09,Independent House,3352000.0,1,3491000.0,4.15
1090.0,1.0,1.0,6.0,8.2,19.1,3.5,3.9,2.3,9.8,2.0,7.28,10.55,Apartment,3943000.0,4,5187000.0,31.55
1102.0,3.0,,22.0,2.7,13.6,1.5,4.1,0.5,46.6,2.0,4.17,1.97,Apartment,2167000.0,5,2449000.0,13.01
999.0,,3.0,38.0,8.0,0.5,2.8,5.0,0.8,,2.0,5.72,3.82,Apartment,3817000.0,4,4581000.0,20.02
1119.0,3.0,3.0,15.0,7.2,10.4,2.1,,5.6,28.1,0.0,7.6,,Apartment,4331000.0,2,4919000.0,13.58
2752.0,5.0,4.0,19.0,6.5,22.6,12.1,6.5,3.3,31.2,2.0,5.96,3.38,Independent House,6258000.0,1,6529000.0,4.33
10588.0,3.0,3.0,5.0,7.8,15.2,6.9,5.4,2.7,20.4,0.0,5.73,6.73,Apartment,6535000.0,4,7987000.0,22.22
1686.0,4.0,4.0,5.0,6.8,9.2,1.1,6.6,3.9,19.0,2.0,5.69,6.53,Apartment,8112000.0,4,10306000.0,27.05
818.0,2.0,2.0,9.0,4.1,18.7,2.1,4.2,1.3,25.7,2.0,6.48,2.77,Apartment,2493000.0,3,2873000.0,15.24
1439.0,4.0,3.0,16.0,5.8,9.0,10.5,4.8,0.9,30.2,2.0,7.95,2.23,Apartment,3963000.0,2,4269000.0,7.72
1311.0,3.0,2.0,27.0,7.6,14.3,4.8,7.4,1.1,25.4,2.0,3.69,4.69,Apartment,4391000.0,3,4846000.0,10.36
1273.0,2.0,2.0,4.0,4.1,14.4,3.2,2.4,2.8,173.0,0.0,7.08,2.13,Apartment,2682000.0,3,2991000.0,11.52
1278.0,2.0,2.0,20.0,5.4,13.5,6.1,9.4,4.3,36.1,2.0,7.02,5.54,Apartment,4052000.0,5,5222000.0,28.87
742.0,1.0,1.0,4.0,5.4,19.1,2.5,5.6,3.4,40.6,0.0,8.21,2.79,Apartment,1945000.0,2,2158000.0,10.95
1557.0,2.0,2.0,16.0,5.3,8.5,2.2,6.1,5.9,34.5,0.0,6.45,2.47,Apartment,3472000.0,3,4022000.0,15.84
1720.0,3.0,2.0,5.0,7.1,10.5,4.3,5.6,1.6,17.2,1.0,4.03,4.24,Independent House,7950000.0,1,8228000.0,3.5
1027.0,2.0,1.0,14.0,6.5,0.5,0.6,7.0,,20.1,0.0,4.33,-0.01,Apartment,4353000.0,2,4700000.0,7.97
3312.0,5.0,4.0,18.0,5.7,8.2,1.0,5.2,2.3,30.8,2.0,5.99,3.82,Villa,14587000.0,1,15187000.0,4.11
1072.0,3.0,3.0,14.0,7.2,6.4,1.5,5.1,1.8,41.7,,5.95,5.51,Apartment,3800000.0,2,4204000.0,10.63
1953.0,3.0,2.0,5.0,3.4,18.4,1.0,4.1,3.2,12.3,3.0,8.08,1.46,Independent House,6320000.0,5,7761000.0,22.8
1686.0,2.0,1.0,7.0,2.8,25.8,3.9,5.2,4.2,48.7,3.0,6.94,4.46,Independent House,3558000.0,1,3663000.0,2.95
1832.0,3.0,3.0,9.0,5.8,6.7,5.4,6.2,0.6,37.4,2.0,3.23,,independent house,6251000.0,2,6699000.0,7.17
955.0,2.0,2.0,10.0,9.2,12.0,7.2,5.9,4.1,6.9,0.0,6.48,8.57,Apartment,4111000.0,4,5256000.0,27.85
1390.0,2.0,2.0,9.0,3.6,17.2,0.4,1.6,7.1,38.0,1.0,6.06,3.04,Apartment,3160000.0,1,3309000.0,4.72
1352.0,3.0,3.0,12.0,5.0,13.2,3.2,4.8,1.6,33.9,3.0,5.72,3.26,Independent House,4437000.0,5,5196000.0,17.11
1172.0,2.0,2.0,3.0,1.7,17.6,4.3,3.7,2.0,39.9,,6.74,1.73,Independent House,2383000.0,1,2463000.0,3.36
1366.0,2.0,1.0,10.0,8.3,4.7,0.8,5.0,1.1,30.6,2.0,8.72,3.54,Apartment,5865000.0,4,7671000.0,30.79
1034.0,2.0,2.0,1.0,6.5,0.7,0.9,6.9,0.9,39.2,2.0,6.78,4.26,House,6021000.0,4,7702000.0,27.92
1234.0,2.0,,5.0,4.0,23.0,4.4,5.3,6.0,53.1,1.0,4.85,4.31,Apartment,2285000.0,3,2620000.0,14.66
1249.0,2.0,2.0,4.0,6.9,12.7,3.9,4.0,3.1,45.3,1.0,5.64,6.59,Apartment,3527000.0,5,4792000.0,35.87
1615.0,2.0,2.0,4.0,9.1,6.0,4.9,7.7,1.8,162.9,3.0,6.36,10.1,,11144000.0,1,12111000.0,8.68
1247.0,1.0,1.0,25.0,5.7,22.0,8.3,8.3,5.3,38.7,1.0,5.39,3.74,Apartment,2341000.0,4,2699000.0,15.29
1078.0,2.0,2.0,7.0,9.6,6.0,3.1,6.7,1.7,,2.0,7.56,8.02,Apartment,7785000.0,3,10094000.0,29.66
1203.0,2.0,2.0,2.0,7.2,3.3,2.2,5.5,1.5,31.8,1.0,7.42,2.76,Independent House,5937000.0,2,6598000.0,11.13
717.0,1.0,1.0,14.0,10.0,2.1,1.2,7.2,,41.3,1.0,5.07,5.22,Apartment,3846000.0,4,4765000.0,23.89
1747.0,3.0,3.0,27.0,10.0,4.3,1.2,8.1,0.9,22.5,2.0,6.31,4.16,Apartment,11175000.0,2,12484000.0,11.71
1099.0,,2.0,19.0,9.2,7.9,2.8,6.0,1.9,6.1,1.0,7.97,8.72,Apartment,5501000.0,3,6880000.0,25.07
1637.0,3.0,3.0,5.0,7.9,12.6,4.6,5.2,2.7,32.6,3.0,7.7,6.13,Independent House,7672000.0,4,10211000.0,33.09
1137.0,3.0,2.0,16.0,6.9,6.8,1.3,8.0,1.6,42.9,2.0,4.42,-0.07,Independent House,5085000.0,2,5490000.0,7.96
1586.0,3.0,3.0,8.0,7.3,12.8,6.9,2.0,1.9,17.2,0.0,8.09,,Apartment,4745000.0,4,6216000.0,31.0
841.0,2.0,1.0,13.0,7.1,8.8,2.8,5.6,3.2,29.5,0.0,4.66,3.75,Apartment,3038000.0,3,3552000.0,16.92
1835.0,4.0,4.0,19.0,4.7,17.4,2.4,2.8,2.3,47.3,1.0,4.98,4.54,Apartment,3610000.0,5,4270000.0,18.28
1527.0,3.0,3.0,15.0,7.5,4.2,1.7,5.2,1.0,36.0,2.0,6.25,6.69,Independent House,7998000.0,2,9123000.0,14.07
1317.0,2.0,2.0,9.0,5.9,10.4,2.9,6.8,1.9,23.0,1.0,6.25,1.99,Apartment,4368000.0,4,5166000.0,18.27
1928.0,3.0,3.0,14.0,3.8,18.5,1.3,3.5,1.6,38.7,1.0,6.34,6.89,Apartment,4599000.0,3,5157000.0,12.13
634.0,1.0,1.0,43.0,7.8,1.4,4.6,3.3,0.8,8.0,0.0,7.38,7.25,Apartment,1961000.0,5,2631000.0,34.17
1998.0,3.0,3.0,20.0,5.7,1.7,1.0,3.6,1.4,16.5,1.0,5.76,4.19,Independent House,7912000.0,2,8686000.0,9.78
3501.0,6.0,4.0,8.0,6.1,17.7,2.2,5.0,5.8,14.4,3.0,4.36,2.07,Villa,16575000.0,5,20329000.0,22.65
931.0,2.0,2.0,,6.0,9.6,3.0,5.1,3.1,28.6,2.0,5.53,2.22,Apartment,3559000.0,4,4091000.0,14.95
1399.0,2.0,2.0,8.0,3.4,9.7,1.9,5.6,2.6,40.1,3.0,5.42,3.73,Independent House,3628000.0,5,4251000.0,17.17
996.0,2.0,3.0,25.0,1.8,13.3,2.9,6.1,6.4,52.8,0.0,6.02,1.75,Apartment,1398000.0,1,1421000.0,1.65
946.0,2.0,2.0,2.0,6.1,20.7,1.8,6.7,10.4,19.7,0.0,5.61,2.01,Apartment,2957000.0,4,3426000.0,15.86
1922.0,4.0,4.0,14.0,6.2,17.0,6.3,6.4,1.7,23.7,1.0,6.05,5.04,Apartment,5315000.0,3,6059000.0,14.0
1851.0,3.0,2.0,20.0,5.9,18.9,1.5,8.4,5.2,37.6,2.0,6.36,4.21,,6470000.0,1,6807000.0,5.21
3352.0,6.0,5.0,6.0,9.2,8.7,7.4,5.8,1.0,13.9,3.0,6.49,8.41,Villa,26785000.0,4,34474000.0,28.71
1284.0,2.0,2.0,6.0,7.3,17.9,6.6,5.8,3.8,19.1,,6.86,1.62,Apartment,4449000.0,2,5029000.0,13.04
1840.0,4.0,4.0,17.0,8.9,1.2,1.7,6.4,1.3,24.5,0.0,8.57,4.38,Flat,10859000.0,5,16764000.0,54.38
1127.0,1.0,1.0,15.0,9.0,10.8,3.2,6.3,3.5,30.8,0.0,7.32,5.4,Apartment,4196000.0,2,4825000.0,14.99
1489.0,2.0,1.0,24.0,6.3,16.4,0.7,5.8,5.3,28.4,0.0,8.29,6.17,Apartment,4670000.0,4,5745000.0,23.02
1069.0,2.0,3.0,8.0,4.8,9.3,4.4,4.1,2.1,40.4,2.0,5.53,5.42,Apartment,2927000.0,3,3249000.0,11.0
2915.0,5.0,5.0,23.0,7.3,13.8,1.1,7.5,1.9,30.8,3.0,6.58,4.62,Independent House,13099000.0,3,15572000.0,18.88
981.0,1.0,2.0,5.0,3.3,14.1,1.7,4.3,6.7,26.2,0.0,3.23,0.4,Apartment,1925000.0,4,2066000.0,7.32
922.0,2.0,2.0,9.0,5.4,22.0,4.4,5.6,8.5,31.9,,7.31,6.66,Apartment,2007000.0,4,2450000.0,22.07
943.0,1.0,1.0,5.0,7.7,10.5,,9.1,0.9,17.9,2.0,7.31,6.94,Apartment,5667000.0,4,7643000.0,34.87
1670.0,3.0,3.0,12.0,4.1,18.8,0.6,3.4,3.1,28.3,1.0,6.39,3.41,Independent House,4594000.0,2,5156000.0,12.23
855.0,2.0,2.0,7.0,6.4,0.6,0.8,3.7,0.8,25.4,0.0,6.39,3.56,Apartment,3410000.0,5,4385000.0,28.59
1110.0,2.0,2.0,9.0,5.2,13.3,1.8,4.1,1.5,33.4,3.0,5.22,4.22,Independent House,3081000.0,4,3584000.0,16.33
1664.0,2.0,2.0,5.0,4.0,,4.1,2.3,1.8,26.0,2.0,6.3,4.07,Apartment,5033000.0,3,5879000.0,16.81
1205.0,2.0,,16.0,,9.2,2.5,5.2,2.7,28.0,0.0,5.08,4.27,Apartment,4462000.0,3,5270000.0,18.11
623.0,,1.0,10.0,6.1,5.0,1.3,5.7,1.0,20.4,2.0,4.1,2.36,Apartment,2443000.0,2,2576000.0,5.44
1082.0,2.0,2.0,15.0,6.8,8.9,2.6,6.6,1.8,24.3,3.0,7.56,6.05,Independent House,5055000.0,5,7375000.0,45.9
694.0,2.0,2.0,8.0,6.7,0.5,1.2,2.4,1.5,23.6,2.0,7.02,4.79,Apartment,2650000.0,3,3103000.0,17.09
1663.0,3.0,3.0,11.0,10.0,1.2,2.1,6.9,1.8,22.5,1.0,6.09,6.11,Apartment,9655000.0,4,12383000.0,28.25
1115.0,2.0,1.0,21.0,6.9,19.4,7.0,8.1,8.9,24.8,0.0,6.53,6.03,Apartment,3303000.0,4,3977000.0,20.41
990.0,2.0,2.0,9.0,5.2,20.1,5.8,5.5,2.0,35.9,1.0,6.52,8.11,apartment,2319000.0,1,2451000.0,5.69
1120.0,2.0,2.0,2.0,5.9,7.5,1.9,4.0,4.6,39.2,0.0,6.55,5.8,Apartment,3347000.0,1,3553000.0,6.15
1230.0,2.0,2.0,13.0,4.4,8.9,1.0,5.4,2.0,23.8,,6.52,3.52,Independent House,4518000.0,5,6006000.0,32.93
1241.0,1.0,1.0,27.0,5.5,19.3,9.5,5.5,8.5,42.6,2.0,4.44,1.98,Apartment,2279000.0,1,2284000.0,0.22
2139.0,4.0,4.0,11.0,6.2,7.2,3.6,3.7,1.0,23.7,2.0,4.15,-0.71,Villa,10811000.0,3,11828000.0,9.41
1837.0,2.0,2.0,3.0,6.8,0.5,0.6,6.7,2.0,16.6,3.0,6.78,5.93,Independent House,10557000.0,5,14346000.0,35.89
1577.0,3.0,2.0,46.0,8.4,6.0,1.2,6.3,1.6,30.3,2.0,6.7,4.38,Independent House,6350000.0,5,8301000.0,30.72
2799.0,5.0,4.0,4.0,8.7,13.4,3.3,6.7,2.9,30.8,3.0,5.9,8.33,Independent House,16349000.0,1,17581000.0,7.54
2101.0,3.0,3.0,12.0,5.2,11.1,2.5,6.3,2.8,27.1,0.0,7.2,6.52,Apartment,6731000.0,1,7155000.0,6.3
959.0,2.0,2.0,5.0,7.3,17.4,12.0,4.3,3.0,19.0,1.0,8.11,4.67,Apartment,2848000.0,1,3033000.0,6.5
2694.0,5.0,5.0,22.0,3.2,14.0,9.3,4.0,4.4,33.5,2.0,4.9,6.27,Independent House,6063000.0,1,6259000.0,3.23
2568.0,4.0,3.0,,6.3,7.0,1.7,3.6,1.6,30.1,1.0,5.13,5.63,Apartment,8703000.0,1,9126000.0,4.86
811.0,1.0,2.0,27.0,5.0,11.8,4.2,3.6,1.9,27.4,0.0,4.7,5.36,Apartment,1790000.0,3,2042000.0,14.08
1060.0,4.0,4.0,7.0,8.6,0.5,2.0,6.5,0.5,31.7,3.0,7.33,5.21,Independent House,7133000.0,3,8792000.0,23.26
2228.0,4.0,3.0,15.0,5.9,15.9,5.7,3.9,1.3,41.1,1.0,6.52,7.45,Independent House,5949000.0,1,6211000.0,4.4
1929.0,4.0,3.0,9.0,6.5,10.2,1.0,5.7,3.5,17.1,2.0,7.93,6.02,Independent House,9042000.0,2,10205000.0,12.86
4312.0,6.0,5.0,7.0,8.3,0.5,0.1,4.5,1.4,19.3,4.0,4.78,4.27,Villa,32850000.0,2,35869000.0,9.19
988.0,1.0,1.0,9.0,3.6,,1.6,5.2,5.3,44.6,1.0,7.03,6.28,Apartment,2595000.0,2,2893000.0,11.48
5618.0,6.0,5.0,12.0,5.7,5.5,3.6,7.3,1.8,40.9,3.0,6.26,2.83,Villa,28332000.0,3,32135000.0,13.42
933.0,2.0,2.0,5.0,4.8,13.6,6.4,3.2,2.8,16.8,2.0,6.2,4.21,Apartment,2255000.0,2,2511000.0,11.35
1106.0,2.0,2.0,14.0,9.2,0.8,2.6,5.5,1.6,37.3,,5.41,4.99,Apartment,4734000.0,4,5915000.0,24.95
3183.0,6.0,5.0,11.0,8.7,9.4,1.4,4.7,3.1,16.1,4.0,5.24,2.3,Villa,23625000.0,1,24745000.0,4.74
511.0,2.0,2.0,3.0,5.7,11.6,3.6,5.4,3.8,,0.0,6.99,2.93,Apartment,1757000.0,4,2199000.0,25.16
2173.0,4.0,4.0,13.0,8.8,0.6,1.2,7.0,0.7,20.2,2.0,4.76,5.34,Apartment,14777000.0,1,15640000.0,5.84
1997.0,4.0,3.0,9.0,4.5,13.4,2.3,5.8,1.1,40.3,0.0,7.29,8.32,,4982000.0,3,5998000.0,20.39
1720.0,2.0,2.0,14.0,,13.1,2.1,5.5,2.3,12.3,2.0,4.93,5.28,Apartment,5077000.0,5,6221000.0,22.53
1091.0,3.0,2.0,13.0,4.4,7.3,0.8,4.5,5.5,44.6,2.0,6.67,6.87,Apartment,2665000.0,2,2974000.0,11.59
769.0,1.0,1.0,18.0,6.9,12.3,6.3,5.0,4.4,,0.0,4.76,3.15,Apartment,2090000.0,2,2199000.0,5.22
879.0,1.0,2.0,,6.0,7.8,2.9,5.1,3.7,27.7,1.0,6.75,6.61,Apartment,3029000.0,4,3755000.0,23.97
856.0,2.0,2.0,23.0,1.7,19.2,1.6,,3.6,37.3,2.0,5.16,-1.22,Apartment,1262000.0,4,1398000.0,10.78
857.0,3.0,3.0,14.0,4.0,6.8,6.4,3.1,5.1,35.5,2.0,6.29,2.29,Apartment,2050000.0,4,2237000.0,9.12
3774.0,6.0,5.0,6.0,5.3,19.0,12.6,4.3,3.1,25.7,3.0,6.6,4.57,Villa,11761000.0,2,12746000.0,8.38
1546.0,2.0,2.0,4.0,7.3,0.5,0.8,6.8,1.0,30.4,2.0,5.61,5.11,Apartment,6991000.0,3,8346000.0,19.38
1336.0,2.0,2.0,17.0,3.3,13.2,2.2,5.9,4.3,48.0,2.0,4.24,1.68,Apartment,3103000.0,2,3290000.0,6.03
5028.0,6.0,5.0,8.0,8.0,4.1,2.0,5.0,2.9,5.9,4.0,5.7,4.84,Villa,47274000.0,2,54352000.0,14.97
887.0,2.0,2.0,2.0,2.6,17.2,0.1,2.2,5.3,46.4,1.0,3.87,3.53,Apartment,1881000.0,2,1992000.0,5.9
1103.0,1.0,1.0,6.0,4.3,21.1,4.7,6.2,13.0,31.8,1.0,7.27,5.44,Apartment,2577000.0,1,2717000.0,5.43
1108.0,2.0,2.0,8.0,5.9,10.4,4.3,6.7,2.1,33.4,2.0,5.18,2.37,Apartment,3302000.0,2,3553000.0,7.6
981.0,2.0,2.0,18.0,4.9,14.5,13.7,6.6,3.3,45.9,0.0,7.11,4.4,Apartment,1349000.0,3,1473000.0,9.19
1828.0,2.0,2.0,16.0,7.5,6.7,0.3,4.6,,25.5,1.0,5.56,4.68,Independent House,7193000.0,5,9320000.0,29.57
2192.0,4.0,3.0,15.0,6.4,,,8.7,5.1,38.2,3.0,6.95,6.23,Villa,8634000.0,3,9935000.0,15.07
1222.0,3.0,2.0,32.0,5.9,12.4,1.8,4.9,1.0,29.9,1.0,5.67,5.22,Apartment,3232000.0,1,3352000.0,3.71
1239.0,2.0,2.0,5.0,2.8,21.1,6.1,4.6,6.4,29.2,0.0,4.96,0.79,Apartment,2110000.0,5,2354000.0,11.56
2110.0,3.0,2.0,13.0,3.0,21.3,4.3,2.7,3.8,35.5,3.0,5.45,1.06,Independent House,4058000.0,1,4104000.0,1.13
2774.0,5.0,4.0,10.0,7.7,7.9,1.6,4.6,3.1,38.5,4.0,4.34,4.01,Villa,16242000.0,5,18844000.0,16.02
1115.0,2.0,2.0,7.0,6.3,10.3,1.5,5.9,0.8,42.3,0.0,5.18,6.11,Apartment,3707000.0,5,4730000.0,27.6
3161.0,6.0,5.0,11.0,6.6,11.5,2.4,7.0,3.9,25.2,2.0,9.66,6.4,,17456000.0,2,20451000.0,17.16
2744.0,6.0,5.0,11.0,10.0,0.5,0.1,4.9,0.7,34.9,2.0,6.9,6.25,,21747000.0,4,28426000.0,30.71
1184.0,2.0,2.0,21.0,3.6,11.0,4.3,4.4,5.9,23.9,2.0,5.63,1.81,APARTMENT,2435000.0,3,2705000.0,11.09
2902.0,4.0,4.0,7.0,4.8,7.7,,5.8,2.9,31.9,1.0,4.03,3.26,Independent House,10610000.0,4,12199000.0,14.98
892.0,3.0,2.0,19.0,7.6,18.1,3.9,5.9,3.3,45.6,1.0,6.17,2.51,Apartment,2790000.0,5,3517000.0,26.06
1981.0,4.0,4.0,17.0,5.4,15.9,2.6,4.1,6.1,22.8,1.0,4.71,-0.75,Apartment,5197000.0,4,5826000.0,12.1
1625.0,4.0,3.0,16.0,6.3,12.3,4.4,7.4,2.7,36.9,0.0,8.56,5.36,Apartment,5605000.0,1,5963000.0,6.39
1222.0,3.0,3.0,10.0,4.9,11.2,4.3,4.3,6.6,,2.0,5.58,3.46,Apartment,3246000.0,5,4036000.0,24.34
991.0,2.0,2.0,13.0,4.0,16.2,8.1,4.8,13.2,52.3,2.0,5.56,2.72,Apartment,1577000.0,1,1614000.0,2.35
1007.0,1.0,1.0,20.0,6.6,12.8,4.7,7.0,6.0,7.3,2.0,5.57,4.83,Apartment,3074000.0,4,3781000.0,23.0
1135.0,2.0,3.0,24.0,5.7,14.4,9.2,8.6,1.0,25.4,0.0,5.59,5.05,Apartment,3167000.0,5,3951000.0,24.76
2074.0,,1.0,11.0,5.5,18.0,2.4,4.7,2.0,,2.0,9.99,3.89,Independent House,6756000.0,5,9310000.0,37.8
844.0,2.0,2.0,9.0,4.5,13.6,4.9,4.4,3.9,19.8,2.0,5.9,3.13,Apartment,2459000.0,3,2719000.0,10.57
903.0,1.0,1.0,12.0,4.9,11.5,2.1,6.1,0.9,23.8,2.0,8.97,5.73,Apartment,3134000.0,2,3595000.0,14.71
1358.0,2.0,2.0,16.0,1.0,18.7,12.1,2.9,4.0,38.3,1.0,5.64,2.32,Apartment,1487000.0,2,1565000.0,5.25
2623.0,4.0,4.0,4.0,2.3,18.8,2.5,2.9,4.9,55.8,2.0,5.58,,Independent House,5444000.0,2,5819000.0,6.89
927.0,2.0,1.0,4.0,3.6,12.1,4.7,2.8,1.0,38.5,0.0,6.2,4.85,Apartment,1977000.0,4,2280000.0,15.33
893.0,1.0,3.0,11.0,4.3,15.4,6.0,5.6,4.3,46.9,,6.43,0.92,Apartment,1809000.0,4,2096000.0,15.87
3352.0,6.0,5.0,17.0,9.5,6.8,3.5,6.3,1.6,11.9,1.0,6.85,4.88,Independent House,20932000.0,3,24794000.0,18.45
620.0,3.0,3.0,17.0,1.0,23.3,4.0,4.4,3.5,42.8,0.0,4.52,3.56,Apartment,877000.0,2,920000.0,4.9
1420.0,3.0,2.0,4.0,7.5,8.3,7.5,3.7,3.5,31.9,0.0,6.64,4.47,Apartment,4878000.0,3,5771000.0,18.31
891.0,1.0,2.0,21.0,6.0,9.6,4.1,4.6,7.3,25.3,2.0,5.29,3.16,Apartment,2414000.0,1,2496000.0,3.4
1171.0,2.0,2.0,5.0,4.0,8.0,11.8,3.1,5.7,25.4,1.0,3.68,3.31,apartment,2032000.0,5,2362000.0,16.24
1500.0,3.0,3.0,12.0,8.8,0.7,1.4,6.6,2.1,26.8,1.0,7.31,5.5,Apartment,8835000.0,1,9561000.0,8.22
1332.0,3.0,3.0,5.0,2.3,19.5,0.4,6.5,2.6,43.8,1.0,5.09,5.35,Apartment,2795000.0,5,3389000.0,21.25
1775.0,4.0,4.0,11.0,8.7,12.4,1.7,6.6,2.2,16.4,2.0,7.15,5.68,Independent House,10705000.0,5,14298000.0,33.56
1758.0,3.0,4.0,3.0,7.6,7.0,4.9,8.3,0.8,13.1,1.0,3.98,5.32,Independent House,9415000.0,3,10991000.0,16.74
1084.0,2.0,2.0,20.0,5.3,5.4,8.8,5.1,1.7,27.8,1.0,5.15,1.22,Apartment,2839000.0,5,3213000.0,13.17
1133.0,2.0,1.0,20.0,8.3,6.8,1.4,7.0,2.1,16.6,2.0,7.79,8.23,Apartment,6192000.0,5,9263000.0,49.6
1189.0,2.0,2.0,11.0,6.4,1.2,1.6,6.7,0.4,39.6,1.0,6.72,3.59,Apartment,4923000.0,2,5500000.0,11.72
1405.0,1.0,1.0,2.0,3.7,12.9,2.5,5.4,1.3,28.6,1.0,4.2,2.33,Apartment,3585000.0,4,4162000.0,16.09
1728.0,3.0,3.0,15.0,7.4,9.7,3.0,4.9,5.0,31.0,2.0,6.54,3.36,Apt,5666000.0,2,6266000.0,10.59
821.0,2.0,2.0,21.0,5.2,14.8,1.1,7.0,1.6,43.2,0.0,6.77,4.75,Apartment,2118000.0,4,2586000.0,22.1
1759.0,4.0,3.0,24.0,7.0,3.0,2.4,3.9,1.1,12.5,1.0,7.4,4.53,Apartment,6885000.0,1,7225000.0,4.94
2425.0,5.0,3.0,24.0,6.6,1.5,0.5,4.7,1.8,37.0,2.0,5.62,1.47,,12662000.0,5,15431000.0,21.87
1114.0,2.0,1.0,,6.7,7.9,1.3,6.9,2.2,29.3,2.0,5.34,5.31,Independent House,4775000.0,3,5767000.0,20.77
1828.0,3.0,3.0,5.0,3.7,14.5,3.9,,1.4,36.9,0.0,4.88,5.98,,4374000.0,4,5359000.0,22.52
1396.0,2.0,2.0,6.0,6.3,11.3,5.8,6.7,2.1,26.5,0.0,4.96,3.22,Apartment,4689000.0,3,5397000.0,15.1
1513.0,3.0,3.0,9.0,3.0,15.0,3.6,2.9,2.3,34.8,3.0,4.7,2.95,Independent House,3429000.0,3,3690000.0,7.61
822.0,2.0,2.0,3.0,7.7,3.5,3.8,4.7,1.0,35.0,2.0,4.98,2.69,Flat,3462000.0,3,3859000.0,11.47
1068.0,2.0,2.0,10.0,4.2,11.2,3.2,3.7,1.8,18.8,1.0,5.84,5.1,Apartment,2721000.0,5,3372000.0,23.93
1744.0,4.0,3.0,,6.5,10.5,4.0,4.2,9.3,10.8,0.0,6.17,5.83,Apartment,5411000.0,5,6839000.0,26.39
616.0,1.0,2.0,2.0,6.8,7.0,1.2,5.6,4.4,46.8,1.0,6.78,2.09,Apartment,2347000.0,4,2794000.0,19.05
1479.0,2.0,2.0,9.0,5.7,12.3,2.9,4.9,2.5,34.1,2.0,7.52,5.58,Independent House,5110000.0,3,5877000.0,15.01
2353.0,4.0,3.0,26.0,8.3,9.7,2.3,5.1,3.9,21.3,4.0,6.85,2.26,Villa,13547000.0,1,14265000.0,5.3
827.0,1.0,1.0,6.0,5.9,16.7,9.4,7.5,1.8,22.3,2.0,6.7,2.53,Apartment,2933000.0,2,3136000.0,6.92
1657.0,2.0,,10.0,4.8,10.2,0.5,3.1,0.9,34.3,1.0,5.44,2.04,Independent House,4989000.0,2,5442000.0,9.08
974.0,3.0,3.0,8.0,5.0,9.0,2.2,4.9,0.6,34.0,1.0,6.8,2.43,Apartment,2990000.0,2,3270000.0,9.36
978.0,2.0,2.0,25.0,9.2,0.5,1.1,4.5,1.2,22.1,2.0,9.72,7.48,apartment,4571000.0,3,5742000.0,25.62
1925.0,4.0,3.0,20.0,6.8,5.0,3.2,7.0,1.2,34.6,2.0,6.5,3.49,Independent House,8247000.0,3,9520000.0,15.44
642.0,1.0,1.0,27.0,8.0,10.4,,8.2,1.8,16.7,0.0,7.39,5.51,Apartment,2471000.0,2,2833000.0,14.65
2883.0,4.0,5.0,11.0,6.6,7.9,2.7,7.4,1.9,26.3,1.0,5.5,4.5,Independent House,13465000.0,5,17573000.0,30.51
1418.0,2.0,2.0,,5.4,5.3,,3.1,2.2,22.6,,5.98,6.84,Apartment,5377000.0,4,6775000.0,26.0
1520.0,,2.0,11.0,3.7,19.5,6.3,7.9,2.1,25.1,2.0,4.7,5.67,Independent House,4398000.0,1,4617000.0,4.98
790.0,1.0,1.0,16.0,3.1,11.6,3.5,4.4,7.0,29.5,1.0,5.7,3.22,Apartment,1323000.0,2,1414000.0,6.88
1880.0,4.0,4.0,19.0,5.7,15.3,10.7,5.1,3.8,22.3,1.0,5.56,2.38,Independent House,5889000.0,3,6285000.0,6.72
1228.0,3.0,2.0,9.0,4.2,13.9,4.0,5.1,1.5,41.3,1.0,6.65,0.94,Apartment,3370000.0,3,3731000.0,10.71
1186.0,3.0,2.0,8.0,5.6,16.8,9.1,5.2,13.2,25.0,0.0,5.5,2.57,Apartment,2568000.0,1,2671000.0,4.01
1282.0,2.0,2.0,7.0,4.7,13.9,5.0,4.8,4.5,25.2,2.0,5.02,,Flat,3474000.0,4,3814000.0,9.79
2278.0,5.0,5.0,6.0,4.0,23.7,1.6,4.1,4.4,42.3,1.0,6.69,2.5,Independent House,5985000.0,4,7407000.0,23.76
1606.0,3.0,3.0,32.0,5.9,13.6,5.9,,2.0,31.6,2.0,5.37,0.92,Independent House,3966000.0,1,4014000.0,1.21
1552.0,3.0,2.0,15.0,2.3,13.2,4.8,,4.1,44.7,1.0,5.0,2.95,House,2726000.0,5,3052000.0,11.96
1573.0,2.0,3.0,7.0,6.0,15.5,4.5,7.5,,34.0,3.0,7.46,5.69,Independent House,5517000.0,1,5870000.0,6.4
2285.0,4.0,3.0,1.0,4.7,4.7,2.6,6.9,2.7,36.7,1.0,6.48,7.23,Independent House,8897000.0,5,11623000.0,30.64
2888.0,4.0,3.0,21.0,9.2,1.2,2.0,8.8,0.9,28.7,4.0,,1.29,Villa,23370000.0,5,29253000.0,25.17
1178.0,2.0,2.0,37.0,6.8,12.1,4.1,5.7,2.6,23.7,2.0,4.57,4.53,Apartment,2809000.0,1,2892000.0,2.95
667.0,2.0,1.0,4.0,9.8,13.3,4.6,5.6,4.0,17.2,2.0,4.26,5.13,Apartment,3066000.0,2,3408000.0,11.15
885.0,2.0,2.0,20.0,9.0,1.9,1.5,5.1,3.2,15.9,2.0,8.11,5.17,Apartment,4919000.0,1,5263000.0,6.99
1921.0,3.0,3.0,,5.7,11.9,1.4,6.3,1.6,31.0,3.0,5.98,2.13,villa,8334000.0,2,9083000.0,8.99
1421.0,2.0,2.0,3.0,8.3,12.7,17.3,6.8,5.6,15.2,3.0,3.15,5.45,Independent House,5468000.0,2,5756000.0,5.27
811.0,1.0,1.0,11.0,9.1,0.5,4.8,8.9,1.5,14.5,1.0,6.91,7.35,Apartment,5436000.0,1,5905000.0,8.63
1143.0,1.0,1.0,47.0,3.5,17.5,3.9,4.2,1.6,59.8,,5.82,7.41,Apartment,1170000.0,1,1210000.0,3.42
1039.0,2.0,2.0,13.0,8.1,3.3,,4.1,2.7,2.0,1.0,7.39,7.96,Apartment,4377000.0,3,5540000.0,26.57
1194.0,2.0,2.0,11.0,3.2,21.6,4.9,2.1,4.9,18.2,0.0,7.63,2.27,Apartment,2548000.0,3,2912000.0,14.29
1191.0,2.0,2.0,10.0,7.5,3.5,1.6,5.6,1.0,20.1,0.0,7.33,4.06,Apartment,5497000.0,2,6137000.0,11.64
929.0,2.0,2.0,24.0,7.3,13.5,4.6,6.0,1.3,25.8,1.0,4.79,3.28,Apartment,2930000.0,3,3303000.0,12.73
882.0,1.0,1.0,7.0,4.4,2.0,1.9,6.3,1.0,30.2,1.0,7.52,5.52,Apartment,3151000.0,4,4044000.0,28.34
1521.0,3.0,3.0,11.0,9.5,0.5,0.9,6.4,0.5,20.4,0.0,6.73,3.07,Apartment,10115000.0,2,11426000.0,12.96
976.0,2.0,2.0,16.0,6.4,18.6,4.7,6.0,11.2,,0.0,6.22,3.06,Apartment,2580000.0,4,2900000.0,12.4
1411.0,2.0,2.0,32.0,8.9,3.7,1.0,5.8,1.5,10.4,2.0,5.73,7.01,Apartment,6790000.0,5,8694000.0,28.04
989.0,2.0,,8.0,7.2,7.9,1.7,5.5,0.8,25.7,1.0,5.54,0.53,Flat,3722000.0,2,4080000.0,9.62
1456.0,2.0,1.0,,8.1,6.6,1.8,5.8,3.0,27.3,1.0,5.61,5.33,Independent House,6385000.0,2,7279000.0,14.0
1476.0,3.0,3.0,28.0,8.9,13.9,5.8,6.4,0.8,15.0,,6.41,5.96,Apartment,6012000.0,5,8385000.0,39.47
1144.0,2.0,2.0,8.0,3.2,11.0,6.6,,2.2,30.7,0.0,7.66,-1.31,Apartment,2263000.0,4,2508000.0,10.83
3128.0,6.0,5.0,4.0,5.5,6.2,2.7,3.3,,30.6,3.0,7.07,2.8,Villa,16468000.0,5,22056000.0,33.93
2193.0,3.0,3.0,12.0,5.0,13.9,4.0,6.5,9.4,29.0,2.0,4.27,1.37,Villa,7476000.0,5,8253000.0,10.39
1482.0,2.0,3.0,25.0,8.0,2.8,5.1,8.9,1.2,18.1,3.0,6.89,2.83,Independent House,8480000.0,1,9001000.0,6.14
2273.0,4.0,4.0,4.0,10.0,5.9,2.5,9.7,1.6,17.4,3.0,7.13,3.83,Villa,24975000.0,1,26724000.0,7.0
2383.0,4.0,3.0,6.0,5.0,11.0,2.1,6.5,1.3,25.2,3.0,5.09,2.59,Independent House,8817000.0,2,9516000.0,7.93
917.0,1.0,2.0,6.0,4.4,13.5,2.8,,4.5,47.6,2.0,5.01,3.97,Apartment,1936000.0,3,2098000.0,8.37
983.0,2.0,3.0,22.0,6.9,9.4,5.3,3.8,2.1,,0.0,6.16,5.61,Apartment,2755000.0,3,3165000.0,14.88
1884.0,4.0,3.0,9.0,6.0,8.6,6.1,6.2,1.8,30.2,3.0,8.75,6.17,Independent House,6897000.0,5,9939000.0,44.11
1920.0,3.0,2.0,21.0,9.0,2.7,3.0,5.8,1.3,26.4,2.0,7.47,5.41,,8692000.0,1,9200000.0,5.84
1094.0,2.0,2.0,14.0,4.6,13.0,1.6,6.3,1.7,31.0,2.0,5.39,3.8,Apartment,2853000.0,4,3237000.0,13.46
1169.0,2.0,2.0,13.0,3.5,20.2,1.3,,1.8,16.0,2.0,5.77,3.68,Independent House,3192000.0,3,3703000.0,16.01
1388.0,3.0,3.0,6.0,6.1,14.8,3.2,8.0,1.8,35.5,1.0,6.29,,Apartment,4347000.0,4,5393000.0,24.06
1383.0,3.0,3.0,5.0,9.0,8.0,5.9,8.3,3.2,22.0,0.0,5.19,1.37,Apartment,7312000.0,4,8999000.0,23.07
1552.0,2.0,3.0,19.0,9.6,0.5,1.8,7.2,1.3,33.5,2.0,5.79,2.55,Independent House,8974000.0,3,10203000.0,13.7
2305.0,6.0,5.0,9.0,3.9,15.2,6.6,7.2,2.9,42.1,3.0,5.54,5.72,Independent House,5656000.0,5,6730000.0,18.99
1064.0,2.0,2.0,39.0,5.2,13.9,6.4,5.0,0.9,40.1,0.0,6.61,2.58,Apartment,1768000.0,1,1830000.0,3.51
2356.0,3.0,2.0,,6.0,2.1,3.9,6.5,0.9,40.6,1.0,4.5,2.51,Independent House,7414000.0,1,7596000.0,2.45
4330.0,6.0,4.0,14.0,4.3,30.8,25.0,4.5,6.0,27.6,2.0,6.3,1.3,Villa,6486000.0,5,7045000.0,8.62
655.0,2.0,3.0,18.0,3.4,14.3,3.1,7.9,1.6,44.6,1.0,5.44,3.14,Apartment,1560000.0,2,1674000.0,7.31
845.0,2.0,,4.0,8.9,11.5,0.2,5.1,1.9,41.4,1.0,7.85,2.75,,4267000.0,5,5612000.0,31.52
1855.0,5.0,5.0,23.0,8.3,12.9,4.2,5.1,1.7,27.7,3.0,6.01,2.52,Independent House,8086000.0,1,8395000.0,3.82
746.0,2.0,3.0,14.0,6.2,11.3,3.9,5.5,2.7,17.3,2.0,7.28,3.86,APARTMENT,2458000.0,5,3139000.0,27.71
802.0,1.0,,45.0,4.3,9.7,0.9,4.1,1.2,34.5,2.0,5.36,3.32,Apartment,1618000.0,3,1727000.0,6.74
1302.0,2.0,2.0,,7.3,22.2,4.1,6.4,8.7,22.1,0.0,6.03,6.82,Apartment,3795000.0,1,4034000.0,6.3
953.0,1.0,2.0,6.0,6.3,12.9,2.3,2.5,1.9,26.7,1.0,5.0,3.73,Apartment,2338000.0,2,2570000.0,9.92
1346.0,2.0,1.0,29.0,5.8,12.7,4.7,6.9,1.3,13.2,3.0,3.26,1.14,Independent House,4323000.0,4,4940000.0,14.27
2764.0,5.0,5.0,5.0,5.6,10.4,10.8,4.2,1.2,17.2,2.0,6.26,0.11,Independent House,8138000.0,3,9344000.0,14.82
1368.0,2.0,2.0,5.0,4.3,17.0,14.1,5.5,12.3,30.9,1.0,5.75,1.36,Independent House,2285000.0,3,2385000.0,4.38
1360.0,2.0,2.0,6.0,2.4,16.3,4.0,2.6,1.3,38.8,1.0,7.89,2.41,Apartment,2361000.0,3,2627000.0,11.27
682.0,1.0,2.0,1.0,6.5,10.8,4.2,5.0,2.6,25.7,1.0,6.91,5.0,Apartment,2213000.0,2,2515000.0,13.65
1392.0,2.0,2.0,12.0,9.5,0.5,1.4,7.6,1.0,24.7,1.0,7.07,5.23,Apartment,10144000.0,3,12338000.0,21.63
1341.0,3.0,3.0,14.0,6.7,12.7,3.2,,0.8,32.8,0.0,5.89,5.49,Apartment,4074000.0,1,4246000.0,4.22
1287.0,3.0,2.0,15.0,4.1,19.2,10.7,2.5,8.1,28.2,1.0,3.59,2.72,Apartment,2236000.0,3,2370000.0,5.99
1659.0,3.0,3.0,25.0,7.1,9.2,3.0,5.5,5.3,30.3,2.0,6.15,4.24,apartment,4755000.0,3,5472000.0,15.08
838.0,,2.0,3.0,6.2,11.7,6.3,4.2,2.6,25.4,1.0,6.58,5.82,Apartment,2644000.0,1,2791000.0,5.56
1261.0,3.0,2.0,13.0,6.3,2.7,0.8,4.2,0.8,34.1,2.0,3.16,2.51,Independent House,5216000.0,4,5656000.0,8.44
2530.0,5.0,4.0,16.0,2.7,19.4,7.5,2.1,0.8,40.5,1.0,7.41,3.82,Independent House,4348000.0,2,4597000.0,5.73
1155.0,3.0,3.0,13.0,3.1,20.4,10.2,7.4,1.9,41.7,1.0,4.0,-0.78,apartment,2015000.0,4,2129000.0,5.66
1141.0,2.0,2.0,16.0,5.6,19.2,6.1,5.3,2.2,34.7,1.0,3.16,3.39,Independent House,2772000.0,2,2891000.0,4.29
2456.0,5.0,5.0,3.0,3.7,22.8,5.4,4.2,1.7,33.6,1.0,4.23,1.17,Independent House,6218000.0,4,6963000.0,11.98
1678.0,3.0,3.0,11.0,7.7,3.4,1.5,7.4,1.2,24.9,2.0,4.7,4.29,Independent House,9708000.0,5,12488000.0,28.64
3359.0,6.0,5.0,11.0,2.7,18.1,1.0,4.5,8.3,34.5,4.0,5.72,3.18,Villa,11260000.0,2,12108000.0,7.53
951.0,4.0,3.0,2.0,2.7,14.6,7.8,4.8,5.0,35.5,1.0,8.23,3.55,Independent House,2111000.0,4,2461000.0,16.58
1184.0,2.0,,,5.7,24.4,15.3,5.7,6.0,33.5,1.0,5.53,0.19,Apartment,1856000.0,4,1819000.0,-1.99
966.0,3.0,2.0,12.0,7.0,7.4,2.0,7.2,1.6,16.1,1.0,6.42,5.79,Independent House,5474000.0,2,6258000.0,14.32
2027.0,5.0,,9.0,5.7,15.3,2.5,7.2,5.7,46.1,1.0,7.89,1.71,Independent House,6963000.0,4,8678000.0,24.63
1213.0,2.0,2.0,26.0,4.3,9.7,1.7,4.8,2.9,31.0,1.0,6.4,3.8,Independent House,3411000.0,4,3876000.0,13.63
2811.0,5.0,4.0,21.0,7.8,9.6,2.4,5.2,0.8,19.6,2.0,7.52,5.25,Independent House,13202000.0,2,14890000.0,12.79
2072.0,4.0,4.0,4.0,2.0,21.1,3.8,6.3,6.3,39.0,1.0,4.98,2.57,Independent House,4105000.0,5,4750000.0,15.71
1678.0,3.0,4.0,18.0,6.6,8.4,2.2,6.7,6.2,41.6,2.0,6.96,3.97,Independent House,6076000.0,2,6738000.0,10.9
1980.0,4.0,4.0,28.0,5.3,16.8,2.4,5.1,2.9,26.4,1.0,6.67,5.13,Independent House,5791000.0,4,7085000.0,22.35
1858.0,3.0,3.0,7.0,6.1,14.1,1.6,8.5,0.7,,3.0,4.92,0.81,Independent House,8323000.0,2,8879000.0,6.68
1792.0,3.0,4.0,4.0,6.2,21.1,3.3,4.5,1.6,25.9,1.0,6.43,,Independent House,6443000.0,2,7038000.0,9.23
1044.0,1.0,2.0,37.0,6.1,16.8,8.1,4.8,5.6,38.7,0.0,4.81,1.63,Apartment,1693000.0,4,1901000.0,12.29
1666.0,3.0,3.0,28.0,4.1,16.5,0.9,4.2,7.6,34.0,1.0,5.41,2.23,Apartment,3416000.0,2,3689000.0,7.99
989.0,1.0,2.0,19.0,10.0,1.7,1.2,5.0,0.7,21.8,3.0,7.35,6.61,Independent House,5777000.0,4,7485000.0,29.57
2642.0,5.0,4.0,10.0,3.3,17.8,6.6,3.0,3.8,50.6,4.0,5.54,-1.25,Villa,6876000.0,1,7028000.0,2.21
2381.0,5.0,4.0,7.0,10.0,9.7,0.6,4.3,1.3,22.4,1.0,4.79,5.14,Independent House,13926000.0,4,17910000.0,28.61
1176.0,2.0,3.0,5.0,5.7,18.0,4.4,4.3,2.4,31.5,0.0,7.98,5.37,Apartment,3467000.0,1,3687000.0,6.35
1697.0,,3.0,,7.2,12.7,3.2,6.0,5.6,27.2,2.0,8.15,5.2,Independent House,7341000.0,4,9399000.0,28.03
743.0,1.0,1.0,15.0,4.0,11.7,1.5,5.6,2.5,47.9,0.0,5.77,2.86,Apartment,1609000.0,1,1678000.0,4.29
1731.0,2.0,2.0,18.0,4.1,26.0,3.9,5.9,3.0,32.0,2.0,6.87,-0.31,House,3190000.0,2,3301000.0,3.48
1924.0,4.0,4.0,8.0,6.0,9.5,3.9,6.7,1.7,35.6,3.0,5.69,5.88,Independent House,7628000.0,2,8460000.0,10.91
1023.0,2.0,3.0,50.0,9.2,5.4,,6.7,1.5,28.9,2.0,4.13,3.96,apartment,3093000.0,1,3179000.0,2.78
503.0,1.0,2.0,16.0,3.7,22.9,3.3,3.6,5.0,44.3,2.0,4.57,3.57,Apartment,823000.0,2,866000.0,5.22
1244.0,3.0,3.0,11.0,7.2,8.0,4.7,6.8,3.1,30.6,0.0,4.16,4.99,Apartment,4117000.0,4,4974000.0,20.82
1304.0,3.0,3.0,22.0,8.7,0.5,1.6,6.1,1.1,,1.0,5.63,6.48,Apartment,6657000.0,2,7375000.0,10.79
848.0,1.0,2.0,6.0,4.7,12.7,1.6,5.6,3.9,31.7,0.0,6.04,4.21,Apartment,2414000.0,2,2730000.0,13.09
2070.0,4.0,3.0,9.0,6.5,3.3,1.2,4.6,1.3,34.3,2.0,5.77,2.67,Independent House,8793000.0,2,9802000.0,11.48
1518.0,3.0,3.0,12.0,2.6,19.3,1.6,4.4,1.9,31.4,1.0,6.26,5.34,Apartment,3110000.0,4,3964000.0,27.46
1857.0,2.0,2.0,4.0,5.6,13.0,3.3,5.3,6.0,,1.0,4.48,4.29,Independent House,4891000.0,3,5444000.0,11.31
2532.0,5.0,5.0,18.0,8.0,5.9,1.7,5.6,1.4,21.9,3.0,5.41,3.06,Independent House,15788000.0,2,17297000.0,9.56
1716.0,3.0,,3.0,6.7,,7.0,5.0,1.9,27.3,0.0,6.41,3.08,Apartment,5819000.0,4,7219000.0,24.06
1291.0,2.0,3.0,7.0,6.2,9.1,3.5,3.5,1.9,24.8,2.0,5.59,4.2,Independent House,4839000.0,4,5757000.0,18.97
1146.0,2.0,1.0,9.0,3.2,16.5,1.6,3.8,3.7,23.0,0.0,4.91,-1.09,Apartment,2367000.0,2,2430000.0,2.66
1203.0,2.0,2.0,,7.7,4.3,2.2,6.3,2.4,23.3,1.0,8.72,6.84,Apartment,4756000.0,3,5708000.0,20.02
2746.0,5.0,4.0,21.0,8.2,4.9,3.4,6.7,2.7,44.1,,8.18,5.93,Independent House,12951000.0,4,16368000.0,26.38
938.0,1.0,2.0,21.0,8.2,11.8,3.2,9.0,,32.2,1.0,8.83,8.4,Apartment,5405000.0,4,7552000.0,39.72
812.0,1.0,1.0,5.0,4.0,13.7,4.2,4.5,4.7,41.4,0.0,6.52,6.55,Apt,1675000.0,4,2013000.0,20.18
951.0,1.0,2.0,27.0,6.9,8.4,3.0,5.8,4.1,25.1,1.0,5.27,3.83,Apartment,2817000.0,4,3431000.0,21.8
3043.0,4.0,3.0,17.0,2.8,15.8,1.0,4.2,2.5,33.3,2.0,5.21,3.38,Villa,7917000.0,1,8207000.0,3.66
2069.0,4.0,4.0,10.0,9.1,11.7,1.8,6.5,4.2,16.5,3.0,7.97,4.0,Independent House,13197000.0,1,14210000.0,7.68
893.0,1.0,1.0,11.0,7.7,0.5,0.7,4.3,1.0,35.6,2.0,6.0,5.57,Apartment,3385000.0,5,4645000.0,37.22
1201.0,2.0,2.0,13.0,5.4,19.1,8.3,,2.2,44.3,2.0,4.32,2.43,Apartment,2446000.0,3,2646000.0,8.18
1675.0,,2.0,12.0,7.9,9.6,2.2,2.1,1.7,22.6,3.0,7.23,1.99,Independent House,6590000.0,1,6871000.0,4.26
668.0,,2.0,29.0,5.4,5.7,4.7,3.1,,,2.0,5.5,3.27,Apartment,1554000.0,4,1867000.0,20.14
1780.0,3.0,3.0,37.0,5.9,14.5,8.9,4.8,5.8,29.1,2.0,6.31,5.63,Apartment,3146000.0,1,3275000.0,4.1
987.0,1.0,1.0,16.0,6.1,14.4,4.4,6.4,,49.4,2.0,5.06,4.97,Apartment,2610000.0,5,3057000.0,17.13
1375.0,3.0,2.0,2.0,6.7,0.5,2.1,5.9,0.7,30.4,1.0,5.0,3.08,Apartment,6495000.0,5,7976000.0,22.8
1836.0,3.0,2.0,5.0,5.1,21.3,4.5,6.3,2.8,50.0,3.0,7.67,3.88,Independent House,4657000.0,3,5454000.0,17.11
802.0,2.0,2.0,12.0,7.4,13.9,5.2,6.1,1.5,28.3,2.0,6.98,5.14,Apartment,3087000.0,2,3479000.0,12.7
843.0,1.0,2.0,32.0,7.9,6.4,2.0,4.6,1.3,19.1,1.0,6.3,8.07,Apartment,3117000.0,1,3334000.0,6.96
1271.0,2.0,2.0,18.0,5.5,15.4,5.2,6.4,1.9,35.5,1.0,7.6,0.4,Apartment,3180000.0,1,3295000.0,3.62
1431.0,3.0,2.0,20.0,8.7,10.6,1.3,5.7,1.9,37.5,2.0,6.07,5.87,Apartment,4917000.0,1,5141000.0,4.56
1266.0,2.0,1.0,3.0,10.0,2.6,1.7,6.4,2.2,22.7,0.0,8.84,,Apartment,8137000.0,1,8845000.0,8.7
715.0,2.0,2.0,15.0,5.8,1.5,0.4,4.8,1.6,135.0,1.0,8.78,5.77,Apartment,2776000.0,1,2965000.0,6.81
2671.0,5.0,5.0,,2.8,22.3,3.3,4.9,7.7,51.2,4.0,4.91,4.4,Villa,7696000.0,1,7980000.0,3.69
2026.0,,2.0,1.0,8.1,12.0,1.1,6.8,3.5,22.0,1.0,8.38,7.34,Independent House,10104000.0,1,11034000.0,9.2
751.0,1.0,1.0,16.0,2.2,14.4,8.9,2.8,4.7,44.5,2.0,6.28,3.26,Apartment,994000.0,5,1090000.0,9.66
1746.0,2.0,2.0,19.0,1.3,19.8,6.1,3.8,9.1,45.1,2.0,6.11,4.6,Independent House,2322000.0,5,2582000.0,11.2
873.0,1.0,1.0,7.0,6.5,11.4,8.4,6.0,,40.9,0.0,4.85,4.43,Apartment,2445000.0,4,2992000.0,22.37
902.0,1.0,1.0,21.0,7.7,9.8,3.7,5.3,0.7,21.3,1.0,5.16,3.19,Apartment,3186000.0,1,3330000.0,4.52
2463.0,6.0,6.0,10.0,3.7,15.2,1.8,5.7,4.8,21.5,3.0,8.23,8.37,Villa,11157000.0,3,13959000.0,25.11
1975.0,3.0,3.0,17.0,6.7,11.0,4.3,5.9,1.5,8.5,1.0,6.08,2.58,Independent House,7454000.0,5,9010000.0,20.87
1722.0,2.0,2.0,25.0,4.9,9.8,2.4,5.9,4.2,32.5,,7.21,4.92,Apartment,4071000.0,1,4308000.0,5.82
985.0,2.0,2.0,15.0,7.9,7.6,2.3,5.7,1.1,15.6,2.0,5.59,4.75,Apartment,3741000.0,2,4188000.0,11.95
966.0,3.0,3.0,28.0,6.8,12.1,1.3,3.6,3.8,30.2,0.0,5.05,3.38,Apartment,2674000.0,4,3120000.0,16.68
990.0,1.0,1.0,0.0,6.4,14.3,1.4,5.2,1.4,27.0,1.0,6.31,3.5,Apartment,3564000.0,3,4204000.0,17.96
701.0,1.0,1.0,15.0,5.8,9.1,1.1,6.1,1.3,,1.0,5.84,0.41,Apartment,2441000.0,1,2520000.0,3.24
2439.0,4.0,4.0,10.0,5.2,16.0,3.4,4.4,5.9,34.1,3.0,4.63,2.71,Independent House,6313000.0,3,7212000.0,14.24
682.0,1.0,1.0,7.0,2.4,23.6,3.7,2.4,6.0,53.9,0.0,7.25,2.4,Apartment,864000.0,1,896000.0,3.7
1334.0,1.0,2.0,6.0,5.7,15.1,6.8,5.2,2.1,31.5,0.0,7.01,4.78,Apartment,3410000.0,4,4027000.0,18.09
1427.0,2.0,4.0,17.0,6.3,17.5,1.7,5.8,7.7,32.2,2.0,4.52,4.18,Apartment,4825000.0,2,5263000.0,9.08
596.0,1.0,2.0,5.0,5.6,15.9,1.2,8.2,3.0,25.2,0.0,6.26,4.02,Apartment,2130000.0,4,2632000.0,23.57
1072.0,2.0,2.0,5.0,5.4,11.5,2.7,6.7,4.9,38.9,3.0,6.13,5.32,Independent House,3918000.0,3,4483000.0,14.42
989.0,2.0,3.0,6.0,2.9,10.6,1.8,7.0,0.6,39.7,1.0,5.96,2.89,Apartment,2520000.0,5,3007000.0,19.33
1217.0,2.0,2.0,5.0,6.0,16.3,5.9,8.1,2.6,23.8,2.0,5.87,3.1,Apartment,4444000.0,1,4634000.0,4.28
1966.0,2.0,3.0,17.0,6.1,5.5,2.3,6.8,3.3,17.4,1.0,5.5,3.81,Apartment,6970000.0,3,8130000.0,16.64
1778.0,4.0,4.0,16.0,6.3,13.5,5.5,6.1,5.2,14.2,0.0,7.99,7.72,Apartment,5756000.0,1,6199000.0,7.7
3796.0,6.0,5.0,19.0,6.2,10.8,2.1,7.8,3.0,31.3,3.0,7.25,1.63,Villa,24154000.0,5,28727000.0,18.93
2734.0,5.0,4.0,14.0,1.2,24.3,3.3,4.2,9.4,46.9,3.0,4.03,0.43,Independent House,4033000.0,2,4146000.0,2.8
1231.0,2.0,2.0,25.0,6.8,8.0,3.1,7.7,1.6,35.8,2.0,5.32,4.04,Independent House,4901000.0,3,5605000.0,14.36
1863.0,3.0,3.0,3.0,4.1,6.8,1.9,4.1,,43.1,3.0,5.6,3.14,Independent House,6294000.0,2,6825000.0,8.44
1302.0,3.0,2.0,2.0,6.8,11.2,1.5,5.9,0.9,31.4,2.0,7.3,5.56,Apartment,5350000.0,2,6036000.0,12.82
1518.0,3.0,2.0,1.0,5.5,18.0,4.1,,3.0,46.9,1.0,5.41,5.03,Independent House,4142000.0,1,4318000.0,4.25
829.0,2.0,2.0,17.0,5.1,12.7,0.9,7.3,1.3,45.5,1.0,,3.05,Flat,2437000.0,2,2701000.0,10.83
2282.0,5.0,4.0,15.0,7.7,3.7,0.9,8.0,2.9,29.0,2.0,6.56,3.92,Independent House,13020000.0,2,14900000.0,14.44
1405.0,2.0,2.0,12.0,8.8,9.5,1.8,4.4,2.6,35.5,3.0,8.42,4.4,Independent House,6537000.0,2,7375000.0,12.82
,6.0,5.0,11.0,6.3,12.4,4.4,5.0,2.8,30.8,1.0,4.89,6.29,Independent House,13242000.0,2,14387000.0,8.65
1317.0,4.0,4.0,8.0,7.4,9.5,1.6,7.3,4.0,18.6,2.0,5.71,4.12,Independent House,7446000.0,4,9115000.0,22.41
3630.0,6.0,6.0,9.0,6.8,12.6,5.7,7.2,1.2,18.2,2.0,5.11,4.13,Villa,17852000.0,1,18569000.0,4.02
1357.0,3.0,3.0,10.0,6.5,6.5,1.5,4.6,0.9,37.9,1.0,4.2,5.3,Apartment,5013000.0,2,5415000.0,8.02
2061.0,4.0,4.0,11.0,8.5,8.0,4.8,2.4,5.8,6.0,2.0,4.15,4.94,Independent House,9066000.0,2,10013000.0,10.45
3504.0,6.0,5.0,19.0,6.2,14.1,3.0,4.9,2.3,28.2,3.0,7.92,1.74,Villa,17144000.0,2,18978000.0,10.7
4592.0,6.0,6.0,3.0,5.6,9.3,6.3,8.5,1.1,24.7,4.0,4.47,1.65,Villa,23786000.0,5,27380000.0,15.11
731.0,1.0,2.0,0.0,7.0,9.3,5.0,7.9,4.3,29.3,2.0,7.78,6.15,Apartment,3080000.0,5,4522000.0,46.82
1037.0,1.0,1.0,15.0,7.9,6.4,0.6,6.6,1.7,33.2,1.0,4.55,2.65,Apartment,3797000.0,5,4527000.0,19.23
1586.0,3.0,4.0,21.0,9.2,12.1,2.7,6.8,1.5,26.7,3.0,6.96,5.23,Independent House,8836000.0,1,9348000.0,5.79
2261.0,4.0,4.0,8.0,9.0,3.5,1.8,6.2,1.0,24.4,1.0,5.81,5.27,House,12209000.0,4,14732000.0,20.67
2256.0,4.0,3.0,13.0,4.9,11.0,2.2,,8.2,17.5,4.0,4.65,1.07,Villa,10886000.0,5,13001000.0,19.43
1215.0,3.0,4.0,8.0,4.9,16.0,1.9,6.3,2.7,38.4,1.0,5.97,3.1,Apartment,3432000.0,3,4036000.0,17.6
1687.0,3.0,3.0,26.0,4.9,20.6,11.6,5.7,3.1,33.9,2.0,6.08,2.51,Apartment,2720000.0,3,2959000.0,8.79
2017.0,4.0,3.0,11.0,4.0,13.5,3.6,5.3,2.4,50.5,3.0,6.34,5.62,Independent House,5585000.0,2,5916000.0,5.93
2637.0,4.0,3.0,14.0,2.3,20.4,8.7,3.3,1.4,35.8,2.0,7.3,2.27,Villa,6543000.0,5,7610000.0,16.31
1184.0,1.0,2.0,19.0,5.3,15.0,2.7,6.7,,33.6,2.0,6.9,3.11,Independent House,3275000.0,2,3608000.0,10.17
908.0,3.0,2.0,19.0,4.4,9.5,5.6,6.8,2.7,41.8,1.0,5.0,2.77,Apartment,1882000.0,2,1980000.0,5.21
2159.0,3.0,3.0,18.0,5.3,15.0,9.2,4.8,2.0,36.1,3.0,7.84,5.06,Independent House,5670000.0,4,6968000.0,22.89
1640.0,2.0,2.0,21.0,6.7,9.9,1.7,6.6,1.0,38.3,3.0,7.96,6.54,Independent House,6083000.0,5,8833000.0,45.21
1246.0,2.0,1.0,4.0,7.7,10.0,2.0,,0.5,32.5,0.0,9.06,3.33,Apartment,4962000.0,1,5292000.0,6.65
879.0,,1.0,12.0,7.1,6.2,3.4,6.8,0.6,20.2,2.0,6.88,7.27,Apartment,3955000.0,5,5720000.0,44.63
2983.0,5.0,4.0,18.0,4.4,12.6,6.1,4.0,3.6,26.4,4.0,5.73,,Villa,8912000.0,3,10007000.0,12.29
1068.0,1.0,1.0,4.0,7.6,10.4,,4.4,2.9,26.0,2.0,6.2,1.0,APARTMENT,3950000.0,3,4366000.0,10.53
1174.0,2.0,3.0,11.0,10.0,2.4,1.6,5.2,1.4,24.3,2.0,6.06,2.57,Apartment,5827000.0,3,7170000.0,23.05
4844.0,6.0,5.0,3.0,6.6,10.8,3.0,3.6,2.5,26.5,4.0,7.19,7.3,Villa,22055000.0,4,28552000.0,29.46
2462.0,4.0,3.0,9.0,9.4,0.5,2.9,5.6,0.7,8.9,3.0,3.77,3.37,Villa,19124000.0,2,20679000.0,8.13
1094.0,2.0,2.0,28.0,9.8,14.5,8.6,5.0,2.2,20.4,1.0,7.11,6.74,Apartment,4490000.0,2,4999000.0,11.34
1240.0,1.0,1.0,21.0,7.1,11.3,5.7,7.6,2.5,27.5,1.0,6.31,3.53,Apartment,4422000.0,5,5606000.0,26.78
1327.0,3.0,3.0,14.0,6.7,6.4,3.1,9.1,2.0,30.4,0.0,3.34,2.33,Apartment,5458000.0,4,6424000.0,17.7
2861.0,5.0,4.0,4.0,4.7,14.0,5.8,4.3,5.0,19.0,3.0,6.8,2.94,Villa,9321000.0,5,10281000.0,10.3
760.0,2.0,2.0,,5.6,16.1,3.9,6.3,2.4,41.6,0.0,4.86,2.78,Apartment,2321000.0,1,2411000.0,3.88
1376.0,,2.0,3.0,8.1,5.6,2.1,6.6,2.0,16.7,0.0,6.89,3.51,Apartment,7684000.0,2,8649000.0,12.56
1382.0,2.0,1.0,28.0,3.9,18.3,3.6,3.1,4.9,32.6,2.0,6.81,5.61,Apartment,2705000.0,1,2816000.0,4.1
1561.0,2.0,1.0,4.0,6.5,15.5,1.6,6.5,1.2,26.5,2.0,7.43,,Apartment,5418000.0,2,6126000.0,13.07
2279.0,4.0,5.0,9.0,5.9,5.7,7.2,6.9,0.7,29.8,2.0,3.44,2.04,Independent House,9053000.0,3,9797000.0,8.22
766.0,,2.0,14.0,4.6,8.4,5.8,3.1,3.1,24.1,0.0,7.75,3.5,Apartment,1855000.0,2,2033000.0,9.6
897.0,2.0,2.0,,7.4,13.4,4.5,5.7,1.6,29.5,0.0,7.66,8.58,Apartment,3329000.0,5,4518000.0,35.72
2596.0,4.0,3.0,18.0,3.1,23.6,6.3,7.0,11.1,42.0,2.0,5.24,0.64,Independent House,4633000.0,3,4799000.0,3.58
943.0,1.0,2.0,10.0,5.7,13.9,4.1,4.7,2.1,24.3,1.0,6.27,3.17,Independent House,3206000.0,4,3965000.0,23.67
1284.0,2.0,3.0,4.0,9.1,,0.3,8.6,1.2,32.9,3.0,6.79,5.71,Independent House,9703000.0,4,12993000.0,33.91
907.0,2.0,2.0,15.0,8.6,9.3,0.5,5.6,3.7,24.3,2.0,5.78,3.46,Apartment,4203000.0,1,4345000.0,3.38
742.0,1.0,1.0,23.0,3.6,8.2,1.5,6.9,1.6,38.4,0.0,,1.93,Apartment,1473000.0,4,1696000.0,15.14
1466.0,3.0,3.0,4.0,6.3,8.3,2.5,6.2,4.4,37.3,1.0,6.32,2.76,Apartment,5189000.0,3,5985000.0,15.34
1092.0,3.0,3.0,7.0,5.9,17.4,7.2,5.4,3.6,28.1,,3.65,2.25,Apartment,3280000.0,2,3456000.0,5.37
3895.0,6.0,4.0,7.0,9.5,2.2,0.9,6.1,1.9,16.9,4.0,4.19,1.8,Villa,35795000.0,3,42935000.0,19.95
1971.0,3.0,2.0,42.0,3.5,17.7,7.7,5.5,4.6,41.7,2.0,6.09,4.59,Independent House,2821000.0,1,2875000.0,1.91
2010.0,3.0,3.0,14.0,4.4,6.8,1.1,5.1,7.5,53.6,0.0,4.95,2.18,Apartment,4857000.0,5,6212000.0,27.9
3566.0,6.0,5.0,12.0,4.5,15.8,4.1,4.5,4.2,44.3,3.0,5.73,4.61,Villa,11043000.0,2,11970000.0,8.39
1166.0,2.0,3.0,12.0,6.3,8.4,2.6,6.8,2.1,29.6,0.0,7.01,4.31,Apartment,3818000.0,1,4054000.0,6.18
710.0,1.0,1.0,5.0,4.3,10.8,3.3,,5.2,46.3,2.0,5.1,1.16,Apartment,1699000.0,1,1772000.0,4.3
2151.0,,4.0,2.0,6.8,,2.4,,1.9,26.0,3.0,7.45,5.4,Independent House,9769000.0,1,10433000.0,6.8
1254.0,2.0,2.0,9.0,6.6,9.6,12.6,8.1,10.1,22.8,1.0,7.05,8.02,Apartment,3966000.0,2,4432000.0,11.75
690.0,1.0,1.0,9.0,7.1,1.0,1.8,6.7,2.7,39.7,2.0,4.6,3.04,Apartment,2840000.0,5,3539000.0,24.61
1335.0,2.0,2.0,6.0,5.0,4.6,2.3,6.3,1.5,,1.0,5.59,2.39,Independent House,5960000.0,3,6792000.0,13.96
1306.0,3.0,3.0,,8.2,2.1,2.6,5.7,1.1,18.1,1.0,7.63,4.2,Apartment,7035000.0,3,8710000.0,23.81
1068.0,2.0,3.0,5.0,4.7,11.4,1.3,4.6,1.3,35.1,2.0,7.01,6.43,Apartment,3244000.0,4,4091000.0,26.11
1106.0,2.0,2.0,11.0,7.9,5.6,1.4,3.8,1.8,19.9,2.0,5.21,7.59,Apartment,4768000.0,4,6078000.0,27.47
1081.0,2.0,2.0,27.0,10.0,2.4,4.7,8.6,1.0,17.5,2.0,6.29,6.38,Apartment,7898000.0,2,9089000.0,15.08
1650.0,3.0,2.0,15.0,6.3,18.0,6.5,6.7,6.9,36.0,2.0,4.66,3.85,independent house,4423000.0,3,4849000.0,9.63
786.0,1.0,1.0,14.0,6.9,13.7,14.1,5.6,1.1,35.9,2.0,6.17,3.85,Apartment,1863000.0,1,1957000.0,5.05
1624.0,2.0,2.0,11.0,7.7,15.1,5.7,9.0,6.4,29.7,1.0,8.35,7.08,Independent House,6497000.0,1,6906000.0,6.3
870.0,2.0,2.0,3.0,5.1,8.8,2.6,6.3,2.2,37.6,1.0,7.74,3.3,Apartment,3344000.0,4,4160000.0,24.4
3681.0,6.0,5.0,24.0,5.2,11.6,0.7,3.0,1.2,30.1,2.0,6.47,1.36,Villa,12562000.0,2,13834000.0,10.13
933.0,2.0,2.0,5.0,4.8,13.6,6.4,3.2,2.8,16.8,2.0,6.2,4.21,Apartment,2255000.0,2,2511000.0,11.35
1016.0,3.0,3.0,17.0,5.5,8.3,2.8,4.0,1.0,29.2,2.0,7.45,3.14,Apartment,3223000.0,5,4231000.0,31.28
1771.0,4.0,3.0,36.0,3.1,6.9,0.8,6.1,3.0,38.1,1.0,5.68,-1.66,Independent House,4504000.0,2,4614000.0,2.44
1001.0,2.0,2.0,5.0,1.1,28.1,2.1,4.7,2.2,40.6,0.0,4.35,1.64,Apartment,1540000.0,1,1589000.0,3.18
3108.0,6.0,6.0,10.0,5.6,2.6,2.4,5.5,1.4,11.9,2.0,6.7,2.58,Villa,18616000.0,5,24543000.0,31.84
1158.0,2.0,2.0,3.0,5.1,11.6,0.4,5.9,0.8,30.9,0.0,5.54,3.81,Apartment,3740000.0,3,4375000.0,16.98
943.0,2.0,2.0,10.0,8.9,4.4,1.8,,2.6,15.7,2.0,6.78,4.15,Apartment,4877000.0,3,5892000.0,20.81
922.0,1.0,1.0,5.0,4.9,12.7,2.0,6.2,6.4,43.3,,6.44,3.3,Apartment,2144000.0,2,2318000.0,8.12
1674.0,3.0,3.0,16.0,7.4,4.3,0.9,6.0,1.1,26.2,0.0,4.07,3.41,Apartment,7188000.0,5,8435000.0,17.35
1413.0,3.0,3.0,18.0,7.5,14.0,1.2,3.2,7.5,29.1,2.0,7.12,5.96,Independent House,5405000.0,4,6720000.0,24.33
1368.0,1.0,1.0,29.0,6.6,12.3,9.7,6.7,4.9,4.7,1.0,6.0,7.81,Apartment,3920000.0,2,4294000.0,9.54
1166.0,1.0,1.0,4.0,4.5,13.7,2.1,4.8,1.8,38.0,0.0,8.44,5.59,Apartment,3122000.0,3,3721000.0,19.19
720.0,1.0,1.0,11.0,8.9,9.6,3.0,7.3,5.0,34.9,2.0,5.54,6.45,Apartment,3168000.0,4,3922000.0,23.8
1077.0,3.0,2.0,31.0,4.9,15.1,5.3,5.8,2.1,46.0,0.0,7.0,4.59,Apartment,2182000.0,3,2463000.0,12.88
2587.0,5.0,4.0,9.0,5.8,12.7,1.6,7.5,2.1,34.2,2.0,5.43,4.22,Independent House,10686000.0,2,11697000.0,9.46
1549.0,,2.0,19.0,5.1,13.2,2.0,3.5,1.8,43.9,2.0,7.18,4.26,Apartment,3509000.0,2,3743000.0,6.67
,,2.0,6.0,6.7,9.9,2.7,5.4,3.4,28.8,2.0,5.37,5.11,Apartment,4908000.0,5,6798000.0,38.51
3766.0,6.0,5.0,18.0,8.8,0.5,1.8,6.9,0.6,23.7,4.0,4.9,3.44,Villa,30350000.0,4,37620000.0,23.95
707.0,2.0,3.0,11.0,9.4,6.0,1.5,6.2,2.5,27.7,0.0,6.82,6.67,Apartment,3966000.0,2,4506000.0,13.62
1230.0,,3.0,43.0,3.9,22.4,1.7,8.1,11.7,34.9,2.0,5.16,2.61,Independent House,2270000.0,5,2448000.0,7.84
709.0,2.0,2.0,16.0,9.9,2.4,0.8,5.6,1.0,5.5,1.0,5.42,4.54,Flat,5281000.0,5,6957000.0,31.74
1385.0,4.0,4.0,39.0,6.6,15.5,3.5,6.4,1.6,30.0,2.0,4.43,3.41,Apartment,4116000.0,4,4470000.0,8.6
1298.0,3.0,3.0,29.0,3.1,14.5,0.9,,8.1,34.6,2.0,9.04,6.12,Apartment,2841000.0,3,3382000.0,19.04
873.0,1.0,1.0,12.0,6.4,7.3,9.0,6.1,1.1,44.2,0.0,6.88,5.53,Apartment,2256000.0,2,2465000.0,9.26
833.0,2.0,2.0,13.0,8.4,1.1,0.5,7.7,1.0,44.7,2.0,7.28,4.47,Apartment,4567000.0,4,5739000.0,25.66
3921.0,6.0,5.0,9.0,5.5,17.1,8.3,4.8,8.0,36.7,3.0,6.37,4.12,Villa,14021000.0,1,14507000.0,3.47
969.0,2.0,2.0,10.0,8.1,13.9,,6.1,2.9,40.6,2.0,6.18,4.67,Independent House,4553000.0,4,5464000.0,20.01
1115.0,2.0,2.0,2.0,5.0,11.4,2.0,6.9,,30.2,2.0,6.38,7.42,Apartment,3756000.0,5,5165000.0,37.51
1337.0,3.0,2.0,9.0,4.8,10.4,7.8,5.1,2.1,45.6,0.0,4.09,5.74,Apt,3292000.0,1,3407000.0,3.49
1014.0,1.0,1.0,2.0,5.2,14.4,4.5,7.1,3.4,23.5,1.0,5.91,3.91,Apartment,2951000.0,4,3447000.0,16.81
1122.0,1.0,1.0,20.0,5.6,2.9,1.7,6.1,1.0,25.4,2.0,5.73,4.46,Apartment,3673000.0,1,3850000.0,4.82
1938.0,4.0,4.0,8.0,5.4,15.6,1.9,7.8,3.2,28.5,0.0,6.49,2.7,Apartment,6743000.0,3,7699000.0,14.18
1919.0,2.0,3.0,18.0,4.7,13.1,4.4,3.5,2.1,32.6,2.0,5.93,4.45,Independent House,5003000.0,5,6038000.0,20.69
1276.0,3.0,2.0,11.0,9.5,13.5,3.8,8.2,1.7,14.0,1.0,6.37,3.94,Apartment,7949000.0,5,10724000.0,34.91
1352.0,2.0,3.0,12.0,6.1,14.1,2.6,6.3,3.7,6.5,1.0,5.41,3.61,Apartment,5129000.0,1,5370000.0,4.7
1892.0,4.0,3.0,2.0,5.6,8.2,,7.5,2.8,27.7,3.0,5.08,1.34,Independent House,7899000.0,3,8717000.0,10.36
2209.0,4.0,4.0,18.0,8.6,0.5,0.8,8.8,0.7,21.4,3.0,5.54,3.0,Independent House,15076000.0,3,18248000.0,21.04
1906.0,3.0,2.0,10.0,3.4,16.2,17.6,7.8,4.4,,1.0,7.37,6.17,Apartment,2555000.0,3,2869000.0,12.29
630.0,1.0,1.0,7.0,6.7,18.4,2.1,4.2,6.8,25.5,1.0,7.92,5.12,Apartment,1966000.0,3,2334000.0,18.72
993.0,2.0,1.0,22.0,7.6,9.5,3.3,5.3,4.7,25.9,2.0,6.97,3.52,Apartment,3800000.0,5,4914000.0,29.32
914.0,2.0,2.0,7.0,6.4,17.4,5.0,3.7,5.9,45.9,0.0,4.32,2.36,Apartment,2013000.0,3,2166000.0,7.6
3846.0,6.0,5.0,2.0,5.6,6.5,4.5,7.4,1.7,47.8,4.0,7.7,0.18,Villa,18086000.0,4,21191000.0,17.17
1696.0,4.0,4.0,6.0,4.7,11.7,0.9,4.3,1.4,45.6,1.0,6.62,4.17,Apartment,5499000.0,1,5736000.0,4.31
1143.0,2.0,2.0,14.0,5.7,,2.8,4.3,3.3,31.2,1.0,6.93,4.91,Apartment,3015000.0,1,3176000.0,5.34
1231.0,2.0,3.0,45.0,2.5,13.2,7.3,1.8,4.8,51.5,0.0,6.57,1.69,Apartment,1370000.0,1,1393000.0,1.68
2516.0,5.0,4.0,5.0,3.3,23.6,5.2,1.9,7.3,40.3,3.0,4.19,1.88,INDEPENDENT HOUSE,5222000.0,3,5420000.0,3.79
1422.0,2.0,1.0,11.0,5.9,14.4,3.8,6.7,8.0,44.6,2.0,4.1,4.14,Apartment,4023000.0,4,4449000.0,10.59
3102.0,,4.0,15.0,9.9,0.6,1.3,7.9,1.2,,1.0,5.53,4.76,Independent House,27359000.0,5,38359000.0,40.21
2095.0,3.0,2.0,15.0,5.5,,7.6,5.5,6.7,34.7,3.0,8.62,3.3,Independent House,5566000.0,4,6805000.0,22.26
784.0,1.0,2.0,4.0,9.5,0.5,0.8,6.1,1.2,25.8,0.0,6.52,5.68,Apartment,4974000.0,5,7123000.0,43.2
3249.0,4.0,3.0,3.0,4.8,7.1,3.7,3.9,3.4,43.0,4.0,8.48,6.23,Villa,13369000.0,5,17694000.0,32.35
1768.0,3.0,2.0,28.0,3.1,19.5,4.4,6.6,2.3,34.5,1.0,5.2,0.88,Independent House,2697000.0,3,2852000.0,5.75
2564.0,5.0,5.0,5.0,7.1,5.0,2.6,7.0,2.0,33.6,4.0,4.62,1.34,,16650000.0,1,17299000.0,3.9
1080.0,3.0,3.0,5.0,,6.3,5.7,5.1,1.7,34.2,2.0,4.57,1.95,Apartment,3909000.0,3,4303000.0,10.08
1343.0,1.0,2.0,13.0,5.8,11.8,3.8,6.2,0.7,,3.0,4.15,4.35,Independent House,4420000.0,4,5188000.0,17.38
1620.0,3.0,3.0,20.0,6.9,13.9,4.5,5.3,3.3,27.8,2.0,5.73,4.14,Apartment,5064000.0,4,6058000.0,19.63
2161.0,4.0,4.0,7.0,3.1,9.1,2.5,3.9,0.6,31.8,2.0,4.07,0.18,Independent House,6522000.0,5,7311000.0,12.1
1779.0,3.0,3.0,24.0,1.4,10.5,3.5,4.1,3.0,37.9,3.0,5.47,-1.51,Independent House,3135000.0,1,3178000.0,1.37
2428.0,4.0,3.0,3.0,4.9,17.5,0.8,,1.4,34.4,3.0,7.81,,Independent House,8727000.0,3,10339000.0,18.47
776.0,2.0,2.0,11.0,6.6,16.0,1.3,5.8,1.8,33.2,0.0,7.0,6.27,Apartment,2727000.0,4,3544000.0,29.96
887.0,2.0,2.0,34.0,8.1,14.1,5.4,4.9,7.0,14.8,2.0,8.04,3.91,Apartment,2717000.0,5,3501000.0,28.86
938.0,2.0,1.0,14.0,5.6,10.6,4.4,5.5,3.6,19.6,1.0,7.19,2.72,Apt,2721000.0,4,3360000.0,23.48
1143.0,2.0,2.0,6.0,7.8,13.0,1.2,6.8,4.7,20.1,0.0,6.01,1.92,Apartment,4949000.0,4,5905000.0,19.32
1358.0,3.0,2.0,27.0,5.2,12.0,0.7,7.7,1.9,36.5,1.0,5.67,2.82,Apartment,4021000.0,5,4823000.0,19.95
1497.0,3.0,3.0,7.0,5.8,10.8,3.2,6.6,0.6,28.2,2.0,4.44,4.01,Independent House,6488000.0,4,8007000.0,23.41
1205.0,3.0,3.0,4.0,7.1,9.1,5.4,6.6,1.3,31.6,0.0,5.16,5.06,Apartment,4272000.0,5,5472000.0,28.09
1065.0,1.0,2.0,2.0,8.0,,6.5,6.2,2.9,27.7,2.0,3.75,2.59,Apartment,3954000.0,1,4129000.0,4.43
2577.0,6.0,5.0,8.0,9.3,8.6,6.7,5.3,1.9,20.4,1.0,5.02,3.48,Independent House,12857000.0,4,15097000.0,17.42
1765.0,3.0,3.0,8.0,7.2,10.1,1.0,8.2,7.8,35.1,3.0,2.7,2.37,Independent House,7948000.0,5,9045000.0,13.8
947.0,,,2.0,6.3,19.0,12.8,7.3,3.3,30.0,2.0,6.47,3.7,Flat,2539000.0,5,3029000.0,19.3
1175.0,3.0,4.0,4.0,7.4,11.4,1.1,4.2,0.6,36.5,2.0,5.61,5.7,Apartment,4445000.0,4,5421000.0,21.96
2768.0,5.0,4.0,20.0,7.9,2.0,1.2,3.8,0.7,26.4,4.0,4.99,6.94,Villa,16496000.0,5,22611000.0,37.07
1213.0,,1.0,10.0,7.5,13.2,3.6,4.9,3.5,27.5,2.0,6.32,4.28,Apartment,4093000.0,1,4285000.0,4.69
1130.0,3.0,4.0,21.0,3.9,9.7,5.8,6.3,1.4,38.9,2.0,2.83,1.78,Apartment,2354000.0,4,2461000.0,4.55
1023.0,1.0,2.0,5.0,6.2,11.8,2.3,8.6,1.1,35.0,1.0,6.27,4.54,Apartment,4103000.0,3,4802000.0,17.04
6000.0,6.0,5.0,16.0,9.1,15.3,5.0,6.6,1.0,,2.0,5.68,3.36,Villa,33961000.0,1,35617000.0,4.88
1269.0,3.0,2.0,17.0,8.0,3.7,0.3,6.4,1.2,26.7,2.0,6.58,3.82,Apartment,6842000.0,3,8059000.0,17.79
1156.0,2.0,2.0,17.0,3.6,14.4,5.2,4.5,3.8,44.4,2.0,6.5,2.08,Independent House,2287000.0,3,2535000.0,10.84
663.0,1.0,2.0,5.0,8.0,0.5,1.1,6.7,1.7,22.9,1.0,4.5,3.46,Apartment,3319000.0,2,3673000.0,10.67
1666.0,,2.0,21.0,7.3,2.4,2.5,6.3,3.6,21.6,,5.99,0.98,Independent House,7444000.0,2,8156000.0,9.56
2923.0,6.0,6.0,11.0,5.5,15.3,,6.2,7.8,27.6,4.0,8.16,4.07,Villa,12451000.0,2,14235000.0,14.33
726.0,1.0,1.0,25.0,4.8,21.8,1.6,4.1,4.3,38.9,1.0,4.79,1.61,Apartment,1337000.0,4,1514000.0,13.24
1143.0,2.0,2.0,15.0,6.6,10.3,4.8,4.0,2.4,30.2,0.0,6.68,5.59,Apartment,3058000.0,3,3502000.0,14.52
1131.0,2.0,2.0,18.0,5.5,12.2,7.0,5.5,0.6,18.1,2.0,5.04,3.13,Apartment,3372000.0,2,3519000.0,4.36
1992.0,3.0,2.0,10.0,7.9,8.2,0.7,6.5,1.4,38.6,2.0,7.08,3.11,Apartment,10263000.0,2,11704000.0,14.04
1624.0,2.0,2.0,7.0,9.6,8.6,2.6,8.3,1.8,37.1,0.0,3.95,7.02,Apartment,9810000.0,3,11441000.0,16.63
991.0,1.0,2.0,-23.0,5.9,14.6,3.4,4.5,6.0,35.5,2.0,6.11,2.1,Apartment,2607000.0,2,2763000.0,5.98
1353.0,3.0,3.0,15.0,6.1,19.9,2.0,4.5,7.8,44.9,1.0,9.15,4.06,Independent House,4043000.0,3,4825000.0,19.34
981.0,1.0,1.0,27.0,5.4,12.8,5.1,6.9,4.1,35.8,0.0,3.88,1.57,Apartment,1811000.0,4,2131000.0,17.67
1380.0,3.0,2.0,25.0,2.4,15.3,1.4,6.0,2.7,34.3,2.0,5.27,3.05,Apartment,2433000.0,5,2805000.0,15.29
1038.0,2.0,2.0,13.0,5.3,15.4,3.0,1.0,1.3,44.9,1.0,5.93,4.58,APARTMENT,2521000.0,5,2863000.0,13.57
1063.0,2.0,2.0,19.0,5.5,16.8,3.8,1.4,4.1,50.2,2.0,5.59,4.04,Apartment,2029000.0,3,2278000.0,12.27
1686.0,3.0,3.0,18.0,4.8,12.8,0.5,6.1,3.5,35.3,2.0,6.53,3.29,Apartment,4974000.0,3,5751000.0,15.62
4232.0,6.0,5.0,15.0,2.9,18.5,4.5,5.0,3.0,34.2,2.0,5.86,4.05,Villa,11022000.0,4,12651000.0,14.78
853.0,1.0,1.0,27.0,7.7,10.0,0.5,,0.9,10.2,1.0,5.04,1.08,Apartment,3590000.0,4,4309000.0,20.03
3435.0,6.0,4.0,6.0,6.4,12.3,3.1,3.9,5.3,2.0,4.0,4.06,1.33,Villa,19452000.0,5,23608000.0,21.37
848.0,,2.0,31.0,5.2,6.8,3.5,5.5,0.8,40.7,2.0,5.6,4.64,Apartment,2001000.0,5,2286000.0,14.24
1859.0,3.0,2.0,6.0,4.4,14.1,15.2,5.0,2.4,27.3,1.0,10.0,4.58,Apartment,3467000.0,1,3679000.0,6.11
939.0,1.0,1.0,8.0,4.8,9.7,0.2,2.4,1.2,,1.0,7.6,2.7,apartment,2137000.0,3,2459000.0,15.07
1322.0,1.0,1.0,3.0,6.1,9.4,2.6,5.9,2.5,23.5,3.0,8.37,6.2,Independent House,5561000.0,5,8380000.0,50.69
1498.0,3.0,2.0,8.0,4.2,15.1,5.1,2.4,2.3,36.5,3.0,6.77,4.64,Independent House,3791000.0,1,3981000.0,5.01
868.0,2.0,2.0,14.0,5.3,6.8,3.2,7.3,1.3,19.1,1.0,6.22,2.22,Apartment,3451000.0,5,4227000.0,22.49
2461.0,3.0,3.0,31.0,8.0,11.1,2.1,7.7,2.8,23.5,1.0,6.85,2.71,Independent House,13452000.0,1,14167000.0,5.32
8072.0,3.0,,15.0,1.0,24.5,,2.1,4.4,19.8,3.0,6.09,3.46,Independent House,2785000.0,5,3077000.0,10.48
1608.0,3.0,3.0,5.0,4.6,16.5,3.1,5.7,0.8,48.5,1.0,6.85,2.92,Independent House,4873000.0,1,5068000.0,4.0
1208.0,3.0,3.0,2.0,6.5,10.6,1.6,6.9,1.8,35.1,1.0,5.66,2.2,Independent House,5409000.0,5,6815000.0,25.99
4463.0,6.0,5.0,4.0,3.5,12.9,3.5,1.2,2.2,40.7,3.0,4.84,3.11,Villa,13184000.0,2,14006000.0,6.23
1035.0,2.0,2.0,10.0,2.1,19.1,4.4,2.6,1.2,40.3,2.0,3.94,1.96,Apartment,1733000.0,5,1885000.0,8.77
1105.0,1.0,1.0,33.0,6.6,15.5,0.6,4.8,1.9,31.0,2.0,8.29,2.79,Apartment,3287000.0,3,3904000.0,18.77
1075.0,2.0,2.0,8.0,5.4,5.8,1.3,4.0,2.0,,0.0,5.24,3.29,Apt,3415000.0,1,3564000.0,4.36
3235.0,5.0,4.0,6.0,10.0,0.5,2.9,6.3,0.7,,2.0,5.91,,Villa,32508000.0,1,35034000.0,7.77
1320.0,3.0,2.0,21.0,6.7,4.9,1.3,5.4,1.2,22.2,1.0,,2.08,Apartment,5006000.0,3,5764000.0,15.14
739.0,1.0,1.0,6.0,9.2,13.2,2.9,7.4,0.5,12.0,2.0,7.11,7.95,Apartment,4857000.0,3,6042000.0,24.4
844.0,1.0,2.0,8.0,5.7,12.8,1.7,4.8,1.4,57.3,0.0,5.03,4.46,Apartment,2309000.0,5,2781000.0,20.44
858.0,1.0,2.0,11.0,4.8,9.6,2.3,2.5,1.0,30.9,3.0,5.55,3.48,Independent House,2281000.0,2,2523000.0,10.61
1142.0,2.0,2.0,8.0,7.3,15.3,3.8,5.7,3.6,36.3,2.0,5.05,2.96,Apartment,4306000.0,3,4944000.0,14.82
1367.0,3.0,2.0,20.0,6.5,7.0,2.7,3.9,1.7,30.0,3.0,6.42,6.38,Independent House,4426000.0,2,4930000.0,11.39
1039.0,3.0,3.0,23.0,1.0,14.7,16.5,4.3,2.6,50.6,1.0,6.29,2.77,Flat,954000.0,4,1024000.0,7.34
2142.0,4.0,3.0,3.0,5.3,10.2,5.1,6.7,1.6,32.0,0.0,5.33,1.89,Apartment,6884000.0,3,7622000.0,10.72
1388.0,3.0,3.0,50.0,7.8,11.0,3.5,5.2,2.7,31.3,3.0,6.05,6.42,Independent House,4203000.0,5,5016000.0,19.34
,5.0,4.0,4.0,4.4,23.0,3.5,3.9,9.1,52.0,2.0,5.11,2.7,Villa,6377000.0,4,7055000.0,10.63
1213.0,2.0,2.0,6.0,8.6,13.3,3.5,6.9,3.6,28.8,,6.33,4.74,Apartment,5574000.0,2,6243000.0,12.0
911.0,1.0,1.0,2.0,6.7,3.5,0.2,5.5,1.4,27.6,1.0,5.66,4.51,Apartment,4062000.0,5,5179000.0,27.5
1549.0,3.0,3.0,15.0,4.6,20.7,0.6,2.8,1.6,25.3,3.0,5.11,0.66,Independent House,3989000.0,3,4405000.0,10.43
1785.0,3.0,3.0,16.0,4.9,10.7,1.3,9.5,0.9,43.2,,4.78,3.08,Independent House,6273000.0,4,7656000.0,22.05
631.0,1.0,2.0,22.0,5.9,18.4,2.1,5.8,3.6,19.9,0.0,5.33,3.6,Apartment,1817000.0,5,2068000.0,13.81
1226.0,3.0,2.0,9.0,8.2,5.2,2.1,8.2,0.8,19.5,2.0,6.57,2.49,Apartment,7124000.0,1,7499000.0,5.26
1018.0,2.0,,17.0,3.0,25.4,7.6,7.1,2.5,50.4,0.0,5.87,2.28,Apartment,1641000.0,2,1732000.0,5.55
901.0,1.0,1.0,24.0,9.0,4.5,1.4,7.8,2.3,18.6,,8.35,9.44,Apartment,4918000.0,2,6057000.0,23.16
980.0,2.0,2.0,4.0,3.6,15.5,2.4,3.9,0.6,48.5,0.0,7.55,4.79,Apartment,2027000.0,1,2134000.0,5.28
1040.0,2.0,1.0,5.0,3.0,13.1,2.7,4.8,1.1,50.6,1.0,7.51,3.08,Apartment,2237000.0,2,2438000.0,8.99
855.0,1.0,1.0,17.0,2.0,20.4,5.8,3.5,5.5,46.0,1.0,6.57,2.56,Apartment,1038000.0,5,1225000.0,18.02
2290.0,4.0,3.0,11.0,5.0,9.4,,6.0,1.7,39.8,3.0,5.29,3.6,Independent House,7238000.0,5,8654000.0,19.56
1346.0,3.0,3.0,6.0,5.4,11.0,1.6,4.8,1.9,26.9,2.0,5.91,4.96,Apartment,4270000.0,4,5337000.0,24.99
1276.0,2.0,2.0,20.0,2.9,26.2,5.4,4.9,11.8,36.2,1.0,4.47,1.24,Independent House,2075000.0,5,2323000.0,11.95
2769.0,5.0,3.0,18.0,,3.4,1.1,3.8,0.8,45.4,4.0,6.75,6.8,villa,9013000.0,2,9539000.0,5.84
2665.0,4.0,4.0,10.0,5.5,21.0,0.7,5.8,5.5,25.5,1.0,5.85,2.79,Independent House,9639000.0,3,11152000.0,15.7
1466.0,3.0,3.0,31.0,5.8,7.4,5.4,4.1,2.7,27.2,1.0,6.17,2.56,Independent House,4085000.0,2,4311000.0,5.53
2146.0,3.0,3.0,5.0,3.1,9.2,3.3,2.8,0.8,37.2,2.0,2.82,2.65,Independent House,4948000.0,3,5297000.0,7.05
3165.0,5.0,4.0,6.0,6.0,14.1,6.1,7.3,1.8,,2.0,7.01,3.77,Villa,15344000.0,3,18058000.0,17.69
1221.0,3.0,3.0,5.0,9.5,5.9,4.4,5.3,0.5,19.3,2.0,7.02,9.14,Apartment,7177000.0,2,8400000.0,17.04
1064.0,2.0,2.0,7.0,3.2,18.3,4.5,4.4,3.0,44.5,0.0,5.57,5.59,Apartment,1987000.0,3,2184000.0,9.91
567.0,1.0,1.0,2.0,8.5,9.1,5.7,8.0,2.8,35.3,2.0,6.55,3.34,Apartment,13685000.0,5,18409000.0,34.52
1564.0,4.0,,3.0,3.4,14.1,4.6,5.5,4.0,49.2,2.0,8.25,0.75,Independent House,3887000.0,4,4791000.0,23.26
1141.0,3.0,3.0,21.0,5.6,11.1,1.6,4.9,1.0,18.2,1.0,6.07,3.22,Apartment,3378000.0,2,3602000.0,6.63
1137.0,2.0,1.0,6.0,5.0,7.2,1.4,5.3,4.6,40.8,1.0,5.57,5.84,,2993000.0,2,3234000.0,8.05
3074.0,6.0,5.0,9.0,6.8,8.7,3.6,6.3,0.7,21.2,1.0,7.42,4.91,Independent House,15796000.0,5,21150000.0,33.89
606.0,2.0,3.0,7.0,5.6,8.5,1.8,6.3,1.8,36.8,2.0,5.33,1.9,Apartment,2245000.0,3,2516000.0,12.07
1110.0,2.0,2.0,4.0,8.3,6.6,3.4,7.5,1.8,35.4,2.0,4.75,3.23,Apartment,6101000.0,1,6356000.0,4.18
1238.0,2.0,3.0,10.0,7.3,6.5,0.7,4.4,2.6,25.2,0.0,7.31,3.71,,4509000.0,1,4780000.0,6.01
1082.0,2.0,2.0,6.0,10.0,4.4,0.2,7.6,3.7,19.0,1.0,5.1,6.92,Apartment,7407000.0,4,9697000.0,30.92
940.0,2.0,2.0,10.0,4.7,20.7,16.1,5.8,14.1,26.5,2.0,6.35,3.04,Apartment,1539000.0,4,1746000.0,13.45
1043.0,3.0,3.0,32.0,7.3,8.1,4.3,7.1,1.8,27.0,0.0,4.96,-0.55,Apartment,3500000.0,3,3710000.0,6.0
871.0,1.0,1.0,8.0,8.7,6.5,0.9,5.2,2.3,18.3,2.0,6.94,7.25,Apt,4252000.0,2,4905000.0,15.36
1178.0,3.0,2.0,12.0,5.4,12.6,0.8,3.5,7.5,11.8,0.0,6.44,3.41,Apartment,3493000.0,4,4353000.0,24.62
1157.0,2.0,2.0,22.0,7.0,7.5,2.2,4.7,,43.7,1.0,7.02,3.19,Independent House,3891000.0,2,4268000.0,9.69
1171.0,3.0,3.0,13.0,7.9,14.6,5.4,6.3,,34.1,0.0,6.74,,Apartment,4006000.0,4,5213000.0,30.13
1660.0,2.0,2.0,6.0,5.5,7.1,6.5,4.0,3.2,40.1,1.0,5.88,2.47,Independent House,6331000.0,3,7318000.0,15.59
1157.0,2.0,2.0,11.0,5.5,12.5,1.8,6.9,2.5,33.8,0.0,7.47,,Apartment,3824000.0,4,5125000.0,34.02
2194.0,5.0,5.0,5.0,5.8,15.2,9.1,5.7,,26.1,3.0,4.37,2.46,VILLA,7651000.0,5,8811000.0,15.16
1145.0,3.0,3.0,18.0,7.0,21.9,2.1,4.9,5.6,18.0,2.0,5.46,4.63,Apt,3530000.0,3,4059000.0,14.99
1701.0,3.0,3.0,8.0,2.5,22.0,3.7,2.4,3.9,40.7,1.0,3.62,0.17,Apartment,3238000.0,2,3343000.0,3.24
2892.0,4.0,3.0,2.0,6.2,10.1,1.5,4.1,1.3,32.9,2.0,6.56,4.24,Villa,12521000.0,3,14428000.0,15.23
1880.0,3.0,3.0,11.0,6.2,3.4,2.7,5.6,0.7,49.2,2.0,6.42,7.97,Apartment,5908000.0,5,7797000.0,31.97
1415.0,3.0,3.0,8.0,4.2,13.9,5.8,,1.9,32.0,2.0,3.56,4.59,Apartment,3789000.0,2,4076000.0,7.57
987.0,3.0,2.0,1.0,5.6,15.7,8.7,7.3,5.6,,1.0,6.48,3.49,Apartment,2769000.0,4,3320000.0,19.9
852.0,2.0,2.0,12.0,4.4,13.6,1.2,5.4,3.6,40.6,,7.4,5.17,Apartment,2055000.0,4,2599000.0,26.47
1548.0,,3.0,11.0,1.9,19.0,8.7,3.0,8.4,36.6,2.0,5.73,3.06,Flat,2307000.0,1,2356000.0,2.12
1444.0,3.0,3.0,50.0,4.2,14.3,3.0,4.5,1.7,50.6,2.0,2.98,3.67,Independent House,2128000.0,4,2190000.0,2.91
2311.0,3.0,2.0,20.0,6.3,15.0,1.4,5.4,5.1,29.1,0.0,7.76,5.89,Apartment,6907000.0,1,7339000.0,6.25
667.0,2.0,2.0,5.0,3.4,10.1,3.6,5.1,3.0,59.0,0.0,5.69,3.63,Apartment,1368000.0,3,1504000.0,9.94
1066.0,,,8.0,1.4,23.8,4.8,3.6,4.9,38.2,0.0,5.73,0.7,Apartment,1592000.0,2,1657000.0,4.08
1269.0,1.0,1.0,5.0,6.5,4.8,2.0,3.0,0.8,40.3,0.0,6.66,1.76,Apartment,3125000.0,1,3244000.0,3.81
1462.0,3.0,5.0,1.0,6.0,14.2,10.3,3.7,3.2,20.5,3.0,4.7,4.46,Independent House,4304000.0,5,5426000.0,26.07
884.0,2.0,3.0,13.0,5.3,10.3,5.1,6.4,5.1,21.3,0.0,4.9,2.57,Apartment,2445000.0,2,2616000.0,6.99
2185.0,4.0,4.0,6.0,7.5,9.2,2.9,5.1,1.2,41.6,2.0,7.54,6.03,Independent House,10431000.0,4,13846000.0,32.74
1219.0,1.0,1.0,12.0,5.8,11.4,1.4,5.7,9.5,43.6,1.0,8.48,4.76,Apartment,3237000.0,1,3440000.0,6.27
888.0,1.0,1.0,6.0,2.2,16.6,8.5,6.0,5.7,50.0,2.0,5.64,2.97,Apartment,1216000.0,4,1333000.0,9.62
1415.0,2.0,2.0,30.0,5.6,13.3,3.4,7.5,2.2,15.7,1.0,7.32,4.15,Apartment,3627000.0,3,4325000.0,19.24
1146.0,3.0,3.0,21.0,6.6,6.4,0.8,7.0,2.5,26.5,1.0,4.45,7.66,Apartment,4128000.0,2,4563000.0,10.54
1087.0,1.0,1.0,21.0,4.9,13.1,3.3,4.5,2.5,22.4,1.0,5.78,0.77,Independent House,2713000.0,4,3310000.0,22.01
2512.0,5.0,4.0,20.0,4.7,17.5,11.9,5.6,7.5,33.3,2.0,4.72,2.2,Independent House,5306000.0,1,5433000.0,2.39
1137.0,2.0,3.0,12.0,2.0,18.7,5.0,3.6,2.2,,1.0,6.0,2.57,Apartment,1901000.0,2,1989000.0,4.63
1016.0,2.0,2.0,9.0,3.3,17.1,4.0,6.6,8.4,29.9,1.0,5.65,2.89,Apt,2207000.0,1,2317000.0,4.98
768.0,2.0,3.0,3.0,5.2,17.0,3.6,6.2,1.0,139.2,0.0,5.82,6.31,Apartment,2241000.0,4,2751000.0,22.76
1122.0,1.0,2.0,9.0,6.3,15.8,2.6,4.6,1.9,24.9,0.0,5.69,5.2,Apartment,3048000.0,3,3450000.0,13.19
1099.0,3.0,4.0,10.0,9.0,9.5,1.2,4.4,1.6,37.4,1.0,7.07,3.76,Apartment,4917000.0,4,6167000.0,25.42
,2.0,2.0,,5.3,13.8,7.8,2.8,6.3,22.0,2.0,4.08,0.65,Independent House,1972000.0,3,2109000.0,6.95
1589.0,3.0,4.0,7.0,6.1,15.4,3.6,3.5,1.8,26.8,1.0,5.87,1.6,Independent House,5204000.0,3,5855000.0,12.51
902.0,1.0,1.0,4.0,7.8,0.5,0.3,8.0,1.5,5.2,2.0,8.52,3.37,Apartment,5951000.0,1,6393000.0,7.43
1638.0,3.0,2.0,8.0,3.3,18.7,7.3,5.5,8.3,46.6,3.0,8.12,4.41,Independent House,4002000.0,5,5049000.0,26.16
2016.0,4.0,3.0,21.0,5.9,23.7,3.8,5.9,5.8,40.2,1.0,6.62,4.35,Apartment,4253000.0,5,5278000.0,24.1
1245.0,3.0,2.0,10.0,7.2,14.2,8.1,6.3,1.4,35.4,1.0,2.87,4.01,Apartment,3548000.0,1,3661000.0,3.18
1169.0,2.0,2.0,3.0,5.5,7.2,7.1,7.0,2.6,50.6,0.0,7.06,4.71,Apartment,3179000.0,1,3350000.0,5.38
3832.0,6.0,6.0,13.0,4.1,20.5,10.8,5.6,7.2,7.0,4.0,5.3,5.56,Villa,12385000.0,1,12812000.0,3.45
843.0,2.0,2.0,8.0,4.1,23.9,7.6,3.9,4.5,35.3,2.0,5.92,8.47,Apartment,1579000.0,5,1975000.0,25.08
715.0,2.0,2.0,3.0,6.4,9.9,2.7,3.9,2.8,40.8,0.0,7.21,3.04,Apartment,2444000.0,3,2970000.0,21.52
829.0,1.0,1.0,39.0,9.2,14.3,3.3,9.3,3.3,11.4,1.0,5.96,,Apartment,3629000.0,1,3773000.0,3.97
3084.0,6.0,5.0,11.0,7.5,8.2,,6.8,2.2,17.2,3.0,5.54,6.14,Independent House,18613000.0,3,22619000.0,21.52
1816.0,2.0,1.0,14.0,6.4,12.6,11.8,8.3,3.9,22.9,2.0,6.17,1.76,Independent House,4993000.0,2,5318000.0,6.51
1116.0,2.0,3.0,11.0,3.8,16.6,1.2,4.2,5.3,25.4,0.0,6.17,2.91,Apartment,2392000.0,2,2638000.0,10.28
2462.0,4.0,4.0,6.0,5.4,7.6,0.3,,3.9,15.2,2.0,3.35,2.25,Independent House,11453000.0,4,12885000.0,12.5
1867.0,3.0,2.0,6.0,8.5,12.5,3.0,,0.6,,3.0,5.39,5.83,Independent House,9816000.0,5,13056000.0,33.01
1417.0,2.0,2.0,5.0,7.4,0.5,1.4,7.7,2.1,30.9,2.0,4.75,2.87,Independent House,7058000.0,1,7395000.0,4.77
2161.0,4.0,4.0,15.0,3.3,13.7,1.3,7.5,,41.5,2.0,5.97,0.83,Independent House,6884000.0,4,8011000.0,16.37
626.0,1.0,1.0,4.0,4.3,11.6,7.6,3.1,1.5,,1.0,4.39,4.94,Apartment,1268000.0,3,1383000.0,9.07
1923.0,3.0,3.0,5.0,7.2,6.5,1.8,4.8,1.8,41.7,0.0,7.76,5.36,Apartment,6910000.0,1,7346000.0,6.31
935.0,3.0,3.0,7.0,6.5,10.7,0.5,,4.2,26.6,2.0,3.03,3.08,Flat,3485000.0,2,3666000.0,5.19
1059.0,2.0,3.0,6.0,4.5,11.1,13.7,3.0,2.4,41.3,2.0,5.26,3.06,Apartment,1611000.0,3,1728000.0,7.26
2349.0,4.0,4.0,8.0,6.4,14.9,19.8,6.3,4.0,41.9,2.0,7.55,4.31,Independent House,5045000.0,3,5612000.0,11.24
895.0,1.0,2.0,3.0,3.1,14.9,0.5,4.2,7.2,26.4,0.0,4.49,,Apartment,1803000.0,1,1858000.0,3.05
993.0,2.0,2.0,4.0,3.4,6.2,0.4,1.6,1.7,43.7,2.0,4.03,0.02,Apartment,2723000.0,4,3079000.0,13.07
1107.0,1.0,1.0,9.0,4.9,11.0,0.3,6.6,1.4,22.1,2.0,5.98,5.97,Apartment,3858000.0,5,5196000.0,34.68
1519.0,2.0,1.0,4.0,6.0,13.4,1.9,5.7,2.3,33.0,0.0,5.4,1.54,Apartment,4922000.0,3,5382000.0,9.35
1272.0,2.0,2.0,5.0,7.4,2.4,4.2,7.9,1.5,25.2,1.0,6.74,5.46,Apartment,6650000.0,1,7094000.0,6.68
1282.0,2.0,3.0,16.0,5.6,18.9,8.2,3.8,5.8,29.2,3.0,6.53,3.42,Independent House,3245000.0,2,3453000.0,6.41
2440.0,4.0,3.0,18.0,6.3,6.0,2.6,2.6,2.0,20.4,4.0,5.31,3.88,Villa,9367000.0,1,9679000.0,3.33
1650.0,4.0,4.0,3.0,7.6,6.8,1.7,8.4,2.2,45.4,0.0,7.31,0.68,Apartment,8020000.0,4,10686000.0,33.24
4327.0,6.0,5.0,23.0,6.9,10.0,2.7,4.7,4.7,30.2,3.0,5.01,3.76,Villa,19470000.0,4,23992000.0,23.23
1787.0,3.0,2.0,25.0,3.8,14.5,2.2,2.0,4.2,43.1,1.0,4.2,3.3,Independent House,3225000.0,5,3744000.0,16.09
2256.0,4.0,4.0,11.0,6.4,12.2,2.6,6.8,7.7,18.6,1.0,5.91,4.93,Independent House,9659000.0,5,12962000.0,34.2
1040.0,1.0,2.0,9.0,5.8,14.6,5.1,1.9,1.1,29.7,0.0,6.92,2.4,apartment,2382000.0,5,2999000.0,25.9
1358.0,3.0,3.0,29.0,8.1,,3.3,8.0,4.0,37.7,3.0,8.08,5.0,Independent House,5903000.0,3,7318000.0,23.97
994.0,3.0,,19.0,5.3,4.6,1.2,7.1,6.6,40.2,1.0,5.29,2.14,Apartment,3146000.0,4,3753000.0,19.29
1085.0,2.0,2.0,9.0,7.1,0.8,1.3,4.4,0.9,,2.0,7.02,6.05,Apartment,5410000.0,3,6525000.0,20.61
947.0,2.0,,17.0,3.1,10.2,2.5,1.6,1.4,34.1,1.0,6.1,8.42,Apartment,1841000.0,2,2010000.0,9.18
1390.0,3.0,3.0,22.0,6.2,8.1,5.9,6.7,1.0,26.5,2.0,4.68,3.06,Independent House,4483000.0,4,5193000.0,15.84
928.0,2.0,1.0,7.0,6.4,18.2,6.4,7.1,4.5,4.3,1.0,8.17,2.13,Apt,3363000.0,2,3821000.0,13.62
810.0,3.0,3.0,,7.2,7.5,3.9,,2.3,37.2,2.0,5.86,2.88,Apartment,3660000.0,1,3839000.0,4.89
2880.0,5.0,5.0,7.0,,9.5,3.6,3.4,5.8,26.2,2.0,4.86,2.85,Independent House,12686000.0,1,13080000.0,3.11
1365.0,2.0,2.0,16.0,5.6,16.8,3.8,5.9,5.2,27.2,1.0,6.02,5.17,Apartment,4079000.0,1,4291000.0,5.2
1440.0,3.0,3.0,3.0,6.8,13.8,9.6,5.6,2.3,41.8,1.0,6.33,,APARTMENT,3603000.0,3,4204000.0,16.68
1591.0,2.0,2.0,5.0,8.7,0.5,0.6,6.0,0.7,2.0,1.0,7.32,5.25,Apartment,10117000.0,1,10898000.0,7.72
1050.0,2.0,2.0,4.0,5.8,8.9,8.7,7.0,2.2,18.7,3.0,5.72,0.63,Independent House,4375000.0,1,4508000.0,3.04
2035.0,4.0,3.0,8.0,4.0,11.4,1.8,4.7,3.3,34.2,1.0,6.54,2.62,Independent House,6281000.0,4,7396000.0,17.75
1805.0,4.0,3.0,13.0,4.0,17.0,6.3,5.9,5.2,28.7,2.0,4.73,2.73,Independent House,3910000.0,5,4391000.0,12.3
1132.0,2.0,2.0,29.0,6.4,7.4,5.5,7.1,1.6,9.5,0.0,4.48,2.31,Apartment,3682000.0,2,3935000.0,6.87
1328.0,3.0,3.0,13.0,9.9,2.5,2.2,5.4,1.5,8.0,2.0,5.03,6.15,Apartment,9147000.0,5,12439000.0,35.99
1845.0,3.0,4.0,1.0,7.5,8.3,2.3,6.1,2.2,19.4,1.0,5.24,0.87,Apartment,9378000.0,3,10537000.0,12.36
1091.0,3.0,3.0,24.0,5.0,8.5,2.5,4.4,2.4,49.1,0.0,5.82,1.07,Apartment,2627000.0,1,2697000.0,2.66
1291.0,1.0,1.0,2.0,6.5,3.5,0.5,2.5,1.4,32.0,1.0,8.45,4.04,Apartment,5000000.0,1,5302000.0,6.04
850.0,2.0,2.0,4.0,6.2,9.9,2.6,7.4,0.6,25.9,,3.31,1.14,Apartment,3178000.0,1,3288000.0,3.46
3224.0,6.0,6.0,24.0,2.9,6.5,0.9,5.6,2.5,33.4,1.0,5.96,0.68,Independent House,9099000.0,5,10977000.0,20.64
1530.0,2.0,2.0,5.0,1.6,7.1,2.4,6.5,,32.4,0.0,3.07,0.05,Apartment,3049000.0,1,3117000.0,2.23
2535.0,,3.0,17.0,5.2,21.7,5.8,3.6,4.3,43.3,2.0,6.24,4.9,Independent House,5419000.0,3,5937000.0,9.56
3145.0,,5.0,15.0,4.8,14.3,6.1,8.2,3.1,38.2,4.0,3.93,3.59,Villa,13844000.0,3,14854000.0,7.3
1106.0,2.0,1.0,,3.8,16.7,1.4,4.4,1.2,35.4,0.0,6.06,,Apartment,1998000.0,4,2342000.0,17.22
1589.0,4.0,4.0,28.0,3.1,21.4,3.4,3.8,1.0,44.3,1.0,4.72,5.11,Apartment,2691000.0,1,2762000.0,2.64
1113.0,2.0,1.0,21.0,6.5,8.6,6.3,6.6,1.5,16.9,1.0,2.73,0.53,Apartment,2931000.0,1,3008000.0,2.63
895.0,2.0,2.0,6.0,7.1,2.6,1.9,6.5,2.5,15.4,1.0,7.72,6.47,Apartment,5136000.0,1,5564000.0,8.33
842.0,1.0,1.0,4.0,3.2,16.0,1.2,2.0,,35.8,2.0,6.43,3.82,Apartment,2094000.0,2,2330000.0,11.27
690.0,1.0,1.0,14.0,6.6,12.1,3.7,5.6,3.1,35.2,0.0,6.3,5.91,Apartment,2019000.0,1,2124000.0,5.2
1353.0,2.0,2.0,13.0,7.4,16.5,3.0,4.4,1.5,20.2,2.0,7.32,4.95,Flat,4871000.0,4,6065000.0,24.51
1890.0,4.0,3.0,13.0,9.0,12.1,2.7,5.7,2.7,24.9,1.0,5.25,3.65,,10282000.0,3,12096000.0,17.64
893.0,1.0,3.0,27.0,7.5,0.5,0.3,,0.5,30.5,2.0,7.06,5.12,Apartment,3917000.0,1,4161000.0,6.23
1127.0,2.0,2.0,-28.0,7.4,11.4,8.0,5.5,1.5,13.9,2.0,6.47,3.48,Apartment,3744000.0,3,4382000.0,17.04
2476.0,5.0,4.0,27.0,7.3,13.1,7.6,4.7,2.7,25.3,2.0,6.39,3.28,Independent House,8045000.0,2,8796000.0,9.33
2407.0,5.0,4.0,19.0,4.1,19.7,6.1,4.2,3.6,29.2,2.0,4.14,1.25,Independent House,5439000.0,2,5717000.0,5.11
3256.0,6.0,6.0,4.0,5.8,14.5,0.6,8.4,1.8,35.1,2.0,3.97,2.43,Independent House,14554000.0,4,16639000.0,14.33
2666.0,5.0,5.0,13.0,5.6,4.8,3.2,3.4,0.4,30.4,3.0,5.58,5.39,Villa,11922000.0,1,12455000.0,4.47
1127.0,3.0,3.0,26.0,3.0,11.0,4.0,2.0,,28.2,0.0,4.81,5.7,Flat,1660000.0,2,1810000.0,9.04
1835.0,4.0,4.0,5.0,2.5,22.8,9.4,5.8,4.2,55.3,1.0,5.16,,Apartment,2868000.0,3,3123000.0,8.89
929.0,,1.0,9.0,4.2,11.9,0.8,5.0,2.7,43.6,2.0,4.52,1.5,Apartment,2178000.0,4,2531000.0,16.21
1109.0,2.0,1.0,20.0,5.0,12.9,0.6,5.8,2.8,36.8,1.0,6.48,6.6,Apartment,3152000.0,1,3299000.0,4.66
1274.0,2.0,2.0,6.0,6.9,14.4,11.1,6.4,5.0,26.3,1.0,6.07,2.53,Apartment,3653000.0,4,4487000.0,22.83
1134.0,3.0,3.0,2.0,10.0,8.1,1.3,5.8,1.5,31.2,,7.69,8.03,Apartment,7230000.0,2,8410000.0,16.32
3840.0,6.0,6.0,24.0,8.3,6.6,5.0,7.1,1.6,33.2,4.0,8.14,9.54,Villa,23856000.0,2,27526000.0,15.38
1625.0,3.0,2.0,33.0,5.6,17.8,12.3,4.1,,38.8,1.0,5.78,7.18,Independent House,2686000.0,2,2881000.0,7.26
2209.0,4.0,4.0,8.0,7.6,8.1,3.3,8.9,1.5,18.9,2.0,6.18,3.37,Apartment,13652000.0,4,17189000.0,25.91
2209.0,5.0,4.0,19.0,7.7,10.8,0.4,5.6,3.9,16.8,0.0,5.14,3.94,Apartment,9078000.0,4,11014000.0,21.33
1061.0,2.0,2.0,11.0,5.2,0.5,2.0,4.5,1.3,30.6,0.0,6.74,4.75,Apartment,3499000.0,2,3981000.0,13.78
832.0,2.0,3.0,22.0,6.5,13.5,5.4,7.1,2.4,19.4,2.0,7.65,4.18,Apartment,3099000.0,4,3752000.0,21.07
2412.0,4.0,4.0,3.0,2.8,14.0,9.3,2.5,5.5,18.7,1.0,8.14,3.24,Independent House,5751000.0,2,6362000.0,10.62
4104.0,6.0,4.0,7.0,5.6,18.4,4.9,4.1,6.4,19.4,3.0,5.31,0.28,Independent House,16095000.0,1,16476000.0,2.37
2263.0,4.0,4.0,8.0,6.6,6.8,2.6,6.3,0.7,14.3,1.0,6.33,8.7,Apartment,10772000.0,3,12875000.0,19.52
1612.0,3.0,3.0,7.0,9.6,,6.7,6.2,0.5,,2.0,5.67,6.06,Independent House,8202000.0,1,8540000.0,4.12
10899.0,5.0,4.0,3.0,4.6,14.3,2.5,5.1,5.8,23.7,3.0,7.06,3.27,Independent House,8967000.0,4,11107000.0,23.87
1843.0,3.0,2.0,13.0,7.7,5.2,1.3,6.0,0.5,13.0,0.0,6.76,6.6,Apartment,8902000.0,4,11248000.0,26.35
1465.0,2.0,3.0,6.0,5.3,10.0,4.2,6.7,1.0,27.9,1.0,6.29,3.33,Independent House,5175000.0,3,6119000.0,18.24
1070.0,2.0,2.0,25.0,6.6,7.4,3.2,5.4,4.7,46.2,0.0,,,Apartment,2821000.0,5,3413000.0,20.99
851.0,2.0,2.0,3.0,4.2,11.5,3.5,4.4,0.8,46.2,2.0,5.65,3.58,Apt,2015000.0,1,2111000.0,4.76
1059.0,3.0,2.0,16.0,3.2,16.3,1.9,4.0,1.0,42.7,1.0,6.51,7.3,Apartment,2012000.0,2,2184000.0,8.55
1666.0,3.0,3.0,4.0,3.0,21.2,7.4,2.4,9.6,52.1,1.0,5.27,0.03,Independent House,2586000.0,2,2666000.0,3.09
2768.0,,4.0,32.0,10.0,10.1,3.0,6.8,5.8,13.0,1.0,7.53,6.02,Independent House,16813000.0,1,17927000.0,6.63
1071.0,2.0,2.0,17.0,6.1,6.4,0.6,5.1,1.8,35.7,0.0,6.18,1.89,Apartment,3396000.0,1,3502000.0,3.12
2921.0,6.0,5.0,3.0,3.3,26.4,4.3,4.4,3.7,37.8,2.0,5.52,4.19,Independent House,7236000.0,2,7712000.0,6.58
691.0,1.0,1.0,18.0,6.3,7.2,1.1,7.8,2.5,26.1,0.0,4.68,3.63,Apartment,2318000.0,5,2854000.0,23.12
1038.0,1.0,1.0,27.0,4.0,19.1,6.3,6.1,2.9,33.6,2.0,5.55,5.33,Apartment,1574000.0,4,1902000.0,20.84
1337.0,,2.0,15.0,4.2,8.1,1.5,,0.9,32.6,2.0,7.07,6.0,Apartment,3837000.0,2,4297000.0,11.99
1629.0,2.0,1.0,2.0,7.9,17.9,8.4,7.0,10.6,27.9,2.0,6.59,3.02,Independent House,5683000.0,1,6006000.0,5.68
1220.0,2.0,2.0,16.0,8.0,3.4,1.2,,3.0,36.3,0.0,7.91,3.92,Apartment,5923000.0,3,7242000.0,22.27
2581.0,5.0,4.0,17.0,,16.6,0.3,4.2,3.7,28.5,4.0,3.74,2.07,Villa,9698000.0,1,10029000.0,3.41
786.0,1.0,1.0,50.0,7.5,2.5,1.8,6.3,0.6,,1.0,6.68,3.8,Apartment,2663000.0,3,3097000.0,16.3
921.0,2.0,2.0,2.0,7.4,6.7,2.1,5.5,,27.3,2.0,5.11,3.48,Apartment,4094000.0,5,5447000.0,33.05
3543.0,6.0,5.0,15.0,3.6,10.1,0.3,4.0,2.5,42.7,2.0,4.02,2.98,Villa ,11296000.0,2,11983000.0,6.08
2576.0,5.0,4.0,9.0,9.9,8.1,3.2,6.5,1.7,13.9,3.0,8.7,6.57,Independent House,22091000.0,2,26635000.0,20.57
832.0,1.0,1.0,13.0,5.3,11.9,9.6,3.6,2.4,11.4,1.0,4.64,3.34,Apartment,1664000.0,4,1862000.0,11.9
1198.0,2.0,1.0,10.0,6.5,11.6,3.3,5.0,3.8,25.8,0.0,5.14,4.9,Apartment,3351000.0,1,3523000.0,5.13
2065.0,4.0,3.0,15.0,7.7,6.8,2.5,6.5,4.4,15.4,2.0,6.5,1.64,Independent House,10214000.0,1,10691000.0,4.67
1582.0,4.0,3.0,13.0,7.9,3.5,3.1,4.4,1.1,23.3,1.0,6.15,3.03,Independent House,7063000.0,2,8014000.0,13.46
857.0,2.0,3.0,16.0,4.3,24.1,2.3,6.0,5.9,37.3,2.0,7.36,3.38,Apartment,1860000.0,3,2071000.0,11.34
1158.0,2.0,1.0,18.0,5.3,15.8,13.4,7.2,1.6,24.6,0.0,4.92,0.88,Apartment,2589000.0,5,3047000.0,17.69
1122.0,3.0,3.0,2.0,8.1,5.4,1.3,8.3,0.6,21.8,3.0,5.4,2.69,independent house,7514000.0,2,8481000.0,12.87
800.0,1.0,1.0,15.0,5.8,9.4,7.0,6.5,4.1,46.9,2.0,6.76,6.27,Apartment,1981000.0,3,2270000.0,14.59
4699.0,6.0,6.0,13.0,4.8,11.7,2.5,2.7,1.8,19.4,4.0,9.28,6.73,Villa,22175000.0,5,30296000.0,36.62
1613.0,3.0,3.0,21.0,7.2,1.8,1.0,6.9,1.1,35.1,2.0,8.47,5.29,independent house,8423000.0,3,10019000.0,18.95
893.0,1.0,1.0,,6.8,12.1,1.4,,2.6,46.8,0.0,8.05,6.31,Apartment,3471000.0,4,4384000.0,26.3
1776.0,4.0,4.0,13.0,6.8,3.0,2.0,3.7,1.6,26.9,2.0,5.93,6.65,Independent House,8353000.0,1,8773000.0,5.03
1325.0,3.0,3.0,2.0,6.6,4.8,,8.7,2.2,30.2,2.0,5.57,6.86,Apartment,7452000.0,1,7918000.0,6.25
1673.0,3.0,3.0,19.0,6.1,14.7,4.0,3.7,1.3,38.0,2.0,7.27,3.04,Independent House,4120000.0,4,4768000.0,15.73
932.0,2.0,2.0,16.0,7.0,19.0,2.5,3.4,4.2,30.7,1.0,5.56,5.46,Apt,2320000.0,1,2439000.0,5.13
1735.0,3.0,2.0,42.0,4.6,10.5,3.2,5.8,2.8,24.5,3.0,9.32,4.56,Independent House,4353000.0,2,4843000.0,11.26
729.0,1.0,1.0,5.0,5.5,21.8,7.6,7.7,2.2,26.8,2.0,6.93,2.18,Apartment,1956000.0,3,2208000.0,12.88
849.0,1.0,1.0,14.0,7.6,6.5,2.1,6.0,1.0,15.4,2.0,3.77,2.59,Apartment,3765000.0,4,4364000.0,15.91
3328.0,6.0,5.0,10.0,9.8,0.5,0.2,7.6,0.7,22.1,4.0,6.66,4.2,Villa,37011000.0,1,40102000.0,8.35
2252.0,4.0,3.0,14.0,8.0,0.5,1.7,4.7,1.1,13.8,1.0,6.57,4.28,Independent House,12441000.0,3,14655000.0,17.8
2708.0,4.0,3.0,23.0,7.0,8.9,0.7,6.1,2.7,35.4,2.0,4.46,2.05,Villa,13247000.0,4,15156000.0,14.41
1501.0,3.0,3.0,,4.0,3.1,1.1,4.2,1.6,53.5,0.0,7.2,5.69,Apartment,4536000.0,2,5001000.0,10.25
2719.0,5.0,4.0,17.0,6.4,8.4,1.6,8.3,1.6,25.7,2.0,8.52,3.72,Independent House,13661000.0,1,14602000.0,6.89
679.0,2.0,2.0,12.0,6.1,12.7,0.9,7.7,2.5,35.0,2.0,4.7,3.34,Apartment,2479000.0,1,2590000.0,4.48
1277.0,3.0,2.0,10.0,8.3,8.2,2.0,6.1,0.8,19.5,0.0,4.47,5.98,Apartment,5043000.0,5,6737000.0,33.59
1665.0,3.0,2.0,9.0,7.5,0.5,0.5,4.0,1.5,36.2,2.0,7.0,2.19,Independent House,7040000.0,1,7450000.0,5.82
2559.0,4.0,3.0,22.0,9.6,0.9,2.0,8.2,0.4,17.5,3.0,6.05,4.4,Independent House,17105000.0,1,18355000.0,7.31
749.0,2.0,3.0,13.0,7.3,8.0,2.4,4.7,4.1,15.9,1.0,4.78,5.48,Apartment,3266000.0,4,4020000.0,23.09
930.0,1.0,1.0,12.0,6.4,16.0,0.6,4.2,2.4,26.9,0.0,7.12,6.59,Apartment,2523000.0,3,3010000.0,19.3
1789.0,3.0,3.0,12.0,3.6,19.2,7.2,3.5,2.6,34.0,2.0,8.65,3.89,Independent House,3373000.0,5,4336000.0,28.55
1046.0,2.0,2.0,45.0,6.2,12.0,6.5,4.7,2.5,29.6,1.0,6.15,6.07,Apartment,2031000.0,4,2290000.0,12.75
1434.0,3.0,3.0,28.0,4.9,4.6,3.4,5.6,0.4,14.6,0.0,5.54,5.08,Apartment,4107000.0,1,4295000.0,4.58
936.0,1.0,1.0,3.0,9.9,0.5,2.7,7.8,1.0,,0.0,6.54,0.55,Apartment,6601000.0,5,8645000.0,30.97
676.0,,2.0,12.0,4.6,6.4,2.6,5.8,2.8,36.5,1.0,4.48,2.54,Apartment,1823000.0,2,1942000.0,6.53
1807.0,3.0,4.0,22.0,4.6,11.9,2.0,3.5,1.1,29.8,3.0,6.63,4.63,Independent House,5139000.0,3,5752000.0,11.93
1031.0,1.0,2.0,10.0,2.0,27.6,13.1,6.6,3.8,36.3,0.0,5.17,-0.49,Apartment,1108000.0,3,1144000.0,3.25
911.0,1.0,1.0,9.0,3.7,15.7,3.7,3.4,1.9,37.9,2.0,6.45,0.57,Apartment,2066000.0,2,2204000.0,6.68
1492.0,2.0,1.0,25.0,8.1,7.7,1.0,4.3,3.7,18.0,1.0,6.5,5.62,Independent House,6355000.0,5,8538000.0,34.35
846.0,2.0,2.0,6.0,5.4,9.5,1.2,3.6,5.3,18.3,1.0,7.13,2.36,Apartment,3083000.0,4,3745000.0,21.47
2070.0,3.0,3.0,25.0,7.2,12.5,11.7,5.4,10.3,26.3,2.0,4.54,3.63,APARTMENT,4764000.0,3,5028000.0,5.54
544.0,1.0,2.0,1.0,7.0,6.2,2.6,7.5,3.3,28.8,1.0,6.86,5.0,Apartment,2612000.0,1,2754000.0,5.44
1619.0,2.0,3.0,10.0,7.6,13.2,0.6,7.2,1.2,34.7,,7.92,7.62,Independent House,9625000.0,5,13556000.0,40.84
3212.0,6.0,5.0,23.0,6.3,15.2,8.1,6.2,,29.7,1.0,10.0,5.17,Independent House,10842000.0,3,13098000.0,20.81
1915.0,,3.0,11.0,7.9,1.9,1.0,5.0,1.7,27.4,4.0,5.58,6.03,Villa,13691000.0,3,16689000.0,21.9
935.0,1.0,1.0,2.0,4.9,11.4,6.3,,2.5,33.3,2.0,6.33,1.42,Apartment,2370000.0,1,2454000.0,3.54
1112.0,3.0,3.0,23.0,5.3,6.1,3.5,4.6,1.0,34.2,1.0,3.44,0.25,Apartment,3126000.0,2,3192000.0,2.11
1175.0,2.0,,35.0,6.0,11.4,2.5,5.5,1.8,44.0,0.0,5.33,2.36,,2614000.0,1,2680000.0,2.52
1224.0,2.0,2.0,5.0,10.0,2.3,1.6,6.8,2.2,13.2,1.0,7.46,5.36,Apartment,9048000.0,3,11550000.0,27.65
1988.0,4.0,3.0,7.0,7.6,11.0,7.7,6.1,1.3,11.8,1.0,6.43,6.52,Independent House,9067000.0,3,10474000.0,15.52
1348.0,3.0,3.0,7.0,2.7,12.3,7.9,2.7,3.0,41.7,1.0,6.71,2.16,Apartment,2290000.0,1,2369000.0,3.45
1410.0,3.0,3.0,,2.8,13.6,4.0,1.0,3.2,55.6,2.0,4.26,3.53,Apartment,2248000.0,1,2333000.0,3.78
1182.0,1.0,1.0,11.0,3.2,19.0,3.2,4.3,1.1,21.5,2.0,7.67,,,2682000.0,3,3114000.0,16.11
2395.0,4.0,3.0,13.0,6.3,14.2,5.1,9.5,4.0,27.0,3.0,6.46,5.33,Independent House,10563000.0,5,14328000.0,35.64
1660.0,2.0,2.0,14.0,9.6,3.2,2.8,8.4,0.5,,1.0,5.54,4.15,Apartment,12042000.0,4,14971000.0,24.32
1739.0,3.0,3.0,3.0,7.5,11.1,3.8,6.8,4.4,37.3,0.0,7.37,3.17,Apartment,6954000.0,5,9464000.0,36.09
1531.0,1.0,1.0,36.0,4.6,17.0,5.7,3.3,5.2,15.2,1.0,4.79,3.64,Independent House,2325000.0,4,2565000.0,10.32
1108.0,2.0,2.0,,5.0,9.8,1.0,5.8,2.7,26.1,2.0,2.58,5.12,Apartment,3033000.0,2,3212000.0,5.9
612.0,1.0,1.0,8.0,9.0,10.7,2.0,4.9,1.0,15.9,,5.95,3.61,Apartment,2938000.0,4,3684000.0,25.39
1026.0,1.0,2.0,4.0,8.9,9.4,4.3,7.2,1.3,45.9,2.0,6.95,3.43,Apartment,4527000.0,2,5216000.0,15.22
1534.0,2.0,1.0,8.0,10.0,0.5,0.6,7.7,0.8,23.5,2.0,6.09,5.09,Independent House,12189000.0,5,16530000.0,35.61
1459.0,3.0,3.0,20.0,4.4,16.5,2.5,5.3,1.7,31.0,1.0,3.07,3.65,Apartment,3301000.0,1,3389000.0,2.67
1242.0,1.0,1.0,9.0,3.4,17.8,7.3,4.9,3.8,14.7,1.0,4.77,0.01,Independent House,2982000.0,2,3173000.0,6.41
1069.0,1.0,1.0,16.0,2.9,19.0,21.1,5.6,5.9,42.5,,7.63,3.85,Apartment,948000.0,1,977000.0,3.06
1474.0,2.0,2.0,13.0,6.2,11.8,4.9,5.1,1.9,24.7,1.0,5.4,4.21,Apartment,4838000.0,2,5281000.0,9.16
1107.0,3.0,3.0,11.0,7.7,16.9,8.2,6.2,2.2,19.4,0.0,5.21,3.64,Apartment,3648000.0,5,4637000.0,27.11
961.0,2.0,2.0,7.0,2.9,16.4,4.4,3.4,2.7,47.6,1.0,6.5,4.77,Apartment,1530000.0,4,1836000.0,20.0
3444.0,6.0,6.0,16.0,7.5,0.7,2.7,5.6,1.8,15.3,4.0,7.37,5.91,Villa,26271000.0,3,31738000.0,20.81
3381.0,5.0,,8.0,5.5,14.1,3.9,4.5,1.9,25.8,2.0,5.12,5.21,Villa,14516000.0,2,15795000.0,8.81
1336.0,2.0,2.0,1.0,3.7,9.0,5.3,4.1,1.0,36.6,1.0,5.21,6.76,APARTMENT,3506000.0,4,4279000.0,22.05
1040.0,2.0,2.0,10.0,2.8,8.5,2.9,5.9,2.2,39.4,1.0,5.51,2.52,Independent House,2545000.0,4,2986000.0,17.33
1527.0,3.0,3.0,28.0,6.3,7.9,5.4,5.5,2.5,27.6,1.0,7.03,2.16,Apartment,4478000.0,4,5355000.0,19.58
1587.0,3.0,2.0,21.0,6.6,8.4,3.0,,3.4,20.3,3.0,6.4,2.93,Independent House,6307000.0,4,7410000.0,17.49
1680.0,4.0,4.0,17.0,6.7,9.5,1.0,6.0,0.9,27.9,1.0,7.61,3.88,House,7262000.0,2,8226000.0,13.27
608.0,2.0,2.0,10.0,10.0,13.6,5.3,5.8,4.8,9.0,1.0,7.25,6.75,Apartment,3617000.0,4,4887000.0,35.11
902.0,1.0,1.0,4.0,5.6,11.4,4.2,6.6,3.1,32.7,0.0,,4.68,Apartment,2454000.0,2,2672000.0,8.88
1170.0,3.0,2.0,17.0,5.1,9.7,2.8,5.9,1.0,34.7,1.0,6.81,3.83,Apartment,3612000.0,3,4042000.0,11.9
,2.0,1.0,9.0,3.5,21.8,5.6,8.5,2.3,28.3,0.0,6.08,3.86,Apartment,2975000.0,1,3090000.0,3.87
1825.0,4.0,4.0,35.0,6.9,20.2,3.3,3.8,1.2,30.9,2.0,5.72,2.79,Independent House,5261000.0,5,6041000.0,14.83
885.0,2.0,2.0,3.0,7.5,7.1,2.0,5.8,2.6,21.2,0.0,7.42,4.25,Apartment,4527000.0,2,5201000.0,14.89
2128.0,5.0,5.0,2.0,4.9,7.3,4.6,4.8,2.2,41.0,1.0,6.32,2.32,Independent House,6974000.0,2,7622000.0,9.29
753.0,1.0,1.0,18.0,4.4,9.3,3.1,3.1,3.2,34.3,0.0,3.74,2.45,Apartment,1494000.0,1,1516000.0,1.47
1848.0,5.0,4.0,15.0,6.5,16.8,0.3,5.5,4.1,51.8,3.0,4.38,3.72,Independent House,7033000.0,5,8478000.0,20.55
3411.0,5.0,3.0,7.0,5.6,15.6,2.6,5.0,5.4,,4.0,4.76,-0.43,Villa,13593000.0,2,14459000.0,6.37
3543.0,6.0,5.0,18.0,6.2,14.6,1.3,8.4,2.6,36.9,2.0,6.21,4.42,Villa,18139000.0,3,20823000.0,14.8
1334.0,2.0,2.0,16.0,5.3,10.8,7.1,6.4,4.0,37.2,0.0,4.6,3.68,Apartment,3036000.0,4,3339000.0,9.98
1762.0,3.0,3.0,26.0,7.6,7.6,7.0,5.9,0.5,,0.0,4.51,1.74,Apartment,5333000.0,4,5935000.0,11.29
1879.0,4.0,3.0,8.0,3.9,8.3,4.2,5.1,1.1,39.2,1.0,4.74,,Apartment,4575000.0,5,5062000.0,10.64
1757.0,4.0,3.0,14.0,4.8,25.3,,4.7,5.8,34.2,3.0,4.48,3.3,Independent House,4277000.0,3,4758000.0,11.25
989.0,2.0,2.0,16.0,5.2,9.1,6.9,,5.6,33.5,0.0,9.46,4.87,Apartment,2463000.0,2,2806000.0,13.93
978.0,2.0,2.0,21.0,4.4,11.4,4.6,6.4,2.6,41.5,1.0,5.85,3.08,Apartment,2295000.0,4,2609000.0,13.68
1195.0,2.0,2.0,,4.9,17.0,5.9,5.3,2.0,34.9,1.0,6.14,1.07,Independent House,2983000.0,1,3044000.0,2.04
2211.0,3.0,3.0,9.0,4.8,19.4,5.7,4.4,2.0,28.9,2.0,5.5,1.95,Independent House,5691000.0,4,6632000.0,16.53
2179.0,4.0,3.0,3.0,8.7,3.0,1.2,4.9,1.1,26.2,2.0,3.32,3.93,Villa,12442000.0,3,14151000.0,13.74
851.0,2.0,1.0,19.0,6.8,5.6,0.6,7.6,0.7,33.3,1.0,5.5,1.01,Apartment,3479000.0,5,4317000.0,24.09
1716.0,2.0,2.0,11.0,6.4,21.0,13.8,7.6,2.4,23.5,1.0,5.36,4.54,APARTMENT,4040000.0,3,4544000.0,12.48
1496.0,3.0,2.0,8.0,6.3,15.1,10.8,7.9,1.4,30.1,2.0,7.3,2.98,Apartment,4785000.0,4,5819000.0,21.61
775.0,1.0,1.0,12.0,,15.1,3.6,7.7,3.8,21.1,0.0,7.88,3.95,Apartment,2465000.0,4,3081000.0,24.99
1209.0,2.0,2.0,14.0,4.3,13.2,11.5,5.0,1.3,37.9,3.0,7.59,2.88,Independent House,2980000.0,2,3166000.0,6.24
2413.0,4.0,4.0,30.0,4.4,8.2,3.9,4.6,3.3,38.4,3.0,4.97,-0.35,Villa,7786000.0,3,8208000.0,5.42
864.0,2.0,2.0,14.0,8.8,8.4,0.8,6.7,0.4,23.4,0.0,7.38,7.23,Apartment,4186000.0,4,5845000.0,39.63
3163.0,6.0,5.0,22.0,6.3,7.3,2.3,3.9,3.5,24.4,2.0,5.96,5.8,Villa,15134000.0,5,18695000.0,23.53
743.0,2.0,2.0,8.0,8.1,0.5,0.6,6.1,0.8,7.9,2.0,6.76,6.13,Apartment,4298000.0,3,5387000.0,25.34
1075.0,2.0,2.0,16.0,4.7,10.4,2.8,4.9,1.7,36.8,1.0,7.04,,apartment,3019000.0,3,3543000.0,17.36
3400.0,6.0,5.0,14.0,4.7,14.2,6.0,5.0,1.6,25.0,2.0,6.89,3.43,Independent House,9631000.0,3,11327000.0,17.61
,3.0,3.0,3.0,1.0,20.8,11.7,3.1,8.5,43.7,2.0,4.83,1.79,,2066000.0,1,2098000.0,1.55
1034.0,1.0,1.0,20.0,3.5,15.3,6.1,2.6,4.8,40.8,0.0,7.39,5.21,Apartment,1818000.0,2,1986000.0,9.24
923.0,1.0,1.0,12.0,8.9,10.1,,8.5,3.7,25.8,0.0,7.74,4.64,Apartment,4043000.0,4,5295000.0,30.97
1111.0,2.0,2.0,9.0,4.1,13.0,8.2,5.1,3.2,33.2,,3.49,5.13,Apartment,2008000.0,4,2214000.0,10.26
1591.0,3.0,2.0,36.0,4.8,5.0,3.0,7.8,1.7,21.7,1.0,7.14,5.5,Apartment,4161000.0,2,4623000.0,11.1
1441.0,3.0,3.0,13.0,4.5,20.4,7.2,6.2,1.8,40.3,1.0,5.43,1.42,Apartment,2862000.0,5,3283000.0,14.71
3583.0,6.0,5.0,9.0,8.2,13.6,2.9,7.7,1.5,10.5,2.0,5.7,4.38,Villa,26072000.0,5,34161000.0,31.03
2342.0,4.0,4.0,25.0,4.9,19.9,9.9,3.9,3.7,45.5,2.0,7.04,4.76,Independent House,3998000.0,2,4221000.0,5.58
2431.0,5.0,4.0,8.0,7.8,0.6,1.7,4.7,0.9,14.0,4.0,6.3,3.56,Villa,15524000.0,5,20245000.0,30.41
552.0,1.0,2.0,11.0,5.8,18.3,13.3,7.1,3.4,28.4,0.0,5.47,3.75,Apartment,1313000.0,1,1365000.0,3.96
1775.0,3.0,3.0,5.0,9.9,4.8,2.5,4.6,3.9,14.1,1.0,5.97,4.1,Apartment,10343000.0,3,12106000.0,17.05
1138.0,2.0,2.0,6.0,8.0,14.4,2.8,8.3,3.6,28.6,2.0,8.78,2.2,Apartment,5877000.0,3,7425000.0,26.34
2059.0,3.0,2.0,17.0,1.6,27.2,13.5,5.4,7.3,39.0,1.0,6.18,3.2,Independent House,2378000.0,3,2598000.0,9.25
2959.0,5.0,4.0,8.0,6.5,6.6,7.3,3.7,,27.6,4.0,7.04,6.98,Villa,13505000.0,3,15757000.0,16.68
1033.0,1.0,1.0,14.0,6.5,7.2,4.0,5.2,2.4,37.8,2.0,6.24,,Apartment,2883000.0,5,3636000.0,26.12
1182.0,3.0,3.0,21.0,7.8,7.3,2.5,9.0,1.6,26.4,0.0,7.39,4.14,Apartment,4896000.0,2,5561000.0,13.58
508.0,1.0,1.0,2.0,6.5,12.9,4.9,6.9,2.5,43.2,0.0,5.89,5.38,Apartment,1679000.0,3,1998000.0,19.0
813.0,2.0,2.0,14.0,6.4,7.0,6.6,7.5,1.4,15.4,1.0,7.17,1.8,Apartment,3250000.0,1,3417000.0,5.14
2098.0,3.0,,1.0,5.1,12.0,,3.4,6.6,32.0,2.0,4.81,2.7,Apartment,5027000.0,2,5362000.0,6.66
1159.0,2.0,2.0,11.0,10.0,0.5,1.3,5.2,0.6,10.9,2.0,5.06,4.07,Apartment,6596000.0,3,7889000.0,19.6
2095.0,4.0,4.0,16.0,8.7,4.0,1.6,8.3,1.0,18.6,3.0,6.38,3.52,Independent House,15308000.0,1,16052000.0,4.86
1070.0,2.0,2.0,23.0,6.5,0.5,0.8,5.6,0.6,24.1,3.0,7.12,4.1,Independent House,4812000.0,2,5402000.0,12.26
1224.0,2.0,2.0,,8.1,1.8,0.8,2.9,1.3,35.8,0.0,6.56,0.47,Apartment,4281000.0,3,4825000.0,12.71
1783.0,5.0,4.0,10.0,5.5,15.8,2.5,9.0,2.0,33.6,2.0,5.0,,Apartment,7642000.0,1,8013000.0,4.85
2389.0,4.0,4.0,12.0,5.7,3.4,1.6,7.8,2.3,19.7,0.0,7.53,4.15,Apartment,10319000.0,3,12446000.0,20.61
986.0,2.0,2.0,8.0,7.7,11.5,9.4,6.2,3.4,15.8,0.0,6.92,3.8,Apartment,3839000.0,1,4047000.0,5.42
2362.0,5.0,3.0,2.0,4.6,19.4,2.4,3.3,2.6,31.5,2.0,6.34,-0.81,Independent House,7886000.0,2,8441000.0,7.04
786.0,2.0,2.0,14.0,6.0,15.4,3.4,,1.5,,0.0,4.02,0.22,Apartment,2093000.0,1,2157000.0,3.06
1128.0,2.0,2.0,11.0,3.3,15.9,2.8,4.0,2.9,36.5,1.0,4.45,4.15,Apartment,2224000.0,1,2278000.0,2.43
1670.0,3.0,2.0,24.0,5.1,15.5,1.0,4.4,3.4,27.3,1.0,5.64,3.93,Apartment,3473000.0,5,4411000.0,27.01
1833.0,3.0,2.0,8.0,6.1,7.4,2.1,,2.0,32.8,2.0,7.49,6.07,apartment,6750000.0,2,7763000.0,15.01
1873.0,3.0,3.0,29.0,7.0,14.1,1.6,8.1,2.9,10.8,1.0,4.39,4.35,Independent House,7785000.0,4,9588000.0,23.16
1156.0,2.0,1.0,18.0,8.1,7.8,2.0,8.8,2.8,33.0,0.0,5.0,3.3,Apartment,4194000.0,1,4379000.0,4.41
1425.0,2.0,2.0,6.0,9.0,15.4,6.4,6.7,9.1,18.2,1.0,4.84,3.32,Apartment,6026000.0,1,6245000.0,3.63
1307.0,3.0,3.0,,4.7,14.5,2.6,4.4,3.4,11.8,1.0,7.74,0.43,Apartment,3744000.0,5,4671000.0,24.76
3417.0,6.0,5.0,11.0,3.9,6.4,2.5,4.4,0.7,50.0,3.0,4.2,2.89,Villa,11014000.0,5,12862000.0,16.78
602.0,1.0,1.0,25.0,6.4,11.4,2.9,7.3,2.0,46.2,1.0,5.81,3.52,Apartment,1648000.0,2,1796000.0,8.98
1037.0,2.0,2.0,9.0,5.3,7.6,0.8,6.1,9.0,35.3,0.0,5.06,2.73,Apartment,2936000.0,4,3484000.0,18.66
1099.0,2.0,3.0,6.0,8.0,10.9,4.9,7.4,2.1,23.2,0.0,6.14,6.35,Apartment,4815000.0,2,5375000.0,11.63
1426.0,2.0,2.0,3.0,7.0,17.0,9.7,6.5,,15.6,3.0,8.32,13.93,Independent House,6105000.0,5,9740000.0,59.54
1187.0,1.0,1.0,10.0,7.1,12.6,0.3,3.5,2.3,34.0,1.0,8.7,6.57,Apartment,3882000.0,3,4679000.0,20.53
949.0,1.0,1.0,9.0,5.6,12.7,3.9,4.4,0.9,22.4,,7.4,4.22,Flat,2645000.0,3,3223000.0,21.85
1076.0,3.0,2.0,,6.3,9.4,3.4,6.3,1.4,28.9,1.0,3.43,6.39,Apartment,3451000.0,5,4051000.0,17.39
965.0,2.0,2.0,7.0,6.7,3.7,0.3,3.8,0.9,27.7,0.0,8.59,4.08,Apartment,4065000.0,1,4309000.0,6.0
4544.0,6.0,5.0,21.0,7.4,3.6,0.5,,0.7,21.9,4.0,4.76,1.85,Villa,36194000.0,3,40156000.0,10.95
2013.0,3.0,3.0,5.0,9.8,,2.7,9.7,1.4,39.3,1.0,6.78,6.59,Apartment,17280000.0,2,19919000.0,15.27
1899.0,3.0,3.0,25.0,8.1,5.6,1.1,5.9,1.5,28.9,2.0,8.71,7.32,Independent House,9935000.0,3,12633000.0,27.16
1014.0,3.0,2.0,19.0,6.2,8.5,0.9,5.5,1.9,41.3,0.0,7.43,3.5,Apartment,3616000.0,3,4330000.0,19.75
842.0,2.0,3.0,5.0,4.6,11.4,0.4,5.5,0.9,27.1,2.0,7.74,4.15,Apartment,2961000.0,2,3364000.0,13.61
2600.0,5.0,5.0,31.0,5.2,17.5,1.9,8.9,1.2,31.7,3.0,6.69,2.79,Independent House,10263000.0,5,12975000.0,26.43
1285.0,2.0,2.0,4.0,7.8,21.8,7.9,5.3,5.1,27.7,3.0,6.56,2.84,Independent House,4311000.0,1,4479000.0,3.9
746.0,2.0,2.0,17.0,5.1,3.3,0.3,4.0,2.4,31.8,0.0,6.15,3.38,Apartment,2369000.0,3,2708000.0,14.31
3931.0,6.0,,13.0,6.1,12.0,2.4,3.8,3.4,27.3,4.0,5.68,5.82,Villa,17005000.0,3,19856000.0,16.77
1146.0,2.0,2.0,21.0,7.4,14.2,2.3,5.2,2.8,15.7,0.0,7.32,5.75,Apartment,4395000.0,1,4746000.0,7.99
1029.0,3.0,3.0,9.0,6.0,18.6,3.2,6.0,3.0,14.5,2.0,7.57,5.07,Apartment,3102000.0,5,4167000.0,34.33
2000.0,4.0,4.0,16.0,8.0,9.5,8.4,6.4,2.4,24.9,3.0,5.31,2.5,Independent House,8952000.0,5,10989000.0,22.75
1151.0,2.0,3.0,11.0,8.5,,2.5,7.7,1.9,16.2,0.0,5.16,3.96,Apartment,6588000.0,1,6955000.0,5.57
1226.0,3.0,3.0,4.0,5.0,9.9,3.0,3.2,1.6,38.6,2.0,6.25,5.96,Apartment,4080000.0,3,4580000.0,12.25
3489.0,6.0,4.0,27.0,4.4,13.7,2.2,6.2,2.6,32.9,2.0,8.47,3.61,Independent House,10408000.0,5,13407000.0,28.81
1115.0,1.0,2.0,5.0,6.6,5.0,3.5,8.9,1.2,24.8,1.0,5.26,3.34,Apartment,5559000.0,5,7424000.0,33.55
1246.0,3.0,3.0,11.0,7.4,5.1,1.8,6.1,0.7,14.0,0.0,8.41,7.82,APARTMENT,6150000.0,5,9070000.0,47.48
4217.0,6.0,4.0,,5.0,9.0,3.1,7.1,4.9,42.2,2.0,4.28,4.62,Villa,17379000.0,3,19128000.0,10.06
1902.0,3.0,2.0,10.0,7.5,3.2,0.5,5.8,1.6,29.0,2.0,6.24,3.59,Independent House,9836000.0,1,10441000.0,6.15
927.0,2.0,3.0,17.0,9.9,9.9,6.2,8.2,1.3,36.2,2.0,5.95,5.42,Apartment,5126000.0,1,5374000.0,4.84
1177.0,3.0,2.0,25.0,6.6,9.5,2.0,6.4,1.7,20.8,3.0,7.36,5.14,Independent House,4937000.0,3,5790000.0,17.28
3506.0,6.0,4.0,9.0,7.0,4.2,2.1,5.3,2.1,34.2,4.0,6.38,3.37,Villa,20775000.0,2,22760000.0,9.55
1594.0,2.0,3.0,15.0,7.0,5.6,1.1,9.2,2.1,40.7,1.0,8.58,5.79,Apartment,6907000.0,3,8252000.0,19.47
1470.0,2.0,2.0,2.0,8.6,1.9,0.8,6.1,0.7,35.2,1.0,8.34,5.21,Independent House,9117000.0,3,11230000.0,23.18
1583.0,3.0,3.0,14.0,7.7,8.7,4.9,6.4,2.8,24.3,1.0,6.64,4.0,Independent House,6929000.0,3,8287000.0,19.6
1897.0,3.0,3.0,15.0,5.6,9.5,5.8,7.7,1.5,41.5,2.0,7.11,2.84,Independent House,6352000.0,1,6565000.0,3.35
1142.0,2.0,,4.0,6.9,10.0,0.9,6.7,3.4,42.4,2.0,6.47,3.3,Apartment,4722000.0,1,4988000.0,5.63
762.0,,1.0,36.0,4.3,11.1,2.6,3.6,2.1,,1.0,7.25,6.51,Apartment,1464000.0,5,1797000.0,22.75
786.0,1.0,1.0,16.0,7.2,11.8,0.9,6.6,6.0,31.8,1.0,5.64,4.85,Apartment,2745000.0,2,2964000.0,7.98
1002.0,2.0,2.0,24.0,3.9,20.7,0.8,3.8,2.9,,0.0,4.79,5.06,Apartment,1619000.0,2,1720000.0,6.24
1218.0,3.0,3.0,21.0,2.8,20.0,4.2,3.9,3.1,34.9,2.0,6.12,4.03,Apartment,2060000.0,2,2211000.0,7.33
1263.0,2.0,1.0,9.0,6.1,12.4,3.6,4.9,3.1,27.5,0.0,5.28,4.68,Apartment,3029000.0,5,3770000.0,24.46
1469.0,3.0,3.0,17.0,6.9,6.5,,3.8,1.0,31.9,0.0,6.49,1.06,Apartment,4744000.0,3,5457000.0,15.03
,3.0,3.0,6.0,7.4,10.5,5.5,6.3,0.9,29.7,3.0,6.01,3.94,Independent House,6398000.0,2,6856000.0,7.16
1053.0,3.0,3.0,5.0,2.2,13.9,1.6,5.2,0.7,36.0,1.0,5.26,2.5,Apartment,2630000.0,2,2831000.0,7.64
2067.0,4.0,2.0,20.0,5.9,11.5,5.4,2.8,4.3,31.2,2.0,7.23,5.15,Independent House,5554000.0,5,7186000.0,29.38
2121.0,4.0,4.0,4.0,5.2,11.0,5.9,3.6,1.7,25.3,2.0,8.16,3.51,Independent House,7572000.0,3,9082000.0,19.94
943.0,3.0,3.0,8.0,3.2,15.2,2.5,3.2,2.1,35.1,1.0,4.11,,Apartment,1995000.0,4,2152000.0,7.87
1201.0,2.0,2.0,9.0,8.0,10.0,2.6,2.4,5.8,28.7,0.0,7.32,1.69,Apartment,3743000.0,4,4510000.0,20.49
1326.0,3.0,3.0,26.0,6.4,15.5,4.0,7.6,8.6,47.4,2.0,5.35,3.64,Independent House,4053000.0,5,4926000.0,21.54
1582.0,3.0,3.0,16.0,2.7,23.0,0.2,6.5,4.0,32.3,1.0,,3.58,Apartment,3117000.0,3,3664000.0,17.55
4028.0,6.0,5.0,16.0,6.1,2.7,1.5,4.7,1.3,23.9,3.0,5.81,4.41,Villa,20200000.0,1,21141000.0,4.66
1279.0,3.0,3.0,19.0,6.0,9.3,2.4,6.5,2.6,15.1,2.0,5.87,1.18,Apartment,4654000.0,1,4879000.0,4.83
1023.0,3.0,3.0,11.0,8.0,3.3,0.9,6.6,0.5,29.6,1.0,7.39,5.62,Apartment,5437000.0,2,6205000.0,14.13
2791.0,5.0,4.0,15.0,4.6,11.2,4.7,4.9,9.1,,4.0,6.89,4.08,Villa,10093000.0,3,11409000.0,13.04
1195.0,1.0,1.0,12.0,8.6,9.7,3.6,6.6,1.7,10.4,2.0,7.43,5.47,Apartment,5735000.0,2,6572000.0,14.59
887.0,1.0,2.0,8.0,6.0,8.2,3.9,6.6,1.0,44.7,1.0,,4.64,Apartment,2754000.0,1,2839000.0,3.09
654.0,1.0,1.0,,5.7,14.5,7.0,,2.4,30.0,1.0,6.55,,Apartment,1634000.0,1,1717000.0,5.08
1039.0,1.0,1.0,18.0,5.6,23.9,6.8,2.5,0.9,24.1,1.0,5.46,4.75,Flat,1837000.0,2,1949000.0,6.1
1361.0,2.0,1.0,18.0,6.6,17.5,8.3,5.1,4.8,19.7,1.0,7.78,5.1,Independent House,4038000.0,3,4763000.0,17.95
3833.0,6.0,5.0,6.0,4.7,16.7,3.8,4.5,5.5,37.3,4.0,3.88,3.39,Villa,13613000.0,1,14025000.0,3.03
1434.0,4.0,3.0,7.0,5.6,0.5,0.9,8.4,1.1,20.0,2.0,6.32,6.88,Independent House,8176000.0,3,9762000.0,19.4
958.0,2.0,,9.0,8.2,10.0,13.2,6.4,4.7,21.1,2.0,6.79,5.24,Apartment,3062000.0,5,3820000.0,24.76
4096.0,6.0,6.0,23.0,8.1,5.2,3.8,4.1,2.1,18.3,4.0,5.33,,Villa,22632000.0,2,24634000.0,8.85
1482.0,2.0,1.0,3.0,7.4,6.5,4.5,4.4,2.4,26.8,1.0,7.97,6.13,Apartment,5320000.0,2,6156000.0,15.71
1169.0,1.0,1.0,13.0,5.6,12.6,2.8,3.1,3.0,32.6,1.0,5.78,1.51,Apartment,2815000.0,4,3270000.0,16.16
523.0,1.0,1.0,,6.9,6.2,1.2,8.4,2.7,32.1,1.0,4.86,3.52,Apartment,1904000.0,4,2256000.0,18.49
1438.0,3.0,3.0,,7.1,9.8,2.3,5.3,1.5,19.0,2.0,5.26,6.76,INDEPENDENT HOUSE,6242000.0,2,7018000.0,12.43
1068.0,3.0,3.0,10.0,4.9,22.4,3.0,3.8,4.1,42.6,0.0,4.23,5.3,APARTMENT,2481000.0,1,2550000.0,2.78
2707.0,4.0,4.0,31.0,8.6,9.4,0.9,4.3,1.6,18.8,1.0,6.77,5.03,Independent House,10578000.0,2,11619000.0,9.84
2370.0,5.0,4.0,8.0,7.3,14.3,3.9,5.0,1.8,16.1,1.0,7.0,4.12,Independent House,10074000.0,4,13200000.0,31.03
1018.0,3.0,3.0,7.0,6.7,9.4,2.8,6.8,3.0,16.9,0.0,5.06,3.78,Apartment,3902000.0,2,4345000.0,11.35
1211.0,2.0,3.0,4.0,5.5,2.9,2.7,4.6,2.1,35.3,1.0,7.11,4.76,Apartment,4581000.0,5,6364000.0,38.92
1080.0,2.0,1.0,,3.4,6.8,3.3,6.6,2.0,34.8,2.0,4.54,0.22,Apartment,2962000.0,4,3238000.0,9.32
2381.0,4.0,4.0,2.0,3.3,16.6,5.1,4.2,3.9,28.6,3.0,6.61,2.23,Independent House,6412000.0,1,6710000.0,4.65
741.0,2.0,2.0,12.0,10.0,0.5,1.7,6.0,0.6,21.9,1.0,6.42,6.52,Apartment,4902000.0,5,7162000.0,46.1
1303.0,3.0,3.0,18.0,7.4,13.9,8.5,6.4,3.5,19.8,2.0,4.26,3.13,Apartment,4201000.0,3,4647000.0,10.62
1308.0,2.0,3.0,8.0,5.0,11.3,2.0,3.5,1.5,28.7,2.0,5.92,7.04,Independent House,4541000.0,5,5925000.0,30.48
1338.0,3.0,4.0,6.0,8.6,9.0,0.7,9.3,4.7,25.2,0.0,4.36,3.08,Apartment,9206000.0,5,12063000.0,31.03
846.0,2.0,2.0,10.0,6.3,5.0,2.2,2.7,1.1,28.3,1.0,5.88,4.04,Apartment,2296000.0,1,2411000.0,5.01
1222.0,2.0,2.0,18.0,4.9,17.5,3.4,5.1,3.4,27.9,2.0,5.61,1.68,Apartment,3155000.0,2,3429000.0,8.68
1889.0,4.0,3.0,6.0,5.5,18.5,2.7,4.7,7.6,37.8,1.0,3.23,1.71,Independent House,5407000.0,3,5794000.0,7.16
2261.0,4.0,4.0,20.0,5.6,3.8,2.4,5.8,0.7,24.3,2.0,6.31,6.84,,8071000.0,3,9576000.0,18.65
1682.0,3.0,3.0,12.0,8.6,8.9,7.1,7.6,1.9,16.2,1.0,6.32,5.34,Independent House,9048000.0,1,9585000.0,5.94
1688.0,3.0,3.0,13.0,5.0,20.9,5.4,3.6,8.9,33.7,1.0,4.83,4.38,Apartment,2936000.0,2,3124000.0,6.4
4388.0,6.0,5.0,4.0,6.0,8.9,1.8,5.1,0.8,39.2,2.0,7.13,5.52,villa,19708000.0,4,25252000.0,28.13
1064.0,2.0,1.0,7.0,4.1,19.2,0.1,4.9,2.5,34.9,2.0,7.73,4.4,Apartment,2835000.0,2,3088000.0,8.92
1729.0,3.0,2.0,2.0,5.9,11.7,4.0,7.1,3.1,40.1,,3.84,8.41,Independent House,5367000.0,2,5874000.0,9.45
2020.0,4.0,3.0,7.0,6.1,15.3,14.9,,6.6,25.3,3.0,6.29,2.0,Independent House,5168000.0,2,5560000.0,7.59
3204.0,6.0,5.0,3.0,7.8,2.6,0.8,5.4,1.9,34.2,2.0,7.07,6.2,Independent House,18962000.0,3,22519000.0,18.76
1545.0,3.0,2.0,10.0,5.9,18.8,4.2,6.8,9.8,42.1,0.0,5.28,5.9,Apartment,3742000.0,1,3926000.0,4.92
2228.0,4.0,3.0,3.0,5.7,4.1,2.4,,1.8,35.6,3.0,3.88,1.4,Independent House,11599000.0,2,12665000.0,9.19
1426.0,2.0,1.0,17.0,5.9,15.7,3.2,5.2,4.6,28.3,2.0,6.27,7.28,Apartment,4177000.0,5,5240000.0,25.45
1069.0,1.0,1.0,2.0,4.1,16.6,1.5,4.1,4.3,41.5,0.0,2.81,,Apartment,2316000.0,4,2543000.0,9.8
1002.0,2.0,2.0,6.0,5.1,15.7,6.2,5.5,1.9,24.2,1.0,8.08,4.65,Apartment,2769000.0,4,3258000.0,17.66
912.0,2.0,3.0,13.0,1.0,17.7,5.4,3.5,2.7,49.3,0.0,1.9,-0.86,Apartment,1119000.0,3,1106000.0,-1.16
1943.0,3.0,3.0,5.0,7.9,4.6,4.1,4.9,1.1,37.7,2.0,5.54,4.27,Independent House,9157000.0,3,10500000.0,14.67
633.0,2.0,3.0,17.0,8.4,12.9,4.4,4.3,0.8,,0.0,7.7,7.41,Apartment,2017000.0,3,2473000.0,22.61
1195.0,2.0,2.0,20.0,2.4,25.5,8.5,4.1,6.6,43.3,2.0,3.59,0.11,Apartment,1522000.0,4,1555000.0,2.17
2096.0,4.0,4.0,29.0,4.3,12.1,4.5,5.8,0.9,24.9,3.0,5.63,4.13,Independent House,4603000.0,1,4794000.0,4.15
874.0,2.0,2.0,24.0,9.3,5.1,1.1,6.5,0.9,17.3,1.0,6.1,4.67,Apartment,4841000.0,5,6074000.0,25.47
4334.0,6.0,4.0,11.0,4.9,11.4,3.3,6.2,2.9,37.1,2.0,5.47,3.91,Villa,16551000.0,4,19606000.0,18.46
2001.0,4.0,4.0,12.0,5.3,9.0,2.4,7.4,2.6,39.8,1.0,6.32,5.07,Independent House,8081000.0,2,8789000.0,8.76
1258.0,2.0,2.0,7.0,3.9,17.6,7.6,3.0,6.7,31.2,2.0,,4.18,Apartment,2416000.0,2,2686000.0,11.18
1096.0,2.0,1.0,7.0,4.4,8.9,0.4,7.4,2.4,22.0,2.0,6.61,6.23,Apartment,3925000.0,3,4664000.0,18.83
1021.0,1.0,1.0,3.0,3.0,9.0,3.3,3.3,3.0,,0.0,8.81,2.12,Apartment,2110000.0,2,2324000.0,10.14
935.0,3.0,3.0,15.0,5.3,14.8,7.4,3.9,4.4,41.5,2.0,4.02,-0.62,Apartment,1860000.0,2,1859000.0,-0.05
1064.0,2.0,4.0,11.0,3.8,15.0,3.7,5.2,0.5,45.2,1.0,3.73,5.66,Apartment,2403000.0,5,2969000.0,23.55
1805.0,3.0,3.0,6.0,5.9,10.9,6.7,4.7,1.4,37.9,0.0,6.93,6.75,Apartment,4383000.0,1,4591000.0,4.75
1393.0,2.0,2.0,12.0,7.4,0.5,1.5,5.4,0.6,23.0,3.0,8.02,4.43,Independent House,7514000.0,5,10396000.0,38.36
830.0,2.0,2.0,6.0,6.6,13.2,5.1,6.4,2.3,26.9,0.0,4.66,5.44,Apartment,2544000.0,5,3251000.0,27.79
2712.0,4.0,3.0,22.0,4.2,17.7,10.6,5.6,2.9,29.5,2.0,3.14,4.88,Independent House,5504000.0,3,5975000.0,8.56
1590.0,2.0,2.0,23.0,9.8,4.1,0.6,9.2,1.9,18.3,2.0,7.44,5.37,Independent House,11113000.0,5,16807000.0,51.24
1488.0,2.0,2.0,29.0,3.3,13.7,4.3,4.4,4.5,27.5,0.0,2.74,4.1,Apartment,2020000.0,4,2136000.0,5.74
804.0,2.0,3.0,27.0,8.1,5.7,3.1,5.7,3.2,32.7,0.0,6.74,6.55,Apartment,2567000.0,4,3162000.0,23.18
2982.0,5.0,5.0,29.0,3.4,12.0,9.1,4.4,3.1,35.3,3.0,3.35,5.43,Villa,7337000.0,2,7660000.0,4.4
1244.0,4.0,4.0,22.0,5.7,14.0,4.1,5.7,2.9,16.1,0.0,8.08,4.29,APARTMENT,4353000.0,2,4881000.0,12.13
1746.0,4.0,4.0,2.0,2.6,9.5,4.6,4.2,2.0,21.6,1.0,7.04,4.37,Independent House,5248000.0,3,5996000.0,14.25
3642.0,6.0,4.0,12.0,8.6,14.9,2.3,7.4,4.8,18.4,3.0,7.46,,Villa,26860000.0,2,30653000.0,14.12
1899.0,4.0,4.0,28.0,3.2,22.5,5.5,4.2,6.5,44.2,3.0,4.82,1.79,Villa,3865000.0,1,3975000.0,2.85
2185.0,4.0,3.0,14.0,6.6,3.3,1.0,6.7,0.7,30.9,1.0,7.74,4.38,Independent House,8932000.0,4,11790000.0,32.0
970.0,2.0,2.0,18.0,5.1,13.6,2.0,7.7,2.9,,2.0,7.76,3.33,apartment,3026000.0,2,3335000.0,10.21
2832.0,6.0,5.0,8.0,5.7,7.4,1.8,7.3,1.8,38.3,1.0,6.39,4.08,Independent House,12812000.0,5,15936000.0,24.38
2026.0,4.0,4.0,5.0,6.7,11.6,5.1,4.7,2.3,,3.0,6.82,7.84,Independent House,7925000.0,3,9443000.0,19.15
1719.0,3.0,4.0,22.0,9.2,0.5,0.8,5.6,0.8,10.6,2.0,4.76,7.09,Flat,9199000.0,3,10871000.0,18.18
1667.0,,3.0,5.0,6.6,21.4,4.0,4.7,1.9,26.3,3.0,5.83,2.45,Independent House,6390000.0,3,7313000.0,14.44
1078.0,2.0,3.0,31.0,8.1,8.9,2.5,9.7,2.7,22.0,1.0,7.54,5.03,APARTMENT,5047000.0,3,6480000.0,28.39
1645.0,2.0,3.0,11.0,6.4,15.7,1.2,4.3,14.3,27.9,1.0,5.36,-1.41,Independent House,4005000.0,1,4092000.0,2.17
1322.0,2.0,1.0,14.0,4.2,15.7,7.1,6.4,4.5,,1.0,4.5,3.4,Independent House,2776000.0,2,2951000.0,6.3
1012.0,2.0,2.0,10.0,5.1,4.6,0.7,5.8,2.0,18.9,0.0,6.44,6.96,Apartment,3838000.0,5,5493000.0,43.12
1080.0,3.0,2.0,12.0,3.4,10.5,15.0,7.3,1.8,26.8,2.0,7.84,4.84,Apartment,2262000.0,4,2743000.0,21.26
647.0,2.0,2.0,11.0,4.4,18.4,14.5,4.5,2.3,30.2,2.0,5.7,6.22,Apartment,1282000.0,5,1466000.0,14.35
3943.0,6.0,5.0,9.0,5.5,6.5,1.7,4.2,3.5,23.8,3.0,6.22,4.37,Villa,20008000.0,3,21836000.0,9.14
1187.0,2.0,1.0,18.0,8.3,2.7,0.4,,1.1,20.1,2.0,4.75,1.7,Apartment,6604000.0,1,6940000.0,5.09
2845.0,5.0,5.0,17.0,7.8,7.9,3.6,5.2,1.0,35.5,1.0,5.99,1.89,Independent House,11406000.0,3,12767000.0,11.93
1391.0,3.0,2.0,10.0,10.0,10.8,1.2,,4.7,16.3,1.0,7.78,6.43,Apartment,9818000.0,4,13829000.0,40.85
1457.0,,2.0,9.0,7.0,8.0,7.3,7.6,2.1,47.1,,4.5,5.45,Independent House,4407000.0,3,4967000.0,12.71
1396.0,1.0,1.0,20.0,4.7,9.9,2.1,8.0,2.6,43.4,0.0,3.4,4.03,Apartment,3188000.0,3,3429000.0,7.56
548.0,1.0,1.0,7.0,4.2,14.3,2.1,6.1,1.3,40.8,0.0,4.58,1.55,Apartment,1502000.0,3,1615000.0,7.52
1068.0,2.0,2.0,13.0,6.8,4.4,1.3,6.6,1.1,19.4,0.0,9.09,5.02,Apartment,4724000.0,3,5892000.0,24.72
1528.0,2.0,2.0,4.0,8.8,1.1,0.9,4.9,0.6,24.6,2.0,5.68,5.55,Apartment,8838000.0,3,10055000.0,13.77
1173.0,2.0,2.0,11.0,2.9,23.8,2.4,5.6,4.8,,2.0,6.27,2.21,Apartment,2408000.0,4,2800000.0,16.28
1646.0,2.0,3.0,5.0,5.2,13.7,1.1,5.0,1.8,40.5,0.0,3.04,2.66,Apartment,4073000.0,2,4287000.0,5.25
1974.0,4.0,4.0,11.0,9.9,14.4,1.2,6.0,5.3,6.2,3.0,9.64,6.57,Independent House,13861000.0,2,16602000.0,19.77
683.0,1.0,2.0,11.0,5.8,11.3,2.3,5.6,3.9,32.7,0.0,6.59,2.79,apartment,1986000.0,1,2094000.0,5.44
1164.0,2.0,3.0,13.0,1.8,18.2,2.4,6.0,3.3,47.1,2.0,5.89,1.52,Apartment,1921000.0,5,2170000.0,12.96
1345.0,2.0,2.0,7.0,5.0,15.7,10.9,5.0,3.0,24.9,1.0,4.5,0.35,Apartment,3330000.0,5,3446000.0,3.48
1295.0,1.0,2.0,8.0,7.6,6.1,0.9,8.4,3.3,18.7,1.0,6.23,1.66,Independent House,7849000.0,3,9194000.0,17.14
770.0,1.0,2.0,5.0,4.8,,4.8,9.7,3.4,42.3,1.0,6.04,5.31,Apartment,1834000.0,4,2173000.0,18.48
1138.0,3.0,3.0,15.0,8.2,7.6,6.9,3.3,2.1,22.0,0.0,6.85,7.6,Apartment,4145000.0,4,5308000.0,28.06
2662.0,6.0,6.0,21.0,6.9,7.3,1.2,5.3,3.4,32.9,2.0,,6.63,Apartment,10141000.0,2,11115000.0,9.6
1060.0,2.0,2.0,1.0,5.7,20.3,8.5,6.0,6.2,36.1,2.0,5.01,3.67,Apartment,2759000.0,1,2887000.0,4.64
1735.0,3.0,3.0,21.0,6.1,0.5,5.1,4.5,,19.1,2.0,5.96,3.18,Independent House,6057000.0,4,7049000.0,16.38
3341.0,6.0,5.0,2.0,2.8,19.3,8.8,5.2,2.0,43.1,2.0,7.35,4.5,Independent House,8343000.0,1,8726000.0,4.59
1254.0,2.0,1.0,15.0,4.4,18.8,7.0,3.9,3.2,42.7,0.0,5.01,7.11,Apartment,2082000.0,4,2348000.0,12.78
1441.0,3.0,3.0,7.0,8.0,9.2,0.7,10.0,3.4,33.2,2.0,4.82,4.36,Independent House,9316000.0,5,12576000.0,34.99
2018.0,4.0,3.0,4.0,7.1,7.4,6.5,5.1,3.2,,2.0,9.05,4.91,Independent House,8666000.0,1,9288000.0,7.18
1885.0,3.0,3.0,28.0,8.5,2.2,4.7,,0.9,24.1,3.0,4.36,3.94,House,9300000.0,4,11145000.0,19.84
1281.0,3.0,2.0,2.0,4.5,7.3,2.2,3.1,3.2,33.8,0.0,5.73,3.87,Apartment,3273000.0,5,4011000.0,22.55
1367.0,3.0,3.0,13.0,5.0,6.8,1.4,4.9,3.8,18.3,0.0,5.61,3.31,Apartment,4387000.0,1,4606000.0,4.99
1911.0,3.0,3.0,,3.7,11.7,,7.2,,45.7,2.0,4.95,3.85,Apartment,3850000.0,2,4106000.0,6.65
1246.0,2.0,2.0,7.0,6.2,5.3,2.2,5.9,1.7,14.2,1.0,7.04,2.48,Independent House,5281000.0,1,5638000.0,6.76
941.0,1.0,1.0,9.0,5.4,19.8,6.4,4.5,2.2,13.4,1.0,5.56,4.73,,2420000.0,4,2871000.0,18.64
2176.0,3.0,3.0,9.0,4.9,15.1,3.8,5.5,4.6,29.4,2.0,3.64,1.19,Villa,7212000.0,1,7417000.0,2.84
1626.0,3.0,3.0,21.0,5.7,17.0,1.4,7.5,,44.9,2.0,5.24,2.25,Independent House,4669000.0,4,5660000.0,21.23
1063.0,2.0,1.0,9.0,4.7,12.1,7.0,2.6,3.7,33.4,1.0,6.33,2.91,Apartment,2207000.0,5,2581000.0,16.95
992.0,2.0,2.0,4.0,7.1,3.8,2.6,5.2,2.2,29.8,0.0,6.14,3.54,Apartment,3988000.0,4,4759000.0,19.33
2588.0,5.0,5.0,33.0,3.5,17.2,3.8,4.0,1.2,45.4,1.0,6.79,3.59,Independent House,5098000.0,4,6039000.0,18.46
1921.0,4.0,4.0,9.0,4.8,15.6,6.5,6.1,1.9,33.7,3.0,5.8,8.13,,6140000.0,1,6461000.0,5.23
976.0,1.0,1.0,17.0,6.0,8.3,1.7,6.7,3.6,34.5,1.0,6.47,6.1,Apartment,2935000.0,5,3904000.0,33.02
956.0,2.0,1.0,1.0,9.5,0.5,0.1,6.4,1.1,14.8,2.0,7.24,4.46,,8801000.0,4,12124000.0,37.76
895.0,2.0,2.0,7.0,7.6,2.2,1.3,4.8,2.0,21.7,2.0,3.87,3.55,Independent House,4057000.0,5,5178000.0,27.63
3264.0,5.0,4.0,22.0,2.2,12.5,1.3,1.5,3.1,45.1,3.0,6.81,1.32,Villa,8811000.0,5,9750000.0,10.66
3182.0,6.0,5.0,11.0,5.6,10.4,1.2,6.6,0.4,23.6,3.0,6.12,4.38,Villa,15286000.0,3,17476000.0,14.33
1730.0,2.0,1.0,9.0,3.7,7.8,3.7,6.0,2.5,24.4,1.0,4.67,0.99,Apartment,4619000.0,2,5026000.0,8.81
1590.0,3.0,3.0,12.0,7.9,0.5,0.9,6.9,1.6,142.7,3.0,7.53,6.09,Independent House,12336000.0,5,17759000.0,43.96
1090.0,2.0,2.0,7.0,2.0,18.0,9.3,3.7,3.2,49.8,1.0,6.24,2.96,Independent House,1600000.0,4,1711000.0,6.94
1018.0,2.0,2.0,16.0,5.1,14.5,9.4,4.7,2.5,34.5,0.0,6.81,,Apartment,2165000.0,2,2291000.0,5.82
1544.0,2.0,2.0,19.0,7.6,4.8,0.4,6.1,2.2,22.6,2.0,6.92,3.15,Independent House,7512000.0,3,9084000.0,20.93
1530.0,2.0,3.0,12.0,6.0,6.7,1.3,7.5,4.7,11.9,2.0,4.98,3.48,Apartment,6139000.0,5,7740000.0,26.08
1411.0,3.0,2.0,9.0,9.4,8.9,8.2,6.8,7.1,23.2,2.0,2.59,2.55,independent house,43674000.0,4,51447000.0,17.8
1443.0,2.0,2.0,28.0,4.9,14.8,4.3,6.2,2.0,244.6,2.0,6.16,8.12,Independent House,3533000.0,1,3737000.0,5.77
797.0,1.0,2.0,11.0,9.5,12.0,4.8,4.1,3.6,21.5,0.0,6.71,5.45,Apartment,3149000.0,1,3358000.0,6.64
1683.0,3.0,3.0,9.0,2.5,11.2,2.0,3.9,2.5,42.9,1.0,4.68,3.58,Apartment,3274000.0,3,3486000.0,6.48
1100.0,3.0,3.0,22.0,6.0,3.5,0.1,4.3,0.8,48.3,1.0,5.62,3.53,Apartment,4169000.0,1,4386000.0,5.21
913.0,2.0,2.0,17.0,2.8,16.3,4.6,5.4,1.8,24.4,1.0,7.14,1.95,Apartment,1915000.0,4,2267000.0,18.38
823.0,1.0,1.0,13.0,9.4,0.5,0.4,5.6,0.9,6.3,2.0,7.49,,Independent House,5894000.0,2,6834000.0,15.95
950.0,1.0,1.0,5.0,4.9,24.3,4.6,,6.6,32.1,1.0,5.53,5.5,Apartment,2015000.0,2,2197000.0,9.03
967.0,2.0,3.0,13.0,7.0,3.9,2.3,6.5,1.5,29.5,0.0,7.04,7.27,Apartment,4184000.0,3,4979000.0,19.0
1383.0,4.0,3.0,2.0,,7.8,5.7,6.2,1.5,4.7,2.0,3.59,4.96,Apartment,6930000.0,5,9518000.0,37.34
1815.0,3.0,3.0,11.0,4.2,20.4,0.5,2.5,1.8,39.9,0.0,6.35,4.77,Apartment,3520000.0,5,4330000.0,23.01
1843.0,5.0,3.0,11.0,6.3,3.4,0.8,4.4,1.9,27.8,1.0,5.77,3.8,Independent House,8126000.0,5,11062000.0,36.13
974.0,2.0,2.0,26.0,4.1,14.4,3.9,5.5,0.9,34.5,2.0,6.27,0.76,Apartment,2116000.0,5,2374000.0,12.19
1398.0,3.0,2.0,28.0,6.7,19.1,10.3,1.1,2.9,22.7,2.0,3.69,2.01,Apartment,2313000.0,1,2356000.0,1.86
856.0,1.0,2.0,4.0,5.4,6.2,3.1,5.1,3.2,23.8,2.0,4.35,6.75,Apartment,2559000.0,4,3184000.0,24.42
687.0,1.0,1.0,4.0,1.0,19.3,3.4,5.0,,44.4,0.0,3.34,2.98,Apartment,1028000.0,1,1054000.0,2.53
2084.0,4.0,3.0,23.0,7.5,8.5,0.7,6.3,2.2,28.9,3.0,7.07,5.11,Independent House,9558000.0,4,12588000.0,31.7
1250.0,2.0,2.0,17.0,6.3,5.0,0.2,7.1,0.6,29.8,1.0,5.53,3.3,Apartment,5586000.0,2,6251000.0,11.9
1023.0,2.0,2.0,14.0,8.7,0.5,2.5,7.8,0.4,28.9,3.0,6.57,4.54,Independent House,5919000.0,5,8141000.0,37.54
2152.0,3.0,2.0,6.0,12.0,20.3,4.9,3.5,6.8,,2.0,5.35,4.32,Villa,4760000.0,3,5045000.0,5.99
987.0,,3.0,3.0,7.5,7.9,2.3,4.3,2.3,34.4,1.0,6.39,3.86,Apartment,4477000.0,4,5549000.0,23.94
,2.0,2.0,3.0,5.1,19.0,7.1,5.7,3.6,14.6,1.0,6.79,3.87,Apartment,3479000.0,4,4157000.0,19.49
1372.0,3.0,3.0,17.0,8.3,13.6,9.8,,3.3,24.8,1.0,5.21,6.87,Apartment,4715000.0,2,5259000.0,11.54
2071.0,4.0,3.0,22.0,4.9,28.0,7.9,5.9,6.0,30.6,1.0,6.12,3.99,Independent House,4397000.0,5,5135000.0,16.78
1180.0,2.0,1.0,10.0,6.0,10.6,0.8,3.9,1.5,35.5,2.0,5.89,1.6,Apartment,3909000.0,5,5050000.0,29.19
1214.0,2.0,2.0,,8.0,10.2,2.4,7.9,5.4,35.0,2.0,9.16,8.8,Apartment,5864000.0,3,7333000.0,25.05
847.0,1.0,,9.0,7.3,5.1,3.8,4.6,1.0,24.4,0.0,6.32,5.19,Apartment,3384000.0,4,4229000.0,24.97
1538.0,3.0,3.0,20.0,4.1,4.1,4.0,5.7,1.0,23.2,3.0,6.37,3.23,Independent House,4770000.0,5,5962000.0,24.99
822.0,2.0,3.0,12.0,5.0,8.7,1.7,4.3,3.4,22.7,2.0,6.03,5.66,Apt,2820000.0,2,3156000.0,11.91
720.0,1.0,2.0,24.0,7.1,9.6,0.2,6.1,2.0,34.8,0.0,4.5,3.81,Apartment,2226000.0,4,2596000.0,16.62
1967.0,3.0,3.0,4.0,6.9,7.3,0.4,5.3,2.2,42.7,3.0,6.91,,Independent House,8827000.0,5,11647000.0,31.95
713.0,1.0,2.0,18.0,7.1,9.5,2.7,7.6,3.3,26.3,1.0,,6.12,APARTMENT,3005000.0,3,3658000.0,21.73
893.0,1.0,1.0,15.0,8.0,7.8,0.1,4.1,2.2,27.5,,8.22,6.32,Apartment,3737000.0,4,5028000.0,34.55
3567.0,6.0,5.0,8.0,6.6,4.8,3.1,3.1,3.6,36.0,2.0,7.11,2.67,Villa,15432000.0,2,17306000.0,12.14
1395.0,3.0,3.0,3.0,4.0,20.6,3.0,3.4,,32.8,0.0,6.24,3.32,Apartment,3230000.0,2,3532000.0,9.35
1077.0,1.0,1.0,20.0,6.3,13.6,2.4,5.4,3.4,15.5,0.0,5.71,1.79,Apartment,3352000.0,2,3658000.0,9.13
3488.0,6.0,5.0,29.0,9.7,13.6,0.9,4.8,2.9,26.3,4.0,7.45,6.26,Villa,22646000.0,3,27492000.0,21.4
4941.0,6.0,4.0,16.0,6.5,9.0,2.2,4.5,1.3,29.1,3.0,8.64,7.48,Villa,25393000.0,3,30870000.0,21.57
758.0,2.0,1.0,,6.5,0.5,1.3,5.5,2.6,30.8,0.0,4.38,3.34,Apartment,2368000.0,5,3009000.0,27.07
1380.0,3.0,3.0,10.0,6.7,12.5,5.3,6.3,5.2,30.4,2.0,6.92,5.13,Apartment,5770000.0,5,7820000.0,35.53
656.0,1.0,1.0,17.0,2.6,13.6,0.6,2.8,4.3,53.6,1.0,4.46,1.64,Apartment,1021000.0,1,1051000.0,2.94
1872.0,3.0,3.0,5.0,5.0,16.1,4.3,4.5,7.1,37.8,2.0,8.59,6.18,Independent House,5193000.0,5,6917000.0,33.2
786.0,1.0,1.0,18.0,6.2,18.5,4.8,4.4,3.6,23.4,1.0,6.5,6.32,Apartment,2043000.0,4,2386000.0,16.79
1184.0,2.0,1.0,14.0,9.1,8.0,1.1,6.5,1.3,,2.0,4.67,6.53,,6417000.0,3,7441000.0,15.96
1576.0,2.0,2.0,5.0,3.5,9.2,0.8,,0.7,16.5,1.0,4.89,-0.55,Apartment,4454000.0,5,5070000.0,13.83
3154.0,5.0,4.0,6.0,7.4,14.1,14.7,4.0,4.2,34.8,2.0,3.41,2.72,Villa,8771000.0,3,9006000.0,2.68
914.0,1.0,1.0,15.0,4.3,15.8,1.6,3.9,3.5,36.8,1.0,6.1,4.65,Apartment,1913000.0,5,2346000.0,22.63
1123.0,2.0,1.0,11.0,7.7,20.5,5.3,5.2,2.1,,1.0,4.68,6.27,Apartment,3532000.0,2,3887000.0,10.05
4820.0,6.0,5.0,14.0,6.0,14.8,8.1,5.3,0.8,23.5,2.0,5.27,,Villa,21161000.0,2,23148000.0,9.39
1083.0,2.0,2.0,5.0,6.8,6.8,1.1,7.1,1.8,37.8,,6.02,8.29,Flat,4823000.0,3,5685000.0,17.87
2726.0,5.0,4.0,5.0,7.0,13.0,1.9,5.9,4.6,39.2,,6.24,6.87,Independent House,12863000.0,5,17892000.0,39.1
1326.0,2.0,2.0,,4.8,19.9,4.3,5.7,10.3,36.3,0.0,7.4,4.78,Apartment,2437000.0,5,3048000.0,25.07
934.0,1.0,2.0,23.0,5.9,14.8,6.2,2.9,1.1,21.9,0.0,6.99,2.13,Apartment,2188000.0,4,2515000.0,14.95
750.0,1.0,1.0,8.0,6.9,21.2,9.8,4.7,1.4,28.4,2.0,4.99,2.35,Apt,1725000.0,1,1768000.0,2.49
1021.0,,4.0,4.0,8.7,4.8,3.7,6.9,,16.4,2.0,6.31,5.85,Apartment,6825000.0,1,7240000.0,6.08
3387.0,6.0,5.0,22.0,3.4,14.2,4.2,5.9,3.0,55.7,2.0,3.69,-1.47,Villa,9491000.0,3,9690000.0,2.1
2019.0,4.0,3.0,14.0,5.2,14.4,2.0,4.4,5.6,47.0,3.0,4.07,4.18,Independent House,5231000.0,2,5426000.0,3.73
1835.0,4.0,3.0,9.0,8.1,4.4,3.9,6.6,1.8,10.2,3.0,5.37,4.94,Independent House,10781000.0,1,11546000.0,7.1
1892.0,3.0,2.0,13.0,5.5,12.9,5.0,5.5,2.3,26.2,2.0,4.48,2.77,Independent House,5921000.0,2,6350000.0,7.25
2565.0,4.0,3.0,10.0,7.8,17.2,6.0,4.8,5.6,33.3,2.0,7.13,8.21,Independent House,8710000.0,1,9160000.0,5.17
1275.0,3.0,3.0,17.0,8.9,6.5,1.1,5.4,1.0,29.1,2.0,8.44,6.6,Apartment,6356000.0,1,6907000.0,8.67
1798.0,5.0,4.0,13.0,4.3,12.9,1.9,,1.1,31.4,1.0,5.51,2.11,Independent House,4964000.0,3,5473000.0,10.25
977.0,2.0,2.0,16.0,8.7,7.6,5.0,5.9,0.7,26.1,2.0,6.12,6.01,Apartment,3899000.0,1,4104000.0,5.26
1044.0,3.0,3.0,18.0,3.9,16.4,5.7,6.2,4.6,28.0,1.0,5.6,2.56,Apartment,2295000.0,5,2728000.0,18.87
944.0,2.0,2.0,2.0,7.3,6.3,5.0,6.0,2.0,9.2,2.0,6.74,2.74,Apartment,4672000.0,1,4977000.0,6.53
2648.0,6.0,5.0,16.0,6.5,20.6,1.8,3.5,1.7,32.2,2.0,6.47,2.65,Independent House,9470000.0,4,11536000.0,21.82
975.0,2.0,2.0,6.0,4.6,14.8,7.0,3.7,2.8,42.5,1.0,5.72,1.86,Apartment,2031000.0,2,2157000.0,6.2
1396.0,2.0,1.0,10.0,5.7,8.0,8.9,7.4,0.3,34.0,0.0,7.3,3.26,Apt,4327000.0,3,5162000.0,19.3
1117.0,2.0,2.0,12.0,6.9,8.7,3.8,8.6,1.9,30.1,0.0,5.75,4.79,Apartment,5153000.0,4,6398000.0,24.16
1407.0,2.0,1.0,9.0,5.2,5.8,1.5,7.5,0.6,21.9,3.0,8.48,4.18,Independent House,6781000.0,1,7298000.0,7.62
2744.0,5.0,4.0,17.0,4.1,12.5,3.3,4.4,6.9,44.7,1.0,5.83,3.92,Independent House,7086000.0,3,8002000.0,12.93
1171.0,2.0,2.0,4.0,6.0,18.5,9.1,5.0,8.3,33.4,2.0,4.35,2.32,Apartment,2768000.0,2,2957000.0,6.83
1375.0,2.0,1.0,12.0,6.4,3.4,0.8,5.3,1.2,,0.0,9.41,6.38,Apartment,4830000.0,1,5232000.0,8.32
1055.0,1.0,1.0,8.0,3.5,24.1,2.5,4.3,3.1,32.3,2.0,5.71,4.86,Apartment,2291000.0,5,2928000.0,27.8
4581.0,6.0,4.0,12.0,4.6,15.8,3.7,4.8,2.4,30.3,4.0,7.4,-0.72,Villa,19069000.0,2,20459000.0,7.29
1191.0,3.0,3.0,27.0,8.4,0.5,2.7,7.6,1.5,37.6,0.0,5.49,5.44,Apartment,5453000.0,2,5917000.0,8.51
,1.0,2.0,10.0,5.3,15.9,0.8,6.5,1.9,27.7,0.0,6.23,3.63,Apartment,3326000.0,3,3736000.0,12.33
1473.0,3.0,3.0,8.0,6.4,6.8,9.1,3.5,2.8,18.5,2.0,,5.32,Independent House,4838000.0,4,5918000.0,22.32
1138.0,2.0,2.0,23.0,5.6,6.5,0.5,2.0,1.4,30.3,1.0,6.39,5.49,Apartment,3026000.0,2,3396000.0,12.23
489.0,1.0,2.0,5.0,4.7,11.5,8.2,7.2,3.9,33.4,1.0,7.69,6.83,Apartment,1230000.0,3,1465000.0,19.11
1056.0,2.0,1.0,12.0,5.1,12.8,2.6,5.8,3.1,34.1,,4.55,0.97,Apartment,2887000.0,2,3090000.0,7.03
821.0,1.0,1.0,7.0,3.4,15.3,1.4,3.7,4.5,45.0,0.0,4.39,2.57,Apartment,1605000.0,4,1810000.0,12.77
1945.0,,4.0,4.0,5.2,14.6,0.7,4.1,1.2,34.8,2.0,4.84,4.65,Independent House,6496000.0,3,7541000.0,16.09
1093.0,1.0,1.0,1.0,7.2,6.3,2.3,6.5,0.5,11.6,1.0,6.01,5.93,Apartment,5281000.0,2,5959000.0,12.84
2704.0,5.0,4.0,42.0,8.3,6.6,2.4,8.6,1.6,22.0,4.0,5.77,5.55,Villa,22235000.0,3,26908000.0,21.02
2647.0,5.0,4.0,5.0,6.7,12.6,9.1,7.9,3.6,12.6,2.0,8.27,4.55,Villa,15376000.0,5,21475000.0,39.67
1383.0,3.0,2.0,6.0,3.1,11.0,7.0,5.2,0.7,35.3,2.0,4.75,3.51,Apartment,3508000.0,2,3745000.0,6.76
2053.0,4.0,4.0,14.0,7.5,6.5,1.1,5.1,1.7,17.1,3.0,3.98,2.93,Independent House,10168000.0,1,10563000.0,3.88
2883.0,6.0,5.0,13.0,5.4,12.1,4.3,8.5,2.9,30.3,4.0,3.85,1.35,Villa,13858000.0,4,15924000.0,14.91
1760.0,3.0,2.0,12.0,6.3,15.1,2.4,5.0,3.0,19.5,3.0,7.06,6.18,Independent House,6019000.0,3,7047000.0,17.08
1956.0,5.0,4.0,7.0,5.8,14.7,2.5,6.3,5.5,28.0,2.0,4.63,3.19,Independent House,7457000.0,4,8881000.0,19.1
916.0,3.0,2.0,20.0,4.9,13.8,4.9,4.9,2.3,46.5,2.0,4.47,3.36,Apartment,1941000.0,5,2195000.0,13.09
1480.0,3.0,3.0,4.0,10.0,10.9,,6.4,2.3,29.6,1.0,6.41,6.73,Apartment,7922000.0,3,9569000.0,20.79
1265.0,2.0,2.0,11.0,9.0,2.3,1.5,7.1,1.2,14.8,2.0,8.31,8.94,Apartment,8095000.0,1,8856000.0,9.4
1751.0,2.0,2.0,8.0,7.0,4.7,4.0,4.5,1.1,20.1,3.0,8.07,5.78,Independent House,8904000.0,1,9463000.0,6.28
1352.0,,1.0,17.0,6.4,7.3,2.1,5.9,1.4,36.1,0.0,7.3,3.65,Apartment,5367000.0,3,6200000.0,15.52
2190.0,3.0,4.0,3.0,6.8,17.1,2.3,5.1,3.2,,2.0,5.1,2.74,Villa,9529000.0,4,10945000.0,14.86
1237.0,2.0,1.0,10.0,7.6,5.8,4.1,5.7,1.2,31.3,1.0,7.87,5.59,Apartment,5411000.0,3,6282000.0,16.1
1380.0,3.0,3.0,11.0,6.1,20.6,10.1,5.1,0.9,41.1,2.0,7.62,5.54,Independent House,3292000.0,5,4265000.0,29.56
1862.0,3.0,3.0,1.0,6.6,13.5,10.7,4.1,1.5,26.7,2.0,9.1,4.52,Independent House,6087000.0,1,6500000.0,6.78
1318.0,3.0,3.0,45.0,6.7,5.8,5.5,5.3,,28.9,3.0,6.26,2.65,Independent House,3721000.0,4,4401000.0,18.27
856.0,2.0,1.0,43.0,4.5,16.9,6.3,3.3,0.6,35.7,2.0,5.1,0.92,Apartment,1345000.0,4,1458000.0,8.4
1824.0,4.0,3.0,7.0,5.5,16.0,8.8,5.2,2.8,36.7,1.0,6.18,8.78,Independent House,5989000.0,5,7407000.0,23.68
962.0,2.0,2.0,9.0,6.8,4.9,2.4,6.9,4.1,45.9,1.0,5.84,0.94,Apartment,3852000.0,5,4721000.0,22.56
929.0,1.0,1.0,15.0,10.0,1.7,3.9,6.3,1.2,29.4,0.0,5.74,4.69,Apartment,4296000.0,4,5383000.0,25.3
1808.0,4.0,3.0,17.0,5.4,14.9,2.6,6.8,7.1,33.3,3.0,6.81,2.75,Independent House,5693000.0,4,6714000.0,17.93
1548.0,3.0,2.0,2.0,6.4,2.1,0.9,4.4,1.0,30.2,1.0,4.41,4.71,Independent House,6870000.0,1,7164000.0,4.28
1912.0,3.0,3.0,4.0,5.7,8.7,2.4,5.1,1.7,45.4,2.0,5.75,5.72,Independent House,7559000.0,1,7942000.0,5.07
1213.0,2.0,2.0,2.0,3.8,10.3,4.6,2.9,0.4,34.0,1.0,4.14,4.34,Apartment,2601000.0,3,2907000.0,11.76
1087.0,2.0,3.0,6.0,2.3,9.2,0.3,4.5,7.9,32.7,0.0,6.2,4.03,Apartment,2275000.0,1,2422000.0,6.46
702.0,2.0,2.0,8.0,6.7,9.6,7.2,5.5,0.8,24.2,0.0,5.63,4.0,Apartment,2630000.0,1,2751000.0,4.6
1990.0,3.0,3.0,6.0,5.6,8.8,1.7,6.1,2.8,32.6,3.0,5.34,5.23,Independent House,8955000.0,4,11095000.0,23.9
780.0,1.0,1.0,3.0,4.6,13.6,3.4,6.4,4.5,34.0,1.0,5.08,2.96,Apt,2274000.0,4,2613000.0,14.91
2383.0,4.0,4.0,34.0,6.8,19.3,11.0,6.5,1.5,34.3,1.0,8.06,6.33,Independent House,4796000.0,1,5038000.0,5.05
1417.0,3.0,3.0,8.0,7.6,3.2,3.9,4.2,0.7,36.1,2.0,4.92,3.56,Flat,5764000.0,4,6346000.0,10.1
2287.0,3.0,3.0,8.0,6.5,4.9,1.1,8.3,1.9,29.7,2.0,5.01,5.22,Independent House,13009000.0,4,16216000.0,24.65
1419.0,3.0,4.0,8.0,4.7,11.1,6.2,6.9,2.5,33.9,1.0,5.73,0.89,Apartment,30268000.0,3,34391000.0,13.62
3289.0,6.0,4.0,30.0,4.5,24.8,3.9,4.6,4.4,36.2,3.0,7.54,4.94,Villa,9384000.0,1,9714000.0,3.52
972.0,2.0,3.0,9.0,7.5,11.3,1.9,7.0,1.7,26.1,0.0,8.2,10.15,Apartment,5163000.0,5,7915000.0,53.3
1476.0,2.0,1.0,,5.3,,6.6,5.6,2.2,24.8,0.0,6.07,3.64,APARTMENT,3204000.0,2,3502000.0,9.3
1475.0,2.0,2.0,,8.7,9.7,4.2,3.6,2.9,4.1,0.0,6.41,7.53,Apartment,6326000.0,2,7232000.0,14.32
2064.0,2.0,2.0,13.0,5.9,12.2,2.7,5.3,2.2,40.8,2.0,7.3,2.22,Independent House,6559000.0,1,6928000.0,5.63
2368.0,5.0,4.0,17.0,7.7,7.0,1.1,5.1,1.8,28.8,2.0,3.33,3.75,Independent House,11400000.0,2,12278000.0,7.7
4198.0,6.0,5.0,4.0,4.3,7.0,0.7,3.2,2.2,37.9,3.0,5.59,3.68,Villa,16005000.0,2,17526000.0,9.5
3987.0,6.0,5.0,14.0,10.0,0.5,0.5,7.9,1.4,22.7,2.0,6.31,7.54,,44578000.0,4,59986000.0,34.56
1027.0,2.0,3.0,8.0,5.1,12.3,2.4,3.6,,30.0,2.0,7.54,4.25,Apartment,3497000.0,4,4158000.0,18.9
2032.0,3.0,3.0,21.0,5.4,12.1,1.6,5.4,3.9,29.4,1.0,5.5,5.37,Independent House,5648000.0,1,5863000.0,3.81
2303.0,3.0,4.0,11.0,2.9,19.9,3.6,4.5,0.3,53.2,1.0,6.51,2.57,Independent House,4350000.0,4,4869000.0,11.93
1484.0,3.0,3.0,6.0,5.6,15.9,2.3,4.1,0.7,38.1,,5.29,0.32,Apartment,4793000.0,3,5423000.0,13.14
1077.0,2.0,1.0,,4.7,17.1,2.9,5.6,3.7,21.5,2.0,5.77,,Apartment,3067000.0,5,3653000.0,19.11
2361.0,4.0,4.0,6.0,3.3,4.4,2.4,3.7,1.3,50.2,2.0,3.43,2.92,Villa,7189000.0,4,7739000.0,7.65
613.0,1.0,2.0,14.0,6.3,7.9,6.8,5.0,,49.4,0.0,5.99,1.98,Apartment,1379000.0,4,1604000.0,16.32
2654.0,5.0,4.0,14.0,3.0,15.0,7.2,2.8,2.0,36.9,3.0,5.26,4.98,Villa,6381000.0,4,7282000.0,14.12
885.0,1.0,2.0,17.0,5.3,0.5,0.7,4.6,0.6,35.0,2.0,7.06,3.1,Apartment,3065000.0,2,3412000.0,11.32
2301.0,5.0,4.0,21.0,7.9,5.6,5.3,6.5,1.7,19.7,2.0,4.45,5.02,Villa,13258000.0,5,16395000.0,23.66
537.0,1.0,1.0,14.0,6.1,10.2,1.7,4.7,4.2,44.9,1.0,7.33,5.75,Apartment,1476000.0,4,1929000.0,30.69
1818.0,4.0,3.0,9.0,10.0,0.5,0.7,7.4,1.7,17.7,3.0,4.93,5.13,Independent House,16771000.0,3,19468000.0,16.08
1458.0,2.0,1.0,3.0,3.4,17.8,1.5,6.3,4.7,52.3,0.0,5.0,-0.7,Apartment,2676000.0,4,3073000.0,14.84
1449.0,2.0,2.0,15.0,5.5,17.4,2.5,4.9,3.3,27.2,2.0,4.45,-1.25,Apartment,4235000.0,1,4363000.0,3.02
1225.0,1.0,1.0,10.0,3.1,18.9,10.4,4.2,3.7,33.0,0.0,8.49,8.29,Apartment,1727000.0,3,2044000.0,18.36
4881.0,2.0,3.0,13.0,7.3,6.6,5.4,5.6,3.4,18.8,1.0,3.66,4.03,Apartment,2880000.0,4,3338000.0,15.9
765.0,2.0,1.0,8.0,8.5,11.2,1.7,5.0,1.8,23.7,0.0,6.64,3.48,Apartment,3216000.0,1,3479000.0,8.18
1578.0,2.0,2.0,29.0,9.3,8.7,1.6,6.0,3.8,16.6,3.0,7.32,6.82,INDEPENDENT HOUSE,7750000.0,4,10066000.0,29.88
667.0,2.0,2.0,8.0,6.7,5.6,5.0,5.5,1.6,6.2,1.0,4.79,2.91,Apartment,2536000.0,3,2941000.0,15.97
810.0,1.0,1.0,10.0,5.1,10.1,8.9,4.8,2.2,,2.0,7.71,5.44,Apartment,2025000.0,4,2522000.0,24.54
1572.0,3.0,3.0,,4.1,22.7,6.6,4.8,6.0,39.7,3.0,4.92,1.77,Independent House,3739000.0,2,3910000.0,4.57
1401.0,3.0,3.0,6.0,6.6,10.5,1.9,4.4,0.5,24.1,1.0,4.66,2.21,Independent House,5127000.0,4,6119000.0,19.35
1832.0,5.0,4.0,17.0,6.0,9.1,1.9,6.0,1.3,28.3,3.0,8.45,3.51,Independent House,7356000.0,1,7972000.0,8.37
1129.0,3.0,2.0,14.0,2.7,14.7,7.9,3.6,1.4,38.4,2.0,5.81,0.1,Apartment,1975000.0,4,2079000.0,5.27
701.0,1.0,1.0,29.0,6.7,11.3,1.4,4.1,2.0,36.4,0.0,7.54,4.24,Apartment,1905000.0,2,2094000.0,9.92
604.0,1.0,2.0,33.0,3.0,12.0,6.8,3.8,1.6,41.2,2.0,2.86,2.37,Apartment,812000.0,1,824000.0,1.48
4353.0,6.0,5.0,4.0,3.8,27.1,1.5,8.1,7.2,39.6,3.0,4.92,2.6,Villa,14869000.0,4,16662000.0,12.06
2142.0,4.0,4.0,12.0,3.0,17.2,5.4,1.8,3.7,40.1,1.0,7.47,3.26,Independent House,4857000.0,4,5820000.0,19.83
3811.0,6.0,5.0,44.0,9.2,4.7,0.4,7.2,,25.1,2.0,6.51,4.64,Villa,28863000.0,3,34691000.0,20.19
3323.0,6.0,5.0,19.0,5.8,11.8,1.6,7.1,1.3,42.5,3.0,6.14,-1.05,Villa,16840000.0,3,18694000.0,11.01
1231.0,3.0,,22.0,5.2,12.5,6.1,5.4,7.1,38.7,0.0,5.97,6.76,Apartment,2719000.0,3,3130000.0,15.12
1464.0,3.0,4.0,19.0,4.0,14.3,2.2,5.3,13.2,22.8,1.0,5.68,3.46,Independent House,3558000.0,4,4248000.0,19.39
2890.0,4.0,3.0,2.0,8.2,13.6,5.9,3.7,1.3,31.3,2.0,8.67,6.85,Villa,14836000.0,1,15948000.0,7.5
881.0,3.0,3.0,27.0,8.0,3.7,1.2,5.6,2.8,44.1,2.0,6.42,4.19,Independent House,4045000.0,1,4279000.0,5.78
574.0,1.0,1.0,5.0,6.1,6.4,0.3,4.5,1.4,25.1,1.0,6.47,4.16,Apartment,2066000.0,5,2720000.0,31.66
1142.0,1.0,1.0,11.0,4.0,8.6,3.7,6.0,1.2,36.2,1.0,4.88,0.61,Apartment,2948000.0,2,3126000.0,6.04
1457.0,2.0,2.0,9.0,2.7,21.0,10.7,3.6,4.6,43.0,1.0,6.21,2.69,Apartment,1884000.0,3,2006000.0,6.48
599.0,2.0,2.0,11.0,8.7,13.3,1.7,4.3,1.7,33.4,0.0,6.82,8.7,Apartment,2346000.0,3,2904000.0,23.79
1256.0,2.0,2.0,5.0,8.0,8.5,0.1,6.3,1.8,25.2,3.0,8.69,2.98,Independent House,9133000.0,3,10962000.0,20.03
1331.0,3.0,3.0,,6.7,9.5,3.7,5.3,0.6,18.3,0.0,4.42,4.82,Apartment,5206000.0,4,6247000.0,20.0
1261.0,2.0,2.0,26.0,4.2,15.3,7.1,3.0,2.9,37.2,1.0,6.14,3.99,Apartment,1962000.0,5,2369000.0,20.74
1530.0,3.0,3.0,,5.0,16.7,1.9,3.3,1.1,27.5,2.0,7.47,4.48,Apartment,4553000.0,1,4848000.0,6.48
1774.0,2.0,1.0,25.0,9.0,5.0,0.7,6.5,1.6,30.1,2.0,4.98,3.37,Independent House,8727000.0,5,11422000.0,30.88
1893.0,2.0,2.0,33.0,4.1,12.3,6.3,3.6,1.1,47.1,2.0,5.31,5.27,Independent House,3078000.0,4,3481000.0,13.09
1592.0,4.0,3.0,3.0,4.4,8.7,5.9,7.4,3.5,27.4,1.0,5.8,2.52,Apartment,5140000.0,3,5776000.0,12.37
2525.0,5.0,5.0,16.0,5.1,16.6,14.7,3.9,1.5,36.2,2.0,5.72,5.22,Villa,5644000.0,3,6056000.0,7.3
1242.0,1.0,2.0,20.0,4.3,9.3,,4.7,3.7,27.9,3.0,5.34,2.8,Independent House,2966000.0,4,3290000.0,10.92
6000.0,6.0,5.0,4.0,7.4,17.3,4.6,7.2,2.9,24.9,2.0,7.04,3.01,Villa,38286000.0,5,48278000.0,26.1
1041.0,2.0,2.0,6.0,5.4,8.9,3.4,3.2,4.4,30.7,0.0,6.89,4.73,Apartment,3214000.0,5,4283000.0,33.26
843.0,1.0,1.0,6.0,5.9,10.0,1.8,3.9,0.5,38.7,2.0,5.5,5.15,Apartment,2911000.0,2,3260000.0,11.99
852.0,1.0,1.0,6.0,8.1,7.9,2.3,5.3,1.1,22.6,2.0,3.0,1.2,Apt,3772000.0,2,3973000.0,5.33
1561.0,2.0,2.0,7.0,7.5,13.4,6.5,6.9,2.6,39.7,1.0,8.5,7.3,Independent House,5879000.0,3,6973000.0,18.61
1491.0,2.0,2.0,,7.4,5.7,1.8,7.5,1.7,31.0,1.0,7.58,,independent house,7630000.0,2,8830000.0,15.73
1715.0,3.0,3.0,13.0,4.1,12.6,6.0,7.6,3.4,44.3,3.0,4.37,0.27,Independent House,4900000.0,2,5214000.0,6.41
2091.0,4.0,3.0,,6.2,13.0,7.6,3.5,4.0,32.4,2.0,6.4,4.62,Independent House,5509000.0,1,5789000.0,5.08
2345.0,3.0,3.0,26.0,5.1,10.1,5.9,8.6,2.7,25.9,3.0,6.1,1.94,Villa,9467000.0,4,10267000.0,8.45
1590.0,3.0,2.0,10.0,6.7,6.2,2.2,8.5,0.4,34.5,2.0,7.09,7.62,Apartment,7617000.0,5,11413000.0,49.84
1484.0,3.0,4.0,3.0,5.5,5.4,4.3,4.0,6.2,24.3,3.0,6.25,4.04,Independent House,6409000.0,2,7082000.0,10.5
847.0,2.0,3.0,27.0,8.9,4.0,0.3,9.3,1.2,33.2,0.0,7.09,4.94,Apartment,5315000.0,5,7470000.0,40.55
1564.0,4.0,3.0,30.0,5.1,14.4,3.8,,5.0,32.4,2.0,3.82,4.78,Independent House,4372000.0,4,5082000.0,16.24
1619.0,4.0,3.0,18.0,4.6,15.8,1.1,,1.7,29.4,1.0,4.64,3.41,Apartment,4532000.0,2,4757000.0,4.96
,3.0,3.0,19.0,9.3,11.8,3.0,4.5,0.9,15.8,1.0,6.57,4.09,Apartment,5672000.0,5,7528000.0,32.72
1370.0,2.0,2.0,6.0,5.0,6.6,0.7,6.4,3.4,27.5,3.0,6.26,3.48,Independent House,5219000.0,3,6137000.0,17.59
787.0,1.0,1.0,9.0,7.6,4.2,3.2,5.5,1.6,31.5,0.0,4.9,2.8,Apartment,2468000.0,4,3002000.0,21.64
1227.0,4.0,4.0,43.0,6.1,6.9,2.0,4.8,1.2,32.8,2.0,6.41,4.18,Apartment,3784000.0,3,4266000.0,12.74
1233.0,3.0,3.0,14.0,7.7,5.5,0.7,7.9,0.7,19.7,0.0,8.18,4.4,Apartment,6469000.0,2,7572000.0,17.05
2322.0,5.0,4.0,19.0,7.2,5.2,0.9,5.0,0.7,26.9,3.0,4.26,0.86,Villa,14810000.0,4,17136000.0,15.71
768.0,2.0,2.0,14.0,2.1,19.5,5.0,4.2,1.5,29.2,2.0,6.31,,Apartment,1495000.0,4,1611000.0,7.76
1144.0,2.0,2.0,6.0,6.6,8.3,4.7,6.6,1.2,,2.0,6.58,7.4,Apartment,3543000.0,2,3988000.0,12.56
607.0,1.0,2.0,8.0,8.9,1.4,0.9,8.5,0.5,20.8,0.0,5.07,4.83,Apartment,3715000.0,4,4685000.0,26.11
908.0,2.0,2.0,12.0,4.0,21.1,2.8,4.1,2.0,30.3,2.0,6.5,6.07,Apartment,2085000.0,1,2177000.0,4.41
666.0,2.0,2.0,13.0,7.8,5.6,5.8,8.4,1.5,13.9,1.0,5.76,5.23,Apartment,3053000.0,5,4092000.0,34.03
1432.0,,3.0,4.0,6.0,10.9,2.7,8.1,5.3,22.9,0.0,4.81,5.11,Apartment,5298000.0,2,5808000.0,9.63
1244.0,2.0,2.0,17.0,4.7,9.4,7.6,5.1,3.4,45.6,0.0,5.91,1.23,Apartment,2570000.0,5,3068000.0,19.38
1500.0,2.0,1.0,7.0,6.1,6.4,1.5,4.5,2.8,6.0,3.0,5.36,5.33,Independent House,6303000.0,2,7099000.0,12.63
1899.0,3.0,3.0,17.0,4.8,23.2,0.3,6.0,7.5,10.9,1.0,4.98,4.19,Independent House,6158000.0,1,6388000.0,3.73
957.0,1.0,1.0,8.0,9.5,5.8,4.2,9.2,1.1,2.6,0.0,7.34,8.59,Apartment,6615000.0,1,7099000.0,7.32
1094.0,2.0,2.0,14.0,1.0,23.8,11.3,5.4,3.7,25.8,2.0,5.3,-0.39,Apartment,1578000.0,5,1654000.0,4.82
1906.0,5.0,4.0,3.0,9.4,4.2,2.5,,2.1,35.1,2.0,,4.85,Apartment,11589000.0,2,12772000.0,10.21
845.0,2.0,2.0,18.0,8.2,8.2,1.5,6.5,1.8,32.5,0.0,8.39,7.18,Apartment,4004000.0,5,5590000.0,39.61
1010.0,2.0,2.0,16.0,6.2,10.7,4.2,4.8,2.1,158.9,2.0,5.23,-0.5,Apartment,3056000.0,4,3531000.0,15.54
639.0,1.0,1.0,6.0,4.0,16.2,1.7,7.3,2.2,35.3,0.0,6.27,4.57,Apartment,1655000.0,2,1795000.0,8.46
1138.0,2.0,2.0,4.0,8.7,5.6,1.9,,2.9,34.7,2.0,5.73,3.58,Independent House,5797000.0,4,7248000.0,25.03
3447.0,6.0,5.0,34.0,5.0,13.0,7.4,4.4,2.4,37.9,2.0,6.01,4.98,,8722000.0,2,9212000.0,5.62
533.0,1.0,2.0,15.0,5.4,8.7,2.3,4.3,2.5,17.4,1.0,3.88,3.64,Apartment,1503000.0,4,1793000.0,19.29
1237.0,3.0,3.0,2.0,6.3,4.0,3.8,4.6,3.5,53.7,2.0,5.09,2.91,Apartment,3973000.0,4,4660000.0,17.29
1273.0,2.0,2.0,13.0,4.7,17.6,2.1,4.6,3.6,24.9,0.0,5.44,1.24,Apartment,2981000.0,2,3136000.0,5.2
944.0,1.0,1.0,10.0,7.9,8.4,1.9,5.9,,21.1,0.0,7.94,5.26,Apartment,4236000.0,2,4748000.0,12.09
1632.0,3.0,3.0,21.0,7.2,8.2,3.6,6.1,5.9,29.0,1.0,4.97,2.31,Independent House,50817000.0,4,59261000.0,16.62
878.0,2.0,2.0,10.0,3.0,23.0,2.2,5.2,8.0,31.0,0.0,4.23,3.07,Apartment,1593000.0,2,1689000.0,6.03
1127.0,2.0,2.0,9.0,7.6,4.7,1.0,5.0,0.8,19.4,1.0,8.32,6.31,Apartment,5549000.0,4,7251000.0,30.67
2059.0,3.0,3.0,17.0,8.4,11.5,7.3,7.7,1.0,28.3,3.0,6.35,9.0,Independent House,9858000.0,3,11703000.0,18.72
691.0,1.0,,10.0,3.2,9.7,1.8,5.7,0.5,40.6,0.0,4.61,,Apartment,1561000.0,1,1614000.0,3.4
1406.0,2.0,2.0,9.0,7.0,6.4,4.4,5.7,0.8,24.3,3.0,5.17,3.59,Independent House,6579000.0,5,8418000.0,27.95
1338.0,2.0,2.0,22.0,4.4,16.3,2.1,4.7,2.5,42.2,2.0,6.12,4.25,Apartment,2984000.0,3,3393000.0,13.71
1359.0,2.0,1.0,19.0,9.4,8.1,2.1,6.5,3.3,23.3,1.0,7.12,6.61,Independent House,7299000.0,1,7765000.0,6.38
1574.0,3.0,3.0,6.0,7.5,6.3,3.0,5.5,1.2,26.2,1.0,6.68,3.98,Apartment,7485000.0,2,8357000.0,11.65
3011.0,6.0,5.0,17.0,4.9,8.0,1.1,6.8,3.1,,3.0,5.53,1.93,Villa,14528000.0,5,17336000.0,19.33
1467.0,4.0,,14.0,8.0,4.9,1.0,6.2,3.4,21.8,0.0,5.1,3.59,Apartment,6547000.0,3,7297000.0,11.46
734.0,2.0,2.0,11.0,6.5,4.8,0.4,6.7,0.6,19.5,0.0,8.98,5.86,Apartment,3622000.0,4,5049000.0,39.4
2003.0,4.0,4.0,15.0,8.2,4.8,,6.8,0.7,35.5,3.0,6.63,6.02,Villa,14458000.0,5,19883000.0,37.52
2938.0,6.0,6.0,2.0,5.7,10.2,0.3,7.5,4.2,19.2,2.0,4.68,6.32,Independent House,15707000.0,5,21431000.0,36.44
4887.0,6.0,4.0,22.0,4.2,14.1,3.0,4.4,5.0,42.7,4.0,5.38,1.97,Villa,14461000.0,4,15801000.0,9.27
1510.0,3.0,3.0,17.0,8.0,7.4,8.7,7.6,2.4,22.3,2.0,4.57,5.41,Apartment,5888000.0,5,7807000.0,32.59
1466.0,3.0,2.0,22.0,9.1,0.5,0.2,3.7,0.6,26.1,1.0,7.04,7.47,Independent House,7624000.0,1,8159000.0,7.02
810.0,2.0,2.0,20.0,7.4,2.6,0.7,6.8,,18.1,,6.49,2.96,Apartment,3849000.0,3,4621000.0,20.06
5248.0,1.0,2.0,28.0,7.6,3.2,1.1,6.8,0.9,37.4,2.0,4.25,3.78,Apartment,3446000.0,3,3903000.0,13.26
1181.0,2.0,2.0,6.0,3.1,12.0,1.8,4.9,2.3,36.8,2.0,7.92,5.84,Independent House,3199000.0,1,3376000.0,5.53
843.0,2.0,3.0,15.0,3.5,15.9,1.3,3.6,1.8,20.4,1.0,4.91,2.81,Apartment,2069000.0,2,2184000.0,5.56
2538.0,5.0,4.0,4.0,7.3,18.0,6.7,5.3,2.7,27.2,1.0,8.73,3.8,Independent House,9707000.0,3,11392000.0,17.36
1102.0,2.0,2.0,,8.5,0.5,1.6,3.9,0.8,49.0,0.0,6.71,2.36,Apartment,4000000.0,5,5312000.0,32.8
879.0,1.0,2.0,9.0,6.9,13.0,7.0,2.8,1.4,16.6,2.0,7.4,6.23,Apartment,2684000.0,4,3360000.0,25.19
2117.0,4.0,3.0,12.0,9.9,17.2,7.7,6.7,,20.1,3.0,5.81,7.45,Independent House,10886000.0,1,11556000.0,6.15
945.0,3.0,3.0,9.0,7.2,3.5,1.9,8.9,0.6,31.2,2.0,6.28,5.27,Apartment,4857000.0,5,6990000.0,43.92
1914.0,4.0,,3.0,4.5,10.3,8.9,6.4,8.0,20.6,2.0,6.64,5.0,Independent House,5400000.0,1,5672000.0,5.04
1310.0,2.0,1.0,6.0,2.4,14.5,2.0,2.3,3.3,40.7,1.0,3.21,-1.54,Apartment,2104000.0,1,2156000.0,2.47
1510.0,3.0,3.0,4.0,9.6,6.8,1.7,9.3,3.4,6.4,2.0,7.19,5.06,Independent House,12821000.0,2,14998000.0,16.98
1415.0,3.0,2.0,5.0,6.7,19.7,4.9,5.2,1.7,38.9,1.0,6.18,4.6,Apartment,3204000.0,3,3655000.0,14.08
1349.0,3.0,2.0,3.0,3.0,13.8,4.3,5.2,1.1,35.0,1.0,5.11,1.89,Apartment,3335000.0,5,4009000.0,20.21
2760.0,4.0,3.0,5.0,8.5,2.6,2.4,8.2,0.5,19.9,1.0,7.54,8.81,independent house,24706000.0,2,30167000.0,22.1
944.0,2.0,2.0,11.0,2.6,12.2,2.5,4.3,0.9,36.8,2.0,3.7,3.21,Apartment,1947000.0,2,2052000.0,5.39
1911.0,3.0,3.0,3.0,6.0,10.7,9.6,4.8,2.6,30.1,1.0,6.74,3.54,Independent House,5966000.0,2,6513000.0,9.17
2619.0,6.0,4.0,9.0,5.9,13.0,1.3,3.1,1.7,34.8,1.0,5.92,6.41,House,10238000.0,1,10873000.0,6.2
1468.0,2.0,2.0,9.0,10.0,3.0,0.8,8.0,3.3,5.6,2.0,7.92,9.88,Independent House,15511000.0,2,18839000.0,21.46
1101.0,2.0,1.0,,5.6,14.2,5.4,8.1,3.2,24.2,1.0,6.44,5.34,Apartment,2992000.0,2,3265000.0,9.12
1088.0,2.0,,22.0,0.0,24.7,6.4,4.0,2.3,21.8,1.0,4.23,3.18,Apartment,1792000.0,3,1898000.0,5.92
1210.0,2.0,,8.0,7.9,14.4,8.7,4.4,1.5,21.9,3.0,6.48,6.97,Independent House,4394000.0,1,4623000.0,5.21
2371.0,,4.0,5.0,6.9,15.5,0.8,,13.8,33.7,2.0,6.07,4.3,Flat,8611000.0,2,9453000.0,9.78
2276.0,4.0,4.0,29.0,5.1,20.1,17.1,5.6,6.4,24.0,3.0,6.98,3.75,Villa,5423000.0,4,6114000.0,12.74
483.0,1.0,1.0,13.0,,17.8,0.4,,1.4,38.6,1.0,5.18,1.02,Apartment,1124000.0,4,1226000.0,9.07
912.0,2.0,2.0,14.0,5.0,4.1,1.1,4.0,1.4,23.9,2.0,5.17,5.06,Apartment,2789000.0,3,3183000.0,14.13
2968.0,5.0,4.0,16.0,5.9,23.9,5.4,6.4,6.5,24.8,2.0,3.65,1.59,Independent House,8093000.0,1,8326000.0,2.88
911.0,1.0,1.0,3.0,4.8,13.5,4.7,3.5,2.5,18.0,0.0,6.37,2.28,Apartment,2319000.0,3,2622000.0,13.07
809.0,2.0,1.0,10.0,6.7,10.4,0.3,,1.1,29.2,1.0,8.24,5.83,Apartment,3230000.0,4,4414000.0,36.66
1335.0,3.0,2.0,22.0,3.5,17.3,4.1,3.9,6.1,22.2,0.0,5.13,2.38,Apartment,2429000.0,4,2770000.0,14.04
1506.0,3.0,2.0,11.0,6.0,9.1,7.9,7.9,3.5,17.7,0.0,7.35,6.15,Apartment,4629000.0,2,5301000.0,14.52
1406.0,2.0,2.0,9.0,7.2,3.7,2.8,4.9,1.1,22.8,2.0,5.74,5.41,Independent House,6397000.0,1,6855000.0,7.16
1500.0,3.0,3.0,6.0,4.2,22.5,2.5,4.5,3.6,26.3,1.0,5.77,4.63,Apartment,3927000.0,4,4585000.0,16.76
2223.0,4.0,3.0,15.0,10.0,5.2,1.4,6.4,2.1,19.8,1.0,7.19,,Independent House,13617000.0,2,15532000.0,14.06
2317.0,4.0,4.0,-15.0,8.5,2.1,3.9,7.0,0.9,28.5,2.0,4.65,5.21,Independent House,15333000.0,3,17738000.0,15.69
1685.0,3.0,2.0,20.0,8.3,5.8,1.6,5.8,2.8,12.3,0.0,5.5,6.56,Apartment,7238000.0,2,8257000.0,14.08
1202.0,1.0,1.0,17.0,4.4,22.1,3.7,4.5,15.3,19.6,2.0,2.99,4.86,Apartment,2249000.0,5,2666000.0,18.54
1050.0,2.0,2.0,12.0,4.0,10.4,1.6,4.4,2.0,27.9,2.0,8.55,2.41,Apartment,2900000.0,3,3329000.0,14.79
1297.0,2.0,2.0,5.0,7.4,3.2,3.3,4.7,0.6,22.9,2.0,6.62,6.18,Apartment,5094000.0,2,5617000.0,10.27
1345.0,2.0,2.0,5.0,6.8,15.0,12.3,4.5,3.4,,0.0,5.48,0.04,,3212000.0,4,3469000.0,8.0
1811.0,4.0,4.0,13.0,3.7,19.8,3.8,3.8,4.5,28.8,2.0,3.55,2.75,Independent House,4225000.0,4,4491000.0,6.3
4681.0,6.0,5.0,8.0,9.3,3.1,1.4,5.7,0.5,15.9,4.0,2.69,4.25,Villa,43331000.0,3,47477000.0,9.57
746.0,2.0,1.0,6.0,1.0,,4.2,4.9,2.1,52.6,1.0,7.46,6.33,Apartment,1423000.0,3,1630000.0,14.55
2408.0,5.0,4.0,16.0,8.3,3.3,0.4,9.2,2.3,9.5,2.0,6.76,3.83,Independent House,15617000.0,4,20816000.0,33.29
1237.0,1.0,1.0,6.0,3.5,9.9,1.9,6.0,1.7,43.0,2.0,7.13,3.0,Apartment,3207000.0,1,3377000.0,5.3
1114.0,3.0,3.0,20.0,7.8,16.7,6.2,5.7,1.1,28.1,1.0,6.92,4.81,Apartment,3248000.0,3,3845000.0,18.38
926.0,2.0,1.0,17.0,4.1,14.8,13.7,4.6,3.9,46.6,1.0,5.45,4.04,Apartment,1217000.0,2,1285000.0,5.59
2839.0,5.0,4.0,,4.4,16.3,1.0,5.1,1.7,17.4,2.0,6.99,3.94,Independent House,10679000.0,5,13629000.0,27.62
1153.0,1.0,1.0,18.0,7.9,14.1,2.8,9.2,,3.2,2.0,4.95,8.58,Apartment,6189000.0,2,6975000.0,12.7
2291.0,4.0,3.0,12.0,9.6,1.3,0.5,6.5,1.3,22.9,2.0,7.4,7.16,Apartment,15893000.0,3,20547000.0,29.28
1144.0,2.0,1.0,4.0,3.6,9.7,0.6,1.0,3.7,28.3,2.0,4.5,4.15,Apartment,2738000.0,3,3152000.0,15.12
1282.0,2.0,1.0,12.0,6.2,10.0,3.2,10.0,1.9,24.5,1.0,7.47,4.27,Apartment,6013000.0,3,7094000.0,17.98
794.0,2.0,2.0,10.0,1.6,9.9,7.2,3.7,2.1,27.3,2.0,4.36,3.14,Apartment,1537000.0,1,1580000.0,2.8
958.0,2.0,2.0,13.0,8.2,0.8,0.9,6.0,1.1,223.2,1.0,5.62,1.33,Apartment,5382000.0,4,6418000.0,19.25
961.0,2.0,2.0,12.0,8.2,5.0,2.1,3.5,1.7,17.3,1.0,8.02,5.21,Apartment,3855000.0,1,4112000.0,6.67
1547.0,3.0,3.0,6.0,5.0,18.6,5.1,5.5,1.1,31.5,1.0,7.02,4.49,Independent House,4483000.0,5,5548000.0,23.76
1761.0,3.0,2.0,5.0,6.0,14.9,3.4,6.2,1.3,42.7,3.0,7.09,6.1,Independent House,6423000.0,2,7123000.0,10.9
2557.0,4.0,4.0,8.0,2.2,18.1,3.3,4.7,3.8,48.6,3.0,6.89,2.2,Independent House,6006000.0,5,6955000.0,15.8
1177.0,3.0,,6.0,4.2,12.9,3.4,4.2,2.7,27.8,1.0,,1.23,Apartment,2792000.0,2,2948000.0,5.59
992.0,2.0,2.0,6.0,8.4,5.4,3.6,6.7,1.6,24.9,2.0,7.83,5.22,Apartment,5106000.0,2,5820000.0,13.98
1195.0,2.0,2.0,5.0,4.7,15.0,9.1,7.4,2.1,37.2,1.0,7.18,6.01,Apartment,2592000.0,1,2716000.0,4.78
2045.0,4.0,3.0,13.0,2.4,24.6,17.3,6.2,5.2,47.3,0.0,5.1,1.22,Apartment,1978000.0,5,2151000.0,8.75
1152.0,2.0,2.0,23.0,2.1,16.5,4.8,5.7,,35.0,1.0,6.1,5.4,Flat,1742000.0,3,1966000.0,12.86
1341.0,2.0,2.0,,4.7,18.8,1.0,8.8,2.0,42.1,1.0,4.76,4.8,independent house,3968000.0,2,4357000.0,9.8
1299.0,3.0,3.0,4.0,6.7,12.4,6.4,4.3,7.5,40.0,0.0,6.16,6.63,Apartment,3764000.0,5,4538000.0,20.56
815.0,2.0,2.0,2.0,6.0,19.4,2.8,4.3,4.2,20.7,0.0,7.21,2.2,Apartment,2336000.0,1,2441000.0,4.49
785.0,2.0,2.0,19.0,7.9,3.3,2.6,6.2,1.7,31.1,2.0,6.81,4.25,Apartment,3799000.0,1,4027000.0,6.0
1143.0,2.0,2.0,10.0,6.0,6.2,0.5,5.5,2.3,17.5,2.0,5.61,3.01,Apartment,4716000.0,4,5675000.0,20.34
1507.0,1.0,2.0,21.0,10.0,2.3,1.4,6.0,1.8,38.0,2.0,4.46,6.76,Apartment,5909000.0,1,6239000.0,5.58
995.0,2.0,2.0,8.0,8.8,10.8,4.5,8.1,1.8,23.2,0.0,5.07,2.22,Apartment,5262000.0,5,6594000.0,25.31
743.0,1.0,2.0,28.0,8.2,11.4,0.5,5.4,1.2,25.4,1.0,6.92,4.87,Independent House,3158000.0,3,3752000.0,18.81
2671.0,5.0,4.0,6.0,6.9,18.6,6.1,6.3,2.3,35.0,3.0,6.19,6.28,Villa,12215000.0,5,15442000.0,26.42
1345.0,3.0,3.0,23.0,4.6,15.6,,3.6,4.6,53.3,2.0,5.71,3.55,Apartment,2374000.0,2,2552000.0,7.5
2413.0,6.0,,7.0,7.7,13.7,7.4,6.0,1.1,,1.0,6.77,3.88,Independent House,9864000.0,2,10917000.0,10.68
2094.0,4.0,3.0,12.0,5.6,9.9,2.5,5.5,2.0,34.4,3.0,5.37,5.62,Independent House,8446000.0,2,9355000.0,10.76
989.0,1.0,1.0,8.0,6.0,14.5,3.6,4.7,2.9,25.8,2.0,4.01,2.48,Apartment,2545000.0,1,2636000.0,3.58
1207.0,2.0,2.0,13.0,4.6,7.6,4.1,6.4,1.5,23.0,3.0,6.19,3.53,Independent House,4384000.0,4,5467000.0,24.7
1491.0,2.0,1.0,24.0,6.0,6.2,1.0,6.6,6.0,33.9,1.0,5.65,5.47,Apartment,4618000.0,3,5377000.0,16.44
1097.0,2.0,2.0,14.0,4.9,15.7,7.3,6.0,7.8,40.5,2.0,6.15,4.06,Apartment,2542000.0,3,2867000.0,12.79
1405.0,1.0,1.0,22.0,7.3,7.2,0.2,5.2,1.1,25.8,2.0,7.65,6.7,APARTMENT,5066000.0,1,5414000.0,6.87
1255.0,2.0,2.0,16.0,6.8,0.5,1.5,5.5,0.8,28.4,2.0,5.25,,Apartment,5659000.0,5,7281000.0,28.66
1190.0,2.0,2.0,21.0,9.4,16.3,3.6,8.0,4.8,41.7,2.0,5.89,5.59,Apartment,4247000.0,3,4963000.0,16.86
692.0,1.0,1.0,19.0,3.4,17.3,5.1,5.9,2.1,39.2,1.0,6.06,3.43,Apartment,1204000.0,1,1236000.0,2.66
2661.0,5.0,5.0,10.0,5.6,16.2,5.1,5.1,1.8,21.5,1.0,5.01,-0.44,Independent House,9021000.0,1,9344000.0,3.58
1781.0,2.0,2.0,45.0,6.1,13.4,0.5,6.3,0.9,27.4,3.0,6.33,2.26,Independent House,5528000.0,4,6354000.0,14.94
1021.0,2.0,3.0,13.0,6.0,15.8,1.7,6.6,5.3,32.0,1.0,5.28,6.52,Apartment,3052000.0,5,3982000.0,30.47
1531.0,3.0,3.0,8.0,5.9,16.2,4.1,4.4,2.5,42.4,0.0,3.76,4.21,Apartment,3685000.0,5,4237000.0,14.98
1941.0,4.0,4.0,11.0,5.4,14.7,5.5,6.7,3.3,39.5,2.0,7.05,5.36,Independent House,7305000.0,4,8797000.0,20.42
901.0,1.0,1.0,31.0,5.5,11.9,0.7,6.0,5.8,6.2,2.0,3.26,2.12,Apartment,2700000.0,1,2780000.0,2.96
1516.0,3.0,3.0,36.0,5.8,5.4,3.4,5.9,1.2,20.3,0.0,7.82,5.78,Apartment,4531000.0,1,4813000.0,6.22
2066.0,5.0,4.0,11.0,4.5,18.5,5.2,5.4,2.6,29.7,2.0,7.1,3.7,Independent House,5453000.0,4,6560000.0,20.3
1047.0,2.0,1.0,13.0,5.5,7.2,2.3,3.6,5.2,27.1,0.0,5.0,5.77,Apartment,2637000.0,3,2997000.0,13.65
998.0,,2.0,8.0,4.2,14.1,5.4,5.3,1.9,49.9,0.0,6.85,3.64,Apt,1919000.0,1,2015000.0,5.0
5600.0,6.0,6.0,7.0,4.3,16.9,6.7,2.8,4.4,46.8,3.0,3.98,2.1,Villa,14095000.0,2,14224000.0,0.92
1072.0,2.0,3.0,11.0,4.8,14.2,2.0,8.7,2.0,32.9,2.0,7.43,4.53,Apartment,3912000.0,5,5396000.0,37.93
2632.0,6.0,4.0,15.0,3.5,16.6,9.1,8.2,7.5,34.9,3.0,7.71,4.15,Villa,7525000.0,4,8866000.0,17.82
2797.0,6.0,6.0,9.0,5.6,3.9,10.3,4.3,1.6,32.2,3.0,5.92,4.49,Independent House,9732000.0,5,11925000.0,22.53
1159.0,2.0,2.0,9.0,4.7,16.5,15.3,6.3,1.3,27.9,0.0,6.11,2.37,Apartment,2384000.0,2,2492000.0,4.53
2548.0,5.0,5.0,5.0,4.6,11.5,2.4,3.9,3.3,33.8,2.0,5.35,5.96,Villa,10094000.0,4,12560000.0,24.43
1945.0,4.0,4.0,8.0,6.7,18.1,8.7,7.2,7.0,38.3,3.0,5.75,5.09,Independent House,6287000.0,4,7602000.0,20.92
2533.0,6.0,5.0,5.0,6.5,1.7,5.6,7.5,1.8,27.0,1.0,6.29,3.73,INDEPENDENT HOUSE,12740000.0,2,13841000.0,8.64
1360.0,2.0,2.0,5.0,3.7,11.3,4.4,5.7,2.1,36.7,1.0,6.97,3.84,Apartment,4089000.0,1,4282000.0,4.72
1413.0,3.0,3.0,7.0,5.4,12.5,1.1,3.3,1.9,28.7,0.0,8.17,,Apartment,4892000.0,1,5219000.0,6.68
1043.0,2.0,2.0,17.0,5.4,12.0,1.3,5.3,5.0,54.6,0.0,6.7,5.32,Apartment,2197000.0,2,2412000.0,9.79
1270.0,3.0,3.0,14.0,7.6,10.2,4.7,7.5,,15.7,2.0,5.77,-0.4,Independent House,5943000.0,3,6896000.0,16.04
1461.0,3.0,3.0,12.0,6.7,6.0,2.0,7.2,2.3,51.4,2.0,6.62,5.08,Independent House,5802000.0,1,6156000.0,6.1
1547.0,2.0,3.0,16.0,9.0,7.1,3.6,3.2,2.9,12.8,1.0,5.23,5.95,apartment,6001000.0,3,6984000.0,16.38
922.0,1.0,1.0,6.0,3.3,20.9,11.3,7.7,3.8,32.6,0.0,7.83,5.51,Apartment,1400000.0,3,1584000.0,13.14
994.0,1.0,1.0,11.0,4.0,12.5,8.0,6.2,6.1,36.1,1.0,5.87,4.91,Apartment,1887000.0,1,1960000.0,3.87
1184.0,2.0,2.0,,10.0,4.3,2.1,5.1,1.1,22.5,1.0,5.63,5.88,Independent House,6130000.0,3,7402000.0,20.75
918.0,1.0,1.0,5.0,6.8,8.3,3.0,4.5,1.0,31.1,0.0,4.31,,Apartment,3430000.0,2,3743000.0,9.13
1227.0,2.0,3.0,8.0,7.2,15.8,1.8,,5.7,32.4,1.0,,2.45,Apartment,5457000.0,3,6328000.0,15.96
1383.0,2.0,1.0,8.0,4.7,4.1,0.6,4.5,0.7,26.3,1.0,7.01,4.89,Apartment,4661000.0,3,5458000.0,17.1
1677.0,3.0,3.0,1.0,7.0,23.3,6.3,5.8,2.7,31.3,2.0,6.45,3.79,Independent House,5635000.0,4,6979000.0,23.85
4450.0,6.0,6.0,3.0,4.0,13.5,1.1,4.9,0.6,37.2,3.0,5.55,0.43,Villa ,18098000.0,1,18727000.0,3.48
975.0,3.0,2.0,7.0,7.1,11.9,4.7,6.0,1.1,23.5,0.0,4.4,2.94,Apartment,3591000.0,1,3686000.0,2.65
1318.0,3.0,3.0,3.0,7.9,3.7,0.6,7.4,3.1,15.2,1.0,7.52,7.02,Apartment,9895000.0,4,14359000.0,45.11
1479.0,3.0,3.0,9.0,7.9,4.2,1.7,2.6,2.1,16.5,2.0,7.38,4.06,Apartment,5790000.0,3,6995000.0,20.81
4538.0,6.0,5.0,21.0,7.0,17.0,3.1,7.3,4.9,26.9,3.0,6.9,4.5,Villa,22806000.0,3,26294000.0,15.29
1311.0,2.0,2.0,20.0,7.1,2.3,1.4,5.8,0.5,34.9,0.0,7.97,5.35,Apartment,4683000.0,4,6121000.0,30.71
1412.0,2.0,2.0,6.0,1.9,14.8,7.8,,1.2,39.7,1.0,5.78,-0.33,Independent House,2208000.0,4,2525000.0,14.36
1448.0,3.0,3.0,8.0,3.9,11.1,2.2,2.8,3.5,33.5,2.0,5.99,1.72,Independent House,3869000.0,5,4666000.0,20.6
1416.0,3.0,3.0,15.0,9.6,5.3,1.1,6.1,2.3,20.6,2.0,6.8,4.12,Apartment,8034000.0,5,11293000.0,40.57
1508.0,2.0,2.0,31.0,7.0,7.7,0.3,,1.9,27.1,1.0,7.62,5.2,Independent House,5072000.0,4,6384000.0,25.87
753.0,1.0,1.0,14.0,4.0,1.8,1.0,2.5,1.0,42.0,2.0,3.47,-0.64,Apartment,1983000.0,4,2264000.0,14.17
1225.0,3.0,3.0,3.0,7.4,12.5,5.0,5.9,2.1,35.4,2.0,4.03,2.06,APARTMENT,5214000.0,3,5801000.0,11.26
2074.0,5.0,4.0,4.0,7.6,13.7,7.6,5.8,5.0,17.8,2.0,,5.97,Independent House,9604000.0,5,12740000.0,32.65
928.0,2.0,3.0,15.0,5.4,6.8,5.7,6.3,1.4,24.9,2.0,6.35,3.77,Apartment,2867000.0,2,3126000.0,9.03
1571.0,4.0,4.0,15.0,6.0,7.0,1.2,5.8,3.3,36.1,0.0,5.17,3.84,Apartment,5903000.0,1,6195000.0,4.95
3224.0,5.0,4.0,11.0,7.5,3.3,3.1,6.3,0.8,34.0,3.0,5.25,3.15,Villa,18194000.0,2,20040000.0,10.15
836.0,2.0,2.0,16.0,5.2,12.4,3.0,5.5,2.3,36.0,2.0,2.97,2.48,Apartment,2185000.0,5,2427000.0,11.08
2177.0,5.0,4.0,11.0,2.0,14.8,10.8,3.6,1.2,44.8,3.0,5.12,2.04,Independent House,4197000.0,1,4251000.0,1.29
645.0,2.0,2.0,5.0,6.2,13.5,0.8,7.8,2.0,38.2,1.0,4.46,4.52,Apartment,2371000.0,1,2485000.0,4.81
876.0,1.0,1.0,19.0,5.0,21.6,15.1,6.5,4.7,32.8,1.0,5.22,7.82,Apartment,1367000.0,2,1453000.0,6.29
1376.0,2.0,2.0,6.0,6.0,18.6,11.8,4.1,3.0,33.1,2.0,6.08,3.97,Apartment,2946000.0,1,3050000.0,3.53
2370.0,4.0,3.0,4.0,12.0,5.9,3.8,4.8,0.7,42.7,1.0,7.72,2.84,Independent House,7760000.0,4,9930000.0,27.96
1684.0,3.0,3.0,5.0,5.5,8.4,3.6,5.3,5.9,31.6,0.0,6.99,4.75,Apartment,5526000.0,2,6098000.0,10.35
1653.0,2.0,3.0,5.0,7.8,1.9,2.9,7.7,4.5,20.2,1.0,4.25,3.63,Apartment,9151000.0,5,11339000.0,23.91
1646.0,2.0,2.0,11.0,5.6,14.4,2.1,4.3,5.1,32.0,3.0,7.69,4.52,Independent House,5552000.0,3,6565000.0,18.25
1603.0,4.0,3.0,2.0,6.0,15.7,11.0,5.2,5.4,36.1,0.0,7.3,1.88,Apartment,3838000.0,5,4710000.0,22.72
1041.0,2.0,2.0,31.0,4.8,9.3,2.4,10.0,4.6,31.5,3.0,,1.83,,3764000.0,3,4175000.0,10.92
1301.0,2.0,2.0,7.0,7.6,17.3,1.2,7.9,4.0,18.1,1.0,7.53,5.68,Apartment,6500000.0,4,8416000.0,29.48
851.0,2.0,3.0,15.0,7.1,12.0,,5.2,4.3,23.0,1.0,5.55,4.71,Apartment,2711000.0,2,2982000.0,10.0
1889.0,4.0,3.0,9.0,8.3,0.5,1.2,3.0,0.7,13.9,0.0,4.42,2.8,Apartment,7485000.0,4,9001000.0,20.25
1322.0,3.0,2.0,8.0,5.4,9.4,4.3,4.1,6.0,,3.0,5.14,4.04,Independent House,3861000.0,3,4277000.0,10.77
1712.0,4.0,3.0,3.0,3.6,24.4,,5.3,3.1,17.6,3.0,6.83,1.08,Independent House,4952000.0,5,5997000.0,21.1
1067.0,1.0,1.0,16.0,9.1,4.5,2.3,5.6,2.1,37.3,0.0,6.0,2.88,Apartment,4872000.0,2,5365000.0,10.12
1263.0,2.0,2.0,9.0,8.1,3.8,3.0,5.9,1.9,7.2,0.0,6.38,5.65,Apartment,5771000.0,5,7923000.0,37.29
948.0,1.0,2.0,4.0,9.2,0.5,,7.3,0.9,12.9,1.0,4.91,3.07,Apartment,6923000.0,1,7325000.0,5.81
,1.0,1.0,5.0,4.8,10.6,3.4,4.4,0.9,31.7,0.0,4.84,7.58,Apartment,2249000.0,1,2341000.0,4.09
3048.0,5.0,4.0,4.0,9.6,4.4,2.4,3.9,,23.2,2.0,6.24,4.2,Independent House,21060000.0,2,23363000.0,10.94
1580.0,2.0,1.0,10.0,9.7,0.5,1.0,6.8,1.6,35.8,1.0,5.94,3.3,Apartment,8401000.0,5,10780000.0,28.32
588.0,1.0,1.0,3.0,5.3,,2.9,4.8,2.2,35.6,1.0,7.97,5.89,Apartment,1691000.0,4,2050000.0,21.23
687.0,1.0,1.0,6.0,10.0,7.0,1.2,7.4,3.0,4.7,1.0,6.48,,Apartment,4756000.0,2,5477000.0,15.16
820.0,2.0,2.0,14.0,5.1,9.6,6.7,5.8,3.7,34.5,0.0,5.57,4.5,Apartment,2066000.0,4,2432000.0,17.72
810.0,2.0,2.0,25.0,8.2,5.8,3.3,3.0,1.7,26.6,2.0,4.18,7.08,Apartment,2239000.0,4,2627000.0,17.33
914.0,3.0,2.0,3.0,6.2,6.3,0.8,4.2,2.4,31.3,0.0,6.93,6.32,,3279000.0,5,4509000.0,37.51
1222.0,2.0,2.0,,5.5,14.2,8.2,3.8,3.5,40.9,0.0,4.58,3.22,Apartment,2069000.0,4,2192000.0,5.94
1492.0,3.0,2.0,18.0,5.3,14.8,3.1,6.1,3.8,36.0,0.0,2.07,1.04,Apartment,3635000.0,3,3832000.0,5.42
1230.0,3.0,3.0,15.0,5.5,16.7,5.7,4.2,6.0,38.7,2.0,6.84,1.47,Apt,3036000.0,2,3263000.0,7.48
1058.0,2.0,2.0,7.0,5.4,13.0,2.2,2.1,1.5,,0.0,8.18,5.86,Apartment,3255000.0,4,4116000.0,26.45
989.0,2.0,2.0,29.0,6.3,10.0,1.2,6.9,1.2,16.8,2.0,6.46,4.56,Apartment,2968000.0,5,4057000.0,36.69
1875.0,3.0,3.0,4.0,5.0,3.3,2.0,2.4,,33.4,1.0,6.65,,Independent House,5876000.0,1,6208000.0,5.65
1047.0,0.0,2.0,6.0,5.8,9.0,1.2,6.6,2.0,41.5,2.0,7.22,5.3,Apartment,3740000.0,2,4180000.0,11.76
917.0,2.0,2.0,14.0,6.3,19.9,4.0,6.6,1.5,36.9,0.0,7.59,4.26,Apartment,2692000.0,4,3326000.0,23.55
2046.0,3.0,4.0,17.0,5.5,8.2,1.9,5.3,1.9,35.6,0.0,6.54,5.07,Apartment,6161000.0,1,6523000.0,5.88
1075.0,2.0,2.0,3.0,8.2,11.6,5.2,2.3,2.7,41.2,1.0,5.63,2.23,Apartment,3113000.0,1,3238000.0,4.02
1120.0,2.0,2.0,8.0,5.3,11.7,6.9,6.1,8.5,,0.0,6.02,4.26,Apartment,2954000.0,4,3548000.0,20.11
1729.0,4.0,3.0,22.0,4.4,6.8,6.5,3.3,1.6,41.5,1.0,5.7,4.21,Independent House,4407000.0,1,4548000.0,3.2
1548.0,3.0,3.0,30.0,5.7,9.2,0.9,4.8,4.9,32.0,2.0,6.52,4.4,Independent House,4841000.0,2,5388000.0,11.3
1784.0,3.0,3.0,6.0,5.7,14.2,1.7,7.1,4.8,32.9,2.0,7.04,8.3,Independent House,6795000.0,4,8508000.0,25.21
1506.0,2.0,3.0,19.0,5.0,11.9,1.8,2.4,0.9,23.8,2.0,3.68,4.65,Independent House,4564000.0,4,5399000.0,18.3
1182.0,2.0,2.0,28.0,5.3,12.4,9.1,5.7,0.7,40.2,2.0,6.21,2.05,Apartment,2446000.0,3,2765000.0,13.04
916.0,1.0,2.0,35.0,7.4,9.8,,7.2,3.8,35.8,0.0,8.74,4.37,Apartment,2936000.0,1,3084000.0,5.04
954.0,1.0,1.0,11.0,8.2,2.6,1.3,3.8,1.0,15.8,2.0,7.88,6.72,apartment,4128000.0,4,5738000.0,39.0
903.0,3.0,3.0,3.0,1.6,21.6,1.8,,9.4,48.7,0.0,3.82,-1.73,Apartment,1580000.0,3,1611000.0,1.96
1337.0,2.0,2.0,9.0,7.0,15.9,6.1,,2.8,26.5,0.0,7.35,4.75,Apartment,4273000.0,3,4968000.0,16.26
1210.0,1.0,1.0,9.0,7.3,0.5,2.7,7.3,0.9,29.9,1.0,7.42,2.3,Flat,5871000.0,4,7347000.0,25.14
589.0,1.0,1.0,10.0,7.6,9.8,4.3,6.3,3.0,35.7,1.0,7.92,4.91,Apartment,2080000.0,2,2405000.0,15.62
657.0,1.0,1.0,7.0,6.3,4.7,1.6,7.5,1.0,24.2,0.0,5.42,6.4,Apartment,2558000.0,2,2854000.0,11.57
2166.0,4.0,4.0,1.0,3.2,11.4,2.9,6.1,3.6,42.3,1.0,5.43,4.71,Independent House,7126000.0,3,8020000.0,12.55
1296.0,3.0,3.0,7.0,8.8,4.3,0.7,5.5,1.4,17.9,2.0,6.09,5.91,Apartment,7554000.0,5,10301000.0,36.36
1797.0,4.0,3.0,14.0,5.8,14.1,4.6,4.4,11.3,35.7,1.0,5.99,2.91,Independent House,5316000.0,4,6025000.0,13.34
900.0,1.0,1.0,8.0,6.3,16.6,4.2,5.0,5.0,38.5,0.0,5.64,3.25,Apartment,2367000.0,2,2621000.0,10.73
1370.0,4.0,4.0,10.0,7.6,13.8,8.0,5.6,0.5,11.7,0.0,6.69,4.05,Apartment,5866000.0,5,7635000.0,30.16
649.0,1.0,1.0,4.0,6.1,14.1,5.1,6.5,5.2,34.2,2.0,7.55,7.27,Apartment,2249000.0,1,2378000.0,5.74
2139.0,4.0,3.0,5.0,6.5,3.7,1.1,4.4,1.8,34.3,1.0,7.46,4.59,Apartment,9371000.0,4,11852000.0,26.48
1295.0,2.0,3.0,9.0,5.9,3.3,0.9,5.6,2.9,24.2,2.0,3.91,1.95,Apartment,5520000.0,3,6335000.0,14.76
4557.0,1.0,1.0,2.0,2.7,17.0,3.3,3.3,1.3,42.9,2.0,3.41,4.09,Apartment,1549000.0,4,1723000.0,11.23
1706.0,3.0,3.0,14.0,6.1,5.9,2.4,4.9,1.1,38.8,3.0,5.34,4.0,Independent House,6223000.0,5,8025000.0,28.96
3157.0,6.0,5.0,21.0,5.8,15.1,3.0,3.9,6.2,17.5,3.0,6.53,4.24,Villa,12868000.0,2,13842000.0,7.57
1850.0,3.0,2.0,17.0,7.3,2.8,0.8,4.6,3.1,20.1,0.0,8.61,5.55,Apartment,7918000.0,1,8481000.0,7.11
790.0,2.0,2.0,13.0,4.4,7.1,1.3,4.8,2.2,36.5,2.0,5.49,2.13,Apartment,2459000.0,4,2988000.0,21.51
987.0,2.0,2.0,15.0,5.1,15.0,1.4,3.9,5.6,29.9,0.0,7.41,0.03,Apartment,2317000.0,5,2958000.0,27.67
674.0,2.0,2.0,17.0,6.7,12.0,5.3,5.3,2.1,24.1,2.0,4.61,1.56,Apartment,2019000.0,5,2299000.0,13.87
2154.0,5.0,4.0,5.0,6.3,15.8,1.9,6.7,3.3,28.7,3.0,4.65,0.28,Independent House,9491000.0,1,9820000.0,3.47
1100.0,3.0,2.0,7.0,3.7,18.3,4.3,4.4,6.4,31.2,1.0,4.38,0.08,Apartment,2379000.0,4,2641000.0,11.01
1009.0,2.0,2.0,5.0,7.2,17.0,6.9,5.8,5.1,42.6,1.0,6.17,3.47,Apartment,3202000.0,3,3631000.0,13.4
1089.0,2.0,,15.0,8.6,5.0,1.2,6.2,3.7,28.7,3.0,6.26,6.43,Independent House,5179000.0,4,6623000.0,27.88
886.0,3.0,2.0,23.0,5.0,,5.2,4.9,1.9,29.9,0.0,5.66,1.62,Apartment,2372000.0,2,2507000.0,5.69
1047.0,1.0,2.0,15.0,6.4,12.1,,4.2,2.1,30.2,0.0,5.4,4.47,Apartment,3112000.0,3,3470000.0,11.5
1525.0,3.0,3.0,34.0,3.5,14.5,8.6,2.4,1.5,36.1,3.0,4.52,4.23,Independent House,2666000.0,4,2902000.0,8.85
1103.0,2.0,2.0,4.0,6.2,8.8,1.8,7.7,1.1,33.1,1.0,7.02,7.76,Apartment,4163000.0,5,5671000.0,36.22
824.0,2.0,2.0,15.0,5.6,5.1,1.4,5.5,2.9,43.4,3.0,6.53,7.04,Independent House,2925000.0,3,3487000.0,19.21
797.0,3.0,3.0,6.0,8.6,10.2,6.4,7.0,6.4,23.5,1.0,6.27,6.06,Apartment,3360000.0,2,3774000.0,12.32
2037.0,4.0,3.0,5.0,8.3,8.7,0.4,8.5,3.4,,2.0,4.84,2.8,Independent House,12358000.0,1,12956000.0,4.84
1194.0,2.0,2.0,3.0,6.2,7.0,1.2,3.9,1.3,27.7,0.0,3.81,4.76,Apartment,4441000.0,5,5188000.0,16.82
1928.0,3.0,3.0,11.0,5.9,5.4,7.0,8.1,2.4,43.6,1.0,7.73,9.18,Apartment,5981000.0,3,7301000.0,22.07
721.0,2.0,1.0,1.0,1.4,15.6,15.1,3.6,4.3,31.5,0.0,6.87,2.85,Apartment,958000.0,5,1155000.0,20.56
,1.0,1.0,18.0,6.7,10.3,2.4,4.1,3.6,46.0,1.0,7.47,3.21,Apartment,2625000.0,4,3166000.0,20.61
1223.0,3.0,3.0,15.0,9.3,22.0,7.3,8.0,4.1,10.5,0.0,5.22,2.11,Apartment,5534000.0,4,6395000.0,15.56
780.0,1.0,2.0,2.0,3.4,21.6,4.4,4.4,11.3,57.3,2.0,6.72,6.28,Independent House,1661000.0,4,1882000.0,13.31
1657.0,2.0,2.0,6.0,4.9,25.5,9.3,6.9,5.3,22.6,2.0,4.79,3.32,Independent House,3894000.0,5,4546000.0,16.74
1085.0,2.0,2.0,23.0,7.5,9.2,5.7,7.6,4.5,16.6,2.0,6.07,3.83,Apartment,4548000.0,1,4762000.0,4.71
1218.0,2.0,2.0,17.0,3.6,14.0,5.1,6.4,1.3,12.4,2.0,3.94,3.47,Apartment,2684000.0,4,3111000.0,15.91
1038.0,3.0,2.0,15.0,7.3,4.5,0.6,7.4,3.5,37.6,0.0,5.84,6.13,Apartment,4792000.0,2,5300000.0,10.6
3031.0,5.0,5.0,4.0,6.6,5.8,1.5,5.9,1.0,39.8,4.0,5.49,3.23,Villa,15549000.0,1,16251000.0,4.51
2009.0,4.0,4.0,11.0,6.2,17.5,5.9,5.6,4.1,25.4,1.0,7.4,5.2,Independent House,5424000.0,3,6296000.0,16.08
1050.0,2.0,2.0,19.0,8.0,11.6,4.3,5.4,2.2,29.7,0.0,5.68,2.55,Apartment,2634000.0,5,3373000.0,28.06
1191.0,2.0,2.0,27.0,3.9,13.4,6.2,5.4,3.0,22.0,,6.35,4.31,independent house,2895000.0,3,3298000.0,13.92
3212.0,6.0,5.0,14.0,3.6,12.7,2.8,6.2,4.6,37.8,4.0,5.17,,,9981000.0,2,10675000.0,6.95
1748.0,3.0,,22.0,7.7,7.5,0.7,5.5,6.1,26.4,0.0,7.09,4.94,Apartment,6089000.0,4,7703000.0,26.51
959.0,2.0,1.0,6.0,2.7,26.8,6.5,5.1,2.5,43.6,0.0,5.48,4.77,Apartment,1581000.0,3,1810000.0,14.48
1473.0,4.0,4.0,8.0,8.1,7.2,2.1,8.2,0.9,22.8,1.0,5.36,3.37,Apartment,8970000.0,5,11775000.0,31.27
2215.0,4.0,4.0,8.0,6.5,13.5,1.8,5.9,4.3,49.9,3.0,5.43,4.01,Independent House,7514000.0,2,8562000.0,13.95
1317.0,3.0,3.0,6.0,6.6,10.4,6.1,5.3,3.3,,,7.74,5.05,Independent House,4749000.0,3,5676000.0,19.52
1656.0,3.0,3.0,21.0,7.4,23.0,5.3,5.5,1.1,12.0,2.0,6.29,5.35,House,5553000.0,3,6498000.0,17.02
922.0,2.0,2.0,9.0,6.4,10.9,6.3,5.1,3.2,42.1,0.0,4.92,5.83,Apartment,2454000.0,2,2647000.0,7.86
791.0,2.0,1.0,20.0,9.7,5.5,7.6,9.3,1.3,21.6,1.0,3.83,3.11,Apartment,3891000.0,1,4039000.0,3.8
802.0,,3.0,10.0,6.5,5.2,3.3,4.4,0.4,26.7,1.0,4.33,3.08,Apartment,2621000.0,5,3144000.0,19.95
489.0,1.0,2.0,15.0,8.3,8.5,7.0,9.4,6.2,21.0,1.0,8.57,6.12,Apartment,2295000.0,3,2862000.0,24.71
748.0,2.0,3.0,13.0,4.9,16.4,2.6,5.5,2.2,30.6,0.0,6.66,2.11,Apartment,2435000.0,1,2488000.0,2.18
1328.0,2.0,2.0,15.0,5.9,11.0,2.6,6.3,1.8,31.2,3.0,6.65,5.99,Independent House,5149000.0,1,5444000.0,5.73
909.0,1.0,1.0,7.0,9.5,9.3,0.8,6.4,4.4,37.6,2.0,5.37,1.41,Apartment,4745000.0,3,5599000.0,18.0
2248.0,4.0,4.0,10.0,4.8,15.1,11.0,3.1,0.5,33.2,3.0,7.56,4.18,Independent House,5609000.0,1,5833000.0,3.99
2392.0,4.0,3.0,17.0,7.8,10.9,2.2,3.3,1.8,31.1,2.0,3.93,4.8,Independent House,7904000.0,5,9481000.0,19.95
891.0,2.0,2.0,9.0,7.3,4.6,6.6,5.7,3.3,36.4,2.0,5.17,2.63,apartment,3193000.0,1,3311000.0,3.7
2442.0,5.0,4.0,7.0,7.2,12.1,8.4,6.9,6.4,17.3,2.0,7.79,3.32,Independent House,10126000.0,3,12015000.0,18.65
1413.0,3.0,3.0,25.0,6.5,10.9,1.6,4.4,4.8,26.6,2.0,6.87,4.47,Apartment,4490000.0,3,5230000.0,16.48
3169.0,6.0,6.0,9.0,7.6,12.5,2.3,6.1,2.4,34.8,4.0,7.77,3.9,Villa,20540000.0,4,26362000.0,28.34
1458.0,1.0,1.0,10.0,6.9,2.0,1.1,2.6,1.2,27.3,0.0,8.16,5.42,Apartment,4780000.0,1,5079000.0,6.26
1003.0,2.0,1.0,5.0,6.0,12.3,6.5,5.2,2.8,26.5,0.0,5.98,,Apartment,3073000.0,5,3890000.0,26.59
2722.0,6.0,6.0,1.0,,5.0,3.0,4.4,1.1,15.1,2.0,6.62,7.3,Villa,22757000.0,3,28277000.0,24.26
1962.0,4.0,4.0,5.0,6.7,6.2,8.4,7.0,4.5,32.7,0.0,6.65,5.0,Apartment,6985000.0,1,7361000.0,5.38
1073.0,2.0,2.0,7.0,7.7,15.0,1.7,7.2,3.9,14.5,0.0,6.97,5.79,Apartment,5270000.0,1,5735000.0,8.82
1564.0,3.0,3.0,3.0,6.1,7.5,5.4,2.7,1.5,27.8,3.0,4.87,4.27,Independent House,5768000.0,4,7064000.0,22.47
1229.0,3.0,2.0,5.0,7.2,10.8,2.1,5.3,7.9,21.7,0.0,5.99,2.28,Apartment,5200000.0,4,6785000.0,30.48
1456.0,3.0,2.0,15.0,,12.6,0.7,6.5,2.2,34.4,0.0,8.04,6.95,Apartment,5304000.0,3,6657000.0,25.51
1529.0,4.0,4.0,4.0,3.8,7.1,7.7,3.9,0.6,35.7,2.0,6.03,1.7,Independent House,4335000.0,3,4867000.0,12.27
1496.0,3.0,3.0,4.0,4.6,13.1,4.7,6.1,1.6,42.2,2.0,7.27,2.33,Apartment,4037000.0,3,4559000.0,12.93
831.0,1.0,2.0,6.0,9.1,0.5,1.3,6.6,0.7,19.0,0.0,7.42,7.26,Apartment,5515000.0,2,6443000.0,16.83
782.0,1.0,1.0,25.0,5.0,12.0,5.1,2.0,4.5,30.3,0.0,5.91,1.6,Apartment,1408000.0,1,1478000.0,4.97
981.0,2.0,2.0,4.0,9.5,8.7,2.4,8.3,2.8,16.1,2.0,5.02,4.53,Apartment,7608000.0,3,9042000.0,18.85
1823.0,2.0,1.0,35.0,6.5,17.1,4.4,6.7,1.2,36.1,1.0,8.25,5.88,Independent House,3978000.0,2,4392000.0,10.41
1290.0,2.0,1.0,24.0,9.0,2.0,1.3,7.1,2.8,25.8,2.0,5.83,5.94,Apartment,6106000.0,1,6487000.0,6.24
3353.0,6.0,5.0,4.0,9.2,0.5,2.3,9.1,0.6,6.8,4.0,7.54,5.58,Villa,44901000.0,2,52097000.0,16.03
1086.0,2.0,2.0,8.0,7.2,1.9,1.1,6.5,0.4,12.8,,4.43,3.52,Apartment,5834000.0,5,7327000.0,25.59
1539.0,4.0,3.0,9.0,8.5,7.7,4.2,7.7,1.1,17.8,1.0,4.97,3.48,Independent House,7999000.0,3,9451000.0,18.15
1346.0,3.0,2.0,16.0,8.3,7.5,2.3,5.2,2.6,13.4,,6.72,6.91,Apartment,6406000.0,3,7705000.0,20.28
920.0,1.0,2.0,11.0,7.5,13.0,0.8,6.7,1.9,40.6,2.0,7.37,5.85,Apartment,3438000.0,2,3904000.0,13.55
944.0,3.0,2.0,18.0,3.9,13.4,6.9,5.4,0.9,24.8,2.0,5.73,3.83,Apartment,2292000.0,3,2517000.0,9.82
1251.0,2.0,2.0,3.0,6.4,15.7,4.0,3.3,1.7,26.6,0.0,5.13,,,3661000.0,1,3845000.0,5.03
1600.0,,2.0,10.0,4.0,20.4,1.2,5.5,2.4,33.9,1.0,7.35,2.45,INDEPENDENT HOUSE,4025000.0,1,4198000.0,4.3
1608.0,2.0,2.0,24.0,7.9,7.8,6.9,6.6,3.0,41.0,0.0,5.73,6.04,Apartment,4886000.0,4,5971000.0,22.21
1046.0,1.0,1.0,9.0,8.6,4.6,2.8,5.3,2.1,24.1,0.0,5.49,7.81,APARTMENT,4400000.0,4,5812000.0,32.09
2373.0,5.0,4.0,11.0,5.2,6.8,1.2,5.7,2.5,28.6,3.0,2.71,3.38,Independent House,9180000.0,1,9481000.0,3.28
1043.0,2.0,1.0,26.0,4.7,17.1,5.1,9.0,2.1,16.4,0.0,7.78,2.07,Apartment,3277000.0,1,3449000.0,5.25
890.0,2.0,2.0,7.0,5.9,10.9,2.0,6.3,2.6,29.8,1.0,7.48,7.5,Apartment,3376000.0,2,3869000.0,14.6
1918.0,4.0,4.0,1.0,6.5,19.6,8.3,5.4,3.7,34.4,1.0,5.07,5.39,Independent House,5451000.0,1,5711000.0,4.77
1457.0,2.0,2.0,13.0,3.1,24.3,19.8,5.2,1.4,21.3,2.0,6.64,6.33,House,2346000.0,3,2555000.0,8.91
825.0,2.0,3.0,20.0,6.5,10.2,4.2,3.5,1.1,32.8,1.0,4.59,5.84,Apartment,2005000.0,2,2178000.0,8.63
1753.0,4.0,4.0,17.0,5.1,15.8,6.4,1.9,1.8,17.7,0.0,6.4,5.17,Apartment,4096000.0,1,4291000.0,4.76
886.0,1.0,1.0,8.0,2.3,15.5,4.0,5.4,4.7,49.0,0.0,5.49,1.76,APARTMENT,1462000.0,5,1685000.0,15.25
1018.0,3.0,3.0,16.0,6.1,9.4,3.0,5.5,2.2,35.7,0.0,4.07,3.85,Apartment,3085000.0,3,3327000.0,7.84
1872.0,3.0,3.0,21.0,4.6,9.2,2.9,4.6,2.1,35.1,1.0,7.56,,Independent House,4901000.0,1,5142000.0,4.92
1041.0,2.0,2.0,23.0,6.4,15.3,4.4,8.1,4.8,32.6,0.0,7.18,4.17,Apartment,3196000.0,4,4191000.0,31.13
1109.0,3.0,3.0,20.0,6.5,11.4,1.6,3.4,2.3,27.0,1.0,6.52,3.01,Apartment,4049000.0,5,4989000.0,23.22
1351.0,2.0,2.0,24.0,6.6,9.8,12.6,4.3,6.8,37.9,0.0,5.58,2.38,Apartment,2742000.0,1,2881000.0,5.07
,2.0,1.0,13.0,7.8,6.3,1.6,8.1,0.9,26.8,1.0,6.42,5.44,Apartment,3803000.0,5,5351000.0,40.7
1755.0,4.0,3.0,,7.4,8.4,9.6,5.9,2.5,17.9,1.0,5.84,,Apartment,6691000.0,5,8760000.0,30.92
807.0,2.0,,5.0,5.8,20.7,2.8,7.4,2.3,25.2,2.0,5.42,-0.57,Apartment,2695000.0,5,3339000.0,23.9
1472.0,3.0,3.0,6.0,4.0,19.7,0.4,5.0,9.3,15.4,,7.04,1.76,Apartment,4504000.0,3,5265000.0,16.9
1714.0,3.0,3.0,12.0,3.2,24.6,10.0,3.9,2.8,35.3,3.0,6.37,4.85,Independent House,3357000.0,5,4018000.0,19.69
738.0,2.0,1.0,3.0,8.5,4.2,3.7,7.3,0.7,38.7,0.0,6.84,5.41,Apartment,4007000.0,1,4289000.0,7.04
1530.0,2.0,2.0,15.0,8.0,2.5,1.7,8.3,1.2,41.1,0.0,6.39,4.3,Apartment,8558000.0,2,9495000.0,10.95
1300.0,3.0,3.0,6.0,8.0,2.2,1.3,7.5,1.1,21.8,1.0,5.86,6.97,Independent House,9159000.0,1,9806000.0,7.06
1162.0,2.0,2.0,15.0,5.7,6.6,0.7,6.0,1.1,31.2,0.0,4.34,3.64,Apartment,3659000.0,5,4198000.0,14.73
1002.0,1.0,1.0,15.0,3.2,12.2,4.7,4.1,0.6,50.6,0.0,7.45,1.94,Apartment,1935000.0,4,2160000.0,11.63
848.0,,2.0,18.0,2.3,16.0,12.4,5.3,5.4,33.7,0.0,5.81,2.09,Apartment,1038000.0,1,1056000.0,1.73
1191.0,2.0,2.0,3.0,4.7,2.3,1.7,8.9,1.4,34.1,2.0,7.42,2.87,Apartment,4113000.0,3,4882000.0,18.7
1269.0,2.0,2.0,11.0,5.4,21.4,6.4,6.0,2.2,44.1,3.0,6.63,4.1,Independent House,3336000.0,4,4275000.0,28.15
1181.0,3.0,3.0,2.0,7.8,8.5,1.3,7.2,2.3,12.6,1.0,7.89,5.21,Apartment,6777000.0,5,9862000.0,45.52
1919.0,3.0,3.0,,4.2,6.8,2.1,7.6,1.8,35.7,1.0,6.11,5.88,Independent House,7252000.0,5,9154000.0,26.23
768.0,2.0,3.0,15.0,3.6,21.0,7.7,5.8,5.3,36.9,2.0,4.9,4.57,Apartment,1449000.0,2,1560000.0,7.66
1024.0,3.0,2.0,13.0,7.3,9.4,3.0,8.7,4.5,23.8,1.0,7.39,6.81,Apartment,5278000.0,5,7045000.0,33.48
1074.0,3.0,2.0,9.0,2.5,14.3,0.9,3.2,8.3,37.2,2.0,6.39,2.92,Apartment,2778000.0,3,3075000.0,10.69
1591.0,4.0,3.0,7.0,4.1,12.5,6.0,6.6,3.9,32.2,1.0,7.09,5.5,Apartment,4200000.0,5,5358000.0,27.57
1196.0,1.0,2.0,16.0,7.4,8.4,0.3,5.7,1.5,25.2,1.0,3.21,1.13,Apartment,4387000.0,5,4881000.0,11.26
3231.0,5.0,3.0,18.0,3.3,19.0,2.2,2.8,7.8,39.7,2.0,7.76,5.02,Villa,8960000.0,2,9832000.0,9.73
1769.0,3.0,3.0,3.0,7.6,6.3,2.1,6.4,4.3,21.8,3.0,3.43,6.88,Independent House,9240000.0,4,11221000.0,21.44
1457.0,2.0,2.0,18.0,7.3,13.5,4.3,7.5,3.4,45.4,1.0,5.94,8.22,Apartment,4819000.0,5,6678000.0,38.58
996.0,2.0,2.0,16.0,6.1,17.4,2.3,4.7,5.9,25.6,1.0,5.13,5.61,Apartment,2608000.0,3,2937000.0,12.62
1106.0,2.0,2.0,19.0,4.7,5.6,0.7,3.9,2.3,29.0,2.0,5.48,1.83,Independent House,3559000.0,3,4096000.0,15.09
1397.0,2.0,3.0,6.0,2.5,15.9,2.9,3.1,0.5,48.0,2.0,7.95,5.02,Independent House,3093000.0,1,3241000.0,4.78
2901.0,5.0,4.0,12.0,3.4,13.5,3.7,2.3,1.0,36.6,4.0,6.17,-1.56,Villa,10521000.0,2,11036000.0,4.89
1148.0,2.0,2.0,30.0,2.7,12.9,0.8,4.7,4.1,44.2,1.0,3.89,0.76,Apartment,1873000.0,3,1921000.0,2.56
2932.0,4.0,4.0,14.0,5.2,16.5,3.2,7.7,2.4,24.1,2.0,5.86,5.84,Independent House,10649000.0,3,12587000.0,18.2
669.0,1.0,2.0,13.0,5.7,14.5,4.6,5.4,4.2,36.9,0.0,5.25,4.54,Apartment,1493000.0,2,1629000.0,9.11
3856.0,6.0,6.0,4.0,8.8,2.7,3.4,7.1,0.8,33.5,3.0,7.28,7.05,Villa,29368000.0,4,39663000.0,35.06
,2.0,2.0,11.0,7.8,5.1,3.6,4.6,1.8,7.4,1.0,7.18,5.37,Apartment,4402000.0,5,6131000.0,39.28
486.0,1.0,1.0,5.0,6.0,10.0,0.2,5.2,1.8,,1.0,4.8,8.69,,1836000.0,5,2371000.0,29.14
2300.0,4.0,4.0,13.0,2.6,20.5,10.8,4.7,7.4,30.4,3.0,4.5,-1.02,Independent House,3821000.0,1,3885000.0,1.67
916.0,2.0,2.0,4.0,5.8,11.9,1.4,3.6,4.2,7.6,2.0,3.5,1.68,Apartment,3379000.0,3,3811000.0,12.78
1336.0,3.0,3.0,31.0,5.6,2.8,0.9,6.0,3.0,39.4,3.0,6.17,0.78,Independent House,4229000.0,4,4804000.0,13.6
1475.0,2.0,1.0,8.0,8.4,4.7,1.9,,0.9,,3.0,4.77,5.73,INDEPENDENT HOUSE,8202000.0,2,9156000.0,11.63
4028.0,6.0,4.0,3.0,5.1,,7.6,5.1,4.4,27.2,2.0,4.34,3.84,Villa,12930000.0,5,15435000.0,19.37
1897.0,4.0,3.0,24.0,7.1,8.9,3.0,4.3,1.1,23.2,1.0,6.97,4.02,Independent House,6447000.0,4,8248000.0,27.94
1534.0,3.0,3.0,5.0,8.2,12.0,3.1,4.6,3.2,19.1,,7.17,0.85,Apartment,7078000.0,2,7997000.0,12.98
1492.0,3.0,2.0,25.0,1.7,19.0,3.5,1.0,4.3,38.8,2.0,5.04,5.2,Apartment,2064000.0,5,2506000.0,21.41
1716.0,2.0,2.0,,6.5,6.6,6.8,5.9,0.8,7.6,,7.39,6.95,Independent House,8437000.0,2,9752000.0,15.59
2868.0,6.0,5.0,2.0,7.0,3.8,1.7,6.9,2.3,36.8,4.0,7.96,4.86,Villa,21851000.0,2,25546000.0,16.91
1200.0,2.0,1.0,2.0,8.6,15.4,2.4,4.8,3.4,25.8,0.0,8.78,5.21,Apartment,5013000.0,2,5818000.0,16.06
6176.0,3.0,3.0,7.0,10.0,2.0,0.3,6.1,1.1,12.9,1.0,5.57,4.77,,9351000.0,4,12238000.0,30.87
1302.0,2.0,2.0,28.0,9.7,6.3,2.6,7.8,1.2,2.7,2.0,4.81,6.65,Apartment,7847000.0,1,8336000.0,6.23
1442.0,3.0,3.0,20.0,6.1,5.0,1.4,6.3,0.4,12.0,1.0,3.78,0.43,Apartment,5966000.0,1,6088000.0,2.04
772.0,1.0,2.0,12.0,9.5,7.5,0.7,4.8,2.4,13.0,0.0,6.65,2.45,Apartment,4021000.0,4,5246000.0,30.47
2081.0,4.0,3.0,18.0,3.6,16.5,6.5,4.1,3.3,34.7,1.0,6.87,3.6,Apartment,4069000.0,3,4602000.0,13.1
638.0,2.0,3.0,10.0,7.5,7.6,1.7,6.4,1.8,19.0,2.0,5.3,0.66,Apartment,2870000.0,3,3439000.0,19.83
831.0,2.0,2.0,15.0,8.4,4.7,1.2,4.7,2.8,30.1,1.0,7.3,4.78,Apartment,4376000.0,5,5632000.0,28.7
1198.0,3.0,3.0,47.0,10.0,8.3,3.8,6.8,2.2,22.1,0.0,3.69,4.53,Apartment,4899000.0,5,5543000.0,13.15
2970.0,5.0,5.0,4.0,7.6,5.7,2.0,5.3,2.4,26.8,3.0,8.21,6.51,Villa,22485000.0,2,26237000.0,16.69
806.0,2.0,2.0,12.0,9.3,,3.1,6.9,8.5,20.4,0.0,5.64,3.14,Flat,3840000.0,4,4762000.0,24.01
940.0,1.0,1.0,10.0,9.4,10.9,0.5,3.2,2.4,23.4,,6.46,5.76,Apartment,4149000.0,5,5678000.0,36.85
,2.0,2.0,19.0,3.7,21.1,4.8,4.9,0.4,36.6,0.0,7.01,0.78,Apartment,2051000.0,2,2116000.0,3.17
2341.0,4.0,4.0,25.0,8.0,0.5,0.8,7.3,0.8,17.8,3.0,3.94,0.72,Independent House,13789000.0,4,15673000.0,13.66
2223.0,3.0,2.0,10.0,2.3,14.9,3.7,5.5,2.0,35.0,1.0,5.53,1.62,Independent House,5040000.0,5,6008000.0,19.21
653.0,1.0,1.0,9.0,5.5,15.0,0.9,3.3,3.1,15.2,0.0,5.23,1.95,Apartment,2057000.0,1,2132000.0,3.65
1141.0,2.0,2.0,8.0,4.8,14.1,3.0,5.3,2.1,28.5,2.0,5.58,2.89,,2877000.0,2,3137000.0,9.04
2436.0,4.0,3.0,2.0,3.4,10.9,0.2,2.8,1.4,33.7,3.0,6.63,0.89,Villa,9959000.0,5,12194000.0,22.44
1043.0,2.0,2.0,28.0,8.4,7.5,9.6,6.1,0.6,,2.0,6.85,6.91,Apartment,3472000.0,4,4140000.0,19.24
1149.0,3.0,3.0,15.0,6.2,17.4,3.8,6.9,4.6,41.3,2.0,6.05,4.22,Apartment,3260000.0,5,4248000.0,30.31
681.0,2.0,2.0,22.0,7.5,13.9,3.2,5.8,2.0,13.4,2.0,7.04,5.44,Apartment,2787000.0,1,2944000.0,5.63
1206.0,2.0,3.0,17.0,5.4,3.6,1.0,6.8,1.8,26.0,1.0,6.17,7.14,Apartment,4573000.0,2,5257000.0,14.96
2372.0,5.0,4.0,8.0,4.7,16.0,1.1,5.6,1.1,42.1,3.0,6.92,2.4,House,8620000.0,2,9628000.0,11.69
1621.0,2.0,2.0,12.0,8.1,7.8,4.1,8.3,1.9,,1.0,5.48,3.13,Independent House,7919000.0,1,8240000.0,4.05
997.0,2.0,2.0,12.0,8.5,4.9,0.4,5.1,2.5,15.4,2.0,6.8,7.05,Apartment,5236000.0,3,6389000.0,22.02
2171.0,4.0,3.0,7.0,8.1,4.1,2.5,7.5,1.6,31.3,4.0,7.91,6.03,Villa,18932000.0,1,20541000.0,8.5
1082.0,1.0,1.0,19.0,5.1,14.4,3.8,7.4,8.1,41.9,1.0,6.8,1.72,Apartment,2519000.0,5,3118000.0,23.78
5353.0,6.0,5.0,20.0,0.0,8.1,3.0,6.1,2.3,21.1,3.0,6.78,5.63,Villa,37852000.0,4,48881000.0,29.14
661.0,1.0,1.0,26.0,4.4,15.6,5.0,,5.8,34.3,0.0,3.71,2.11,Apartment,1251000.0,5,1416000.0,13.19
4043.0,6.0,5.0,21.0,3.5,15.9,3.2,6.9,,23.7,4.0,4.76,3.38,Villa,14354000.0,5,17607000.0,22.66
1924.0,4.0,4.0,9.0,7.3,6.3,2.1,6.4,1.5,16.2,4.0,5.58,7.1,Villa,12073000.0,1,12929000.0,7.09
1221.0,3.0,3.0,4.0,6.0,,1.5,2.3,0.6,13.0,1.0,5.09,4.92,Independent House,5371000.0,3,6238000.0,16.14
1416.0,2.0,1.0,14.0,7.0,9.6,8.3,4.2,3.2,25.2,2.0,7.4,,Apartment,3391000.0,1,3576000.0,5.46
,2.0,2.0,13.0,9.0,12.1,5.3,6.7,5.5,32.4,2.0,4.86,6.06,Independent House,6059000.0,5,7667000.0,26.54
8289.0,2.0,2.0,4.0,,14.2,4.4,6.0,2.9,41.3,1.0,7.35,3.56,Independent House,5852000.0,4,7127000.0,21.79
673.0,1.0,1.0,16.0,7.0,11.7,1.6,5.7,2.2,36.3,2.0,7.93,5.3,Apartment,2411000.0,3,2882000.0,19.54
938.0,2.0,3.0,6.0,7.6,10.1,1.8,8.1,2.9,9.7,1.0,9.62,5.8,Apartment,5493000.0,5,8818000.0,60.53
734.0,3.0,2.0,12.0,10.0,8.8,1.1,5.2,1.4,22.4,1.0,7.62,6.79,Apartment,3694000.0,1,3946000.0,6.82
1201.0,3.0,3.0,10.0,4.7,12.6,7.3,6.6,1.7,20.7,0.0,5.91,1.16,Apartment,3396000.0,4,3765000.0,10.87
1422.0,2.0,2.0,6.0,0.0,12.1,4.0,4.0,3.0,34.3,1.0,5.12,2.34,Apartment,4835000.0,1,4974000.0,2.87
1052.0,2.0,3.0,,7.5,10.0,2.9,7.8,2.1,23.1,,5.39,4.21,Independent House,5540000.0,1,5787000.0,4.46
1539.0,3.0,3.0,34.0,9.8,2.9,0.8,6.8,1.4,21.6,2.0,6.77,8.82,Apartment,9347000.0,1,10012000.0,7.11
2039.0,4.0,3.0,6.0,6.3,12.2,1.3,7.1,4.6,21.8,2.0,6.48,4.06,Independent House,8856000.0,4,10894000.0,23.01
3263.0,6.0,6.0,16.0,3.7,17.7,4.1,3.5,5.8,37.0,3.0,7.83,4.58,Villa,10335000.0,2,11357000.0,9.89
634.0,1.0,1.0,2.0,5.8,16.4,6.7,5.0,6.3,24.1,0.0,6.6,3.9,Apartment,1603000.0,4,2071000.0,29.2
2800.0,6.0,4.0,28.0,6.3,17.8,10.5,2.0,4.2,28.3,3.0,5.62,3.0,Independent House,5411000.0,4,5507000.0,1.77
2484.0,4.0,3.0,4.0,7.0,0.5,1.7,5.1,1.5,33.6,,6.65,6.51,Independent House,13218000.0,5,18279000.0,38.29
1178.0,2.0,1.0,24.0,3.1,17.4,12.3,4.9,0.8,,1.0,4.64,-0.45,Independent House,1979000.0,1,2026000.0,2.37
3543.0,6.0,5.0,3.0,10.0,7.3,3.1,5.9,1.2,29.0,4.0,5.45,8.23,Villa,27337000.0,2,30746000.0,12.47
1353.0,2.0,2.0,,7.1,7.0,7.2,6.3,1.3,,1.0,4.59,6.2,Apartment,4972000.0,5,6098000.0,22.65
1111.0,3.0,3.0,9.0,2.8,20.2,1.1,6.0,4.0,37.3,1.0,4.43,-0.16,Apartment,2229000.0,1,2256000.0,1.21
1555.0,3.0,1.0,9.0,3.8,13.4,1.4,5.4,1.5,28.8,0.0,4.71,2.43,Apartment,3768000.0,3,4102000.0,8.86
,2.0,2.0,5.0,6.1,11.4,7.2,4.2,1.7,33.1,2.0,6.76,7.98,APARTMENT,4399000.0,3,5099000.0,15.91
2011.0,4.0,3.0,5.0,7.1,4.7,0.3,9.2,1.5,31.4,1.0,6.24,8.9,Independent House,11025000.0,5,16266000.0,47.54
876.0,1.0,1.0,9.0,5.5,5.9,0.5,2.6,1.2,38.9,0.0,7.36,6.49,Apartment,2225000.0,2,2497000.0,12.22
1460.0,2.0,2.0,13.0,6.6,5.5,1.1,4.3,3.3,47.5,1.0,6.72,4.13,Apartment,4838000.0,3,5548000.0,14.68
1552.0,3.0,2.0,15.0,9.1,5.1,4.7,7.5,5.0,12.0,1.0,8.93,3.19,Apartment,9165000.0,4,12671000.0,38.25
1603.0,2.0,1.0,2.0,4.4,6.2,1.5,4.3,3.5,42.4,2.0,6.57,5.46,Apartment,4181000.0,3,4773000.0,14.16
2976.0,5.0,5.0,13.0,7.8,5.9,2.2,7.1,0.7,21.8,2.0,6.66,,Villa,18001000.0,5,24680000.0,37.1
998.0,2.0,1.0,9.0,10.0,4.0,0.8,4.6,1.5,31.1,2.0,6.55,4.31,Apartment,5386000.0,3,6510000.0,20.87
1268.0,1.0,1.0,22.0,5.4,12.1,3.4,7.2,1.7,39.7,1.0,5.25,4.42,Apartment,2841000.0,1,2939000.0,3.45
1155.0,1.0,1.0,6.0,3.3,21.4,13.0,7.8,3.0,48.8,1.0,5.92,3.41,Independent House,1731000.0,1,1760000.0,1.68
898.0,1.0,2.0,,4.6,4.9,0.6,4.2,1.2,35.5,0.0,3.61,3.88,Apartment,2261000.0,3,2502000.0,10.66
1668.0,3.0,2.0,13.0,9.6,0.5,1.1,5.6,0.5,15.3,1.0,7.19,4.39,Apartment,10983000.0,2,12819000.0,16.72
917.0,2.0,1.0,7.0,8.0,13.1,3.1,9.0,3.2,33.7,1.0,6.33,5.02,Apartment,5233000.0,3,6109000.0,16.74
902.0,1.0,2.0,8.0,10.0,1.6,0.4,4.6,0.6,22.1,0.0,4.49,8.65,Apartment,4677000.0,4,5750000.0,22.94
2011.0,3.0,3.0,14.0,3.8,18.3,8.9,3.3,3.5,43.3,1.0,4.83,3.56,Independent House,3085000.0,3,3369000.0,9.21
975.0,1.0,1.0,21.0,3.4,15.1,7.7,,2.4,43.2,0.0,3.54,1.82,Apartment,1272000.0,1,1283000.0,0.86
2704.0,5.0,,10.0,3.8,15.2,10.6,,,39.6,2.0,5.11,1.9,Villa,7130000.0,4,7763000.0,8.88
1132.0,2.0,2.0,1.0,4.2,19.4,3.6,3.2,12.3,34.1,1.0,5.7,-0.59,Apartment,2723000.0,2,2939000.0,7.93
1024.0,3.0,2.0,6.0,4.4,16.5,7.9,7.8,3.6,32.4,1.0,4.72,2.14,Apartment,2512000.0,2,2700000.0,7.48
1212.0,3.0,4.0,7.0,4.9,18.6,1.8,2.2,2.2,35.0,1.0,5.15,5.0,Apartment,2976000.0,1,3071000.0,3.19
2035.0,5.0,5.0,13.0,5.5,6.5,5.1,4.4,2.6,29.6,1.0,4.19,4.83,Independent House,7193000.0,1,7458000.0,3.68
1135.0,2.0,2.0,16.0,8.8,13.7,9.8,6.3,,7.7,2.0,4.64,6.47,Apartment,4632000.0,2,5017000.0,8.31
1563.0,3.0,3.0,29.0,9.3,13.9,3.6,8.9,2.4,22.4,2.0,7.69,7.36,Apartment,8116000.0,1,8722000.0,7.47
1020.0,2.0,3.0,11.0,2.1,13.3,,5.0,2.7,,2.0,3.15,3.66,Independent House,2317000.0,5,2610000.0,12.65
945.0,2.0,2.0,21.0,5.5,13.1,0.3,3.6,7.6,26.6,1.0,6.88,5.33,Apartment,2647000.0,4,3164000.0,19.53
678.0,2.0,3.0,,4.3,12.3,3.5,2.8,2.6,31.3,2.0,6.32,2.87,Apartment,1704000.0,5,2018000.0,18.43
1128.0,2.0,2.0,17.0,7.1,10.2,9.7,3.5,8.3,27.9,0.0,7.77,3.3,Apartment,2696000.0,1,2831000.0,5.01
1634.0,2.0,1.0,4.0,6.7,16.0,4.5,5.0,3.5,37.6,1.0,6.45,4.62,Independent House,6451000.0,4,7965000.0,23.47
1581.0,3.0,2.0,,4.5,16.0,11.4,2.9,5.1,33.3,2.0,7.03,2.67,Apartment,3222000.0,3,3506000.0,8.81
866.0,2.0,2.0,4.0,7.2,18.2,1.6,9.8,3.5,43.2,1.0,4.01,5.77,Apartment,3522000.0,5,4458000.0,26.58
3857.0,6.0,5.0,17.0,3.0,5.9,4.4,4.9,0.7,39.3,2.0,5.96,2.51,Villa,13860000.0,4,16354000.0,17.99
2123.0,5.0,4.0,9.0,7.0,2.8,0.9,6.0,2.2,,1.0,3.77,3.24,Independent House,9269000.0,2,10131000.0,9.3
1136.0,,2.0,22.0,5.7,8.2,1.2,2.9,1.2,25.3,2.0,3.26,2.21,Apartment,3072000.0,1,3123000.0,1.66
775.0,2.0,,1.0,,11.5,3.3,7.0,1.2,26.9,2.0,3.47,1.92,Apartment,3324000.0,2,3504000.0,5.42
812.0,1.0,2.0,7.0,9.3,3.6,0.8,10.0,1.7,22.9,0.0,5.96,6.09,Apartment,5865000.0,3,7307000.0,24.59
1573.0,3.0,2.0,32.0,6.9,11.7,3.2,7.8,0.6,32.6,1.0,8.78,7.73,Apartment,5186000.0,2,5864000.0,13.07
1072.0,2.0,3.0,21.0,7.3,21.3,5.4,,3.2,10.9,1.0,6.43,4.18,Apartment,3891000.0,1,4103000.0,5.45
932.0,2.0,2.0,27.0,4.9,17.3,0.4,3.5,3.9,37.9,2.0,7.55,3.77,Apartment,2398000.0,4,2804000.0,16.93
623.0,1.0,1.0,4.0,8.2,,2.6,6.8,0.8,18.3,1.0,4.39,,Apartment,3190000.0,3,3765000.0,18.03
3514.0,6.0,4.0,15.0,7.6,8.0,5.4,6.0,2.2,9.8,2.0,5.83,3.01,Villa,23776000.0,1,24790000.0,4.26
819.0,2.0,2.0,26.0,5.3,10.9,6.3,4.7,1.7,40.7,1.0,4.45,4.06,Apartment,1693000.0,1,1746000.0,3.13
2077.0,4.0,4.0,2.0,7.7,10.7,1.4,6.4,1.0,15.4,4.0,5.32,4.39,Villa,15563000.0,5,20509000.0,31.78
3178.0,6.0,5.0,24.0,4.6,20.5,16.5,5.4,7.8,32.6,2.0,5.6,3.66,Independent House,5314000.0,5,6031000.0,13.49
1231.0,2.0,3.0,4.0,5.5,14.7,1.7,3.9,1.9,31.8,3.0,5.44,2.8,Independent House,4368000.0,1,4563000.0,4.46
575.0,1.0,1.0,13.0,6.9,9.1,3.0,4.8,1.3,30.1,0.0,5.21,0.28,Apartment,1838000.0,4,2085000.0,13.44
680.0,2.0,3.0,27.0,3.4,13.9,6.1,4.3,3.4,36.7,1.0,5.66,5.75,Apartment,1198000.0,1,1241000.0,3.59
3330.0,5.0,5.0,19.0,5.1,17.2,1.9,4.8,0.9,18.8,2.0,6.51,3.76,Villa,13432000.0,5,16325000.0,21.54
764.0,3.0,2.0,12.0,1.7,22.5,1.8,3.5,6.0,49.3,1.0,6.3,4.36,Apartment,1333000.0,3,1513000.0,13.5
2883.0,5.0,5.0,31.0,3.2,19.2,1.0,3.7,1.8,32.6,1.0,5.29,0.65,Independent House,5774000.0,2,6093000.0,5.52
973.0,2.0,1.0,24.0,7.6,0.5,1.2,6.1,1.3,28.6,1.0,6.44,3.62,Apartment,4439000.0,4,5456000.0,22.91
1734.0,4.0,3.0,28.0,4.7,15.6,4.1,,1.4,19.7,2.0,,4.95,Independent House,5208000.0,3,5970000.0,14.63
1532.0,3.0,3.0,5.0,6.9,14.9,5.4,7.0,3.7,21.5,0.0,6.57,5.2,Apartment,5766000.0,3,7012000.0,21.61
922.0,2.0,2.0,1.0,8.6,0.5,3.8,4.5,2.1,26.2,1.0,5.64,6.86,Apartment,3967000.0,3,4685000.0,18.1
1172.0,3.0,3.0,11.0,6.5,16.0,2.0,5.3,8.5,32.1,0.0,1.65,4.43,Apartment,2944000.0,2,3107000.0,5.54
834.0,2.0,2.0,9.0,4.4,20.4,4.7,,2.6,39.8,2.0,7.01,2.95,Apartment,1906000.0,3,2188000.0,14.8
575.0,1.0,1.0,36.0,4.4,11.1,6.5,4.9,3.5,39.2,0.0,6.42,1.68,Apartment,1088000.0,4,1291000.0,18.66
1370.0,2.0,2.0,10.0,10.0,1.4,2.0,7.2,1.5,22.7,1.0,6.65,7.26,Independent House,9614000.0,2,11088000.0,15.33
1074.0,2.0,2.0,9.0,5.5,11.9,5.2,5.1,0.7,24.9,1.0,3.77,4.08,Apartment,3478000.0,1,3611000.0,3.82
1494.0,3.0,3.0,41.0,4.6,8.1,0.9,6.6,2.7,35.2,2.0,5.41,5.97,Independent House,4173000.0,1,4282000.0,2.61
1493.0,2.0,2.0,3.0,6.0,6.3,1.1,4.9,1.0,31.1,1.0,6.43,7.27,Independent House,6181000.0,1,6589000.0,6.6
1348.0,2.0,3.0,12.0,6.5,10.6,5.2,5.0,1.5,16.0,2.0,6.81,5.97,Independent House,5024000.0,5,6599000.0,31.35
3342.0,6.0,,3.0,3.9,17.4,3.1,5.1,1.2,47.2,3.0,5.77,4.76,Villa,9891000.0,3,11542000.0,16.69
3342.0,6.0,4.0,17.0,10.0,2.7,1.5,8.6,3.3,20.8,3.0,5.59,6.23,Villa,36075000.0,5,49656000.0,37.65
1339.0,3.0,3.0,19.0,8.9,2.0,1.4,9.2,3.4,2.9,0.0,6.13,5.37,Apartment,8911000.0,5,12270000.0,37.69
3430.0,6.0,5.0,32.0,7.7,4.2,0.8,8.8,2.0,28.0,3.0,5.18,3.15,Villa,26257000.0,2,29421000.0,12.05
2198.0,4.0,3.0,10.0,4.9,6.5,1.8,5.3,6.2,51.2,3.0,8.13,5.75,Independent House,6136000.0,1,6524000.0,6.32
1046.0,3.0,3.0,,5.5,1.0,0.7,6.9,0.5,24.2,0.0,5.24,7.57,Apartment,3551000.0,5,4838000.0,36.24
1020.0,2.0,2.0,18.0,5.9,12.7,6.2,2.4,1.1,23.7,1.0,5.39,6.44,Apartment,2467000.0,1,2545000.0,3.16
1615.0,3.0,3.0,25.0,8.1,12.4,7.8,4.4,0.8,20.0,2.0,5.74,,Independent House,5431000.0,1,5684000.0,4.66
796.0,2.0,2.0,14.0,7.3,1.0,0.8,5.0,0.9,12.4,0.0,5.22,5.08,Apartment,3326000.0,3,3889000.0,16.93
760.0,1.0,2.0,26.0,10.0,11.8,1.3,3.8,1.0,,1.0,,7.25,Apartment,3054000.0,5,4214000.0,37.98
1873.0,3.0,3.0,7.0,2.9,14.7,6.7,3.3,1.0,31.0,2.0,5.44,1.85,Apartment,3675000.0,2,3889000.0,5.82
785.0,1.0,1.0,13.0,4.5,14.6,5.7,7.1,6.0,42.0,1.0,5.73,1.36,Apartment,1863000.0,1,1933000.0,3.76
954.0,1.0,1.0,16.0,6.9,13.9,1.5,6.6,2.7,23.0,1.0,6.58,5.32,Apartment,2959000.0,4,3637000.0,22.91
1656.0,2.0,2.0,,6.6,10.1,0.6,3.3,0.9,25.2,1.0,7.64,6.03,Apartment,6140000.0,2,6985000.0,13.76
2278.0,3.0,3.0,8.0,4.7,8.7,1.9,2.5,4.6,30.5,,4.74,,Villa,7527000.0,4,8092000.0,7.51
948.0,1.0,1.0,20.0,7.9,2.2,2.9,3.6,0.9,30.6,2.0,6.03,3.52,Apartment,3214000.0,5,4304000.0,33.91
1182.0,2.0,2.0,2.0,8.2,6.7,0.9,5.5,2.3,28.1,1.0,9.86,9.46,Apartment,5216000.0,2,6275000.0,20.3
1206.0,2.0,2.0,11.0,10.0,1.5,2.6,6.3,,33.4,1.0,7.58,6.34,Flat,6319000.0,4,8658000.0,37.02
1425.0,4.0,4.0,18.0,6.5,11.7,4.8,3.3,11.1,24.7,0.0,5.78,6.71,Apartment,4254000.0,4,5051000.0,18.74
1086.0,2.0,1.0,2.0,9.8,3.1,1.6,8.1,1.9,17.5,2.0,6.88,3.34,Apartment,9121000.0,5,12467000.0,36.68
2865.0,4.0,4.0,15.0,6.2,18.1,1.4,5.6,3.3,42.3,2.0,4.17,3.43,Independent House,9855000.0,3,10633000.0,7.89
1882.0,4.0,3.0,18.0,5.7,9.8,5.4,4.5,2.1,36.9,1.0,5.06,5.94,Independent House,4957000.0,5,6159000.0,24.25
962.0,2.0,3.0,8.0,6.1,9.2,1.1,6.9,2.8,33.3,0.0,6.27,5.69,Apartment,3725000.0,2,4036000.0,8.35
965.0,1.0,1.0,11.0,5.1,19.4,3.5,4.7,3.1,33.7,2.0,3.5,1.07,Apartment,2618000.0,4,2908000.0,11.08
798.0,2.0,2.0,6.0,3.4,15.4,12.1,4.4,7.1,38.9,2.0,6.34,3.17,Independent House,1618000.0,3,1752000.0,8.28
676.0,1.0,1.0,15.0,7.6,11.0,10.6,6.5,1.0,10.7,0.0,8.54,5.57,Apartment,2273000.0,2,2643000.0,16.28
628.0,1.0,1.0,7.0,5.7,12.2,1.3,4.8,3.4,36.9,1.0,3.02,1.46,Apartment,1783000.0,5,1989000.0,11.55
1463.0,3.0,,29.0,,14.3,1.2,4.7,2.8,10.5,0.0,3.71,1.48,Apartment,4211000.0,4,4642000.0,10.24
802.0,2.0,3.0,8.0,7.6,0.5,0.2,3.7,1.2,44.6,0.0,6.08,6.67,Apartment,3070000.0,5,3946000.0,28.53
982.0,1.0,1.0,12.0,6.0,14.8,6.1,2.4,1.8,34.0,0.0,6.08,2.76,Apartment,2222000.0,2,2442000.0,9.9
2146.0,3.0,3.0,12.0,3.6,17.1,10.5,3.9,3.5,50.4,0.0,5.49,2.6,Apartment,3134000.0,5,3617000.0,15.41
2659.0,5.0,3.0,11.0,6.3,18.6,10.6,2.8,8.3,24.4,2.0,5.77,2.55,Villa,7898000.0,4,9257000.0,17.21
999.0,2.0,2.0,27.0,5.6,17.7,7.7,,1.7,25.8,1.0,5.87,3.48,Apartment,1529000.0,1,1564000.0,2.29
3027.0,4.0,4.0,11.0,4.1,18.4,6.0,5.5,2.6,25.1,1.0,3.34,1.01,Independent House,7200000.0,4,8110000.0,12.64
1469.0,3.0,3.0,24.0,1.0,19.5,11.4,2.9,5.2,35.7,1.0,7.63,-0.71,Independent House,1919000.0,2,2041000.0,6.36
1850.0,4.0,3.0,10.0,6.7,17.6,7.0,8.3,1.8,35.7,1.0,6.93,4.93,Apartment,6083000.0,2,6762000.0,11.16
947.0,1.0,1.0,,6.0,10.1,4.6,6.5,4.2,24.8,2.0,5.88,4.47,Apartment,2897000.0,5,3910000.0,34.97
1603.0,3.0,3.0,20.0,3.1,19.0,2.7,7.1,5.4,29.2,1.0,5.91,2.98,Apartment,3436000.0,4,3841000.0,11.79
1103.0,2.0,2.0,11.0,6.2,0.7,1.5,6.8,1.6,37.4,1.0,5.56,2.93,Apartment,4100000.0,4,4978000.0,21.41
665.0,2.0,3.0,16.0,7.5,4.5,2.5,5.6,0.8,4.5,2.0,3.03,3.51,Apartment,2750000.0,4,3118000.0,13.38
2115.0,5.0,4.0,15.0,7.6,3.9,1.9,6.1,3.0,23.8,1.0,8.74,3.77,Independent House,12708000.0,2,14372000.0,13.09
2674.0,6.0,5.0,15.0,12.0,30.7,17.2,3.8,4.1,34.3,2.0,6.0,2.11,villa,3968000.0,1,4024000.0,1.41
2705.0,4.0,3.0,9.0,9.4,0.5,1.2,4.4,0.7,42.4,4.0,9.2,3.02,Villa,19386000.0,1,20988000.0,8.26
3063.0,5.0,4.0,31.0,4.8,8.9,3.9,4.4,2.3,34.5,4.0,4.41,2.52,Villa,10630000.0,2,11297000.0,6.27
1431.0,3.0,3.0,12.0,5.9,7.2,0.3,4.0,6.2,34.8,1.0,7.87,5.19,Apartment,4775000.0,3,5670000.0,18.74
1108.0,2.0,2.0,10.0,4.4,13.1,11.3,7.2,1.4,39.0,2.0,6.32,6.6,Apartment,2678000.0,5,3184000.0,18.89
1725.0,3.0,3.0,27.0,5.5,5.1,1.6,5.1,1.9,41.4,1.0,3.04,4.07,Independent House,4193000.0,4,4817000.0,14.88
2471.0,5.0,4.0,2.0,4.6,14.3,,4.4,1.7,33.3,3.0,5.93,4.12,Independent House,7096000.0,3,7907000.0,11.43
1041.0,4.0,3.0,6.0,9.2,3.1,0.6,6.7,1.9,31.2,1.0,6.88,5.59,Apartment,6492000.0,4,8540000.0,31.55
425.0,1.0,1.0,15.0,5.0,12.7,5.9,4.8,1.2,35.2,1.0,6.51,5.86,Apartment,967000.0,2,1049000.0,8.48
1752.0,4.0,4.0,2.0,5.5,11.5,4.3,5.5,2.9,32.9,0.0,6.08,2.97,Apartment,5489000.0,4,6597000.0,20.19
970.0,1.0,1.0,9.0,2.8,16.0,14.8,,3.6,50.8,1.0,5.1,3.67,Apartment,1141000.0,2,1177000.0,3.16
830.0,1.0,1.0,25.0,2.8,19.8,2.1,6.1,4.2,36.9,1.0,5.45,2.47,Apartment,1452000.0,4,1594000.0,9.78
3139.0,5.0,4.0,7.0,3.2,21.4,1.1,6.4,4.5,43.9,0.0,6.94,1.6,Apartment,5744000.0,5,7089000.0,23.42
934.0,2.0,2.0,31.0,6.3,3.7,1.1,6.1,1.3,25.9,2.0,5.44,3.95,Apartment,2903000.0,1,3044000.0,4.86
1585.0,3.0,2.0,10.0,4.4,16.9,11.0,,2.1,26.9,2.0,6.17,3.59,Independent House,3610000.0,1,3719000.0,3.02
1201.0,2.0,1.0,1.0,3.8,13.5,1.5,2.6,3.3,27.0,1.0,9.04,7.02,Apartment,3179000.0,1,3390000.0,6.64
1079.0,1.0,2.0,9.0,7.6,4.0,2.1,7.2,0.9,33.5,2.0,5.15,1.56,Apartment,5263000.0,4,6171000.0,17.25
824.0,1.0,2.0,17.0,6.4,5.4,,5.8,1.4,34.3,0.0,6.31,1.45,Apartment,2934000.0,1,3059000.0,4.26
1118.0,3.0,2.0,7.0,4.9,10.1,3.5,8.0,1.4,36.4,2.0,6.26,4.59,Apartment,3878000.0,5,4992000.0,28.73
1328.0,4.0,4.0,9.0,3.4,26.5,11.0,5.8,13.2,31.0,0.0,4.22,0.28,Apartment,1993000.0,3,2097000.0,5.22
2376.0,5.0,4.0,29.0,7.4,9.5,2.2,9.1,1.5,16.7,3.0,7.45,2.01,Independent House,12048000.0,2,13448000.0,11.62
3850.0,6.0,5.0,10.0,8.9,6.5,2.8,6.9,1.0,31.0,4.0,6.44,7.66,villa,33567000.0,4,42902000.0,27.81
1320.0,,2.0,7.0,7.6,2.0,2.3,5.3,0.8,39.4,0.0,8.12,4.3,Apartment,5416000.0,5,7210000.0,33.12
1270.0,1.0,1.0,17.0,4.2,20.0,5.3,5.0,1.0,38.7,1.0,5.5,2.9,Flat,2467000.0,5,2981000.0,20.84
1477.0,3.0,1.0,17.0,4.3,11.5,6.5,5.1,6.2,32.1,0.0,2.65,-0.19,Apartment,2837000.0,1,2866000.0,1.02
1550.0,2.0,2.0,15.0,7.7,2.9,2.6,6.3,1.9,18.5,1.0,6.38,5.36,Apartment,6926000.0,1,7367000.0,6.37
1296.0,3.0,3.0,8.0,4.1,13.2,4.2,4.8,5.2,39.4,1.0,5.19,3.3,Apartment,2666000.0,4,3111000.0,16.69
1091.0,2.0,2.0,3.0,9.1,12.1,4.0,3.8,1.7,18.0,2.0,6.25,6.22,Apartment,4517000.0,1,4806000.0,6.4
1737.0,0.0,4.0,10.0,4.3,16.5,6.7,2.2,3.9,37.2,2.0,4.77,-0.7,Independent House,4195000.0,4,4597000.0,9.58
1000.0,1.0,1.0,12.0,5.6,5.3,2.9,4.5,2.0,28.8,3.0,5.27,1.77,Independent House,3584000.0,2,3895000.0,8.68
4270.0,,5.0,19.0,2.6,23.3,9.0,7.5,2.9,37.5,2.0,6.68,5.75,Independent House,8508000.0,4,10185000.0,19.71
757.0,1.0,1.0,4.0,7.0,5.5,1.5,7.3,3.3,19.0,0.0,6.14,4.57,Apartment,3518000.0,2,4022000.0,14.33
2636.0,4.0,5.0,17.0,7.7,6.7,3.7,6.6,1.4,27.3,4.0,6.2,5.29,Villa,15939000.0,5,20639000.0,29.49
1208.0,2.0,3.0,8.0,4.1,18.1,2.3,4.2,7.8,41.7,0.0,4.62,2.31,Apartment,2865000.0,5,3346000.0,16.79
2254.0,5.0,5.0,7.0,7.1,6.2,1.7,7.4,0.9,20.0,3.0,7.22,5.8,Villa,18358000.0,3,21792000.0,18.71
1888.0,3.0,2.0,10.0,4.7,18.2,2.4,3.4,7.5,36.5,1.0,6.15,5.79,apartment,3933000.0,4,4860000.0,23.57
1963.0,4.0,4.0,19.0,6.8,10.9,4.8,5.5,1.0,24.3,3.0,5.18,2.41,Independent House,8095000.0,3,8915000.0,10.13
1898.0,3.0,3.0,22.0,10.0,0.5,0.7,6.5,1.6,28.2,3.0,10.0,6.03,Independent House,15648000.0,3,20372000.0,30.19
1027.0,2.0,2.0,7.0,3.7,18.4,3.0,8.4,3.6,40.8,1.0,5.66,4.33,Apartment,2610000.0,4,3168000.0,21.38
2631.0,4.0,4.0,15.0,3.8,13.9,3.3,6.0,2.5,37.1,3.0,5.1,1.61,Villa,9229000.0,3,10124000.0,9.7
1046.0,2.0,2.0,10.0,3.4,27.6,9.4,4.0,6.6,19.1,1.0,3.9,1.27,Apartment,1582000.0,5,1743000.0,10.18
1790.0,3.0,2.0,31.0,4.4,22.2,10.2,2.1,4.0,29.5,1.0,4.64,1.96,Independent House,2241000.0,4,2328000.0,3.88
958.0,2.0,2.0,3.0,5.8,17.7,1.9,3.9,8.9,21.6,2.0,4.63,5.71,Apt,2135000.0,4,2603000.0,21.92
1239.0,2.0,1.0,17.0,5.7,4.6,7.2,6.1,2.9,31.4,2.0,7.94,5.35,Apt,3691000.0,1,3927000.0,6.39
832.0,1.0,1.0,18.0,4.9,7.8,2.1,4.2,1.4,53.5,2.0,5.21,6.04,Apartment,1942000.0,2,2126000.0,9.47
925.0,2.0,2.0,9.0,5.7,12.6,5.2,6.7,3.6,37.7,0.0,6.03,6.69,Apartment,2510000.0,4,3142000.0,25.18
3503.0,6.0,5.0,5.0,4.0,13.0,4.9,2.4,2.2,30.1,4.0,6.67,3.19,Villa,12334000.0,5,15765000.0,27.82
1779.0,4.0,3.0,7.0,5.2,13.3,5.8,4.4,4.4,23.0,1.0,7.44,2.73,Independent House,6043000.0,1,6359000.0,5.23
804.0,1.0,1.0,6.0,4.0,14.4,3.0,4.1,7.3,37.7,2.0,4.58,-1.15,Apartment,1927000.0,2,1985000.0,3.01
3762.0,6.0,5.0,16.0,2.9,19.4,9.9,7.3,3.2,41.1,2.0,4.31,1.92,Villa,7429000.0,4,7962000.0,7.17
1493.0,4.0,4.0,24.0,3.2,19.1,1.4,3.3,2.2,37.2,,7.17,3.43,Apartment,2817000.0,2,3068000.0,8.91
994.0,1.0,1.0,21.0,9.7,1.0,1.2,6.6,2.8,38.1,2.0,7.27,7.36,Apartment,4945000.0,5,6864000.0,38.81
1199.0,4.0,4.0,16.0,6.7,16.3,3.3,5.0,4.1,30.4,2.0,7.68,,Independent House,4500000.0,4,5742000.0,27.6
2302.0,3.0,3.0,7.0,9.0,4.2,3.2,6.4,1.3,35.0,2.0,6.84,5.26,Independent House,13938000.0,4,18340000.0,31.58
2310.0,4.0,4.0,30.0,7.4,15.7,1.5,4.5,3.3,15.1,3.0,5.45,6.48,Independent House,8522000.0,3,9804000.0,15.04
1179.0,2.0,1.0,7.0,4.4,16.7,9.7,8.1,2.6,53.5,3.0,5.77,1.87,Independent House,2938000.0,5,3505000.0,19.3
2671.0,4.0,4.0,1.0,8.0,0.5,1.5,7.3,0.7,27.0,1.0,5.48,2.44,Independent House,19289000.0,4,22976000.0,19.11
964.0,3.0,2.0,36.0,9.7,0.5,1.9,5.1,1.7,,1.0,3.93,4.22,Apartment,4890000.0,2,5395000.0,10.33
1082.0,0.0,2.0,36.0,6.0,11.1,0.7,6.3,1.7,36.7,0.0,4.71,1.18,Apartment,2779000.0,3,2957000.0,6.41
975.0,0.0,1.0,6.0,9.1,10.0,3.2,10.0,4.8,,1.0,7.07,4.4,APARTMENT,32253000.0,2,36113000.0,11.97
1484.0,2.0,2.0,2.0,5.6,13.4,1.3,6.4,7.2,35.9,1.0,5.3,-0.37,Apartment,5050000.0,5,7126000.0,41.11
1526.0,3.0,3.0,9.0,8.7,6.9,1.0,5.7,1.2,24.2,2.0,5.96,5.31,Independent House,8689000.0,5,11470000.0,32.01
2158.0,4.0,4.0,23.0,7.6,10.5,,4.8,4.3,27.1,3.0,9.22,6.04,Independent House,7879000.0,3,9747000.0,23.71
1610.0,4.0,4.0,7.0,9.1,0.5,2.2,4.0,1.3,20.8,2.0,7.12,4.3,Independent House,7861000.0,3,9445000.0,20.15
1746.0,3.0,3.0,,12.0,0.5,3.0,6.6,1.0,28.9,0.0,7.47,6.34,Apartment,7871000.0,2,8960000.0,13.84
1043.0,2.0,1.0,10.0,8.6,13.4,3.8,8.5,2.0,23.2,1.0,5.72,5.35,Apartment,4777000.0,4,6164000.0,29.03
1128.0,3.0,3.0,3.0,4.2,15.7,6.0,3.2,5.4,29.8,,8.37,4.86,Apartment,2288000.0,4,2925000.0,27.84
1302.0,3.0,2.0,14.0,4.5,9.8,5.6,6.1,2.3,25.5,2.0,4.13,,Apartment,3314000.0,5,3614000.0,9.05
2982.0,6.0,5.0,16.0,4.7,6.9,4.7,5.0,2.1,31.5,2.0,6.11,4.26,Villa,12748000.0,3,14117000.0,10.74
1501.0,3.0,2.0,21.0,6.7,17.3,6.9,5.9,3.0,36.2,1.0,6.89,7.83,Independent House,3791000.0,2,4153000.0,9.55
1175.0,2.0,2.0,10.0,5.4,11.3,3.4,4.3,4.1,28.9,1.0,3.71,2.36,Independent House,3276000.0,4,3590000.0,9.58
965.0,2.0,4.0,9.0,2.4,22.4,11.9,5.4,2.4,37.8,1.0,7.0,-0.67,Apartment,1577000.0,1,1600000.0,1.46
3628.0,6.0,6.0,21.0,9.7,2.1,5.2,6.6,1.4,31.5,4.0,4.98,5.8,Villa,26487000.0,1,28246000.0,6.64
919.0,1.0,1.0,9.0,6.5,17.7,,6.0,3.1,23.3,2.0,5.52,2.54,INDEPENDENT HOUSE,3204000.0,1,3328000.0,3.87
1215.0,2.0,2.0,16.0,3.0,15.7,4.9,2.9,19.4,37.5,2.0,4.61,1.51,Apartment,1929000.0,4,2082000.0,7.93
1026.0,1.0,2.0,5.0,3.9,17.8,5.2,6.8,6.0,39.3,1.0,3.98,4.23,Apartment,1938000.0,2,2099000.0,8.31
1739.0,3.0,3.0,36.0,5.5,8.1,5.9,5.7,0.8,24.3,2.0,7.1,4.14,Independent House,4742000.0,4,5692000.0,20.03
1558.0,3.0,3.0,3.0,8.9,0.5,0.9,6.6,1.2,,2.0,5.46,5.12,Independent House,10446000.0,5,14276000.0,36.66
1169.0,,1.0,6.0,8.1,10.1,2.5,8.4,3.7,10.7,0.0,5.84,6.45,Apartment,6828000.0,2,7864000.0,15.17
1085.0,1.0,2.0,24.0,2.6,11.6,3.9,4.0,3.0,52.7,1.0,4.24,3.85,Apartment,1536000.0,5,1714000.0,11.59
811.0,1.0,2.0,26.0,9.5,1.0,0.9,6.5,0.6,34.7,1.0,7.73,4.7,Apartment,4197000.0,2,4833000.0,15.15
1029.0,1.0,1.0,15.0,4.8,16.6,2.6,5.1,4.0,44.0,2.0,6.1,-0.51,Apartment,2437000.0,1,2497000.0,2.46
942.0,2.0,1.0,23.0,4.9,16.3,1.8,6.6,11.0,23.3,2.0,5.84,3.95,Apartment,2491000.0,3,2798000.0,12.32
3034.0,5.0,4.0,8.0,5.6,16.3,11.8,5.8,4.9,33.9,2.0,6.57,4.35,Independent House,8047000.0,2,8662000.0,7.64
1644.0,3.0,2.0,29.0,7.9,7.1,3.2,5.8,1.5,32.9,1.0,4.49,7.95,Independent House,5795000.0,1,6043000.0,4.28
1537.0,2.0,2.0,4.0,5.4,9.4,3.0,4.1,1.2,18.4,1.0,6.68,2.83,Apartment,4643000.0,1,4910000.0,5.75
606.0,1.0,2.0,5.0,8.8,2.0,0.9,5.6,0.8,13.2,0.0,5.9,5.94,Apartment,3449000.0,5,5016000.0,45.43
3430.0,5.0,3.0,4.0,5.1,4.4,2.8,6.4,2.9,19.0,2.0,6.14,8.28,Villa,16829000.0,3,20069000.0,19.25
662.0,1.0,1.0,14.0,5.3,15.5,7.2,5.2,5.8,23.1,2.0,5.38,2.8,Apartment,1343000.0,1,1401000.0,4.32
1182.0,2.0,2.0,36.0,4.8,14.4,3.2,6.5,2.9,38.5,0.0,6.29,3.68,Apartment,2620000.0,1,2713000.0,3.55
914.0,2.0,3.0,2.0,7.4,4.0,1.0,5.3,3.0,36.3,1.0,7.95,6.08,Apartment,4133000.0,4,5484000.0,32.69
1263.0,3.0,3.0,12.0,5.4,13.2,2.8,6.6,3.6,37.4,0.0,5.56,3.35,Apartment,3562000.0,1,3729000.0,4.69
806.0,2.0,2.0,39.0,5.9,10.9,1.3,5.3,1.5,35.7,1.0,6.17,5.59,Flat,2016000.0,1,2147000.0,6.5
4882.0,6.0,5.0,15.0,7.3,0.5,1.0,4.5,1.1,28.6,3.0,7.0,3.25,Villa,28700000.0,4,35477000.0,23.61
635.0,2.0,2.0,8.0,6.7,6.9,6.0,4.2,1.6,27.0,0.0,6.22,5.34,Apartment,1850000.0,2,2049000.0,10.76
1927.0,3.0,3.0,3.0,7.8,9.1,7.7,7.2,3.5,31.6,3.0,7.27,9.88,Independent House,8062000.0,3,10188000.0,26.37
738.0,2.0,2.0,20.0,7.9,1.2,1.1,8.0,1.0,19.7,1.0,5.14,6.5,Apartment,3731000.0,4,4801000.0,28.68
1149.0,1.0,1.0,9.0,1.9,21.9,6.7,,4.1,53.0,1.0,4.44,1.02,Independent House,1568000.0,1,1602000.0,2.17
2960.0,6.0,5.0,31.0,5.5,17.4,5.2,4.0,7.1,37.9,1.0,4.63,2.72,Independent House,6525000.0,1,6648000.0,1.89
2827.0,5.0,4.0,7.0,8.4,7.2,1.8,6.6,1.2,18.1,2.0,5.14,1.92,Independent House,17348000.0,3,19185000.0,10.59
1183.0,2.0,2.0,17.0,3.6,20.7,2.4,6.2,7.2,25.9,1.0,5.08,5.51,Apartment,2184000.0,1,2293000.0,4.99
1273.0,2.0,1.0,4.0,3.6,20.4,2.4,5.7,,40.4,0.0,,3.73,Apartment,2674000.0,2,2888000.0,8.0
1032.0,2.0,3.0,3.0,6.0,16.4,10.4,5.7,9.6,33.2,1.0,7.07,4.93,Apartment,2539000.0,2,2737000.0,7.8
1248.0,2.0,2.0,3.0,1.3,18.6,0.8,3.6,3.4,31.9,1.0,4.29,3.53,Apartment,2385000.0,4,2693000.0,12.91
2361.0,4.0,3.0,17.0,3.9,18.6,3.4,3.9,2.7,23.6,3.0,6.42,2.15,Independent House,5190000.0,4,6121000.0,17.94
1919.0,4.0,4.0,7.0,3.8,12.0,3.6,3.4,,42.4,2.0,6.55,6.23,Independent House,4960000.0,1,5152000.0,3.87
1268.0,3.0,3.0,15.0,9.9,0.5,0.3,5.4,0.7,16.8,1.0,8.5,,Independent House,8726000.0,5,12538000.0,43.69
2881.0,6.0,5.0,14.0,2.4,18.1,8.5,5.7,0.6,37.9,3.0,4.56,2.75,Independent House,6430000.0,5,6651000.0,3.44
1543.0,3.0,3.0,33.0,8.4,10.0,7.3,6.6,4.5,25.0,1.0,5.1,7.43,Independent House,5851000.0,2,6361000.0,8.72
1045.0,1.0,1.0,20.0,8.1,1.0,1.0,7.9,0.8,21.8,2.0,6.55,6.29,Apartment,5714000.0,3,7144000.0,25.03
898.0,1.0,1.0,16.0,3.6,19.5,8.4,4.9,2.6,35.3,1.0,5.66,,Apartment,1541000.0,3,1680000.0,9.02
728.0,1.0,1.0,13.0,6.3,14.3,1.1,5.8,2.4,19.7,1.0,5.13,4.89,Apartment,2885000.0,5,3897000.0,35.08
863.0,2.0,1.0,30.0,7.1,12.2,1.3,6.8,2.7,14.2,1.0,4.43,3.43,Apartment,3181000.0,2,3461000.0,8.8
1343.0,3.0,3.0,,5.0,4.2,1.3,5.3,1.2,27.8,0.0,7.13,6.47,Apartment,5351000.0,4,6883000.0,28.63
1846.0,4.0,4.0,2.0,2.1,12.1,25.0,4.2,1.0,44.4,1.0,4.84,2.89,Independent House,2372000.0,4,2438000.0,2.78
2784.0,6.0,5.0,8.0,8.8,15.0,6.6,6.3,3.3,23.6,4.0,7.72,5.24,Villa,17744000.0,3,21867000.0,23.24
1250.0,3.0,3.0,10.0,6.7,14.7,4.7,9.1,1.9,29.1,1.0,6.57,3.03,Independent House,6383000.0,1,6740000.0,5.59
2071.0,4.0,,4.0,6.4,15.2,1.1,5.3,1.8,11.5,1.0,6.18,4.44,Independent House,9923000.0,1,10555000.0,6.37
822.0,1.0,2.0,8.0,7.6,4.9,1.0,7.0,3.1,25.8,0.0,6.86,6.19,Apartment,3764000.0,3,4693000.0,24.68
3466.0,6.0,5.0,11.0,5.3,17.2,7.0,5.1,4.2,36.5,4.0,5.11,3.21,Villa,10605000.0,4,12008000.0,13.23
835.0,2.0,2.0,9.0,3.1,18.0,1.8,6.0,1.7,33.4,0.0,7.32,3.32,Apt,1767000.0,3,2027000.0,14.71
1469.0,3.0,2.0,7.0,6.0,14.5,1.6,3.0,4.2,25.3,2.0,6.04,3.91,Independent House,5213000.0,4,6462000.0,23.96
1177.0,2.0,2.0,5.0,7.7,2.1,0.6,5.6,1.0,21.8,3.0,7.44,5.48,Independent House,6960000.0,5,9997000.0,43.64
2022.0,4.0,3.0,10.0,6.0,3.8,5.0,6.9,1.6,29.7,2.0,7.81,2.49,Independent House,8425000.0,1,8887000.0,5.48
1187.0,2.0,2.0,0.0,7.4,1.8,0.7,3.9,2.2,,1.0,6.56,5.51,apartment,4523000.0,4,5708000.0,26.2
1158.0,1.0,2.0,9.0,7.3,8.7,14.4,6.5,1.5,41.1,1.0,,4.83,Apartment,2732000.0,4,3384000.0,23.87
2755.0,6.0,5.0,15.0,2.1,11.5,2.8,5.0,2.1,53.8,4.0,5.44,1.54,Villa,8159000.0,3,8915000.0,9.27
1849.0,4.0,4.0,24.0,7.9,6.7,1.5,4.4,1.1,12.0,1.0,7.19,5.75,Independent House,8413000.0,5,11366000.0,35.1
1468.0,3.0,3.0,4.0,7.4,2.4,0.7,7.8,0.9,36.1,0.0,3.64,1.87,Apartment,7177000.0,4,8071000.0,12.46
444.0,1.0,2.0,42.0,1.3,8.3,6.7,6.5,1.5,46.0,2.0,5.26,4.81,Apartment,617000.0,4,655000.0,6.16
846.0,1.0,2.0,7.0,4.0,19.3,15.6,4.8,3.0,23.4,2.0,6.66,0.58,Apartment,1385000.0,4,1584000.0,14.37
1105.0,2.0,2.0,7.0,4.2,19.8,5.0,5.0,0.9,52.3,2.0,4.28,3.15,Apartment,2134000.0,2,2264000.0,6.09
1625.0,4.0,3.0,3.0,4.9,9.1,2.1,6.7,2.3,42.7,2.0,3.62,1.88,Independent House,5675000.0,1,5861000.0,3.28
3447.0,6.0,5.0,6.0,6.5,8.0,0.2,4.6,4.8,18.9,3.0,7.92,8.06,VILLA,24486000.0,2,28302000.0,15.58
428.0,1.0,1.0,8.0,7.0,14.2,11.7,9.0,1.1,12.6,0.0,5.1,6.45,Apartment,2053000.0,2,2271000.0,10.62
1217.0,1.0,1.0,12.0,3.9,27.0,4.1,3.9,6.3,31.9,1.0,6.47,8.29,Apartment,2285000.0,1,2402000.0,5.12
1121.0,1.0,1.0,,7.3,6.8,2.4,3.1,0.4,36.1,2.0,7.99,5.0,Apartment,4101000.0,3,4813000.0,17.36
978.0,1.0,1.0,3.0,8.3,0.5,1.2,4.6,1.9,28.9,2.0,6.54,1.13,Apartment,5127000.0,5,6835000.0,33.31
832.0,1.0,1.0,12.0,6.1,8.0,0.5,6.1,2.1,26.1,1.0,5.09,2.86,Apartment,3119000.0,3,3610000.0,15.74
1110.0,2.0,2.0,32.0,7.1,5.2,4.3,8.1,3.1,15.3,2.0,5.98,3.7,apartment,4286000.0,3,4855000.0,13.28
3204.0,6.0,5.0,37.0,5.8,14.1,3.6,4.1,1.3,21.5,3.0,3.83,3.44,Villa,13324000.0,3,14430000.0,8.3
1051.0,2.0,2.0,0.0,4.2,18.0,0.8,4.7,1.5,19.7,1.0,7.41,6.94,Apartment,2914000.0,3,3518000.0,20.73
4352.0,6.0,5.0,6.0,6.5,9.7,0.9,3.1,2.6,25.4,3.0,6.32,2.36,Villa,23904000.0,4,29440000.0,23.16
1884.0,4.0,,,1.9,20.2,15.4,3.8,8.8,42.6,1.0,4.59,-1.76,Independent House,2461000.0,3,2465000.0,0.16
3611.0,6.0,5.0,6.0,5.3,6.1,1.5,4.1,1.3,43.8,2.0,6.03,4.45,Villa,14742000.0,3,16243000.0,10.18
3190.0,5.0,4.0,13.0,6.0,12.3,5.5,,4.7,37.0,1.0,2.92,1.72,Independent House,10155000.0,4,11053000.0,8.84
1763.0,3.0,3.0,13.0,5.8,13.8,5.2,6.2,4.8,27.4,1.0,5.07,1.97,Apartment,5350000.0,5,6355000.0,18.79
1305.0,2.0,2.0,10.0,4.9,22.4,7.2,4.4,2.0,30.3,2.0,5.95,3.53,Apartment,2698000.0,4,3035000.0,12.49
1827.0,3.0,2.0,,6.8,7.1,1.8,5.4,4.9,14.3,0.0,7.27,5.83,Apartment,5653000.0,5,7444000.0,31.68
1142.0,3.0,3.0,8.0,6.3,12.9,6.7,3.5,2.8,31.5,0.0,6.1,3.19,Apt,2776000.0,2,2934000.0,5.69
1039.0,2.0,2.0,13.0,5.9,15.7,15.8,3.2,12.5,13.9,2.0,8.21,5.56,Apartment,2113000.0,5,2850000.0,34.88
1820.0,4.0,4.0,31.0,8.2,10.2,2.7,5.4,1.2,33.0,2.0,5.11,5.78,Independent House,6304000.0,3,7380000.0,17.07
725.0,2.0,2.0,6.0,7.1,1.7,1.3,7.3,0.7,28.2,1.0,8.11,9.1,Apartment,3739000.0,3,4773000.0,27.65
2449.0,5.0,5.0,38.0,4.4,13.3,3.4,4.8,3.3,38.9,2.0,8.0,4.64,Apartment,5447000.0,4,6732000.0,23.59
1402.0,2.0,2.0,8.0,4.3,21.2,13.0,,5.0,,1.0,,2.29,Apartment,2809000.0,2,2977000.0,5.98
1021.0,2.0,2.0,22.0,8.4,2.7,0.4,6.7,1.3,25.7,2.0,6.49,4.98,Apartment,5438000.0,5,7203000.0,32.46
1663.0,4.0,3.0,18.0,7.5,11.5,7.1,5.2,2.1,42.6,2.0,6.6,5.14,Apartment,5428000.0,4,6580000.0,21.22
559.0,1.0,1.0,24.0,8.9,2.2,1.4,6.4,2.5,23.9,2.0,8.31,5.54,Apartment,2616000.0,3,3412000.0,30.43
1422.0,4.0,3.0,6.0,10.0,0.5,0.6,7.3,0.5,29.3,0.0,6.36,8.86,Apartment,10958000.0,1,11884000.0,8.45
1013.0,2.0,2.0,15.0,8.2,10.1,,4.4,0.8,26.2,1.0,4.58,1.33,Apartment,3322000.0,1,3448000.0,3.79
755.0,2.0,2.0,13.0,5.8,6.5,0.3,7.5,2.5,27.3,2.0,2.79,,Apartment,2895000.0,5,3844000.0,32.78
830.0,1.0,1.0,5.0,3.9,8.0,2.0,4.3,1.9,35.6,1.0,3.58,2.48,Independent House,2163000.0,5,2607000.0,20.53
1985.0,3.0,3.0,30.0,8.0,2.6,0.3,3.3,0.9,31.3,1.0,9.43,5.72,Apartment,8018000.0,1,8551000.0,6.65
2150.0,4.0,4.0,23.0,2.9,15.5,1.9,4.4,4.1,45.7,1.0,6.26,0.48,Independent House,4333000.0,2,4523000.0,4.38
3869.0,6.0,5.0,,6.9,12.7,6.9,7.5,5.7,35.1,2.0,4.82,0.84,Villa,18637000.0,5,21130000.0,13.38
1268.0,2.0,2.0,9.0,5.9,16.0,19.5,4.2,3.7,33.2,2.0,4.64,1.1,Apartment,2350000.0,4,2405000.0,2.34
1064.0,2.0,2.0,4.0,,17.7,4.8,7.0,5.3,49.1,1.0,5.61,4.5,Apartment,2696000.0,2,2907000.0,7.83
1963.0,3.0,3.0,11.0,9.0,4.9,2.3,5.5,1.8,24.1,3.0,5.82,4.93,Independent House,11054000.0,4,14356000.0,29.87
3683.0,6.0,5.0,6.0,7.0,4.5,0.8,4.2,3.2,23.4,4.0,4.64,0.47,Villa,21601000.0,3,24196000.0,12.01
2663.0,4.0,3.0,15.0,7.5,15.5,3.4,5.5,2.5,23.1,3.0,7.4,4.59,Independent House,10964000.0,2,12499000.0,14.0
729.0,1.0,1.0,14.0,2.5,14.3,7.9,5.7,5.1,25.8,0.0,4.73,1.32,Apartment,1067000.0,3,1137000.0,6.56
623.0,2.0,1.0,15.0,4.8,8.0,2.0,3.1,2.1,27.8,0.0,7.22,2.55,Apartment,1586000.0,2,1754000.0,10.59
3621.0,6.0,5.0,8.0,10.0,0.5,0.2,6.6,1.2,16.1,2.0,6.2,3.68,Villa,38304000.0,1,41050000.0,7.17
1657.0,3.0,3.0,33.0,3.8,14.3,8.4,1.0,5.7,30.4,2.0,6.14,3.86,INDEPENDENT HOUSE,2947000.0,3,3250000.0,10.28
1851.0,4.0,5.0,17.0,9.2,0.5,1.2,,1.3,31.0,2.0,6.48,3.25,Apartment,11472000.0,4,14529000.0,26.65
2979.0,6.0,6.0,4.0,2.2,18.8,8.3,4.0,1.5,48.9,3.0,4.07,-0.74,Villa,7186000.0,4,7443000.0,3.58
1349.0,3.0,2.0,17.0,5.5,6.7,2.3,4.1,2.9,29.0,0.0,5.46,3.14,Apartment,3547000.0,3,3907000.0,10.15
1423.0,4.0,4.0,4.0,3.2,7.9,6.2,3.6,0.9,42.0,2.0,3.15,4.88,Independent House,4062000.0,1,4145000.0,2.04
1368.0,4.0,4.0,7.0,4.8,15.6,3.2,3.7,1.5,40.4,3.0,5.92,3.14,Independent House,4444000.0,4,5058000.0,13.82
1109.0,2.0,2.0,17.0,6.4,17.9,3.4,6.6,2.9,29.6,2.0,6.12,3.01,Apartment,3473000.0,4,3964000.0,14.14
10023.0,3.0,2.0,14.0,5.4,15.6,6.6,6.9,4.2,17.4,3.0,6.15,4.31,Independent House,5909000.0,3,6728000.0,13.86
935.0,1.0,2.0,27.0,4.2,8.0,4.3,3.9,1.1,30.0,1.0,6.3,4.19,Apartment,1883000.0,3,2141000.0,13.7
1203.0,1.0,1.0,20.0,10.0,11.7,2.9,5.8,3.7,13.1,0.0,7.57,9.41,Apartment,6524000.0,4,8950000.0,37.19
977.0,1.0,1.0,14.0,7.4,20.2,4.2,4.3,3.4,28.1,2.0,7.38,9.36,Apartment,2996000.0,4,3852000.0,28.57
1410.0,3.0,3.0,12.0,6.7,16.7,0.7,,7.6,34.6,0.0,8.49,4.19,Apartment,4356000.0,3,5311000.0,21.92
1944.0,4.0,4.0,10.0,6.3,5.9,3.5,8.2,3.8,32.5,1.0,6.61,5.37,Apartment,7647000.0,5,10739000.0,40.43
1541.0,3.0,4.0,16.0,6.3,7.7,1.3,4.9,1.3,40.6,3.0,5.23,5.23,Independent House,5912000.0,3,6777000.0,14.63
1515.0,3.0,3.0,22.0,6.6,19.5,2.5,7.2,6.4,35.3,2.0,6.99,1.98,Apartment,5424000.0,4,6275000.0,15.69
1369.0,3.0,3.0,21.0,7.0,6.8,2.1,7.4,6.7,22.3,2.0,5.63,5.54,Apartment,5125000.0,5,7049000.0,37.54
908.0,1.0,2.0,6.0,5.3,13.5,2.2,4.9,2.2,51.2,1.0,4.46,4.03,Apartment,2330000.0,4,2579000.0,10.69
1139.0,2.0,2.0,12.0,6.5,18.2,9.5,7.2,1.7,23.1,2.0,6.99,6.76,Apartment,3823000.0,3,4596000.0,20.22
1039.0,2.0,2.0,25.0,4.4,12.4,0.8,5.3,3.4,41.1,1.0,7.68,4.27,Apartment,2501000.0,5,3152000.0,26.03
1703.0,4.0,4.0,11.0,5.3,18.3,3.5,5.8,2.6,19.1,2.0,5.16,1.16,Independent House,4981000.0,1,5111000.0,2.61
2158.0,4.0,3.0,9.0,5.8,17.1,2.3,8.2,1.7,20.4,3.0,4.99,3.88,Independent House,9631000.0,3,10991000.0,14.12
606.0,2.0,1.0,37.0,4.3,14.6,5.2,4.8,3.1,37.1,2.0,6.31,3.15,Apartment,1148000.0,3,1211000.0,5.49
1044.0,2.0,3.0,9.0,1.0,16.9,3.7,5.7,1.3,54.7,0.0,4.07,1.7,,1570000.0,3,1707000.0,8.73
1627.0,3.0,3.0,20.0,3.3,21.2,3.7,6.3,2.9,43.2,3.0,5.14,2.14,Independent House,3042000.0,4,3333000.0,9.57
1559.0,3.0,2.0,9.0,4.9,18.3,5.6,6.0,4.6,35.8,2.0,3.34,4.5,Independent House,3803000.0,4,4306000.0,13.23
1452.0,3.0,3.0,10.0,2.2,12.1,5.8,2.3,3.5,34.3,2.0,5.63,4.9,Independent House,2771000.0,3,3102000.0,11.95
1357.0,1.0,1.0,7.0,6.4,13.4,2.9,6.6,5.6,37.8,0.0,6.79,4.06,Apartment,3543000.0,2,3981000.0,12.36
894.0,1.0,1.0,11.0,6.0,4.3,1.8,8.5,1.2,19.3,1.0,6.01,2.66,Apartment,3942000.0,3,4624000.0,17.3
3155.0,5.0,4.0,20.0,8.3,12.0,6.6,5.0,3.2,30.3,2.0,5.37,1.95,Villa,14910000.0,5,17549000.0,17.7
1038.0,1.0,2.0,26.0,4.4,10.7,6.9,4.8,2.9,36.5,2.0,3.15,1.0,Apartment,1930000.0,1,1930000.0,0.0
1062.0,3.0,,7.0,3.1,13.4,10.9,6.1,1.3,38.5,3.0,5.5,4.67,Independent House,2431000.0,4,2767000.0,13.82
1813.0,4.0,3.0,20.0,4.7,8.2,2.7,4.7,1.7,31.1,1.0,3.56,5.98,Independent House,4527000.0,2,4754000.0,5.01
4311.0,6.0,4.0,12.0,5.5,24.1,9.1,8.9,7.2,24.4,3.0,5.27,1.84,Independent House,14616000.0,3,15996000.0,9.44
1087.0,2.0,2.0,4.0,4.0,15.1,4.0,6.8,2.7,30.9,2.0,5.65,3.78,Apartment,2764000.0,2,2982000.0,7.89
1230.0,3.0,3.0,12.0,6.0,17.7,9.2,3.9,6.0,27.3,2.0,7.15,3.27,Apartment,3071000.0,4,3699000.0,20.45
974.0,1.0,1.0,12.0,9.5,9.4,5.6,7.7,1.9,8.6,2.0,5.94,5.0,Apartment,5422000.0,3,6559000.0,20.97
1457.0,3.0,3.0,12.0,8.2,4.1,0.5,8.5,0.7,7.9,0.0,7.56,5.37,Apartment,9871000.0,4,13151000.0,33.23
1131.0,3.0,3.0,12.0,7.0,3.9,6.4,4.3,0.8,12.7,2.0,5.87,6.5,Apartment,4881000.0,5,6538000.0,33.95
1972.0,3.0,3.0,3.0,6.9,8.3,1.9,4.8,2.8,38.9,1.0,5.29,3.71,Independent House,7953000.0,1,8296000.0,4.31
3634.0,6.0,5.0,11.0,7.2,0.5,0.9,5.2,1.3,19.7,2.0,6.12,5.34,Villa,30921000.0,2,34592000.0,11.87
1711.0,4.0,3.0,14.0,9.3,0.5,0.6,6.8,1.7,25.1,2.0,5.31,4.31,Independent House,12064000.0,2,13206000.0,9.47
786.0,1.0,1.0,6.0,7.7,10.4,5.8,6.2,3.1,25.2,2.0,5.9,4.61,Apartment,3184000.0,1,3361000.0,5.56
2831.0,4.0,4.0,9.0,6.4,3.6,3.7,6.5,4.2,43.4,1.0,6.28,6.71,Independent House,11949000.0,2,13394000.0,12.09
1740.0,3.0,3.0,28.0,3.6,26.5,5.4,4.8,2.1,38.8,2.0,,3.22,Apartment,2707000.0,3,2790000.0,3.07
1153.0,2.0,2.0,10.0,6.2,13.4,2.4,4.1,4.2,38.5,0.0,5.33,4.72,Apartment,3223000.0,4,3575000.0,10.92
4242.0,6.0,5.0,3.0,8.0,8.8,1.7,4.5,1.5,31.8,3.0,6.54,6.64,Villa,25625000.0,4,33339000.0,30.1
1779.0,3.0,3.0,12.0,9.5,4.9,3.5,6.9,1.9,28.0,3.0,6.65,4.84,Independent House,10499000.0,5,14704000.0,40.05
1061.0,2.0,2.0,24.0,8.1,13.8,12.3,4.2,4.8,,3.0,5.02,2.13,Independent House,2802000.0,5,3170000.0,13.13
1427.0,2.0,3.0,17.0,5.6,5.7,1.1,7.3,2.5,42.9,0.0,6.85,2.45,Apartment,4774000.0,4,6088000.0,27.52
1974.0,4.0,4.0,24.0,10.0,1.8,2.1,8.7,2.1,2.3,2.0,7.3,6.17,Independent House,16979000.0,3,21191000.0,24.81
2814.0,5.0,4.0,15.0,4.5,12.3,3.1,4.9,0.8,16.2,3.0,6.38,-1.47,Villa,11565000.0,1,12051000.0,4.2
1147.0,3.0,3.0,15.0,6.3,9.6,5.1,8.2,1.8,27.0,1.0,4.41,3.33,Apartment,3809000.0,1,3937000.0,3.36
1097.0,2.0,4.0,18.0,6.5,11.4,5.3,4.8,2.7,26.7,1.0,7.27,4.88,Apartment,3030000.0,5,3732000.0,23.17
2055.0,4.0,3.0,16.0,5.7,12.1,1.8,3.3,,20.3,1.0,5.58,2.44,Independent House,6306000.0,5,7666000.0,21.57
1519.0,4.0,3.0,6.0,4.5,16.4,3.4,3.7,4.6,50.7,1.0,6.27,3.29,Apartment,3582000.0,2,3818000.0,6.59
1629.0,3.0,2.0,11.0,4.1,17.1,2.7,4.2,2.5,52.0,2.0,,3.57,Independent House,3950000.0,5,4836000.0,22.43
1628.0,3.0,3.0,14.0,3.4,20.9,7.9,3.7,1.7,64.6,2.0,5.89,6.28,Independent House,2488000.0,5,2929000.0,17.73
940.0,3.0,2.0,28.0,3.6,9.9,4.8,3.0,2.1,39.8,1.0,4.92,4.03,Apartment,1627000.0,3,1758000.0,8.05
1083.0,1.0,2.0,19.0,4.1,14.5,8.1,4.4,7.1,28.7,1.0,5.8,4.48,Apartment,1847000.0,3,2120000.0,14.78
1454.0,3.0,2.0,6.0,3.0,20.8,5.3,6.3,2.9,40.5,1.0,5.79,3.74,Independent House,3158000.0,2,3406000.0,7.85
1231.0,2.0,1.0,19.0,7.6,10.4,3.6,2.7,1.2,34.3,1.0,6.72,6.14,Apartment,3001000.0,5,3593000.0,19.73
1148.0,2.0,3.0,5.0,5.7,11.3,5.7,4.4,0.8,29.7,0.0,3.98,3.86,Apartment,3317000.0,4,3973000.0,19.78
828.0,2.0,2.0,13.0,7.7,1.4,0.4,3.2,3.8,17.1,2.0,6.38,3.18,Apartment,3415000.0,2,3772000.0,10.45
1238.0,2.0,1.0,11.0,3.9,16.5,15.0,,3.4,40.9,0.0,4.58,2.37,Apartment,1886000.0,4,2045000.0,8.43
2815.0,0.0,4.0,10.0,7.5,16.7,2.1,6.2,2.8,39.6,4.0,5.58,3.62,Villa,13547000.0,5,16955000.0,25.16
980.0,2.0,2.0,6.0,9.0,0.5,1.2,5.6,0.9,8.5,0.0,5.48,6.01,Apartment,5719000.0,5,7327000.0,28.12
1009.0,3.0,2.0,15.0,5.5,8.3,0.9,5.0,3.0,28.2,2.0,4.23,3.05,Apartment,4374000.0,4,4951000.0,13.19
1093.0,2.0,2.0,8.0,5.9,12.7,18.7,5.9,2.2,37.7,0.0,5.86,1.71,Apartment,2052000.0,1,2095000.0,2.1
2008.0,3.0,2.0,30.0,10.0,6.1,4.3,3.9,5.4,24.8,3.0,7.01,7.41,Independent House,8747000.0,5,11316000.0,29.37
2342.0,5.0,4.0,16.0,5.9,12.1,6.8,4.0,0.6,27.1,2.0,7.02,4.87,INDEPENDENT HOUSE,7980000.0,3,9199000.0,15.28
2161.0,5.0,5.0,8.0,9.6,12.4,1.9,6.2,4.9,38.4,1.0,5.74,3.29,Independent House,10343000.0,4,12533000.0,21.17
2200.0,5.0,4.0,20.0,6.7,3.4,2.6,8.3,1.0,19.9,3.0,8.6,3.35,Independent House,11985000.0,5,16672000.0,39.11
2501.0,4.0,4.0,8.0,7.2,9.1,,6.9,2.6,26.2,3.0,7.96,5.75,,16279000.0,1,17635000.0,8.33
1169.0,1.0,2.0,12.0,8.1,2.9,2.0,3.7,2.0,10.1,2.0,8.48,4.72,Apartment,5392000.0,2,6235000.0,15.63
942.0,2.0,2.0,7.0,4.6,3.4,2.7,6.8,1.3,,2.0,4.37,5.48,Apartment,3226000.0,5,4042000.0,25.29
1155.0,2.0,2.0,6.0,6.4,11.7,3.5,6.1,2.5,32.3,1.0,6.01,5.53,Apartment,4023000.0,5,5242000.0,30.3
2273.0,5.0,4.0,36.0,,12.3,3.2,3.6,4.6,32.1,3.0,5.15,3.09,Independent House,5773000.0,4,6687000.0,15.83
923.0,1.0,1.0,,8.1,11.2,0.5,8.0,2.9,16.6,2.0,5.37,1.57,Apartment,4665000.0,1,4912000.0,5.29
1988.0,4.0,4.0,7.0,4.7,8.4,3.4,4.2,1.1,42.7,1.0,7.39,0.48,Independent House,5593000.0,2,6008000.0,7.42
1018.0,2.0,3.0,12.0,4.8,22.1,7.0,4.5,2.6,41.6,2.0,5.59,,Apartment,2055000.0,2,2171000.0,5.64
1519.0,3.0,3.0,24.0,4.3,22.8,0.8,3.6,2.6,27.7,0.0,6.05,7.94,Apartment,2975000.0,3,3417000.0,14.86
2003.0,5.0,4.0,4.0,7.5,15.2,5.5,,4.4,12.3,2.0,5.19,2.54,Independent House,9265000.0,1,9667000.0,4.34
1711.0,4.0,4.0,2.0,7.6,11.0,1.9,6.6,1.7,41.3,3.0,5.32,5.39,Independent House,10287000.0,1,10821000.0,5.19
1413.0,3.0,3.0,4.0,5.1,15.2,10.5,5.8,2.9,36.1,2.0,5.64,4.02,Apartment,3293000.0,2,3538000.0,7.44
2303.0,5.0,5.0,22.0,5.0,19.9,4.2,5.8,7.1,56.3,1.0,7.11,4.36,Independent House,5224000.0,4,5969000.0,14.26
2543.0,5.0,4.0,9.0,7.3,4.8,0.5,6.2,1.3,42.8,2.0,7.45,3.81,Independent House,12822000.0,2,14642000.0,14.19
2539.0,3.0,3.0,2.0,9.4,0.5,1.1,6.4,0.7,20.1,3.0,7.54,3.68,Independent House,20316000.0,5,27902000.0,37.34
833.0,1.0,1.0,37.0,6.5,12.3,2.5,5.0,3.9,37.4,0.0,3.66,1.13,Apartment,1972000.0,5,2212000.0,12.17
1455.0,3.0,2.0,8.0,6.9,15.8,1.6,3.8,1.4,32.4,3.0,6.3,3.24,Independent House,5220000.0,4,6404000.0,22.68
1779.0,4.0,4.0,32.0,3.7,16.2,,5.5,3.3,25.7,2.0,5.76,2.96,Independent House,3449000.0,2,3632000.0,5.31
1011.0,3.0,3.0,3.0,5.1,16.9,10.5,4.3,1.0,33.7,0.0,6.8,6.56,Apartment,2232000.0,2,2527000.0,13.22
577.0,2.0,2.0,12.0,7.7,14.3,11.2,3.9,1.0,,0.0,5.6,4.01,Apartment,1563000.0,4,1855000.0,18.68
1287.0,2.0,2.0,5.0,7.2,8.9,1.4,5.3,2.8,22.8,2.0,6.32,2.88,Apartment,5195000.0,2,5780000.0,11.26
1735.0,4.0,4.0,15.0,7.3,12.3,6.0,5.1,4.8,28.0,0.0,7.33,8.63,Apartment,5974000.0,3,7221000.0,20.87
1760.0,3.0,3.0,20.0,7.5,14.8,3.1,2.9,2.2,21.5,2.0,6.23,7.52,Independent House,5755000.0,3,6716000.0,16.7
1175.0,2.0,2.0,10.0,4.4,16.2,2.0,2.7,7.3,24.3,,5.86,3.46,Apartment,2775000.0,5,3405000.0,22.7
897.0,2.0,2.0,9.0,7.9,0.5,0.6,7.1,0.7,38.1,1.0,6.27,5.6,Apartment,5105000.0,1,5422000.0,6.21
1251.0,3.0,3.0,4.0,1.0,18.3,12.9,1.9,5.2,28.5,0.0,3.85,1.64,Apartment,1536000.0,3,1587000.0,3.32
528.0,1.0,2.0,6.0,5.1,24.8,1.8,6.3,4.5,,1.0,6.19,4.29,Apartment,1542000.0,5,2031000.0,31.71
1248.0,2.0,2.0,12.0,3.6,16.0,4.2,5.1,7.8,7.8,1.0,4.61,1.59,Apartment,2735000.0,3,2969000.0,8.56
1704.0,2.0,1.0,3.0,1.3,,6.2,3.5,9.8,46.8,2.0,3.92,-1.52,Apartment,2246000.0,1,2278000.0,1.42
1978.0,3.0,3.0,4.0,4.9,17.2,5.7,7.8,8.9,,2.0,6.39,5.18,Independent House,6311000.0,3,7432000.0,17.76
680.0,2.0,3.0,12.0,6.7,3.7,4.8,4.3,1.6,34.3,0.0,6.07,5.37,Apartment,2126000.0,3,2467000.0,16.04
695.0,1.0,1.0,3.0,5.5,10.6,2.3,7.0,0.8,26.7,2.0,7.54,1.43,APARTMENT,2648000.0,2,2938000.0,10.95
1684.0,3.0,3.0,15.0,9.2,0.5,0.6,6.6,2.8,27.1,0.0,6.54,8.39,Apartment,7529000.0,4,10069000.0,33.74
1150.0,2.0,2.0,23.0,3.3,14.2,3.7,,3.5,,0.0,6.39,0.46,Apartment,2236000.0,5,2472000.0,10.55
1131.0,,2.0,7.0,5.8,18.1,,6.5,2.1,17.9,2.0,7.9,3.44,Apartment,3029000.0,4,3744000.0,23.61
2869.0,6.0,5.0,17.0,6.8,4.6,2.8,6.2,0.5,27.2,3.0,3.16,0.51,Villa,15980000.0,1,16321000.0,2.13
5083.0,6.0,5.0,4.0,5.1,14.8,2.5,4.4,2.2,24.4,4.0,7.3,1.47,Villa,23015000.0,5,29175000.0,26.77
1091.0,1.0,2.0,15.0,7.5,15.4,5.6,,3.6,35.2,0.0,6.01,2.79,Apartment,2704000.0,1,2787000.0,3.07
1248.0,3.0,3.0,7.0,8.9,5.7,5.4,9.1,1.5,16.8,2.0,5.35,3.05,Apartment,8637000.0,1,9008000.0,4.3
1217.0,3.0,2.0,4.0,3.4,8.2,5.0,8.8,3.3,34.1,2.0,7.04,2.61,Apartment,3622000.0,1,3775000.0,4.22
4131.0,6.0,5.0,4.0,5.3,0.5,1.2,4.0,1.0,23.3,4.0,8.57,5.14,Villa,23600000.0,2,27256000.0,15.49
718.0,2.0,,4.0,4.5,8.9,1.9,5.2,3.5,43.8,0.0,2.98,2.41,Apartment,1695000.0,2,1775000.0,4.72
1089.0,1.0,2.0,4.0,5.2,20.8,2.9,6.9,3.6,32.0,2.0,3.56,-0.39,Apartment,2735000.0,5,2923000.0,6.87
1272.0,3.0,2.0,2.0,2.9,15.1,3.5,5.6,7.4,39.0,2.0,5.18,4.81,Apartment,2823000.0,1,2929000.0,3.75
1100.0,2.0,1.0,3.0,6.1,16.8,0.9,8.0,2.5,28.6,2.0,6.4,5.69,Apartment,4163000.0,1,4393000.0,5.52
1302.0,2.0,2.0,24.0,5.6,4.8,3.0,4.1,2.4,39.0,0.0,2.85,0.03,Apartment,3206000.0,1,3268000.0,1.93
758.0,1.0,1.0,25.0,10.0,0.5,3.4,,1.1,2.0,2.0,3.89,5.31,Apartment,3603000.0,5,4781000.0,32.69
1425.0,3.0,3.0,,5.5,5.6,1.6,7.9,1.2,34.0,1.0,7.72,7.46,Apartment,6536000.0,5,9360000.0,43.21
989.0,1.0,2.0,2.0,4.5,6.7,0.3,5.8,0.9,42.1,0.0,7.79,3.64,Apartment,3395000.0,5,4418000.0,30.13
1075.0,2.0,2.0,8.0,1.6,22.4,5.9,4.6,3.3,48.0,1.0,3.45,-0.21,Apartment,1674000.0,1,1690000.0,0.96
1938.0,4.0,4.0,12.0,3.7,15.2,2.4,3.9,2.2,40.7,2.0,6.84,2.21,Independent House,6066000.0,1,6273000.0,3.41
955.0,2.0,,17.0,5.8,14.7,8.7,6.5,2.1,35.0,1.0,,4.22,Flat,2151000.0,4,2459000.0,14.32
1054.0,2.0,1.0,7.0,11.0,1.4,0.8,8.0,2.5,39.9,0.0,,6.99,Apartment,5621000.0,1,6049000.0,7.61
1105.0,3.0,3.0,19.0,6.1,13.7,0.8,6.3,0.7,,1.0,5.35,4.41,Apartment,4222000.0,4,5263000.0,24.66
1014.0,2.0,2.0,14.0,8.9,4.2,0.9,8.4,1.5,13.2,1.0,8.59,4.32,Apartment,7337000.0,3,9103000.0,24.07
1662.0,2.0,2.0,19.0,,10.9,4.6,8.7,0.9,41.2,2.0,4.72,2.13,Independent House,4550000.0,1,4704000.0,3.38
3625.0,6.0,5.0,3.0,4.5,14.2,4.5,3.2,6.3,28.0,3.0,3.5,-0.52,Villa,13400000.0,3,14191000.0,5.9
2494.0,5.0,5.0,6.0,8.5,8.3,2.7,7.3,4.1,21.8,3.0,6.55,5.07,independent house,16005000.0,4,20298000.0,26.82
1041.0,1.0,1.0,23.0,2.1,22.4,6.5,,2.8,48.8,0.0,6.4,2.94,Apartment,1398000.0,1,1433000.0,2.5
2817.0,5.0,4.0,24.0,10.0,0.5,4.0,3.6,1.0,4.5,3.0,6.46,7.65,Villa,22656000.0,4,29581000.0,30.57
3598.0,6.0,5.0,8.0,4.4,16.6,6.5,5.5,8.5,23.7,3.0,3.19,1.29,Villa,13251000.0,4,14674000.0,10.74
2728.0,5.0,4.0,3.0,4.0,25.4,9.1,5.5,3.5,44.1,4.0,4.62,-2.14,Villa,7054000.0,3,7266000.0,3.01
1100.0,2.0,2.0,8.0,5.6,10.9,3.5,5.5,2.4,25.6,0.0,6.65,5.58,Apartment,3483000.0,2,3845000.0,10.39
1051.0,2.0,3.0,9.0,3.5,1.9,1.1,7.2,0.9,28.2,2.0,5.97,4.17,Apt,3347000.0,3,3946000.0,17.9
762.0,1.0,1.0,16.0,6.9,5.5,0.5,4.5,1.3,38.7,2.0,6.86,2.6,Apartment,2729000.0,2,2990000.0,9.56
2193.0,5.0,4.0,5.0,6.9,8.6,1.7,3.9,7.0,15.8,3.0,4.35,2.97,INDEPENDENT HOUSE,9128000.0,3,10267000.0,12.48
644.0,2.0,2.0,10.0,6.6,,8.9,5.2,9.0,46.5,1.0,6.27,0.91,Apartment,1427000.0,3,1484000.0,3.99
681.0,1.0,2.0,13.0,8.2,0.5,1.5,7.3,0.4,25.7,0.0,7.29,6.82,,3397000.0,1,3692000.0,8.68
1153.0,2.0,3.0,18.0,8.0,18.5,7.8,5.1,1.5,7.6,2.0,,6.6,Apartment,4204000.0,5,5770000.0,37.25
947.0,2.0,2.0,35.0,4.6,17.6,9.9,5.0,5.0,38.8,2.0,5.84,6.73,Apartment,1446000.0,4,1632000.0,12.86
,,,9.0,5.0,5.6,1.9,5.8,1.2,31.4,1.0,6.68,4.06,Independent House,6264000.0,5,8045000.0,28.43
1056.0,3.0,3.0,9.0,1.0,26.0,8.1,,2.1,32.9,1.0,4.36,2.15,Apartment,1506000.0,1,1526000.0,1.33
1073.0,2.0,2.0,1.0,3.2,8.5,6.8,4.8,4.0,43.5,0.0,5.53,3.57,Apartment,2236000.0,5,2809000.0,25.63
2315.0,4.0,4.0,15.0,9.1,6.1,3.3,7.5,0.8,26.5,1.0,7.66,6.57,Independent House,13453000.0,2,15423000.0,14.64
833.0,1.0,1.0,15.0,5.6,5.7,6.3,6.6,3.2,43.7,2.0,5.95,8.46,Apartment,2497000.0,3,2940000.0,17.74
1381.0,3.0,3.0,8.0,4.2,7.6,6.9,5.3,,47.3,1.0,6.6,1.02,Independent House,3967000.0,1,4140000.0,4.36
1207.0,2.0,2.0,5.0,4.9,10.0,4.5,5.0,1.8,16.5,0.0,6.96,6.86,Apartment,3682000.0,4,4670000.0,26.83
3176.0,6.0,5.0,11.0,6.1,11.1,3.3,7.5,1.1,6.8,2.0,7.75,8.71,Independent House,16729000.0,3,21049000.0,25.82
2054.0,3.0,4.0,10.0,6.2,8.7,6.2,5.4,2.8,27.4,0.0,4.62,3.58,Apartment,5563000.0,3,6320000.0,13.61
3424.0,5.0,5.0,29.0,8.8,1.0,1.7,7.0,0.5,25.2,2.0,4.27,1.76,Independent House,17295000.0,1,18074000.0,4.5
1143.0,1.0,1.0,35.0,5.8,9.2,0.7,7.2,7.6,54.6,2.0,7.0,7.93,Apartment,2783000.0,2,3138000.0,12.76
1575.0,3.0,3.0,25.0,7.8,12.7,4.7,6.1,1.4,12.9,3.0,7.87,7.06,Independent House,7390000.0,5,9799000.0,32.6
1672.0,4.0,3.0,17.0,5.7,16.7,3.6,6.4,3.8,,2.0,3.51,-0.03,Apartment,4650000.0,1,4735000.0,1.83
1073.0,2.0,2.0,3.0,9.7,0.5,0.7,5.7,0.9,20.9,1.0,5.53,5.44,Apartment,6130000.0,2,6776000.0,10.54
811.0,2.0,2.0,22.0,4.4,14.7,7.1,1.2,2.5,22.8,0.0,6.2,7.05,Apartment,1311000.0,3,1509000.0,15.1
1471.0,3.0,3.0,21.0,8.7,14.3,5.0,7.0,4.2,20.2,2.0,5.18,4.35,Apartment,6281000.0,3,7134000.0,13.58
1397.0,2.0,3.0,7.0,6.5,20.1,5.9,4.5,4.0,52.9,2.0,7.19,3.21,Independent House,3841000.0,3,4470000.0,16.38
1302.0,3.0,2.0,8.0,4.5,13.8,8.9,7.0,2.0,45.1,0.0,5.71,6.18,Apartment,2641000.0,5,3217000.0,21.81
1294.0,2.0,1.0,19.0,8.7,11.8,0.2,4.9,8.9,35.2,1.0,5.17,7.27,Independent House,4494000.0,1,4756000.0,5.83
912.0,2.0,2.0,18.0,9.6,6.2,0.4,5.3,1.3,7.2,0.0,4.94,7.46,Apartment,4968000.0,5,7159000.0,44.1
1243.0,2.0,2.0,14.0,9.1,7.7,2.5,6.6,4.1,22.4,1.0,4.26,2.67,Independent House,6300000.0,3,6942000.0,10.19
1287.0,3.0,2.0,14.0,2.0,21.5,,2.3,5.2,43.5,1.0,7.16,4.12,Apartment,1936000.0,4,2213000.0,14.31
2987.0,5.0,4.0,14.0,8.5,13.2,6.0,7.8,,26.4,3.0,4.5,2.93,Villa,18759000.0,3,20749000.0,10.61
3751.0,6.0,5.0,3.0,7.4,9.7,2.0,5.2,1.7,19.8,2.0,6.53,5.45,Villa,25371000.0,2,28744000.0,13.29
872.0,2.0,2.0,4.0,5.5,10.6,3.3,3.4,3.5,25.1,0.0,7.11,7.26,Apartment,2625000.0,3,3177000.0,21.03
1298.0,4.0,4.0,37.0,3.7,9.0,2.6,3.9,1.5,5.9,0.0,7.29,3.32,Apartment,3070000.0,2,3355000.0,9.28
3362.0,6.0,5.0,16.0,4.5,13.8,4.6,5.8,1.3,34.8,3.0,6.18,3.98,Villa,14212000.0,3,15867000.0,11.65
1646.0,2.0,1.0,33.0,3.9,14.2,0.6,3.4,1.4,31.4,0.0,4.99,,Apartment,3254000.0,5,3866000.0,18.81
1075.0,2.0,2.0,4.0,8.0,11.0,0.6,6.5,2.2,29.8,0.0,3.95,-0.08,Apartment,4592000.0,3,5051000.0,10.0
2938.0,6.0,5.0,19.0,5.6,17.3,7.4,3.5,1.3,13.9,1.0,5.21,2.96,Independent House,7978000.0,5,9234000.0,15.74
1521.0,3.0,3.0,19.0,5.9,14.5,3.9,4.5,1.6,25.1,1.0,5.27,2.96,Independent House,4353000.0,1,4469000.0,2.66
6511.0,4.0,3.0,2.0,5.5,17.5,2.3,6.4,0.6,,2.0,5.8,,Apartment,5549000.0,4,6895000.0,24.26
1402.0,3.0,2.0,6.0,3.9,5.5,1.5,6.9,2.7,27.8,1.0,7.38,3.84,independent house,5174000.0,1,5488000.0,6.07
1431.0,3.0,3.0,,3.2,17.7,10.9,1.1,6.1,40.5,3.0,7.29,1.73,Independent House,2466000.0,1,2522000.0,2.27
2191.0,4.0,4.0,11.0,5.8,15.5,4.2,6.3,,43.4,3.0,6.03,2.29,Independent House,7532000.0,5,9354000.0,24.19
933.0,2.0,2.0,17.0,4.9,11.4,0.5,3.0,2.2,35.2,2.0,4.71,3.18,Apartment,2409000.0,3,2688000.0,11.58
1247.0,3.0,3.0,26.0,4.4,17.8,0.3,4.0,3.5,32.5,,6.3,5.37,Apartment,2833000.0,4,3342000.0,17.97
1818.0,3.0,3.0,1.0,6.2,14.0,9.7,7.0,1.8,45.6,2.0,5.35,4.94,Independent House,5943000.0,1,6188000.0,4.12
1376.0,2.0,,25.0,2.8,10.0,0.6,3.3,0.8,28.9,1.0,6.41,2.3,Independent House,3161000.0,2,3335000.0,5.5
723.0,2.0,2.0,17.0,7.4,7.1,3.1,5.5,3.0,28.2,1.0,5.74,2.94,Apartment,2648000.0,4,3145000.0,18.77
1891.0,4.0,3.0,12.0,6.3,7.8,1.2,7.6,1.3,39.6,3.0,5.07,2.21,Villa,10374000.0,2,11331000.0,9.22
2597.0,4.0,4.0,19.0,5.2,10.7,4.7,,1.7,43.7,3.0,4.84,0.1,Independent House,7570000.0,3,8045000.0,6.27
4837.0,6.0,5.0,10.0,6.9,14.8,7.8,6.2,2.2,32.9,2.0,6.5,2.41,Villa,23561000.0,1,24438000.0,3.72
3132.0,6.0,5.0,12.0,3.9,15.8,10.3,6.1,1.6,23.2,3.0,3.43,2.26,Independent House,8093000.0,3,8503000.0,5.07
1514.0,3.0,3.0,3.0,5.7,11.0,3.7,5.0,4.2,31.0,3.0,5.78,6.83,Independent House,5117000.0,3,6261000.0,22.36
1276.0,2.0,2.0,12.0,5.2,18.1,5.1,5.3,8.7,32.4,1.0,7.03,4.99,Apartment,2760000.0,2,3049000.0,10.47
1262.0,3.0,2.0,4.0,8.7,5.6,3.8,7.4,1.4,14.0,2.0,6.48,4.95,Apartment,8638000.0,2,9721000.0,12.54
1539.0,4.0,3.0,13.0,4.1,16.1,4.1,6.0,1.4,59.5,3.0,4.22,3.45,Independent House,3905000.0,4,4264000.0,9.19
1377.0,,3.0,19.0,2.9,15.8,4.3,5.7,2.6,35.9,3.0,5.58,3.17,Independent House,3305000.0,4,3816000.0,15.46
1706.0,4.0,4.0,14.0,6.2,12.7,4.1,6.2,2.7,33.5,1.0,6.59,3.83,Independent House,6100000.0,4,7401000.0,21.33
1136.0,3.0,3.0,19.0,5.9,10.8,3.2,4.9,1.1,40.0,2.0,8.06,4.2,Apartment,3300000.0,4,3910000.0,18.48
942.0,2.0,2.0,17.0,4.8,16.5,1.9,5.6,3.1,36.5,1.0,4.94,2.66,Apartment,2334000.0,1,2406000.0,3.08
1322.0,2.0,2.0,6.0,8.1,7.8,3.8,4.3,5.4,24.3,1.0,5.83,4.25,Independent House,5127000.0,2,5779000.0,12.72
1336.0,2.0,2.0,21.0,6.8,4.1,0.5,5.2,1.4,30.2,2.0,6.96,4.58,Independent House,5078000.0,2,5781000.0,13.84
631.0,1.0,1.0,9.0,7.2,8.0,2.6,5.8,2.1,42.4,2.0,3.91,3.09,Apartment,2329000.0,3,2538000.0,8.97
1362.0,3.0,3.0,15.0,4.9,0.5,1.6,3.9,1.2,25.6,0.0,3.43,3.53,apartment,4002000.0,1,4113000.0,2.77
1247.0,3.0,3.0,15.0,7.5,8.5,,6.5,4.7,26.1,0.0,5.95,3.34,Apartment,4998000.0,3,5850000.0,17.05
1872.0,3.0,3.0,21.0,6.2,8.1,3.7,4.3,1.3,25.6,1.0,7.16,6.24,Independent House,6683000.0,1,7069000.0,5.78
894.0,2.0,1.0,9.0,6.3,15.8,3.3,,1.1,29.1,0.0,4.66,8.15,Apartment,2327000.0,5,3118000.0,33.99
847.0,1.0,1.0,3.0,3.8,19.3,7.3,,4.8,59.0,0.0,5.08,1.47,Apartment,1224000.0,2,1292000.0,5.56
631.0,1.0,2.0,18.0,6.8,13.4,8.0,6.6,2.6,23.2,2.0,7.48,3.15,Apartment,1929000.0,1,2025000.0,4.98
920.0,2.0,1.0,4.0,6.0,11.2,3.2,6.1,1.6,32.7,2.0,5.31,1.31,Apartment,3564000.0,4,4265000.0,19.67
1277.0,2.0,1.0,33.0,5.8,13.6,10.2,5.2,1.7,24.9,0.0,6.02,4.63,Apartment,2503000.0,5,2910000.0,16.26
902.0,2.0,2.0,7.0,7.0,14.7,9.0,4.5,1.3,40.6,1.0,5.43,4.8,Apartment,2400000.0,5,3154000.0,31.42
2968.0,6.0,5.0,19.0,3.7,17.5,3.4,4.3,4.1,50.2,2.0,5.44,2.2,Villa,7724000.0,5,8386000.0,8.57
1095.0,2.0,1.0,8.0,5.4,13.2,1.4,4.8,7.2,34.9,0.0,6.51,4.3,Apartment,2780000.0,4,3341000.0,20.18
1694.0,3.0,3.0,4.0,4.3,12.9,3.6,4.6,6.7,49.9,1.0,3.77,0.47,Independent House,4335000.0,2,4497000.0,3.74
1197.0,0.0,2.0,,4.0,14.0,1.6,3.3,1.1,31.0,1.0,2.7,2.59,Apartment,2707000.0,5,3058000.0,12.97
744.0,3.0,3.0,12.0,7.1,11.5,3.6,4.0,4.2,32.8,2.0,5.4,3.43,Apartment,2379000.0,5,2975000.0,25.05
4505.0,6.0,4.0,14.0,4.5,18.0,6.3,5.8,2.7,37.9,2.0,5.44,4.53,Villa,13617000.0,2,14845000.0,9.02
936.0,1.0,1.0,13.0,8.2,6.5,1.6,7.6,2.9,38.5,0.0,6.44,4.63,Apartment,3715000.0,5,4687000.0,26.16
1710.0,3.0,2.0,10.0,5.6,9.2,0.6,6.7,1.8,30.0,3.0,7.49,7.17,independent house,9270000.0,5,13381000.0,44.35
1118.0,3.0,2.0,20.0,4.5,14.1,1.6,6.2,8.2,,2.0,7.31,7.04,Apartment,2856000.0,5,3531000.0,23.63
1073.0,3.0,3.0,15.0,6.4,8.2,7.1,7.1,2.6,17.7,1.0,5.27,0.86,Apartment,3436000.0,3,3727000.0,8.47
1132.0,1.0,1.0,24.0,5.7,9.1,5.2,4.4,1.1,39.5,1.0,5.41,4.99,Independent House,2511000.0,4,2851000.0,13.54
2024.0,4.0,3.0,14.0,8.8,0.5,0.7,7.7,0.8,21.3,2.0,6.44,4.46,Independent House,16371000.0,1,17582000.0,7.4
1059.0,2.0,2.0,26.0,2.0,31.7,4.5,6.3,0.8,62.3,1.0,4.72,-0.57,Independent House,1323000.0,3,1350000.0,2.04
968.0,2.0,2.0,12.0,4.2,16.5,8.1,6.1,0.9,30.0,0.0,6.02,3.1,Apartment,2180000.0,4,2387000.0,9.5
1259.0,3.0,3.0,29.0,6.0,14.5,4.3,6.1,0.8,34.9,0.0,5.81,3.06,Apartment,3005000.0,3,3379000.0,12.45
1416.0,2.0,1.0,15.0,5.7,6.5,4.2,5.5,4.5,30.1,3.0,3.11,1.31,Independent House,4104000.0,2,4258000.0,3.75
1471.0,3.0,2.0,,6.3,9.6,2.4,3.2,,10.4,1.0,5.47,4.97,Apartment,5382000.0,4,6291000.0,16.89
972.0,2.0,2.0,13.0,7.9,3.7,0.6,4.3,1.7,29.5,1.0,5.81,2.78,Apartment,4192000.0,3,4854000.0,15.79
1509.0,2.0,1.0,20.0,8.9,4.0,1.2,7.1,2.5,3.6,3.0,7.45,9.6,Independent House,10531000.0,1,11372000.0,7.99
1402.0,2.0,2.0,8.0,7.1,8.6,2.1,5.0,1.2,,2.0,6.48,3.0,Flat,4487000.0,5,5944000.0,32.47
1056.0,2.0,2.0,19.0,11.0,7.5,2.2,4.3,2.1,16.3,1.0,5.25,5.86,Apartment,3891000.0,2,4371000.0,12.34
1161.0,1.0,1.0,14.0,4.6,19.4,1.2,5.6,2.1,47.2,2.0,10.0,4.69,Apartment,2970000.0,3,3531000.0,18.89
1828.0,3.0,3.0,14.0,7.2,7.6,0.7,3.0,1.3,30.7,1.0,3.96,4.14,Apartment,6630000.0,4,8191000.0,23.54
2363.0,3.0,3.0,26.0,5.0,10.5,1.0,4.3,2.0,35.0,2.0,7.39,6.25,Apartment,6161000.0,2,6812000.0,10.57
820.0,1.0,1.0,16.0,5.5,24.8,8.6,5.3,3.0,42.3,2.0,7.06,2.41,Apartment,1449000.0,5,1658000.0,14.42
2463.0,4.0,3.0,25.0,2.2,14.2,4.0,5.3,5.5,32.9,2.0,5.1,1.44,Independent House,4980000.0,2,5254000.0,5.5
853.0,2.0,2.0,,8.6,0.5,1.6,8.9,1.3,26.6,2.0,6.07,3.38,Apartment,6401000.0,2,7286000.0,13.83
1263.0,2.0,2.0,-11.0,6.3,17.1,2.4,3.1,3.1,40.3,1.0,4.36,4.2,Apartment,3730000.0,3,4180000.0,12.06
1468.0,3.0,2.0,50.0,3.9,21.7,15.5,5.2,5.7,28.2,2.0,8.01,4.86,Apartment,1587000.0,4,1776000.0,11.91
1523.0,4.0,3.0,18.0,1.9,24.0,6.9,2.3,2.3,31.4,3.0,6.62,2.01,Independent House,2822000.0,4,3023000.0,7.12
5866.0,3.0,3.0,9.0,8.3,4.2,7.5,6.0,1.5,32.3,0.0,6.26,4.35,Apartment,5741000.0,4,6953000.0,21.11
1354.0,2.0,1.0,11.0,5.5,7.6,1.3,7.1,1.4,37.4,2.0,8.12,3.63,Apartment,4654000.0,3,5549000.0,19.23
1958.0,5.0,,35.0,7.9,12.2,3.6,8.9,4.6,17.4,3.0,6.78,3.05,Independent House,9713000.0,4,11261000.0,15.94
1260.0,2.0,2.0,12.0,6.8,1.6,3.6,6.5,0.6,16.8,2.0,5.81,4.0,Apartment,4938000.0,3,5632000.0,14.05
596.0,2.0,3.0,31.0,5.8,17.8,2.4,4.8,6.3,43.2,2.0,5.84,1.32,Apartment,1206000.0,2,1293000.0,7.21
701.0,2.0,2.0,14.0,7.4,10.0,0.8,6.4,3.8,14.8,1.0,6.82,2.65,Apartment,3450000.0,1,3648000.0,5.74
992.0,2.0,2.0,16.0,3.7,7.6,2.3,4.7,2.0,35.8,2.0,5.67,1.68,Independent House,2950000.0,2,3141000.0,6.47
1164.0,2.0,,9.0,2.8,24.7,17.6,4.5,6.1,40.0,1.0,5.61,1.67,Independent House,1550000.0,1,1575000.0,1.61
899.0,1.0,2.0,8.0,6.3,15.3,2.1,7.5,4.6,29.7,2.0,6.43,4.86,Apartment,3501000.0,1,3697000.0,5.6
1337.0,2.0,3.0,6.0,7.7,7.1,0.5,6.1,1.7,11.6,2.0,7.91,5.94,Independent House,8640000.0,4,11322000.0,31.04
1227.0,3.0,3.0,12.0,7.7,9.0,1.4,5.0,1.1,24.9,1.0,4.62,4.51,Apartment,5122000.0,3,5948000.0,16.13
2123.0,3.0,2.0,10.0,4.1,10.8,5.1,4.6,5.9,46.7,2.0,4.36,2.31,Independent House,5423000.0,2,5763000.0,6.27
1238.0,2.0,1.0,12.0,5.6,20.5,7.9,4.5,7.6,23.5,1.0,,-0.4,independent house,2626000.0,2,2800000.0,6.63
481.0,1.0,1.0,11.0,3.8,12.7,1.1,2.1,4.2,40.1,2.0,7.63,4.43,Apartment,1053000.0,1,1108000.0,5.22
1503.0,2.0,2.0,29.0,5.8,8.4,0.9,3.0,1.6,23.9,3.0,5.83,5.65,Independent House,4638000.0,2,5172000.0,11.51
1463.0,3.0,2.0,20.0,8.4,0.5,3.2,6.2,0.7,19.2,1.0,7.11,8.98,Apartment,7956000.0,2,9258000.0,16.37
876.0,3.0,3.0,26.0,8.0,8.1,0.6,4.8,0.5,5.5,0.0,7.15,6.24,Apartment,4016000.0,3,4828000.0,20.22
1367.0,3.0,3.0,5.0,4.9,13.4,3.6,4.7,5.7,34.9,2.0,5.18,3.72,Apartment,17176000.0,5,22237000.0,29.47
1408.0,1.0,2.0,10.0,2.9,14.3,1.5,4.4,2.2,27.2,1.0,4.41,4.39,,3516000.0,3,3930000.0,11.77
1027.0,2.0,1.0,15.0,4.8,10.1,4.1,5.6,5.1,22.2,2.0,6.16,3.74,Apartment,2745000.0,3,3190000.0,16.21
2213.0,4.0,4.0,6.0,5.2,9.8,2.6,3.6,1.5,23.6,3.0,4.94,4.01,Independent House,8571000.0,2,9113000.0,6.32
895.0,2.0,3.0,,7.1,9.2,4.0,6.1,2.1,34.2,1.0,5.82,10.15,Apartment,2874000.0,1,3051000.0,6.16
2175.0,4.0,3.0,2.0,6.1,10.2,2.6,5.4,1.7,40.0,2.0,5.74,5.36,Independent House,8559000.0,1,9034000.0,5.55
2643.0,5.0,5.0,,5.1,13.8,1.7,8.5,5.2,31.2,2.0,6.55,7.06,independent house,11822000.0,2,13379000.0,13.17
969.0,2.0,2.0,3.0,3.8,15.4,8.4,4.9,4.8,53.8,1.0,4.43,2.71,Apartment,2046000.0,5,2458000.0,20.14
1020.0,1.0,1.0,17.0,6.3,7.2,0.1,6.1,3.4,20.2,3.0,6.53,4.93,Independent House,3978000.0,2,4486000.0,12.77
1332.0,2.0,2.0,9.0,3.5,13.3,4.7,4.2,3.5,31.2,0.0,,4.16,Apartment,2601000.0,1,2670000.0,2.65
988.0,1.0,1.0,17.0,6.5,11.1,0.6,3.6,1.0,26.3,3.0,3.89,3.35,Independent House,3436000.0,4,3663000.0,6.61
1161.0,2.0,2.0,10.0,5.4,12.7,2.3,3.9,7.2,32.9,0.0,5.66,3.33,Apartment,2967000.0,1,3085000.0,3.98
1187.0,2.0,1.0,15.0,5.2,7.6,2.4,5.0,2.9,24.8,0.0,5.15,4.8,Apartment,2995000.0,2,3274000.0,9.32
619.0,1.0,2.0,7.0,7.3,6.7,2.5,8.3,1.6,35.6,1.0,9.54,4.8,Apartment,3448000.0,4,4589000.0,33.09
943.0,2.0,1.0,5.0,7.2,6.8,5.4,6.7,2.6,50.1,2.0,5.94,4.05,Apartment,3212000.0,5,4139000.0,28.86
2997.0,5.0,4.0,12.0,4.2,13.7,2.0,4.5,2.4,47.9,2.0,6.91,3.32,Villa,10201000.0,3,11314000.0,10.91
1910.0,3.0,4.0,5.0,6.2,12.4,2.3,,1.4,20.9,3.0,4.76,4.7,Independent House,8532000.0,5,11197000.0,31.24
1436.0,3.0,3.0,7.0,1.5,21.8,2.6,3.8,1.5,35.1,3.0,2.79,3.31,Independent House,3149000.0,3,3500000.0,11.15
971.0,1.0,,35.0,5.8,17.5,4.4,5.6,6.0,41.5,0.0,6.98,5.74,Apartment,1893000.0,1,1982000.0,4.7
1799.0,0.0,3.0,50.0,7.9,16.2,1.8,4.7,8.6,29.9,2.0,6.77,6.46,Apartment,4534000.0,5,6024000.0,32.86
861.0,1.0,1.0,7.0,6.8,9.7,1.1,5.8,2.7,26.4,1.0,5.63,5.47,Apartment,3257000.0,2,3644000.0,11.88
941.0,1.0,,8.0,5.7,16.0,4.0,5.7,1.7,17.9,1.0,,4.18,Apartment,2906000.0,4,3676000.0,26.5
2197.0,3.0,3.0,12.0,7.2,8.2,4.9,2.3,3.1,36.3,1.0,5.54,3.48,Independent House,6956000.0,4,7982000.0,14.75
3273.0,6.0,5.0,4.0,4.3,30.9,10.0,6.1,1.4,,2.0,5.37,1.68,Villa,8710000.0,2,8884000.0,2.0
1552.0,3.0,3.0,29.0,5.4,10.2,3.7,3.8,1.7,28.2,0.0,3.19,2.61,Apartment,2999000.0,4,3201000.0,6.74
879.0,2.0,2.0,15.0,5.1,12.5,4.3,2.3,2.2,23.7,0.0,7.34,5.77,Apartment,2114000.0,5,2798000.0,32.36
1003.0,2.0,2.0,9.0,9.5,12.8,7.7,6.0,1.8,5.6,2.0,6.24,7.06,Apartment,4633000.0,5,6378000.0,37.66
739.0,2.0,3.0,4.0,3.5,20.6,2.8,6.9,1.3,43.5,0.0,7.27,6.61,Apartment,1901000.0,3,2182000.0,14.78
1317.0,3.0,3.0,14.0,6.9,14.8,5.3,3.9,3.4,,2.0,8.11,5.21,Independent House,4948000.0,1,5237000.0,5.84
2774.0,5.0,5.0,6.0,2.6,28.4,15.6,5.5,4.2,44.9,2.0,5.04,1.15,Villa,5032000.0,3,5229000.0,3.91
393.0,,2.0,15.0,3.0,14.0,3.4,3.0,2.1,41.8,2.0,4.92,0.94,Apartment,750000.0,4,843000.0,12.4
4235.0,6.0,5.0,3.0,10.0,0.5,1.5,4.8,0.6,10.9,3.0,6.34,6.09,Villa,44240000.0,5,65240000.0,47.47
1556.0,2.0,2.0,10.0,8.9,0.5,1.7,7.7,1.6,14.7,3.0,6.86,6.63,Independent House,11023000.0,3,14006000.0,27.06
1043.0,2.0,1.0,4.0,5.5,19.2,11.2,5.7,0.4,41.0,1.0,6.77,6.87,Apartment,2239000.0,4,2769000.0,23.67
1112.0,2.0,2.0,30.0,9.6,6.7,2.7,,2.8,21.7,0.0,6.53,3.7,Apartment,4302000.0,5,5605000.0,30.29
1877.0,4.0,3.0,13.0,7.2,10.7,4.9,9.2,2.4,22.0,1.0,5.63,6.11,Independent House,8645000.0,1,9053000.0,4.72
1908.0,4.0,4.0,32.0,7.5,0.5,2.1,4.5,1.9,25.1,1.0,5.45,7.01,Independent House,7928000.0,4,10012000.0,26.29
1615.0,2.0,3.0,23.0,9.5,6.4,0.8,3.3,2.2,14.5,2.0,8.8,6.47,Independent House,7593000.0,1,8203000.0,8.03
1441.0,3.0,2.0,5.0,6.1,4.3,2.0,7.5,2.7,27.6,,5.17,2.68,Apartment,7006000.0,4,8216000.0,17.27
1527.0,3.0,2.0,7.0,2.7,24.1,6.3,7.8,0.9,42.3,0.0,4.47,2.91,Apartment,2830000.0,3,3007000.0,6.25
1035.0,2.0,1.0,13.0,7.5,13.3,6.5,5.4,1.1,30.3,2.0,8.58,7.85,Apartment,3416000.0,3,4286000.0,25.47
1280.0,1.0,1.0,9.0,3.2,17.6,1.5,7.1,0.5,39.1,3.0,4.41,1.09,Independent House,2989000.0,2,3221000.0,7.76
1742.0,3.0,2.0,17.0,7.3,7.0,4.3,4.7,2.9,38.8,1.0,7.33,2.29,independent house,6172000.0,4,7314000.0,18.5
1186.0,1.0,1.0,13.0,6.8,11.1,0.7,4.0,2.4,29.5,0.0,6.26,5.07,Apartment,3222000.0,4,4103000.0,27.34
1747.0,3.0,2.0,18.0,8.5,4.5,0.9,5.1,1.2,19.3,3.0,7.09,9.17,Independent House,8996000.0,2,10341000.0,14.95
1049.0,2.0,2.0,6.0,5.8,19.2,4.7,4.6,5.1,37.2,2.0,4.76,5.53,Apartment,2512000.0,2,2659000.0,5.85
1441.0,3.0,2.0,6.0,4.2,17.9,2.9,5.7,6.5,32.9,2.0,6.21,2.0,Independent House,4666000.0,5,5639000.0,20.85
922.0,1.0,2.0,7.0,5.0,8.9,4.9,3.7,0.7,29.4,1.0,4.86,2.35,Apartment,2710000.0,1,2840000.0,4.8
949.0,1.0,1.0,15.0,1.4,18.4,2.8,1.8,2.3,49.4,0.0,4.81,3.34,Apartment,1344000.0,2,1386000.0,3.12
792.0,2.0,2.0,12.0,7.6,14.8,2.6,,2.9,16.3,0.0,5.79,3.64,Apartment,3009000.0,5,3835000.0,27.45
1135.0,3.0,3.0,9.0,7.8,17.7,2.5,4.9,2.2,20.0,0.0,6.76,6.57,Apartment,3801000.0,1,4044000.0,6.39
685.0,1.0,2.0,32.0,8.8,1.4,1.1,,0.7,23.7,1.0,7.95,4.66,Apartment,3696000.0,1,3951000.0,6.9
1619.0,3.0,3.0,12.0,7.6,5.2,4.1,4.2,2.6,21.4,1.0,8.79,6.24,Apartment,6327000.0,1,6887000.0,8.85
1629.0,3.0,3.0,8.0,8.4,4.2,6.7,8.1,0.5,16.5,2.0,5.44,4.8,Independent House,9683000.0,5,11976000.0,23.68
2126.0,4.0,4.0,15.0,4.4,13.2,5.1,5.5,1.9,26.5,1.0,6.18,3.58,Independent House,6200000.0,3,7172000.0,15.68
1752.0,4.0,3.0,23.0,,15.2,8.6,,4.5,41.0,2.0,6.29,4.27,,3242000.0,1,3329000.0,2.68
1893.0,4.0,4.0,14.0,4.1,7.5,2.0,6.9,0.7,47.0,2.0,5.51,1.64,Independent House,5436000.0,5,6681000.0,22.9
985.0,2.0,3.0,5.0,5.8,12.8,2.4,6.1,1.5,37.8,2.0,5.82,3.01,Apartment,3789000.0,3,4455000.0,17.58
1863.0,4.0,3.0,19.0,3.0,8.4,2.0,6.0,0.8,33.8,1.0,7.45,3.69,Independent House,5612000.0,2,6190000.0,10.3
1224.0,2.0,2.0,10.0,7.4,9.2,7.0,7.7,3.4,19.5,2.0,7.63,6.34,Apartment,4926000.0,5,6575000.0,33.48
4251.0,6.0,5.0,,8.0,14.8,0.1,4.6,5.5,32.0,3.0,5.68,6.17,Independent House,18646000.0,1,19593000.0,5.08
1375.0,2.0,2.0,17.0,8.6,3.4,1.8,7.0,1.1,21.8,2.0,6.77,4.85,Apartment,7207000.0,5,9349000.0,29.72
479.0,1.0,2.0,6.0,5.8,12.5,7.6,3.5,1.9,11.3,2.0,6.5,-0.56,Apartment,1510000.0,3,1623000.0,7.48
835.0,2.0,2.0,2.0,6.8,14.3,10.6,6.4,2.4,28.0,,4.56,3.53,Apartment,2546000.0,4,3088000.0,21.29
1734.0,4.0,4.0,6.0,6.8,13.4,9.8,5.1,,4.9,1.0,6.26,2.64,Apartment,6796000.0,3,7811000.0,14.94
1696.0,4.0,3.0,19.0,3.1,16.2,4.6,5.5,6.3,40.2,3.0,5.26,5.35,Independent House,3610000.0,3,4024000.0,11.47
3379.0,6.0,5.0,13.0,3.6,29.3,1.5,5.2,9.1,34.5,4.0,6.85,5.87,Villa,9637000.0,2,10305000.0,6.93
1873.0,3.0,3.0,4.0,3.9,29.6,16.3,5.8,10.2,37.0,3.0,6.52,,Independent House,2624000.0,5,2774000.0,5.72
1904.0,3.0,3.0,13.0,8.0,12.3,0.9,8.0,2.7,32.2,3.0,7.63,6.0,Independent House,11082000.0,1,11942000.0,7.76
1275.0,3.0,2.0,23.0,5.1,19.6,2.5,1.4,2.2,31.5,1.0,8.1,3.57,Apartment,2877000.0,3,3299000.0,14.67
724.0,1.0,2.0,14.0,5.8,11.6,7.3,5.1,2.7,20.8,1.0,9.3,6.65,Apartment,2402000.0,3,2928000.0,21.9
1436.0,,3.0,8.0,5.9,12.8,1.8,6.5,1.3,33.7,,6.03,1.7,Apartment,5424000.0,1,5705000.0,5.18
1999.0,4.0,3.0,8.0,9.3,7.5,1.0,8.4,2.8,24.0,1.0,7.74,6.41,Apartment,14393000.0,1,15395000.0,6.96
966.0,2.0,2.0,21.0,4.7,10.8,2.8,1.9,5.4,16.5,0.0,4.12,3.82,Apartment,1926000.0,4,2211000.0,14.8
1681.0,3.0,3.0,19.0,3.5,24.2,13.8,5.3,1.9,47.6,1.0,8.3,3.82,Independent House,2491000.0,4,2890000.0,16.02
1211.0,3.0,4.0,10.0,4.1,15.5,0.2,4.9,3.3,31.8,0.0,6.49,5.25,Apartment,3515000.0,1,3713000.0,5.63
1253.0,2.0,2.0,14.0,5.4,12.2,4.9,5.4,4.6,47.5,1.0,4.29,4.72,Independent House,2946000.0,1,3020000.0,2.51
394.0,1.0,2.0,11.0,4.9,14.3,2.2,5.6,0.6,33.9,0.0,6.49,4.96,Apartment,1084000.0,5,1285000.0,18.54
1068.0,2.0,2.0,24.0,5.1,15.0,5.5,7.0,3.3,37.9,1.0,5.57,3.98,Apartment,2153000.0,4,2604000.0,20.95
1454.0,2.0,2.0,16.0,8.1,0.5,0.4,5.1,1.3,29.8,2.0,5.28,1.96,Apartment,6312000.0,2,6749000.0,6.92
775.0,2.0,1.0,7.0,4.6,18.9,5.4,3.4,3.7,28.1,0.0,3.47,0.45,Apartment,1614000.0,1,1656000.0,2.6
1678.0,3.0,2.0,15.0,5.7,14.0,6.0,8.0,3.3,31.5,2.0,6.96,4.19,Villa,7423000.0,4,9028000.0,21.62
1356.0,4.0,4.0,4.0,7.6,5.3,0.9,8.1,1.1,22.4,2.0,6.27,4.99,Apt,9126000.0,4,11620000.0,27.33
1210.0,2.0,2.0,7.0,6.4,11.3,6.1,8.0,1.6,23.4,2.0,6.33,6.89,Apartment,5146000.0,4,6270000.0,21.84
1435.0,3.0,2.0,,9.6,2.4,1.1,7.7,1.5,19.9,2.0,4.76,0.78,Independent House,13728000.0,2,14954000.0,8.93
1410.0,3.0,,4.0,7.9,16.2,7.9,6.7,0.4,43.1,2.0,6.11,3.51,Apartment,4917000.0,4,5853000.0,19.04
935.0,2.0,1.0,20.0,6.0,6.0,0.7,2.5,3.2,27.7,0.0,5.1,6.13,Apartment,2716000.0,4,3404000.0,25.33
805.0,,2.0,14.0,4.5,12.8,4.8,6.6,4.1,51.6,0.0,6.81,3.47,Apartment,1727000.0,4,2182000.0,26.35
1297.0,2.0,2.0,13.0,10.0,5.0,3.6,6.7,1.9,12.4,2.0,4.32,5.22,Apartment,7515000.0,3,8916000.0,18.64
1843.0,4.0,4.0,9.0,6.7,11.9,4.8,5.5,2.5,27.5,0.0,6.74,4.84,Apartment,5672000.0,1,5971000.0,5.27
1004.0,1.0,1.0,16.0,8.7,4.7,5.0,6.7,1.6,24.6,2.0,7.0,3.82,Apartment,4405000.0,2,5010000.0,13.73
1264.0,2.0,2.0,9.0,6.3,7.4,2.4,6.8,2.8,38.0,1.0,2.02,,Apartment,4005000.0,1,4123000.0,2.95
1145.0,2.0,2.0,5.0,6.2,8.7,1.7,4.2,1.4,19.4,2.0,6.28,5.84,Apartment,4589000.0,5,6043000.0,31.68
989.0,2.0,2.0,5.0,7.8,6.3,1.4,6.7,1.7,30.6,1.0,7.71,7.49,Apartment,5020000.0,4,6796000.0,35.38
1404.0,3.0,3.0,9.0,3.4,17.9,8.1,6.4,3.8,30.7,2.0,5.63,5.31,Independent House,3718000.0,3,4132000.0,11.14
1403.0,2.0,,8.0,3.7,19.2,0.6,4.9,1.3,28.9,0.0,5.28,5.5,Apartment,3523000.0,5,4566000.0,29.61
1235.0,1.0,1.0,23.0,7.2,10.8,4.5,6.1,1.3,2.0,0.0,7.67,6.34,Apartment,4234000.0,3,5111000.0,20.71
1374.0,1.0,2.0,12.0,6.4,6.9,0.7,5.4,0.8,42.6,2.0,6.52,5.7,Apartment,5448000.0,5,7078000.0,29.92
1095.0,1.0,1.0,19.0,2.0,26.9,5.8,5.4,5.4,37.1,1.0,7.01,5.36,Apartment,1416000.0,3,1589000.0,12.22
1604.0,,2.0,6.0,5.4,20.8,3.3,5.8,4.6,19.6,2.0,5.33,3.94,Independent House,4716000.0,2,5053000.0,7.15
5858.0,6.0,5.0,14.0,7.2,4.7,3.6,4.5,1.4,12.1,4.0,,1.34,Villa,37775000.0,3,42374000.0,12.17
930.0,2.0,2.0,11.0,,13.0,4.5,6.6,4.0,35.0,1.0,4.21,2.42,Apartment,3005000.0,5,3787000.0,26.02
1101.0,2.0,2.0,13.0,6.5,15.2,3.7,3.7,4.7,23.0,2.0,6.61,4.93,Apartment,3007000.0,2,3376000.0,12.27
663.0,1.0,1.0,13.0,6.3,0.5,0.7,4.5,0.6,45.2,0.0,6.8,4.6,Apartment,2369000.0,2,2652000.0,11.95
2941.0,5.0,4.0,4.0,4.8,16.9,1.2,5.0,1.7,29.3,3.0,3.36,1.74,Villa,10991000.0,4,12083000.0,9.94
881.0,1.0,1.0,25.0,1.0,4.3,1.1,2.5,0.5,30.6,2.0,3.42,1.97,Apartment,1671000.0,2,1749000.0,4.67
1438.0,2.0,2.0,12.0,7.7,7.9,1.9,6.9,2.1,29.8,0.0,7.57,4.41,Apartment,6150000.0,1,6509000.0,5.84
1264.0,2.0,3.0,1.0,4.9,10.3,5.7,6.4,1.2,41.3,2.0,6.08,4.14,Apartment,3678000.0,1,3824000.0,3.97
1490.0,,1.0,18.0,9.1,10.0,0.9,5.4,2.0,13.3,2.0,6.1,5.35,Apartment,7459000.0,3,8894000.0,19.24
1500.0,3.0,2.0,18.0,10.0,15.4,6.4,5.5,1.8,10.9,1.0,7.06,7.82,Apartment,5651000.0,2,6297000.0,11.43
1490.0,3.0,3.0,25.0,3.8,23.9,10.7,5.2,5.3,36.6,0.0,,2.32,Apartment,2160000.0,3,2326000.0,7.69
1084.0,2.0,2.0,31.0,6.8,9.8,1.0,9.3,3.1,24.1,2.0,6.71,5.82,Apartment,4513000.0,2,5041000.0,11.7
1794.0,4.0,3.0,4.0,4.7,20.6,20.5,6.9,4.9,25.1,2.0,4.55,2.45,Apartment,2938000.0,4,3150000.0,7.22
952.0,1.0,2.0,36.0,6.1,0.5,0.6,5.1,1.7,12.7,0.0,6.13,2.49,Apartment,2752000.0,4,3392000.0,23.26
1720.0,3.0,3.0,3.0,9.7,8.9,1.2,5.6,0.9,26.3,2.0,7.11,5.71,APARTMENT,10394000.0,4,13584000.0,30.69
951.0,3.0,3.0,18.0,5.6,13.2,6.5,4.2,2.9,23.1,0.0,6.0,5.62,Apartment,2411000.0,5,3024000.0,25.43
3051.0,6.0,5.0,16.0,4.9,6.2,1.1,5.9,1.3,17.0,2.0,6.59,3.94,Villa,14961000.0,1,15832000.0,5.82
972.0,2.0,2.0,15.0,6.0,5.6,1.0,7.4,1.5,32.7,1.0,5.56,2.58,Apartment,3806000.0,4,4475000.0,17.58
1348.0,3.0,3.0,4.0,4.9,10.0,5.5,5.8,2.8,32.2,2.0,4.57,0.86,Apartment,3690000.0,5,4470000.0,21.14
1758.0,3.0,2.0,11.0,8.7,7.4,3.7,5.4,0.9,12.8,1.0,7.03,8.93,Independent House,8610000.0,5,12267000.0,42.47
1651.0,3.0,3.0,16.0,8.7,13.9,7.1,5.9,4.4,22.2,2.0,,4.06,Independent House,6012000.0,2,6502000.0,8.15
1502.0,2.0,2.0,1.0,4.5,14.3,1.4,4.9,2.1,41.6,1.0,6.77,3.71,Independent House,4249000.0,2,4653000.0,9.51
1469.0,2.0,3.0,9.0,8.4,13.4,0.9,7.0,0.9,19.1,1.0,8.0,3.14,Independent House,8894000.0,2,10160000.0,14.23
1330.0,3.0,2.0,26.0,6.1,14.4,12.1,5.1,1.7,31.0,1.0,5.27,4.62,Independent House,2577000.0,3,2893000.0,12.26
2277.0,4.0,3.0,9.0,5.4,16.1,2.6,5.0,0.8,19.2,1.0,6.3,7.25,Independent House,8775000.0,2,9638000.0,9.83
1089.0,1.0,1.0,15.0,3.4,20.8,5.8,6.3,5.8,41.5,2.0,4.59,1.37,Independent House,2027000.0,3,2219000.0,9.47
1302.0,2.0,2.0,11.0,5.3,16.2,4.2,4.3,1.2,3.6,0.0,5.1,1.3,Apartment,4181000.0,4,4724000.0,12.99
1321.0,3.0,3.0,4.0,4.9,12.9,0.8,3.8,4.1,32.0,2.0,7.55,3.77,Apartment,4234000.0,1,4438000.0,4.82
3093.0,6.0,5.0,13.0,8.6,1.1,0.7,6.3,0.9,19.5,2.0,7.06,5.8,Independent House,21740000.0,2,24936000.0,14.7
1907.0,4.0,3.0,12.0,8.3,7.1,1.5,5.8,4.1,25.7,2.0,7.74,7.53,Apartment,9040000.0,5,13331000.0,47.47
712.0,2.0,2.0,7.0,8.6,6.8,,5.3,2.2,30.9,,9.89,6.64,Apartment,3300000.0,1,3573000.0,8.27
2717.0,5.0,4.0,8.0,3.8,4.1,,2.1,2.1,30.6,3.0,5.91,2.8,Villa,12380000.0,2,13378000.0,8.06
1291.0,3.0,3.0,5.0,6.3,14.4,4.0,,2.9,26.2,0.0,3.05,2.4,APARTMENT,4607000.0,4,5071000.0,10.07
855.0,2.0,2.0,16.0,6.5,11.0,6.2,5.2,5.1,,2.0,7.3,3.6,Apartment,2544000.0,1,2670000.0,4.95
2877.0,5.0,,24.0,4.2,16.7,,4.0,4.1,21.0,3.0,5.14,-0.23,Independent House,7628000.0,3,8397000.0,10.08
1571.0,2.0,2.0,15.0,6.1,10.8,2.9,5.6,5.0,26.1,1.0,6.13,,Apartment,4683000.0,4,5589000.0,19.35
679.0,1.0,2.0,13.0,1.7,17.8,3.2,5.1,1.9,35.6,1.0,6.48,1.29,Apartment,1120000.0,1,1175000.0,4.91
892.0,1.0,1.0,7.0,10.0,3.9,0.6,10.0,1.5,15.3,0.0,6.05,3.34,Apartment,8065000.0,4,10209000.0,26.58
1150.0,2.0,2.0,3.0,6.3,24.0,1.7,3.8,3.7,39.8,3.0,5.83,7.18,Independent House,3286000.0,3,3866000.0,17.65
1009.0,2.0,3.0,10.0,7.6,12.4,3.4,5.9,,28.0,0.0,5.85,3.77,Apartment,4110000.0,4,4959000.0,20.66
1830.0,3.0,2.0,21.0,3.8,20.3,4.7,4.7,0.6,41.5,1.0,7.45,2.01,Independent House,3542000.0,5,3934000.0,11.07
930.0,2.0,2.0,13.0,4.3,15.1,1.6,,2.1,33.5,2.0,6.17,3.98,Apartment,2140000.0,1,2239000.0,4.63
1309.0,3.0,3.0,4.0,4.6,4.2,3.8,5.6,0.8,33.6,0.0,5.68,2.09,Apartment,4544000.0,3,5011000.0,10.28
936.0,2.0,2.0,5.0,8.7,2.4,0.9,5.4,2.0,12.0,2.0,3.94,5.26,Apt,4886000.0,4,6023000.0,23.27
2034.0,4.0,3.0,21.0,6.9,3.6,1.9,3.8,1.3,25.8,1.0,5.42,,Independent House,7564000.0,5,9577000.0,26.61
848.0,2.0,2.0,15.0,4.5,11.4,1.4,5.8,5.5,34.5,1.0,,4.48,Apartment,2318000.0,3,2618000.0,12.94
1270.0,2.0,2.0,6.0,5.0,15.7,10.4,4.9,3.3,42.1,1.0,6.3,3.06,Apartment,2437000.0,4,2831000.0,16.17
950.0,1.0,1.0,10.0,3.9,11.3,2.6,,1.2,34.8,1.0,5.93,4.01,Apartment,2181000.0,4,2529000.0,15.96
2285.0,3.0,2.0,10.0,5.6,16.5,12.3,5.7,5.6,54.4,2.0,7.14,7.09,Independent House,4616000.0,3,5270000.0,14.17
938.0,1.0,2.0,8.0,6.9,0.5,2.5,4.2,0.7,38.3,0.0,6.75,4.84,Apartment,3551000.0,1,3746000.0,5.49
1201.0,2.0,2.0,2.0,7.6,17.5,4.1,6.6,2.0,20.4,0.0,7.18,4.22,Apartment,5239000.0,3,6199000.0,18.32
2230.0,4.0,4.0,15.0,5.0,9.9,7.9,4.3,3.0,27.9,1.0,5.74,3.7,Independent House,5745000.0,4,6494000.0,13.04
1232.0,3.0,3.0,11.0,9.2,8.9,0.5,6.6,3.1,16.0,1.0,4.83,3.59,Independent House,7782000.0,4,9865000.0,26.77
853.0,1.0,1.0,11.0,6.7,6.8,0.5,5.2,0.6,31.8,1.0,5.17,3.28,Apartment,3064000.0,2,3292000.0,7.44
2014.0,5.0,4.0,2.0,6.3,12.1,2.0,5.2,1.5,27.8,2.0,7.21,5.2,Independent House,9050000.0,3,10519000.0,16.23
1233.0,3.0,4.0,15.0,6.5,15.1,2.0,4.6,1.8,24.4,0.0,6.68,5.77,Apartment,3959000.0,2,4491000.0,13.44
715.0,2.0,2.0,16.0,2.5,26.8,12.0,5.4,11.8,35.3,0.0,5.25,2.39,Apartment,676000.0,4,704000.0,4.14
1032.0,1.0,1.0,3.0,2.6,20.7,5.2,6.8,2.0,32.7,2.0,5.48,0.68,Apartment,2538000.0,1,2610000.0,2.84
533.0,1.0,2.0,,9.8,0.5,0.3,7.1,0.4,31.7,0.0,8.92,8.27,Apartment,3702000.0,5,5571000.0,50.49
1610.0,3.0,3.0,3.0,8.5,8.3,3.6,7.1,1.3,24.6,1.0,6.09,4.5,Independent House,75520000.0,4,94008000.0,24.48
1918.0,3.0,3.0,21.0,,7.8,1.3,4.1,2.8,37.7,2.0,6.71,4.82,Independent House,7180000.0,2,8056000.0,12.2
795.0,1.0,1.0,12.0,6.9,0.5,0.6,,0.8,23.4,1.0,6.83,6.26,Apartment,2739000.0,1,2930000.0,6.97
1103.0,2.0,2.0,5.0,8.9,6.2,2.7,6.9,1.0,7.2,1.0,6.72,4.44,Apartment,6729000.0,3,8075000.0,20.0
804.0,2.0,2.0,12.0,4.0,10.0,4.3,6.5,3.1,37.1,1.0,3.84,2.47,Apartment,1856000.0,5,2216000.0,19.4
809.0,3.0,3.0,8.0,5.1,9.8,1.6,7.5,6.9,25.7,2.0,5.35,2.79,Apartment,3077000.0,4,3622000.0,17.71
721.0,2.0,2.0,6.0,5.5,4.4,3.8,3.3,1.8,21.6,1.0,5.83,0.09,Apartment,2421000.0,1,2527000.0,4.38
823.0,2.0,2.0,9.0,5.7,8.7,2.8,2.8,1.4,46.2,2.0,5.88,3.96,Apartment,2083000.0,5,2377000.0,14.11
1307.0,1.0,,14.0,3.8,7.0,0.3,4.4,3.3,37.1,1.0,4.06,5.98,Apartment,3131000.0,2,3416000.0,9.1
1340.0,3.0,3.0,5.0,5.8,14.7,4.0,5.2,1.4,23.0,2.0,8.07,,Apartment,5147000.0,4,6273000.0,21.88
,,4.0,14.0,5.9,19.6,1.2,4.3,3.6,34.7,3.0,5.53,3.99,Villa,11021000.0,4,13043000.0,18.35
592.0,1.0,1.0,23.0,4.8,21.0,3.8,2.5,2.0,,2.0,4.66,2.71,Apartment,1098000.0,4,1283000.0,16.85
1513.0,3.0,3.0,5.0,7.7,11.9,8.1,4.5,4.7,16.4,2.0,5.69,5.53,Independent House,6042000.0,3,6978000.0,15.49
698.0,1.0,2.0,4.0,7.5,9.6,2.4,6.7,0.9,35.7,2.0,6.01,4.16,Apartment,3185000.0,1,3369000.0,5.78
1463.0,2.0,2.0,22.0,5.5,18.5,4.0,6.0,4.8,40.6,2.0,7.41,3.93,Apartment,3094000.0,4,3516000.0,13.64
1357.0,3.0,2.0,10.0,4.8,15.4,4.2,7.6,0.9,29.2,1.0,4.76,1.41,Apartment,3809000.0,5,4584000.0,20.35
2501.0,4.0,4.0,6.0,4.3,16.2,5.3,7.0,2.3,30.7,2.0,7.39,3.7,Independent House,7686000.0,2,8437000.0,9.77
1188.0,3.0,3.0,24.0,7.0,9.5,5.8,7.5,1.4,36.4,2.0,5.23,6.86,Apartment,4045000.0,2,4403000.0,8.85
883.0,2.0,3.0,7.0,4.0,8.6,1.8,5.1,1.3,20.0,1.0,5.94,8.46,Apartment,3288000.0,2,3707000.0,12.74
1056.0,2.0,3.0,11.0,5.0,19.0,6.1,4.8,6.4,17.5,2.0,4.13,1.96,Apartment,2426000.0,4,2699000.0,11.25
732.0,2.0,2.0,12.0,3.7,19.5,2.1,3.8,2.9,42.2,0.0,5.02,2.51,Apartment,1304000.0,5,1396000.0,7.06
732.0,2.0,2.0,8.0,8.8,3.0,3.6,9.3,1.2,21.8,1.0,8.9,8.26,Apartment,4905000.0,1,5380000.0,9.68
1376.0,2.0,2.0,14.0,2.6,20.0,7.7,4.8,1.0,13.8,2.0,5.29,1.89,Apartment,2525000.0,4,2928000.0,15.96
1226.0,2.0,2.0,10.0,10.0,1.0,0.3,6.0,1.4,21.7,2.0,5.6,6.52,Apartment,8291000.0,3,9968000.0,20.23
980.0,2.0,1.0,11.0,5.8,12.0,2.7,4.9,,44.5,0.0,6.77,1.7,Apartment,2509000.0,3,2832000.0,12.87
1392.0,2.0,1.0,19.0,7.1,8.2,1.5,4.1,1.2,39.8,1.0,6.96,0.88,Apartment,4002000.0,3,4537000.0,13.37
2519.0,4.0,4.0,11.0,,11.7,2.8,6.3,1.6,31.6,,5.29,5.21,independent house,7495000.0,5,9462000.0,26.24
1810.0,4.0,5.0,14.0,5.1,10.6,3.0,2.5,2.2,44.4,0.0,7.0,4.02,Apartment,4636000.0,1,4906000.0,5.82
700.0,1.0,1.0,28.0,7.0,,1.6,4.8,0.8,12.8,0.0,5.13,3.2,Apartment,2277000.0,4,2765000.0,21.43
3532.0,6.0,5.0,9.0,3.5,19.8,4.0,5.9,4.3,38.3,4.0,6.68,2.03,Villa,10929000.0,2,11719000.0,7.23
592.0,2.0,2.0,7.0,6.7,0.5,1.0,4.6,0.9,33.6,2.0,7.14,6.04,Apartment,2640000.0,4,3456000.0,30.91
1001.0,3.0,3.0,8.0,6.1,16.3,7.8,2.3,4.6,37.1,2.0,7.03,5.1,Apartment,2590000.0,4,3072000.0,18.61
1054.0,2.0,2.0,24.0,7.4,7.9,2.4,5.2,1.9,29.0,2.0,6.56,6.31,Apartment,3843000.0,3,4369000.0,13.69
866.0,2.0,2.0,6.0,4.8,12.0,2.6,3.7,3.7,46.8,0.0,4.28,6.27,Apartment,1880000.0,2,2069000.0,10.05
1361.0,2.0,3.0,15.0,3.9,12.2,2.0,,2.1,36.1,2.0,5.4,4.0,Apartment,3369000.0,1,3514000.0,4.3
589.0,1.0,2.0,6.0,7.6,15.6,3.8,5.2,1.7,29.8,2.0,5.88,3.49,Apartment,2173000.0,1,2273000.0,4.6
1119.0,2.0,1.0,21.0,5.7,10.1,3.6,6.3,1.8,23.1,1.0,6.63,4.79,Apartment,3658000.0,2,4041000.0,10.47
1273.0,2.0,,14.0,6.0,4.2,1.0,4.4,2.2,29.5,2.0,4.32,2.92,Apartment,4306000.0,5,5388000.0,25.13
1268.0,3.0,3.0,5.0,5.3,11.8,0.9,,4.3,,1.0,6.56,2.53,Apartment,4097000.0,4,4842000.0,18.18
,6.0,5.0,8.0,2.9,17.7,18.7,1.9,7.2,40.6,3.0,4.43,1.09,Villa,5561000.0,5,5528000.0,-0.59
1251.0,3.0,3.0,29.0,6.5,14.9,10.4,7.7,0.8,31.7,2.0,7.11,2.2,Apartment,3617000.0,1,3683000.0,1.82
2021.0,3.0,3.0,23.0,5.9,17.5,10.8,5.4,2.9,37.9,3.0,3.48,4.83,Independent House,4575000.0,5,4986000.0,8.98
2982.0,6.0,5.0,8.0,6.9,5.5,1.1,3.9,2.3,41.1,2.0,5.1,4.67,Independent House,11243000.0,4,13517000.0,20.23
1635.0,3.0,3.0,20.0,8.5,6.1,1.7,6.6,0.5,34.8,1.0,5.21,2.8,Independent House,8672000.0,2,9474000.0,9.25
2744.0,0.0,4.0,6.0,10.0,1.5,0.5,7.7,2.3,16.3,2.0,5.08,4.06,Villa,30185000.0,1,32277000.0,6.93
917.0,1.0,2.0,4.0,4.9,16.6,0.5,4.4,4.9,46.3,2.0,4.9,1.44,Apt,2116000.0,2,2232000.0,5.48
3443.0,6.0,5.0,9.0,5.8,6.3,4.8,6.6,0.9,35.4,3.0,5.35,3.0,Villa,14679000.0,4,17192000.0,17.12
890.0,1.0,1.0,9.0,7.7,1.1,1.1,5.2,0.4,28.2,0.0,7.7,4.57,Apartment,4525000.0,4,5964000.0,31.8
935.0,3.0,3.0,14.0,8.5,0.5,1.3,3.9,0.9,30.5,2.0,6.9,6.73,Apartment,4593000.0,4,6208000.0,35.16
970.0,2.0,2.0,18.0,9.3,,1.6,8.3,2.0,34.0,0.0,8.18,2.73,Apartment,5209000.0,1,5529000.0,6.14
781.0,2.0,2.0,34.0,5.4,16.3,0.4,6.1,5.6,207.1,0.0,5.81,3.52,Apartment,2005000.0,5,2506000.0,24.99
2576.0,5.0,4.0,10.0,6.7,5.2,1.5,4.1,0.6,21.6,2.0,5.71,1.18,Villa,13823000.0,2,14792000.0,7.01
3131.0,6.0,5.0,20.0,2.9,24.2,1.8,4.6,0.7,20.2,2.0,6.53,0.73,Villa ,9550000.0,5,10995000.0,15.13
1697.0,4.0,4.0,9.0,5.8,10.3,2.9,5.4,1.7,24.4,3.0,7.04,5.03,Independent House,6627000.0,5,9032000.0,36.29
1131.0,,1.0,28.0,9.3,14.7,2.0,6.9,1.8,32.6,0.0,5.0,7.01,Apartment,3749000.0,4,4569000.0,21.87
680.0,1.0,1.0,13.0,7.7,14.9,3.0,6.0,3.9,35.6,2.0,6.16,2.49,Apartment,2061000.0,4,2379000.0,15.43
1465.0,3.0,2.0,8.0,5.2,18.0,5.3,5.2,4.4,24.9,2.0,7.4,3.13,Apartment,4232000.0,3,4971000.0,17.46
1279.0,2.0,2.0,50.0,5.8,16.7,6.8,4.9,,50.4,2.0,4.85,4.29,Apartment,2211000.0,5,2512000.0,13.61
819.0,2.0,1.0,30.0,5.0,5.6,3.4,5.8,1.6,42.1,2.0,7.17,5.89,Apartment,1928000.0,4,2376000.0,23.24
1167.0,3.0,1.0,11.0,7.1,1.5,,6.6,1.4,20.8,1.0,6.59,2.17,Apartment,4698000.0,5,6036000.0,28.48
1291.0,2.0,2.0,14.0,5.7,6.0,1.8,4.9,1.3,29.6,,7.23,1.59,Apartment,3811000.0,4,4548000.0,19.34
3346.0,5.0,4.0,15.0,6.1,12.8,5.3,4.4,2.2,36.7,2.0,5.25,6.55,Villa,12534000.0,3,14442000.0,15.22
2756.0,4.0,3.0,11.0,5.5,15.8,2.7,4.6,0.6,24.3,2.0,6.61,2.69,Villa,10261000.0,2,11775000.0,14.75
2692.0,4.0,3.0,14.0,7.8,13.2,12.0,7.8,1.8,37.1,2.0,5.41,0.68,Independent House,10266000.0,3,11057000.0,7.71
1523.0,3.0,3.0,9.0,5.0,15.9,8.6,4.9,2.4,37.6,0.0,5.01,4.69,Apartment,3450000.0,1,3543000.0,2.7
1173.0,3.0,3.0,18.0,2.7,23.3,8.0,7.4,1.2,35.2,1.0,6.87,5.46,Apartment,1950000.0,4,2197000.0,12.67
646.0,1.0,2.0,28.0,6.7,12.5,3.0,6.9,3.1,32.5,2.0,3.5,4.39,Apartment,2085000.0,5,2405000.0,15.35
,3.0,3.0,38.0,8.9,5.5,3.3,8.0,2.0,30.9,1.0,6.28,4.26,Flat,5404000.0,5,6472000.0,19.76
1108.0,3.0,3.0,26.0,5.6,14.9,4.5,,10.7,33.5,0.0,5.29,2.1,Apartment,2494000.0,5,2892000.0,15.96
790.0,,1.0,26.0,7.8,2.7,1.5,3.9,0.5,24.9,0.0,6.23,3.68,Apartment,2948000.0,2,3221000.0,9.26
2749.0,5.0,4.0,19.0,6.2,13.0,4.9,3.1,1.5,25.3,4.0,4.8,3.81,Villa,11032000.0,5,13180000.0,19.47
1959.0,4.0,4.0,7.0,6.1,8.3,0.8,4.8,1.1,20.2,0.0,5.5,3.47,Apartment,5986000.0,1,6317000.0,5.53
1602.0,2.0,2.0,2.0,4.5,16.1,6.7,7.0,2.9,40.5,3.0,4.92,3.12,Independent House,4582000.0,2,4865000.0,6.18
1712.0,2.0,2.0,30.0,8.0,2.5,1.2,9.9,1.6,38.3,3.0,7.05,10.0,Independent House,9808000.0,5,13994000.0,42.68
917.0,1.0,2.0,13.0,7.0,14.7,2.7,3.2,3.2,30.0,1.0,7.84,5.59,Apartment,2538000.0,1,2698000.0,6.3
1681.0,3.0,3.0,7.0,8.6,0.5,1.2,5.6,1.8,42.1,0.0,7.68,3.72,Apartment,8945000.0,1,9550000.0,6.76
1088.0,2.0,2.0,19.0,2.8,23.0,2.1,7.4,9.1,23.6,2.0,6.92,0.77,Independent House,2514000.0,5,2911000.0,15.79
654.0,1.0,1.0,5.0,6.1,8.1,0.1,6.1,7.5,,2.0,7.91,8.07,Apartment,1997000.0,3,2480000.0,24.19
2753.0,6.0,5.0,6.0,6.9,5.7,0.9,7.4,1.5,33.2,3.0,6.95,5.19,Independent House,15924000.0,4,20744000.0,30.27
4495.0,6.0,5.0,12.0,7.9,11.3,1.2,6.1,2.4,18.9,4.0,3.64,6.23,Villa,27745000.0,2,30401000.0,9.57
2312.0,4.0,4.0,17.0,5.3,19.1,5.1,7.7,5.7,41.4,2.0,6.05,4.13,Villa,8063000.0,4,9779000.0,21.28
874.0,1.0,1.0,21.0,3.2,21.6,0.8,5.7,3.7,40.4,0.0,5.32,2.08,Apartment,1505000.0,1,1552000.0,3.12
1708.0,3.0,3.0,10.0,5.8,13.2,4.2,,3.0,36.5,1.0,4.08,2.53,Apartment,4944000.0,5,5688000.0,15.05
1278.0,2.0,1.0,11.0,4.3,17.5,5.5,2.8,8.3,25.3,3.0,5.35,7.61,Independent House,2686000.0,2,2949000.0,9.79
3732.0,6.0,4.0,7.0,6.3,16.8,4.7,5.1,7.2,26.4,2.0,7.36,8.38,Villa,17317000.0,2,19769000.0,14.16
1331.0,2.0,2.0,10.0,8.8,5.9,2.3,6.9,,9.9,0.0,7.73,3.05,Apartment,8487000.0,2,9662000.0,13.84
931.0,2.0,2.0,12.0,5.7,17.2,6.2,4.9,1.8,14.6,0.0,4.24,7.18,Apartment,2642000.0,2,2900000.0,9.77
1617.0,3.0,3.0,18.0,4.5,22.1,4.3,5.5,10.1,40.5,1.0,7.51,1.63,Apartment,3332000.0,4,3821000.0,14.68
3651.0,6.0,5.0,3.0,7.0,7.0,1.3,5.9,1.3,14.9,3.0,5.29,6.35,villa,21433000.0,5,29629000.0,38.24
3232.0,6.0,5.0,5.0,4.0,10.5,2.1,7.0,3.6,35.7,3.0,4.95,1.77,Villa,12877000.0,4,14458000.0,12.28
1137.0,1.0,2.0,32.0,5.6,17.2,7.6,6.3,3.5,29.8,2.0,6.19,7.94,Apartment,2671000.0,3,3054000.0,14.34
1406.0,2.0,2.0,13.0,5.6,12.2,5.4,4.3,1.6,,2.0,5.12,3.46,Apartment,4091000.0,2,4410000.0,7.8
962.0,1.0,1.0,8.0,7.7,15.6,2.9,7.1,2.1,22.8,0.0,6.0,4.18,Apartment,4234000.0,3,4943000.0,16.75
1290.0,2.0,2.0,5.0,4.2,14.2,2.7,7.6,4.6,37.7,1.0,7.79,6.6,Independent House,3901000.0,2,4457000.0,14.25
1265.0,2.0,2.0,6.0,8.4,3.5,2.7,5.5,1.2,36.2,1.0,8.2,3.09,Apartment,5690000.0,2,6507000.0,14.36
4110.0,6.0,5.0,9.0,9.2,0.5,1.7,7.9,1.8,40.4,4.0,6.91,7.18,Villa,36434000.0,1,39116000.0,7.36
1089.0,2.0,2.0,16.0,4.8,13.5,8.5,3.3,7.7,21.0,1.0,6.37,9.14,Independent House,2266000.0,2,2461000.0,8.61
1775.0,3.0,3.0,16.0,4.5,18.0,4.9,5.0,7.2,10.9,3.0,3.47,4.1,Independent House,4488000.0,2,4842000.0,7.89
1144.0,2.0,2.0,25.0,9.6,1.4,0.8,7.2,3.1,12.6,0.0,7.78,4.51,Apartment,7282000.0,4,10053000.0,38.05
1533.0,3.0,3.0,5.0,8.2,4.0,2.1,3.1,1.1,29.2,2.0,6.2,6.12,Independent House,7404000.0,5,10174000.0,37.41
714.0,1.0,1.0,3.0,8.0,9.3,0.6,6.5,1.4,22.2,0.0,5.98,3.85,Apartment,3693000.0,2,4209000.0,13.97
1901.0,4.0,4.0,4.0,6.2,7.8,3.0,3.7,2.1,25.1,,6.52,6.21,Apartment,6890000.0,2,7602000.0,10.33
702.0,1.0,1.0,13.0,6.0,8.2,1.0,3.2,5.1,43.2,2.0,7.78,8.56,Apartment,2037000.0,4,2684000.0,31.76
837.0,1.0,2.0,23.0,5.1,12.0,3.5,5.7,5.0,39.0,1.0,5.37,1.39,Apartment,1522000.0,3,1605000.0,5.45
1382.0,3.0,3.0,28.0,7.5,0.5,0.9,8.7,1.3,21.3,2.0,5.35,2.9,Apartment,8093000.0,4,9728000.0,20.2
1435.0,3.0,2.0,31.0,3.1,10.3,3.4,2.1,3.0,35.7,0.0,4.99,2.69,Apartment,2256000.0,4,2459000.0,9.0
1020.0,3.0,3.0,12.0,3.1,,6.0,6.4,6.2,54.2,2.0,5.6,3.82,Apartment,1767000.0,4,2006000.0,13.53
1524.0,4.0,4.0,27.0,5.4,8.2,3.8,5.5,2.9,23.8,1.0,6.04,1.94,Independent House,4734000.0,4,5316000.0,12.29
1460.0,3.0,2.0,18.0,5.3,9.5,4.2,9.1,1.5,28.8,1.0,6.65,5.08,Apartment,4259000.0,1,4494000.0,5.52
893.0,2.0,2.0,5.0,6.4,9.7,6.8,6.0,3.3,23.6,2.0,7.7,3.81,Apartment,3529000.0,3,4221000.0,19.61
2238.0,4.0,4.0,13.0,8.3,5.5,1.2,4.9,2.1,29.9,1.0,6.7,7.28,Apartment,10346000.0,2,12177000.0,17.7
796.0,1.0,1.0,10.0,5.4,18.7,2.5,6.1,,35.6,1.0,7.92,4.34,Apartment,2439000.0,3,2906000.0,19.15
3529.0,6.0,5.0,4.0,8.1,0.5,1.0,7.5,1.4,31.0,3.0,7.6,6.81,Independent House,32309000.0,3,40051000.0,23.96
943.0,2.0,2.0,17.0,9.0,3.9,0.7,4.4,1.1,10.2,3.0,5.46,3.26,Independent House,4471000.0,1,4729000.0,5.77
829.0,2.0,2.0,6.0,7.6,0.5,1.9,5.8,0.5,21.7,2.0,6.82,4.93,Apartment,4706000.0,3,5813000.0,23.52
971.0,1.0,2.0,2.0,3.6,18.9,7.3,2.2,3.6,39.8,0.0,4.86,3.1,Apartment,1551000.0,1,1581000.0,1.93
3089.0,5.0,5.0,3.0,3.9,15.0,3.2,6.3,0.7,45.4,2.0,6.61,3.65,Independent House,9989000.0,3,11322000.0,13.34
1203.0,2.0,2.0,31.0,8.6,10.0,1.2,4.5,5.1,31.7,1.0,5.71,6.52,Apartment,3910000.0,4,5086000.0,30.08
1367.0,3.0,2.0,4.0,5.0,11.9,1.2,5.7,4.1,44.6,1.0,7.48,0.83,Apartment,3776000.0,1,3941000.0,4.37
827.0,2.0,3.0,6.0,5.8,15.1,3.8,2.3,2.0,40.2,2.0,6.23,3.02,Apartment,2107000.0,5,2524000.0,19.79
1456.0,2.0,2.0,23.0,5.9,6.7,3.5,4.6,4.7,21.4,0.0,6.52,3.28,Apartment,3961000.0,5,4996000.0,26.13
2807.0,5.0,4.0,13.0,10.0,0.5,1.2,6.7,0.6,31.5,3.0,5.28,4.54,Villa,27713000.0,4,35372000.0,27.64
1233.0,2.0,1.0,23.0,6.5,19.3,4.5,6.4,3.1,11.3,1.0,4.9,1.74,Apartment,3396000.0,2,3587000.0,5.62
1740.0,2.0,2.0,10.0,3.1,18.8,10.5,6.5,7.2,41.7,3.0,2.8,6.1,Independent House,2940000.0,3,3145000.0,6.97
1223.0,3.0,3.0,16.0,3.2,13.7,7.3,1.4,2.5,41.7,2.0,3.93,0.47,Apartment,1829000.0,1,1875000.0,2.52
1214.0,1.0,1.0,13.0,7.4,4.6,2.9,4.5,2.0,10.0,2.0,3.97,0.92,Apartment,4575000.0,4,5096000.0,11.39
2064.0,4.0,4.0,8.0,5.1,9.2,3.3,4.7,2.0,28.7,2.0,4.45,5.17,Apartment,5981000.0,2,6557000.0,9.63
1196.0,2.0,2.0,27.0,7.1,8.7,2.6,5.6,1.6,27.6,1.0,2.65,1.77,Apartment,4213000.0,3,4436000.0,5.29
1359.0,3.0,3.0,4.0,3.9,13.9,10.9,4.2,1.5,41.8,2.0,7.91,4.49,Apartment,2933000.0,4,3410000.0,16.26
892.0,1.0,2.0,11.0,6.3,13.1,0.8,5.3,6.0,30.0,1.0,6.97,4.5,Apartment,2785000.0,3,3234000.0,16.12
1123.0,3.0,3.0,12.0,5.1,21.3,3.7,2.0,3.8,32.4,1.0,7.34,5.59,Apartment,2433000.0,4,2947000.0,21.13
2758.0,6.0,5.0,18.0,6.4,6.4,1.1,4.7,1.8,22.9,2.0,8.2,6.67,Independent House,12724000.0,4,16739000.0,31.55
1191.0,3.0,2.0,25.0,4.3,17.2,6.3,5.5,,33.4,1.0,3.94,1.86,Apartment,1806000.0,2,1845000.0,2.16
1355.0,1.0,1.0,8.0,6.7,7.9,2.2,3.0,2.1,30.0,0.0,6.04,3.47,Apartment,4226000.0,1,4423000.0,4.66
3517.0,6.0,4.0,11.0,7.6,15.9,9.8,6.9,1.1,28.6,1.0,6.14,1.58,Independent House,12903000.0,1,13406000.0,3.9
1371.0,2.0,2.0,7.0,5.8,0.5,0.3,3.5,,34.6,2.0,7.84,4.27,Independent House,5572000.0,4,6983000.0,25.32
1606.0,2.0,2.0,4.0,9.7,6.8,5.2,5.8,5.2,27.6,1.0,7.13,4.71,Apartment,7872000.0,4,9971000.0,26.66
1502.0,2.0,2.0,10.0,7.2,4.2,2.3,7.7,1.4,25.9,0.0,4.57,3.56,Apartment,6444000.0,5,8231000.0,27.73
1503.0,2.0,2.0,37.0,8.1,2.8,1.7,3.7,1.3,31.9,0.0,6.31,5.2,Apartment,4393000.0,1,4593000.0,4.55
870.0,1.0,1.0,30.0,4.9,15.7,11.6,4.1,3.0,11.9,1.0,6.2,3.53,Apartment,1413000.0,1,1469000.0,3.96
2658.0,5.0,4.0,2.0,6.0,9.6,7.5,5.5,,39.9,2.0,6.72,1.14,Independent House,9716000.0,1,9996000.0,2.88
1401.0,2.0,2.0,15.0,4.5,13.8,4.2,3.2,1.1,32.2,2.0,5.31,3.27,Independent House,3466000.0,4,3925000.0,13.24
3460.0,6.0,5.0,32.0,6.5,7.7,1.1,7.9,1.5,27.8,4.0,6.45,3.77,Villa,23337000.0,2,25795000.0,10.53
1259.0,3.0,2.0,18.0,5.8,8.9,3.0,8.3,2.1,43.5,1.0,5.98,5.86,Apartment,3817000.0,4,4691000.0,22.9
1688.0,3.0,3.0,10.0,6.9,12.9,6.3,8.6,,29.9,2.0,6.64,2.64,Apartment,6274000.0,5,7794000.0,24.23
1464.0,3.0,2.0,,8.9,3.0,2.8,8.5,1.0,64.0,1.0,4.9,7.76,Apartment,7712000.0,1,8051000.0,4.4
951.0,,3.0,16.0,7.3,2.4,0.7,6.1,2.5,30.0,0.0,3.12,1.37,Apartment,3809000.0,5,4750000.0,24.7
1182.0,2.0,1.0,5.0,5.6,7.3,3.3,7.1,2.7,35.6,0.0,6.54,3.06,Apartment,3691000.0,2,4058000.0,9.94
1022.0,2.0,2.0,,5.6,14.8,2.4,4.4,1.7,19.5,2.0,5.3,1.96,Apartment,2725000.0,1,2851000.0,4.62
1531.0,2.0,2.0,7.0,4.4,20.3,0.6,5.6,6.3,29.0,0.0,6.34,6.14,Apartment,4143000.0,3,4940000.0,19.24
1851.0,4.0,4.0,7.0,2.4,19.5,2.6,5.0,1.5,47.8,1.0,4.38,-0.28,Apartment,3366000.0,3,3558000.0,5.7
1449.0,2.0,1.0,20.0,6.2,12.5,14.8,6.0,5.4,36.9,2.0,5.66,3.63,Apartment,2993000.0,1,3107000.0,3.81
1670.0,3.0,2.0,4.0,8.8,9.1,0.7,8.2,4.5,4.9,3.0,7.86,3.64,Independent House,15665000.0,4,22030000.0,40.63
2754.0,6.0,5.0,4.0,5.5,13.3,0.7,4.9,4.4,29.0,2.0,6.41,3.74,Independent House,12038000.0,3,13536000.0,12.44
993.0,2.0,2.0,7.0,7.5,7.1,5.9,4.4,5.5,38.7,2.0,5.25,3.1,Apartment,2719000.0,1,2821000.0,3.75
1617.0,3.0,4.0,18.0,3.8,11.9,4.2,5.0,8.4,41.8,1.0,5.13,4.4,House,3338000.0,2,3576000.0,7.13
1864.0,5.0,5.0,7.0,6.4,17.1,1.6,4.4,3.3,29.5,1.0,6.08,5.68,Independent House,6637000.0,2,7552000.0,13.79
1228.0,2.0,2.0,23.0,3.9,16.7,6.1,8.0,2.1,31.7,2.0,4.04,-0.83,Independent House,3036000.0,4,3243000.0,6.82
3171.0,6.0,5.0,6.0,9.7,0.5,0.3,6.6,1.1,6.6,2.0,8.99,6.77,Villa,36513000.0,2,43700000.0,19.68
1956.0,4.0,3.0,7.0,7.7,4.2,1.5,5.8,1.0,23.9,3.0,5.92,3.93,Independent House,10948000.0,5,13983000.0,27.72
2002.0,4.0,4.0,16.0,6.2,6.4,3.1,5.8,3.1,32.4,2.0,8.0,6.61,Independent House,8220000.0,4,10599000.0,28.94
1219.0,2.0,2.0,36.0,5.8,7.6,3.9,5.0,0.8,30.3,1.0,5.84,1.16,Apartment,3021000.0,5,3632000.0,20.23
543.0,1.0,1.0,4.0,5.6,11.9,0.3,7.2,0.7,57.0,2.0,5.09,1.06,Apartment,1882000.0,3,2082000.0,10.63
905.0,3.0,2.0,10.0,4.6,14.4,4.5,7.3,1.7,41.0,1.0,4.26,1.32,APARTMENT,2088000.0,1,2140000.0,2.49
703.0,1.0,2.0,17.0,7.3,14.0,4.9,3.9,3.3,26.9,1.0,2.71,1.47,Apartment,1981000.0,2,2055000.0,3.74
695.0,1.0,2.0,9.0,7.1,6.7,4.7,4.8,1.3,32.3,1.0,7.05,3.39,Apartment,2367000.0,3,2707000.0,14.36
1044.0,2.0,3.0,4.0,4.2,11.6,0.1,6.3,1.5,50.2,2.0,5.02,3.2,Apartment,2554000.0,2,2746000.0,7.52
1602.0,3.0,2.0,6.0,3.8,15.7,1.3,,1.5,43.5,0.0,4.91,1.89,Apartment,3168000.0,1,3252000.0,2.65
1225.0,2.0,2.0,5.0,6.0,16.4,5.2,5.1,11.0,23.4,2.0,5.62,1.28,Apartment,3655000.0,1,3713000.0,1.59
780.0,1.0,1.0,7.0,4.7,,14.3,8.8,6.7,31.5,0.0,6.39,6.6,Apartment,1735000.0,3,1943000.0,11.99
6000.0,6.0,5.0,22.0,3.7,5.1,3.2,5.2,3.3,9.1,2.0,4.92,3.0,Villa,22791000.0,1,23345000.0,2.43
926.0,1.0,2.0,14.0,4.3,,4.2,5.5,2.8,42.2,2.0,5.83,4.75,Apartment,2387000.0,2,2604000.0,9.09
1186.0,2.0,1.0,3.0,11.0,1.3,1.1,5.6,1.0,35.1,1.0,5.22,5.51,Apartment,5871000.0,4,7234000.0,23.22
1802.0,3.0,3.0,5.0,4.9,13.3,7.1,5.8,2.0,31.1,3.0,7.76,7.47,Independent House,7179000.0,5,10016000.0,39.52
1259.0,2.0,2.0,14.0,7.7,8.9,3.9,6.9,1.8,45.7,0.0,7.02,2.8,Apartment,5175000.0,2,5784000.0,11.77
1305.0,2.0,2.0,16.0,6.1,13.8,2.8,7.4,0.9,34.0,0.0,4.89,3.43,Apartment,4340000.0,3,4940000.0,13.82
2191.0,4.0,4.0,23.0,4.3,12.9,6.4,5.9,2.0,29.8,1.0,3.83,0.2,apartment,4336000.0,1,4382000.0,1.06
5512.0,6.0,5.0,3.0,10.0,3.1,1.2,7.6,2.2,17.5,4.0,6.35,7.71,Villa,54921000.0,2,64101000.0,16.71
733.0,1.0,1.0,15.0,2.4,10.8,4.3,6.6,1.5,36.0,1.0,7.52,-0.54,Apartment,1547000.0,2,1658000.0,7.18
1878.0,4.0,4.0,17.0,6.7,9.6,2.0,6.2,3.0,24.4,0.0,4.79,5.52,Apartment,6826000.0,2,7431000.0,8.86
2581.0,4.0,4.0,9.0,4.7,8.6,1.3,5.3,1.1,22.6,2.0,7.35,3.76,Villa,11256000.0,5,16206000.0,43.98
1982.0,3.0,3.0,5.0,9.6,9.5,7.5,7.4,0.8,19.6,3.0,5.29,2.58,Independent House,11745000.0,1,12339000.0,5.06
2346.0,3.0,3.0,5.0,6.3,14.5,9.4,7.7,2.7,7.8,3.0,8.06,2.3,Independent House,7912000.0,4,9406000.0,18.88
922.0,2.0,2.0,4.0,4.3,17.1,3.5,1.9,5.5,51.6,0.0,7.53,3.71,Apartment,1666000.0,5,2147000.0,28.87
3595.0,5.0,,13.0,6.7,13.5,1.0,4.7,2.6,32.0,3.0,5.38,4.73,Villa,15768000.0,4,18960000.0,20.24
981.0,2.0,3.0,16.0,7.2,3.2,2.5,3.8,3.8,28.7,2.0,4.39,,Apartment,3472000.0,5,4511000.0,29.93
1792.0,3.0,2.0,1.0,5.2,9.4,2.1,6.1,2.1,13.3,1.0,5.45,-0.59,Apartment,6933000.0,4,8109000.0,16.96
1108.0,2.0,1.0,12.0,3.8,22.3,3.0,4.8,6.1,15.8,2.0,4.91,0.58,Apartment,2880000.0,2,3019000.0,4.83
1594.0,3.0,3.0,,6.1,13.2,1.9,6.9,5.0,28.6,1.0,5.29,1.5,Apartment,6288000.0,1,6573000.0,4.53
3115.0,5.0,5.0,27.0,6.7,9.5,2.3,5.0,2.4,30.8,2.0,7.25,,Villa,15304000.0,3,17961000.0,17.36
1387.0,2.0,2.0,10.0,7.0,14.4,9.0,6.2,16.0,19.9,0.0,4.7,2.75,Apartment,3340000.0,3,3737000.0,11.89
1843.0,3.0,3.0,4.0,8.1,4.0,2.6,4.5,0.7,29.3,2.0,5.07,3.23,Apartment,8464000.0,5,10827000.0,27.92
1066.0,2.0,2.0,12.0,10.0,0.5,0.5,7.0,0.9,3.5,0.0,6.84,3.94,Apartment,7768000.0,5,11634000.0,49.77
3079.0,5.0,4.0,19.0,5.0,19.8,6.1,3.3,2.1,29.3,4.0,4.22,1.54,Villa,10027000.0,3,10963000.0,9.33
1005.0,1.0,1.0,13.0,8.3,11.9,1.2,4.7,1.5,29.7,0.0,,4.22,Apartment,3636000.0,3,4389000.0,20.71
1593.0,,3.0,9.0,4.8,20.2,3.3,3.8,3.2,30.9,0.0,6.79,2.85,Apartment,3535000.0,3,4144000.0,17.23
821.0,3.0,2.0,3.0,4.2,15.5,1.7,5.9,1.1,33.4,1.0,6.69,4.42,Apartment,2354000.0,2,2592000.0,10.11
992.0,1.0,2.0,20.0,5.1,16.1,3.2,4.8,1.7,48.8,2.0,6.78,6.76,Apartment,2164000.0,2,2363000.0,9.2
2813.0,5.0,5.0,7.0,1.8,25.3,3.9,5.1,1.5,30.1,1.0,3.7,1.23,Independent House,6804000.0,5,7042000.0,3.5
907.0,1.0,2.0,13.0,8.5,9.6,3.1,4.0,1.4,20.3,2.0,6.38,2.63,Apartment,3952000.0,2,4403000.0,11.41
2640.0,5.0,4.0,4.0,5.9,10.5,1.1,5.6,3.3,12.8,3.0,4.75,4.44,Villa,14044000.0,2,15629000.0,11.29
1352.0,2.0,1.0,29.0,6.9,9.4,2.3,5.6,3.5,33.6,1.0,4.9,6.47,Independent House,4006000.0,2,4390000.0,9.59
1131.0,2.0,1.0,18.0,8.8,0.5,2.6,6.9,0.8,22.7,1.0,5.25,5.9,Apartment,6149000.0,1,6531000.0,6.21
2137.0,4.0,3.0,7.0,4.9,15.2,9.2,5.9,2.2,19.3,1.0,6.94,4.27,Independent House,6205000.0,5,7715000.0,24.34
1303.0,3.0,4.0,15.0,4.3,15.8,0.8,4.8,5.8,58.2,1.0,4.0,1.55,Apartment,2575000.0,1,2633000.0,2.25
1406.0,3.0,2.0,8.0,8.2,12.6,6.2,9.4,2.8,17.7,0.0,6.64,,Apartment,7979000.0,3,9343000.0,17.09
1642.0,2.0,3.0,3.0,9.6,8.8,1.2,7.5,6.0,,2.0,6.22,2.39,Independent House,11801000.0,2,12977000.0,9.97
1044.0,3.0,3.0,4.0,4.5,13.1,3.1,3.9,2.2,31.7,1.0,5.9,,Apartment,3083000.0,1,3218000.0,4.38
2322.0,4.0,3.0,9.0,6.4,15.1,5.2,5.1,3.8,10.5,2.0,9.06,3.53,Independent House,9694000.0,4,12827000.0,32.32
1487.0,3.0,3.0,21.0,4.6,12.6,1.4,3.2,3.3,,2.0,3.67,3.77,Independent House,3951000.0,4,4361000.0,10.38
1761.0,4.0,3.0,9.0,1.9,7.6,0.4,4.8,2.0,29.7,2.0,6.27,,Independent House,5137000.0,1,5420000.0,5.51
1271.0,3.0,3.0,32.0,4.8,16.5,1.9,5.6,1.7,13.1,2.0,5.15,7.5,Independent House,3884000.0,1,4103000.0,5.64
2489.0,5.0,5.0,16.0,,5.9,0.5,7.0,3.3,18.1,2.0,8.9,2.14,Independent House,11934000.0,3,14867000.0,24.58
1998.0,3.0,3.0,38.0,1.7,19.0,4.3,8.0,11.1,28.4,2.0,4.53,2.37,Independent House,2853000.0,4,3169000.0,11.08
1231.0,2.0,2.0,40.0,3.6,16.8,2.9,5.1,4.7,43.2,1.0,5.3,-0.61,Apartment,1605000.0,2,1653000.0,2.99
1291.0,3.0,2.0,27.0,9.5,0.5,1.0,4.7,,5.7,1.0,7.46,6.38,Apartment,6532000.0,1,6951000.0,6.41
1169.0,2.0,2.0,10.0,5.0,16.9,4.0,5.1,2.1,26.4,0.0,4.08,1.33,Apartment,2755000.0,4,3092000.0,12.23
2393.0,4.0,4.0,5.0,5.4,6.1,1.2,7.0,3.0,26.5,2.0,4.27,1.2,Independent House,9336000.0,1,9762000.0,4.56
726.0,1.0,1.0,5.0,8.3,10.1,,6.0,4.7,30.6,1.0,5.66,3.73,Apartment,2939000.0,3,3345000.0,13.81
1205.0,3.0,3.0,14.0,7.3,23.8,0.6,,8.1,35.7,2.0,6.97,2.71,Apartment,4225000.0,3,5021000.0,18.84
1727.0,4.0,3.0,12.0,9.2,9.9,3.8,6.2,4.0,18.0,1.0,6.89,5.9,Independent House,9252000.0,3,11323000.0,22.38
1001.0,2.0,2.0,15.0,8.4,11.0,6.4,7.7,6.2,10.0,0.0,7.71,8.48,Apartment,4602000.0,2,5464000.0,18.73
2231.0,4.0,3.0,12.0,10.0,3.7,1.4,7.4,,30.6,2.0,6.98,7.35,Independent House,15434000.0,4,20392000.0,32.12
1353.0,2.0,2.0,3.0,8.6,1.2,3.8,5.6,,25.0,2.0,7.49,3.35,Apartment,6884000.0,2,7821000.0,13.61
1816.0,4.0,3.0,12.0,6.0,17.8,12.4,4.1,9.4,20.6,2.0,6.78,7.41,Independent House,4463000.0,3,5084000.0,13.91
857.0,2.0,3.0,16.0,3.7,13.7,6.6,5.5,2.8,34.9,0.0,6.27,3.73,Apartment,1820000.0,1,1897000.0,4.23
1926.0,3.0,3.0,37.0,7.9,5.2,1.9,3.8,2.6,20.4,3.0,5.57,3.6,Independent House,8245000.0,1,8542000.0,3.6
2240.0,3.0,2.0,5.0,3.8,17.5,4.7,4.7,1.6,29.3,1.0,6.02,6.26,Independent House,5541000.0,4,6396000.0,15.43
1100.0,3.0,4.0,6.0,7.7,19.0,5.7,4.2,2.2,30.5,,4.9,6.7,Apartment,3563000.0,1,3781000.0,6.12
3588.0,6.0,5.0,-16.0,6.0,13.2,4.7,5.0,1.1,33.2,4.0,6.89,3.46,Villa,15449000.0,1,16188000.0,4.78
1097.0,2.0,2.0,8.0,5.9,11.9,4.6,3.7,4.4,33.9,1.0,7.14,4.2,Apartment,2875000.0,4,3397000.0,18.16
3270.0,5.0,4.0,5.0,10.0,13.6,4.2,7.9,1.6,13.2,4.0,8.1,4.67,Villa,35667000.0,3,44055000.0,23.52
759.0,2.0,2.0,3.0,9.6,11.7,7.4,3.1,1.3,25.5,2.0,5.61,5.77,Apartment,2489000.0,2,2724000.0,9.44
896.0,1.0,2.0,13.0,7.8,6.0,5.0,6.4,5.2,25.7,1.0,4.67,3.2,Apartment,3419000.0,1,3544000.0,3.66
1708.0,2.0,2.0,9.0,4.6,15.1,3.1,3.9,2.9,19.6,2.0,6.35,3.77,Independent House,4948000.0,3,5506000.0,11.28
2361.0,5.0,5.0,4.0,6.1,3.6,1.8,4.3,1.0,42.3,3.0,6.24,5.4,Independent House,9228000.0,3,11098000.0,20.26
2453.0,4.0,4.0,3.0,6.6,11.0,1.8,7.3,6.7,37.2,3.0,6.57,2.88,Independent House,10386000.0,4,12984000.0,25.01
981.0,1.0,2.0,17.0,6.7,11.8,3.1,3.5,4.8,23.2,0.0,6.82,7.24,Apartment,2820000.0,1,2976000.0,5.53
1745.0,2.0,1.0,8.0,5.9,12.9,1.4,5.6,0.8,14.8,1.0,7.72,7.31,Independent House,6994000.0,3,8366000.0,19.62
1099.0,3.0,3.0,4.0,6.0,15.6,9.0,5.2,3.5,52.8,2.0,4.85,7.04,Independent House,2495000.0,5,3013000.0,20.76
1408.0,3.0,3.0,4.0,7.2,7.3,3.7,7.4,1.7,28.2,1.0,6.6,5.7,Independent House,8205000.0,2,9497000.0,15.75
1525.0,3.0,3.0,22.0,6.2,11.3,7.0,5.8,1.2,19.3,2.0,4.36,3.56,Apartment,4280000.0,1,4443000.0,3.81
1046.0,1.0,3.0,8.0,3.5,11.7,3.1,6.7,3.2,36.0,2.0,7.59,2.17,Apartment,2835000.0,1,2962000.0,4.48
1430.0,2.0,2.0,11.0,3.7,17.7,5.4,4.7,4.2,31.3,3.0,5.76,1.06,Independent House,3140000.0,1,3229000.0,2.83
1295.0,2.0,2.0,7.0,1.0,16.9,3.5,3.7,5.5,49.8,0.0,5.75,0.95,Apartment,2179000.0,1,2229000.0,2.29
2834.0,6.0,5.0,22.0,9.8,8.1,1.2,6.1,1.0,8.9,4.0,6.87,6.05,Villa,24885000.0,4,33406000.0,34.24
616.0,1.0,1.0,3.0,10.0,8.8,0.1,8.7,2.4,37.0,1.0,6.78,,Apartment,4600000.0,4,6213000.0,35.07
3649.0,6.0,4.0,6.0,6.6,11.6,2.8,5.3,1.7,24.0,4.0,5.01,5.86,Villa,20864000.0,2,22622000.0,8.43
1628.0,3.0,3.0,4.0,5.6,10.2,7.5,7.5,1.9,19.3,2.0,7.13,3.45,Apartment,6057000.0,4,7359000.0,21.5
1275.0,3.0,4.0,6.0,6.7,16.1,2.4,4.6,4.1,13.6,2.0,4.78,3.22,Apartment,5252000.0,4,6310000.0,20.14
949.0,2.0,3.0,50.0,7.7,13.1,4.0,7.8,1.3,,1.0,5.58,6.39,Apartment,2790000.0,5,3584000.0,28.46
904.0,1.0,1.0,8.0,6.2,11.5,6.7,6.0,2.5,13.9,,8.03,4.18,Apartment,3017000.0,1,3183000.0,5.5
1212.0,3.0,3.0,13.0,7.4,6.2,5.8,5.6,2.7,16.9,2.0,5.41,4.8,Independent House,5324000.0,4,6588000.0,23.74
622.0,1.0,1.0,30.0,7.5,10.7,1.0,6.5,4.7,24.3,0.0,5.43,2.53,Apartment,1839000.0,5,2318000.0,26.05
2309.0,4.0,4.0,8.0,5.9,14.8,2.3,3.9,3.6,25.5,1.0,5.53,3.24,Independent House,7861000.0,2,8440000.0,7.37
1746.0,4.0,3.0,6.0,12.0,26.8,13.3,5.7,6.8,32.3,2.0,3.44,,Independent House,2268000.0,2,2279000.0,0.49
1048.0,2.0,2.0,22.0,5.9,3.2,1.5,6.5,2.3,33.0,1.0,3.86,1.93,Apartment,3216000.0,1,3300000.0,2.61
1666.0,3.0,4.0,,5.8,9.6,4.3,9.6,2.5,34.4,3.0,6.78,0.37,Independent House,7282000.0,5,9324000.0,28.04
1607.0,3.0,,12.0,6.1,9.8,3.5,6.3,1.4,36.6,0.0,5.89,4.91,Apartment,5586000.0,2,6175000.0,10.54
2471.0,4.0,4.0,22.0,5.8,15.1,6.5,2.4,8.4,15.9,3.0,5.51,2.42,Independent House,5971000.0,4,6616000.0,10.8
669.0,1.0,2.0,18.0,10.0,0.5,,4.8,1.0,24.1,1.0,5.82,5.49,Apartment,3357000.0,2,3817000.0,13.7
1672.0,3.0,3.0,7.0,8.3,17.6,4.8,6.5,3.4,9.3,1.0,6.3,5.87,Apartment,8312000.0,4,10641000.0,28.02
986.0,3.0,3.0,22.0,4.5,14.2,1.9,6.9,1.8,19.1,2.0,6.0,2.98,Independent House,3070000.0,2,3294000.0,7.3
3394.0,6.0,6.0,13.0,4.9,13.8,13.1,4.3,1.9,27.3,2.0,4.48,3.99,Villa,10130000.0,5,11866000.0,17.14
567.0,1.0,1.0,4.0,5.9,13.2,3.7,3.7,1.7,19.3,0.0,7.4,2.74,Apartment,1894000.0,4,2443000.0,28.99
1365.0,3.0,3.0,43.0,5.4,23.2,5.2,3.7,9.0,32.7,1.0,4.99,2.32,Apartment,1864000.0,1,1900000.0,1.93
1173.0,2.0,2.0,8.0,5.2,9.6,2.9,4.6,3.9,42.1,0.0,4.51,1.83,Apartment,3088000.0,4,3440000.0,11.4
2909.0,6.0,5.0,9.0,3.6,14.1,1.7,5.6,4.7,36.7,2.0,5.35,1.72,Villa,11146000.0,4,13133000.0,17.83
1062.0,1.0,2.0,16.0,3.9,12.8,3.2,2.7,2.3,15.9,0.0,6.13,-0.12,Apartment,2235000.0,2,2380000.0,6.49
1283.0,3.0,3.0,8.0,4.4,20.1,2.2,5.4,2.0,34.3,0.0,4.2,2.11,Apartment,3061000.0,4,3418000.0,11.66
1102.0,1.0,1.0,28.0,3.4,22.7,5.5,5.7,1.1,28.0,0.0,,0.16,Apartment,1619000.0,3,1658000.0,2.41
1186.0,1.0,2.0,5.0,7.3,11.3,3.0,8.5,1.3,28.3,1.0,4.58,5.26,Apartment,4807000.0,1,4996000.0,3.93
1254.0,4.0,3.0,9.0,6.8,11.2,3.8,6.3,1.8,21.3,0.0,6.11,4.82,Apartment,5030000.0,3,5994000.0,19.17
682.0,1.0,2.0,2.0,7.6,8.0,4.8,7.6,1.3,21.9,2.0,5.7,2.99,Apartment,3699000.0,4,4668000.0,26.2
3361.0,6.0,5.0,22.0,5.7,9.3,2.4,5.9,1.6,14.1,,5.55,3.15,Villa,18644000.0,4,21752000.0,16.67
2923.0,5.0,4.0,25.0,5.3,11.0,1.4,6.4,6.4,13.7,3.0,7.32,6.14,House,10660000.0,4,13941000.0,30.78
849.0,2.0,2.0,43.0,6.4,13.1,7.3,6.7,2.3,43.1,2.0,5.0,4.55,Apartment,1931000.0,2,2061000.0,6.73
2234.0,4.0,3.0,14.0,5.1,8.8,3.8,5.8,4.6,36.5,4.0,5.44,5.25,Villa,10342000.0,2,11199000.0,8.29
1074.0,2.0,1.0,18.0,5.4,17.1,2.3,4.7,2.7,24.3,1.0,7.64,4.28,Apartment,2909000.0,4,3505000.0,20.49
1116.0,2.0,2.0,17.0,2.4,13.4,4.1,5.5,2.0,44.3,2.0,3.99,1.38,Apartment,2199000.0,2,2318000.0,5.41
738.0,1.0,2.0,19.0,5.1,11.2,2.3,5.4,2.1,27.3,0.0,5.83,5.92,Apartment,2267000.0,5,2887000.0,27.35
4907.0,6.0,5.0,9.0,5.6,24.5,14.3,6.2,6.5,36.8,3.0,4.95,3.21,Villa,12796000.0,3,14229000.0,11.2
4903.0,3.0,3.0,9.0,,27.3,1.2,3.3,2.4,34.0,0.0,6.32,,Apartment,3121000.0,5,3859000.0,23.65
3017.0,5.0,4.0,6.0,6.3,12.3,0.8,6.2,0.7,25.6,3.0,5.41,1.52,Independent House,14224000.0,3,16536000.0,16.25
1351.0,1.0,1.0,,8.5,4.3,1.9,4.1,1.2,24.3,0.0,6.31,5.05,Apartment,5334000.0,5,6764000.0,26.81
1486.0,3.0,2.0,18.0,7.8,7.8,2.5,2.1,0.8,37.2,2.0,10.0,6.91,Apartment,5212000.0,1,5639000.0,8.19
2215.0,5.0,5.0,5.0,5.0,13.1,2.9,4.0,4.4,24.2,3.0,6.03,2.2,Independent House,7373000.0,1,7764000.0,5.3
1946.0,4.0,4.0,12.0,5.1,15.1,6.5,3.2,4.5,138.4,3.0,7.08,4.46,Independent House,4693000.0,3,5433000.0,15.77
1436.0,3.0,3.0,3.0,9.5,6.3,6.3,6.1,3.1,15.3,0.0,,5.27,Apartment,8050000.0,5,10500000.0,30.43
1440.0,3.0,3.0,2.0,3.7,18.1,14.0,3.9,0.5,57.2,1.0,6.01,1.29,Independent House,2249000.0,1,2300000.0,2.27
912.0,3.0,2.0,4.0,5.5,14.9,4.6,7.4,7.4,38.2,2.0,9.06,5.89,Apartment,2802000.0,1,2971000.0,6.03
2492.0,,5.0,11.0,5.0,15.1,4.0,7.0,2.1,36.2,1.0,5.12,3.73,Apartment,6806000.0,1,7049000.0,3.57
843.0,1.0,,8.0,5.5,19.1,9.6,4.7,2.9,38.4,1.0,4.7,3.98,Apartment,1598000.0,2,1709000.0,6.95
2137.0,4.0,4.0,9.0,6.6,6.1,2.0,8.8,1.9,27.7,2.0,7.14,5.32,INDEPENDENT HOUSE,11777000.0,4,15230000.0,29.32
4393.0,6.0,5.0,33.0,8.2,4.4,0.5,7.9,1.3,28.2,3.0,5.15,2.32,Villa,34049000.0,3,38381000.0,12.72
2714.0,5.0,3.0,14.0,6.0,7.1,1.0,6.2,0.9,48.6,2.0,5.11,2.27,Villa,13727000.0,5,16855000.0,22.79
949.0,2.0,2.0,20.0,5.1,11.7,1.4,5.9,2.8,14.1,2.0,,4.05,Apartment,2825000.0,1,2982000.0,5.56
1764.0,3.0,3.0,28.0,6.9,8.5,5.5,5.6,2.5,23.4,2.0,4.93,2.81,Independent House,7301000.0,4,8522000.0,16.72
1512.0,2.0,2.0,20.0,6.3,12.0,1.7,2.4,2.1,37.4,2.0,4.69,2.54,Apartment,3546000.0,1,3693000.0,4.15
806.0,1.0,1.0,12.0,10.0,5.3,3.5,7.5,1.7,18.7,0.0,5.76,6.37,Apartment,4129000.0,5,6054000.0,46.62
882.0,1.0,1.0,21.0,5.7,13.3,6.9,7.1,3.2,29.8,2.0,4.42,3.86,Apartment,2003000.0,3,2180000.0,8.84
2634.0,4.0,3.0,18.0,7.2,12.8,2.0,6.3,2.9,35.0,0.0,7.51,6.58,Apartment,9003000.0,2,10143000.0,12.66
2292.0,4.0,4.0,1.0,5.1,12.4,1.5,6.2,2.7,32.4,,6.37,0.53,Independent House,8807000.0,2,9725000.0,10.42
3056.0,,5.0,19.0,7.1,8.8,5.7,5.2,1.9,14.8,2.0,5.86,4.85,Villa,16258000.0,1,16979000.0,4.43
935.0,2.0,2.0,9.0,3.5,8.0,1.7,3.5,1.6,36.6,0.0,5.52,6.23,Apartment,2279000.0,1,2402000.0,5.4
2059.0,3.0,3.0,31.0,4.9,10.5,1.8,6.6,3.2,31.7,2.0,6.75,4.92,Independent House,6313000.0,3,7435000.0,17.77
2197.0,4.0,3.0,15.0,6.5,4.8,1.3,,2.6,38.2,1.0,6.58,6.41,Independent House,9416000.0,5,12270000.0,30.31
2305.0,5.0,4.0,5.0,2.2,16.0,2.9,1.3,2.5,55.4,1.0,5.45,3.79,Independent House,4568000.0,1,4742000.0,3.81
1374.0,2.0,,21.0,5.1,8.6,3.9,7.1,4.7,32.4,1.0,5.17,5.03,Independent House,3811000.0,2,4190000.0,9.94
2288.0,3.0,2.0,11.0,5.3,12.8,1.8,,3.1,29.1,3.0,4.7,1.92,Independent House,7241000.0,3,8117000.0,12.1
2325.0,4.0,4.0,15.0,6.0,6.5,3.5,6.2,3.7,34.3,2.0,5.47,2.65,Villa,10736000.0,1,10996000.0,2.42
1244.0,2.0,3.0,3.0,6.7,7.6,5.7,6.5,2.9,36.1,2.0,4.0,3.51,Independent House,4937000.0,3,5653000.0,14.5
1169.0,2.0,2.0,4.0,6.5,11.1,2.9,,2.4,42.5,1.0,5.91,1.85,Flat,4075000.0,4,4902000.0,20.29
801.0,1.0,1.0,27.0,7.4,14.9,10.1,7.0,1.6,29.1,0.0,3.97,2.75,apartment,1969000.0,3,2054000.0,4.32
1516.0,3.0,3.0,8.0,3.1,,3.0,6.3,4.0,35.6,2.0,5.41,2.2,Apartment,3963000.0,4,4350000.0,9.77
1353.0,2.0,1.0,2.0,6.8,15.6,5.2,4.7,1.0,26.0,1.0,8.11,4.26,Independent House,4396000.0,5,5973000.0,35.87
1576.0,4.0,3.0,8.0,7.1,14.1,,8.1,1.2,26.5,0.0,6.44,7.97,Apt,5345000.0,3,6187000.0,15.75
1205.0,3.0,3.0,20.0,9.9,4.6,0.5,6.7,2.4,7.5,2.0,7.68,5.66,Independent House,9649000.0,3,12161000.0,26.03
1483.0,3.0,3.0,12.0,9.2,15.5,0.5,4.7,7.5,29.6,0.0,5.9,6.86,Apartment,5292000.0,4,6667000.0,25.98
3083.0,6.0,5.0,23.0,2.3,24.2,8.1,4.3,4.5,52.4,2.0,5.7,-0.57,Villa,6343000.0,5,7087000.0,11.73
3332.0,5.0,5.0,14.0,9.1,12.1,9.2,5.2,6.7,48.0,1.0,6.89,4.48,Independent House,10021000.0,2,11095000.0,10.72
953.0,3.0,,4.0,7.5,11.5,5.2,4.0,1.6,25.6,1.0,7.47,3.28,Apartment,3680000.0,2,4240000.0,15.22
6000.0,6.0,6.0,8.0,9.4,0.5,1.5,5.9,2.1,6.6,2.0,4.15,1.72,Villa,47526000.0,4,58066000.0,22.18
3386.0,6.0,6.0,8.0,6.3,14.7,6.7,7.3,3.0,30.9,3.0,5.17,1.6,Villa,15731000.0,4,16867000.0,7.22
932.0,2.0,1.0,15.0,4.8,19.8,3.8,4.8,2.9,40.9,0.0,3.98,1.24,Apartment,1967000.0,3,2111000.0,7.32
3510.0,6.0,5.0,5.0,5.2,2.0,3.1,4.3,1.5,22.6,3.0,5.01,4.19,Villa,17875000.0,1,18773000.0,5.02
1797.0,3.0,2.0,8.0,5.3,13.5,7.5,3.8,2.0,19.9,2.0,7.91,6.14,Independent House,4920000.0,2,5649000.0,14.82
2335.0,5.0,,8.0,6.6,1.1,0.7,6.9,0.9,39.3,1.0,4.75,4.19,House,12610000.0,2,13545000.0,7.41
4525.0,6.0,5.0,8.0,7.9,11.2,3.1,6.9,1.9,16.7,2.0,6.6,3.2,Villa,30344000.0,5,40027000.0,31.91
1448.0,2.0,1.0,5.0,2.8,25.7,,4.3,5.4,27.3,2.0,5.22,-0.43,Apartment,2680000.0,3,2779000.0,3.69
743.0,2.0,2.0,6.0,8.2,3.2,4.1,,0.6,21.7,2.0,5.34,5.03,Apartment,4344000.0,2,4955000.0,14.07
1092.0,2.0,3.0,5.0,4.8,21.7,0.9,6.7,5.2,24.9,0.0,6.65,4.45,Apartment,3198000.0,1,3361000.0,5.1
882.0,1.0,1.0,3.0,3.7,14.0,2.6,5.9,1.9,38.9,2.0,7.19,3.77,Apartment,2474000.0,1,2577000.0,4.16
3661.0,6.0,5.0,33.0,3.2,14.2,14.5,2.6,4.5,58.8,2.0,6.15,1.9,Villa,5453000.0,3,5713000.0,4.77
,3.0,2.0,26.0,7.0,6.8,3.9,5.8,1.5,45.5,1.0,5.39,2.03,Flat,5338000.0,4,6167000.0,15.53
833.0,2.0,2.0,16.0,6.3,14.4,3.7,4.0,2.8,40.1,2.0,4.76,4.78,Apartment,2083000.0,3,2298000.0,10.32
1598.0,4.0,3.0,14.0,7.2,14.3,8.9,4.9,3.7,31.2,2.0,5.21,2.03,Independent House,5166000.0,4,5766000.0,11.61
1162.0,1.0,1.0,26.0,4.3,12.2,3.5,5.1,0.7,25.7,1.0,5.27,1.82,Apartment,2712000.0,4,3151000.0,16.19
896.0,2.0,2.0,8.0,7.1,,1.5,5.1,2.5,16.6,1.0,8.28,2.77,Apartment,3509000.0,3,4193000.0,19.49
1796.0,3.0,2.0,2.0,8.4,0.5,3.4,5.2,0.8,24.8,1.0,9.8,8.58,Independent House,10247000.0,1,11271000.0,9.99
1249.0,2.0,,16.0,2.7,19.9,7.3,4.4,,37.9,0.0,5.16,4.21,Apartment,1899000.0,4,2050000.0,7.95
2676.0,5.0,4.0,11.0,6.0,9.3,1.9,7.3,4.4,32.2,1.0,7.77,0.78,Apartment,11852000.0,2,13445000.0,13.44
1102.0,2.0,3.0,21.0,6.1,11.6,1.4,5.8,1.7,24.8,2.0,6.1,0.83,Apartment,3666000.0,4,4319000.0,17.81
1434.0,3.0,3.0,2.0,5.6,21.6,18.9,4.2,2.7,32.3,1.0,6.77,4.55,Independent House,2814000.0,4,3166000.0,12.51
1692.0,3.0,2.0,18.0,6.3,9.1,3.1,8.1,1.4,32.8,1.0,5.93,2.11,independent house,6189000.0,5,7886000.0,27.42
1491.0,3.0,2.0,16.0,4.2,13.7,3.1,4.8,1.2,34.4,2.0,4.89,-0.03,Apartment,3217000.0,4,3522000.0,9.48
992.0,2.0,2.0,9.0,10.0,4.1,2.3,9.1,0.9,12.2,1.0,7.44,,APARTMENT,7530000.0,5,10757000.0,42.86
1263.0,3.0,4.0,34.0,7.3,6.9,5.8,6.7,4.6,21.8,1.0,7.2,4.67,Apartment,4249000.0,5,5327000.0,25.37
1608.0,3.0,3.0,15.0,3.9,9.5,2.4,6.8,5.0,48.9,1.0,6.21,3.92,Apartment,3704000.0,3,4279000.0,15.52
2452.0,5.0,4.0,34.0,7.1,13.1,1.0,4.2,5.9,24.5,3.0,4.31,,Independent House,8948000.0,3,9893000.0,10.56
2616.0,6.0,6.0,18.0,5.7,8.4,0.8,7.7,1.2,18.7,2.0,6.7,2.72,Villa,15170000.0,3,17355000.0,14.4
1276.0,2.0,2.0,6.0,6.8,14.0,1.8,7.7,1.7,33.7,2.0,5.36,3.53,Apartment,5508000.0,2,6084000.0,10.46
1727.0,3.0,3.0,23.0,8.5,4.7,0.6,6.0,1.0,40.1,0.0,6.39,6.4,Apartment,7328000.0,5,10569000.0,44.23
752.0,1.0,1.0,4.0,5.8,10.1,1.1,6.3,1.8,31.0,2.0,7.02,6.18,Apartment,2980000.0,4,3657000.0,22.72
1094.0,2.0,2.0,21.0,10.0,0.5,0.2,7.7,0.8,,3.0,5.73,6.62,Independent House,9565000.0,5,13890000.0,45.22
1781.0,3.0,3.0,25.0,9.7,0.5,1.5,3.4,0.6,15.5,1.0,8.25,7.56,Apartment,8224000.0,2,9820000.0,19.41
774.0,1.0,2.0,8.0,7.7,0.5,2.6,5.9,1.7,26.1,1.0,7.11,6.17,Apt,3253000.0,2,3654000.0,12.33
1849.0,4.0,4.0,11.0,3.1,16.1,9.4,3.4,0.8,34.2,1.0,5.94,5.04,Independent House,3619000.0,5,4177000.0,15.42
1137.0,2.0,2.0,3.0,3.6,9.6,1.5,3.8,0.8,29.4,2.0,3.64,4.79,Independent House,3232000.0,3,3525000.0,9.07
1336.0,3.0,3.0,4.0,7.0,7.4,1.3,4.6,1.1,36.1,2.0,4.91,2.8,Apartment,5480000.0,2,5921000.0,8.05
1348.0,2.0,2.0,15.0,5.7,11.5,,5.5,3.3,31.8,2.0,7.31,7.98,Apartment,3829000.0,5,5311000.0,38.7
1571.0,4.0,3.0,4.0,3.5,16.3,7.4,3.9,5.1,56.3,2.0,,2.57,Apartment,2995000.0,3,3339000.0,11.49
1898.0,3.0,3.0,5.0,6.5,9.6,6.3,5.1,,,1.0,6.99,4.44,APARTMENT,6554000.0,2,7401000.0,12.92
3092.0,6.0,5.0,29.0,5.8,13.3,3.2,3.2,4.5,,3.0,6.09,1.6,Independent House,7155000.0,2,7650000.0,6.92
890.0,2.0,,9.0,3.5,26.7,4.5,3.8,1.2,35.9,0.0,5.05,1.94,Apartment,1645000.0,5,1833000.0,11.43
828.0,1.0,2.0,13.0,5.7,17.5,,,5.2,24.2,1.0,4.83,0.33,APARTMENT,1936000.0,3,2100000.0,8.47
554.0,1.0,1.0,4.0,3.2,14.5,2.5,3.6,3.2,51.0,1.0,3.4,-1.02,Apartment,1137000.0,2,1192000.0,4.84
3395.0,6.0,5.0,4.0,1.8,18.7,1.5,6.3,6.6,36.9,4.0,5.05,0.52,Villa,9154000.0,3,10342000.0,12.98
2055.0,4.0,4.0,4.0,5.7,8.2,1.7,1.8,5.7,30.8,1.0,7.94,6.21,Independent House,7263000.0,5,10678000.0,47.02
1023.0,2.0,2.0,5.0,3.4,12.2,1.5,4.6,1.9,37.3,1.0,4.26,0.71,Apartment,2401000.0,3,2583000.0,7.58
1323.0,2.0,2.0,15.0,7.7,10.9,7.6,4.0,3.4,30.3,2.0,7.75,6.99,Apartment,4255000.0,2,4829000.0,13.49
2424.0,4.0,4.0,8.0,7.4,0.5,0.6,6.1,1.0,48.2,1.0,7.26,3.89,Independent House,11486000.0,5,15533000.0,35.23
1148.0,2.0,1.0,5.0,2.6,16.1,2.3,1.2,3.0,48.7,2.0,4.6,,Apartment,2223000.0,2,2278000.0,2.47
798.0,2.0,2.0,6.0,8.5,4.0,0.6,6.7,1.5,18.4,2.0,5.46,7.23,Apartment,4784000.0,3,6052000.0,26.51
1353.0,3.0,3.0,3.0,3.4,17.8,,7.3,6.0,35.1,1.0,3.5,1.51,Independent House,3070000.0,2,3186000.0,3.78
3055.0,6.0,5.0,4.0,5.6,8.2,4.6,5.8,2.3,18.7,3.0,,2.61,Villa,15575000.0,1,16431000.0,5.5
2977.0,5.0,4.0,34.0,5.3,3.5,1.5,5.1,0.8,13.0,1.0,3.98,1.63,Apartment,8650000.0,5,10390000.0,20.12
970.0,2.0,3.0,9.0,6.9,12.2,3.0,5.6,2.5,28.0,1.0,3.7,6.31,Apartment,3247000.0,3,3701000.0,13.98
1399.0,3.0,2.0,20.0,4.8,9.1,5.2,3.4,1.8,,3.0,7.73,3.91,Independent House,4073000.0,3,4850000.0,19.08
2793.0,4.0,,12.0,8.3,4.9,1.4,5.6,3.1,38.5,3.0,6.66,5.15,Independent House,16254000.0,1,17217000.0,5.92
1210.0,2.0,2.0,14.0,3.9,19.7,1.8,,5.3,36.6,2.0,5.44,2.81,Apartment,2800000.0,1,2910000.0,3.93
1142.0,2.0,3.0,2.0,7.5,9.0,2.3,4.5,0.5,18.7,0.0,7.26,5.81,Apartment,5029000.0,3,6283000.0,24.94
1018.0,1.0,1.0,8.0,7.5,12.8,1.2,7.2,1.6,4.7,1.0,6.88,5.85,Apartment,5421000.0,3,6567000.0,21.14
4596.0,6.0,5.0,8.0,6.1,3.1,2.0,6.8,1.8,28.2,2.0,6.95,3.67,Villa,30176000.0,3,35569000.0,17.87
934.0,2.0,3.0,21.0,4.9,12.6,2.3,7.3,1.7,32.0,2.0,5.21,4.09,Apartment,2684000.0,3,3068000.0,14.31
1331.0,2.0,3.0,11.0,8.0,9.0,5.6,7.3,0.6,23.8,3.0,8.57,3.93,Independent House,7628000.0,3,9132000.0,19.72
1046.0,2.0,3.0,11.0,7.8,9.9,2.1,7.7,0.5,29.8,2.0,6.04,3.23,Apartment,4805000.0,1,5080000.0,5.72
1031.0,2.0,3.0,14.0,6.0,16.9,3.3,2.6,3.7,34.1,0.0,6.81,4.97,Apartment,2395000.0,2,2642000.0,10.31
3904.0,6.0,4.0,1.0,5.8,14.7,1.5,3.9,3.7,32.1,3.0,6.37,4.37,Independent House,13628000.0,1,14421000.0,5.82
906.0,2.0,2.0,2.0,6.4,19.0,1.1,6.5,6.7,16.7,1.0,6.45,6.16,Apartment,3668000.0,4,4571000.0,24.62
985.0,2.0,2.0,5.0,5.5,10.5,3.4,6.7,2.7,27.1,0.0,3.75,2.45,Apartment,3161000.0,1,3262000.0,3.2
1706.0,4.0,4.0,1.0,6.6,13.6,6.7,6.9,3.2,33.6,3.0,4.77,5.43,Independent House,6778000.0,1,7000000.0,3.28
1269.0,3.0,4.0,9.0,4.4,10.8,3.5,5.3,2.4,43.5,1.0,6.14,0.08,Apartment,3839000.0,4,4262000.0,11.02
894.0,2.0,2.0,10.0,3.2,15.2,11.7,6.0,1.4,26.1,1.0,7.76,7.43,apartment,1740000.0,1,1836000.0,5.52
1705.0,3.0,2.0,9.0,5.9,11.2,8.0,4.4,1.9,21.5,2.0,7.46,4.69,Independent House,4901000.0,4,5939000.0,21.18
3822.0,6.0,5.0,8.0,1.0,16.9,11.3,5.7,2.5,52.0,2.0,5.06,2.5,Villa,6454000.0,4,6916000.0,7.16
892.0,2.0,3.0,15.0,4.2,11.6,2.8,5.6,1.0,40.7,,7.79,7.18,Apartment,2385000.0,5,3164000.0,32.66
1346.0,3.0,2.0,8.0,6.5,15.7,2.6,5.1,8.6,25.4,0.0,7.51,6.27,Apartment,4489000.0,1,4826000.0,7.51
846.0,2.0,2.0,37.0,5.3,8.6,3.4,4.7,1.4,17.6,,6.61,1.42,Apartment,2081000.0,5,2569000.0,23.45
2845.0,6.0,5.0,18.0,5.1,12.5,6.1,8.1,5.3,40.1,2.0,5.96,1.66,Independent House,7205000.0,2,7730000.0,7.29
2842.0,5.0,5.0,2.0,6.1,13.5,1.5,5.6,2.3,23.4,2.0,4.11,3.01,Villa,15818000.0,3,17358000.0,9.74
1705.0,3.0,2.0,25.0,6.7,11.7,1.6,5.8,3.5,33.6,2.0,5.66,2.54,Independent House,6082000.0,1,6329000.0,4.06
1315.0,2.0,2.0,2.0,3.3,4.5,0.7,5.0,2.7,33.7,2.0,5.66,4.55,Apartment,3789000.0,1,3977000.0,4.96
1697.0,4.0,4.0,15.0,10.0,9.4,4.1,7.0,0.7,27.4,1.0,5.16,8.86,Apartment,9199000.0,4,11586000.0,25.95
1851.0,3.0,2.0,42.0,6.1,10.0,1.6,5.2,2.6,16.0,1.0,6.77,,Flat,5259000.0,1,5534000.0,5.23
2103.0,4.0,3.0,14.0,5.6,16.5,0.9,4.3,4.2,55.9,3.0,6.42,3.42,Independent House,6616000.0,4,7750000.0,17.14
1099.0,2.0,2.0,6.0,6.6,7.9,4.1,7.3,2.1,15.1,2.0,4.62,5.68,Apartment,4536000.0,4,5464000.0,20.46
3889.0,6.0,5.0,5.0,4.8,5.4,7.3,,1.6,24.0,3.0,5.17,3.61,Villa,15087000.0,2,16200000.0,7.38
1912.0,3.0,3.0,1.0,7.0,13.5,1.5,7.2,2.9,27.1,2.0,6.17,6.83,Independent House,9765000.0,1,10355000.0,6.04
2365.0,4.0,4.0,16.0,6.1,7.2,1.9,5.4,2.1,28.0,2.0,6.17,6.69,Villa,10329000.0,5,14223000.0,37.7
847.0,1.0,1.0,10.0,4.4,20.2,2.3,2.4,6.1,26.7,2.0,7.03,4.61,Apartment,1717000.0,5,2248000.0,30.93
569.0,1.0,1.0,2.0,6.4,9.4,2.2,6.3,3.7,18.8,0.0,7.06,6.5,Apartment,2285000.0,1,2440000.0,6.78
2393.0,3.0,2.0,7.0,6.9,5.5,2.3,5.7,2.4,21.1,3.0,6.54,5.91,Independent House,11160000.0,2,12606000.0,12.96
751.0,2.0,2.0,11.0,8.5,7.9,1.1,4.6,,15.8,,4.58,5.78,Apartment,3245000.0,4,4044000.0,24.62
826.0,1.0,2.0,7.0,5.6,16.8,4.5,4.2,2.0,11.7,,5.54,3.47,Apartment,2416000.0,3,2602000.0,7.7
3826.0,6.0,,6.0,4.0,15.7,16.4,5.5,2.3,38.7,3.0,8.02,4.5,Villa,9500000.0,3,11061000.0,16.43
1826.0,3.0,4.0,,9.0,6.7,2.8,5.6,1.7,34.8,1.0,4.59,6.6,Independent House,8900000.0,1,9403000.0,5.65
1315.0,2.0,1.0,2.0,4.9,14.2,6.0,6.6,,36.3,0.0,7.94,3.53,Apartment,3568000.0,1,3762000.0,5.44
1668.0,4.0,3.0,35.0,8.7,0.7,1.3,4.7,0.7,25.3,2.0,6.93,5.82,Apartment,6877000.0,2,7842000.0,14.03
1166.0,2.0,2.0,8.0,2.0,11.5,0.3,5.3,2.6,54.6,2.0,3.77,2.74,Apartment,2548000.0,2,2729000.0,7.1
1266.0,3.0,3.0,20.0,8.0,9.8,1.5,4.5,1.6,24.3,2.0,7.4,6.71,Independent House,5175000.0,5,7072000.0,36.66
1084.0,1.0,2.0,17.0,3.3,20.8,9.7,5.9,5.9,50.1,,5.53,4.04,Apartment,1310000.0,2,1380000.0,5.34
1574.0,3.0,3.0,12.0,8.4,5.1,1.4,8.1,2.7,36.4,2.0,4.11,5.35,Apartment,9347000.0,2,10178000.0,8.89
9113.0,4.0,3.0,,5.5,9.6,8.7,3.9,3.5,36.2,2.0,6.21,7.39,Apartment,6353000.0,1,6773000.0,6.61
1618.0,3.0,3.0,14.0,8.5,11.2,5.2,5.1,0.7,21.2,1.0,7.43,4.69,Apartment,6402000.0,3,7793000.0,21.73
1498.0,3.0,4.0,10.0,4.8,15.2,2.4,5.7,3.2,36.4,2.0,6.0,1.93,Independent House,4799000.0,5,5903000.0,23.0
1146.0,1.0,2.0,13.0,3.5,10.9,5.2,8.9,2.1,38.2,2.0,4.53,2.49,Independent House,3370000.0,5,3813000.0,13.15
1415.0,3.0,3.0,15.0,6.3,8.0,4.2,5.4,3.6,10.1,2.0,9.74,7.12,Independent House,5731000.0,1,6170000.0,7.66
1983.0,4.0,4.0,16.0,5.6,12.7,1.7,4.0,0.8,26.9,3.0,7.42,4.14,Independent House,7661000.0,1,8055000.0,5.14
1479.0,3.0,2.0,12.0,1.3,26.3,6.1,4.6,3.2,49.6,0.0,3.21,,Apartment,1857000.0,1,1867000.0,0.54
1169.0,3.0,3.0,13.0,5.4,13.2,1.6,4.2,1.9,21.7,2.0,5.14,5.54,Apartment,3648000.0,5,4546000.0,24.62
1116.0,2.0,3.0,1.0,8.2,1.9,5.0,8.0,,35.0,2.0,5.1,0.91,Independent House,6436000.0,4,7407000.0,15.09
1730.0,4.0,4.0,8.0,6.3,6.5,3.7,4.5,2.5,31.3,1.0,6.65,3.81,Independent House,6710000.0,5,8774000.0,30.76
2297.0,4.0,3.0,16.0,3.9,9.0,2.6,3.6,1.6,31.3,3.0,6.37,4.94,Independent House,6490000.0,5,8021000.0,23.59
996.0,2.0,1.0,4.0,8.9,7.8,0.8,5.7,1.2,23.4,1.0,6.31,,Apartment,5165000.0,5,7103000.0,37.52
2366.0,5.0,3.0,6.0,3.7,23.6,5.9,8.6,3.8,28.5,,4.44,4.72,Independent House,5840000.0,2,6391000.0,9.43
3060.0,5.0,4.0,18.0,6.8,8.5,2.0,5.8,2.3,25.1,3.0,6.07,3.89,Villa,17162000.0,2,19200000.0,11.88
1813.0,4.0,4.0,6.0,6.3,12.2,1.6,3.0,1.3,33.6,2.0,7.85,7.0,Apartment,5745000.0,5,7976000.0,38.83
1743.0,3.0,3.0,27.0,6.1,13.0,1.0,6.1,1.2,20.8,3.0,5.89,2.4,Independent House,6887000.0,2,7689000.0,11.65
951.0,2.0,3.0,8.0,6.6,2.3,0.7,,,34.0,0.0,3.78,2.69,Apartment,3786000.0,1,3906000.0,3.17
998.0,2.0,3.0,12.0,5.1,5.9,2.1,4.8,1.9,30.0,1.0,5.36,3.06,Apartment,3372000.0,1,3506000.0,3.97
2124.0,4.0,3.0,6.0,7.9,6.2,1.6,6.3,0.6,39.7,1.0,6.79,9.04,Independent House,10799000.0,2,12704000.0,17.64
1972.0,,2.0,3.0,6.2,14.0,1.4,4.2,6.0,35.0,2.0,4.63,5.46,Independent House,7553000.0,3,8932000.0,18.26
2970.0,4.0,4.0,14.0,3.7,14.9,8.0,4.8,4.5,40.4,2.0,4.04,0.75,Independent House,6017000.0,2,6092000.0,1.25
1070.0,,1.0,13.0,5.5,10.0,0.8,4.3,2.4,48.4,1.0,6.54,5.04,Apartment,3132000.0,3,3715000.0,18.61
903.0,2.0,1.0,11.0,3.7,12.3,1.3,2.7,1.8,46.8,,6.21,1.29,Apartment,1728000.0,4,1938000.0,12.15
834.0,1.0,1.0,42.0,6.5,15.1,1.6,2.9,1.3,18.6,2.0,7.08,,Apartment,1903000.0,5,2467000.0,29.64
3333.0,6.0,6.0,19.0,10.0,0.5,0.5,5.2,2.1,,3.0,4.65,4.42,Villa,31918000.0,2,34880000.0,9.28
748.0,1.0,1.0,23.0,5.4,5.8,1.7,5.8,1.5,19.7,0.0,5.49,3.42,Apartment,2072000.0,5,2672000.0,28.96
1155.0,3.0,2.0,9.0,4.1,20.3,9.9,4.0,2.1,34.8,0.0,5.54,3.32,Apartment,2122000.0,3,2310000.0,8.86
1102.0,2.0,2.0,3.0,6.7,3.8,2.0,4.4,1.1,37.2,2.0,3.95,3.54,Apartment,3490000.0,2,3800000.0,8.88
1212.0,1.0,1.0,4.0,3.1,14.5,0.9,5.4,5.9,,2.0,5.7,3.76,apartment,3168000.0,3,3648000.0,15.15
3049.0,6.0,6.0,8.0,3.4,23.2,3.0,4.2,2.0,31.4,2.0,5.11,2.56,Independent House,8592000.0,5,9790000.0,13.94
1306.0,2.0,2.0,20.0,2.7,27.2,13.8,4.4,9.1,53.8,1.0,5.55,2.08,Apartment,1167000.0,1,1192000.0,2.14
908.0,2.0,,4.0,8.9,0.5,1.0,4.9,0.8,15.1,0.0,5.62,5.13,Apartment,5426000.0,1,5749000.0,5.95
936.0,2.0,3.0,11.0,4.7,4.9,8.3,5.1,0.7,12.4,0.0,5.87,9.38,Apartment,2561000.0,5,3549000.0,38.58
583.0,1.0,2.0,3.0,8.8,1.2,0.7,5.7,0.8,46.3,2.0,7.8,3.83,Apartment,3473000.0,4,4512000.0,29.92
1425.0,2.0,2.0,1.0,7.0,10.6,1.3,5.5,1.6,15.4,0.0,5.75,3.65,Apartment,6553000.0,2,7348000.0,12.13
1049.0,3.0,3.0,13.0,6.8,13.9,10.1,5.8,7.0,29.6,2.0,6.71,4.97,Independent House,2979000.0,4,3652000.0,22.59
1672.0,2.0,2.0,27.0,5.5,16.1,5.6,6.6,6.0,30.8,2.0,4.21,5.26,Independent House,3943000.0,3,4404000.0,11.69
2269.0,3.0,4.0,26.0,5.7,4.9,0.7,5.0,0.8,37.0,3.0,3.95,5.26,Independent House,6736000.0,1,6949000.0,3.16
1581.0,2.0,2.0,13.0,10.0,7.5,5.7,8.5,0.7,15.5,2.0,9.19,11.36,Apartment,9687000.0,4,14223000.0,46.83
1082.0,2.0,2.0,1.0,6.8,16.1,3.7,6.4,,35.5,0.0,6.54,3.26,Apartment,4088000.0,5,5268000.0,28.86
969.0,2.0,2.0,16.0,9.3,0.6,1.3,6.1,0.7,22.6,0.0,4.68,4.55,Apartment,5736000.0,1,5949000.0,3.71
1377.0,3.0,3.0,5.0,6.5,13.4,4.0,,5.2,29.9,2.0,8.11,9.16,Independent House,5057000.0,5,7330000.0,44.95
1673.0,4.0,3.0,6.0,5.4,16.7,5.8,4.4,1.0,28.4,1.0,6.95,8.01,Independent House,4838000.0,4,6105000.0,26.19
2691.0,6.0,4.0,15.0,5.6,10.2,4.7,5.3,1.2,23.8,3.0,5.36,4.96,Independent House,10022000.0,1,10415000.0,3.92
1573.0,4.0,3.0,14.0,6.7,3.1,0.5,5.4,1.1,39.2,0.0,6.84,4.96,Apartment,6294000.0,4,8068000.0,28.19
2240.0,5.0,,8.0,5.1,9.3,4.3,6.4,0.8,26.5,0.0,6.92,6.16,Apartment,8172000.0,3,9943000.0,21.67
1300.0,3.0,4.0,9.0,7.4,13.6,4.9,5.1,8.5,41.3,1.0,6.26,4.94,Apartment,3812000.0,4,4770000.0,25.13
598.0,1.0,1.0,14.0,4.5,13.1,,8.4,1.9,31.3,2.0,6.73,3.98,Apt,1826000.0,1,1900000.0,4.05
2930.0,6.0,5.0,15.0,3.7,19.7,18.1,3.9,4.2,38.8,1.0,4.23,,Independent House,3659000.0,3,3663000.0,0.11
915.0,3.0,2.0,26.0,3.3,16.8,6.6,5.2,6.2,31.4,0.0,7.04,2.01,Apartment,1549000.0,5,1825000.0,17.82
1502.0,3.0,3.0,10.0,5.1,9.8,1.0,3.2,4.5,36.5,1.0,3.2,0.42,Apartment,4147000.0,4,4303000.0,3.76
1178.0,3.0,2.0,6.0,,16.0,5.9,4.1,1.7,29.6,0.0,7.26,3.16,Apartment,3035000.0,3,3532000.0,16.38
822.0,2.0,2.0,14.0,8.4,0.5,1.4,5.6,0.6,36.7,2.0,8.08,6.13,Apartment,4155000.0,3,5048000.0,21.49
1497.0,1.0,1.0,33.0,5.1,22.6,2.7,3.6,3.7,33.1,1.0,6.16,4.12,Independent House,3096000.0,5,3532000.0,14.08
2701.0,6.0,5.0,26.0,4.7,18.3,6.6,3.4,0.7,16.9,3.0,8.88,7.67,Villa,11097000.0,1,11787000.0,6.22
1255.0,2.0,2.0,40.0,3.7,20.5,1.9,5.3,1.4,36.5,1.0,4.66,2.53,Independent House,2089000.0,1,2151000.0,2.97
885.0,3.0,3.0,25.0,6.7,1.0,3.5,5.7,1.1,36.6,2.0,3.73,5.99,Apartment,3640000.0,4,4212000.0,15.71
1590.0,2.0,2.0,27.0,8.5,5.6,1.1,7.1,3.6,30.5,1.0,5.52,2.92,Apartment,7676000.0,2,8515000.0,10.93
1172.0,2.0,1.0,4.0,9.9,3.1,0.7,5.4,1.6,13.0,2.0,7.99,4.32,Apartment,7248000.0,4,9319000.0,28.57
1072.0,2.0,2.0,13.0,5.4,10.7,2.1,6.4,0.4,,0.0,7.25,0.85,Apartment,3163000.0,1,3321000.0,5.0
1084.0,3.0,2.0,5.0,6.2,12.5,,5.3,2.8,31.4,2.0,8.71,3.5,Apartment,3743000.0,4,4771000.0,27.46
1198.0,2.0,2.0,14.0,4.7,16.4,7.8,4.8,9.4,40.2,2.0,5.45,1.78,Apartment,2498000.0,2,2660000.0,6.49
680.0,1.0,1.0,23.0,5.9,18.4,3.3,5.9,5.2,27.9,1.0,5.01,5.38,Apartment,1707000.0,4,1890000.0,10.72
1413.0,3.0,3.0,9.0,6.6,8.1,1.4,5.7,2.3,29.4,2.0,6.28,2.95,Flat,5673000.0,1,5963000.0,5.11
1001.0,3.0,4.0,22.0,6.5,8.4,5.5,7.0,4.6,,1.0,4.84,-0.31,Apartment,2868000.0,5,3258000.0,13.6
3877.0,6.0,6.0,18.0,5.3,11.3,8.2,6.9,3.4,35.1,,5.85,2.93,Villa,14679000.0,4,16288000.0,10.96
1664.0,1.0,1.0,6.0,6.5,10.0,1.0,3.4,2.9,27.3,3.0,8.43,5.33,Independent House,6747000.0,2,7615000.0,12.86
3746.0,6.0,5.0,6.0,7.5,7.2,8.1,3.8,2.3,38.1,4.0,,5.27,Villa,17025000.0,4,20863000.0,22.54
1853.0,4.0,4.0,15.0,6.8,4.6,1.3,,2.4,36.9,2.0,3.57,2.84,Apartment,5898000.0,1,6089000.0,3.24
1418.0,2.0,2.0,,5.4,5.3,,3.1,2.2,22.6,,5.98,6.84,Apartment,5377000.0,4,6775000.0,26.0
5221.0,6.0,4.0,8.0,8.0,7.4,0.2,4.8,2.2,25.9,3.0,3.68,0.06,Villa,32425000.0,1,33629000.0,3.71
1049.0,2.0,2.0,14.0,5.0,14.7,2.0,4.2,1.8,30.2,0.0,7.0,4.6,Apartment,2695000.0,4,3286000.0,21.93
1166.0,3.0,3.0,27.0,2.1,14.4,4.1,5.2,3.8,34.2,1.0,7.61,-0.15,Apartment,2078000.0,2,2196000.0,5.68
4058.0,6.0,5.0,15.0,6.6,8.9,4.2,6.0,3.7,28.4,2.0,6.29,4.69,Villa,20854000.0,2,22983000.0,10.21
774.0,1.0,1.0,18.0,4.7,8.7,2.5,5.5,4.0,45.1,1.0,8.5,4.39,Apartment,1932000.0,4,2451000.0,26.86
940.0,2.0,2.0,4.0,7.5,13.9,1.4,6.4,2.2,29.8,1.0,7.61,6.35,Apartment,3835000.0,5,5017000.0,30.82
1657.0,3.0,3.0,18.0,5.5,9.9,2.9,6.4,4.0,,0.0,6.05,2.63,Apartment,6420000.0,2,7070000.0,10.12
3065.0,5.0,5.0,9.0,6.4,11.6,0.2,,8.1,26.2,2.0,6.57,6.28,independent house,14455000.0,1,15398000.0,6.52
1060.0,3.0,3.0,27.0,3.2,24.9,2.8,3.9,2.3,12.9,0.0,5.11,3.61,Apartment,1867000.0,3,1993000.0,6.75
1311.0,3.0,4.0,22.0,6.8,9.9,0.6,5.4,2.8,35.2,0.0,6.53,4.19,Apartment,4307000.0,5,5860000.0,36.06
1249.0,2.0,2.0,2.0,8.8,9.2,1.7,7.8,2.8,22.8,0.0,5.88,4.56,Apartment,6825000.0,3,8137000.0,19.22
1833.0,3.0,3.0,35.0,4.8,14.0,7.7,3.8,1.0,37.8,3.0,6.23,3.71,Independent House,3799000.0,1,3945000.0,3.84
919.0,1.0,2.0,21.0,3.5,20.5,2.4,3.3,3.5,38.8,0.0,7.6,0.73,Apartment,1505000.0,5,1729000.0,14.88
2827.0,3.0,3.0,20.0,3.5,16.2,0.3,7.2,1.9,36.2,2.0,7.58,1.89,,8506000.0,3,9716000.0,14.23
1747.0,5.0,5.0,5.0,8.1,9.7,0.8,4.8,3.4,18.1,2.0,5.99,2.13,Apartment,8675000.0,3,9719000.0,12.03
1692.0,3.0,2.0,9.0,9.0,1.2,0.8,6.9,2.3,21.6,1.0,6.75,6.54,Independent House,10881000.0,3,13687000.0,25.79
3196.0,6.0,5.0,10.0,6.8,4.6,3.9,6.6,,35.7,2.0,7.71,4.23,Villa ,16536000.0,3,20238000.0,22.39
484.0,2.0,3.0,9.0,6.7,8.9,4.7,4.5,4.6,29.3,1.0,6.62,3.25,,1723000.0,1,1821000.0,5.69
1569.0,3.0,2.0,14.0,8.3,5.9,6.7,4.5,0.7,35.5,2.0,6.55,4.63,Apartment,5928000.0,4,7143000.0,20.5
1172.0,2.0,1.0,13.0,8.1,11.1,2.5,6.0,2.7,12.1,1.0,6.3,6.45,Apartment,5013000.0,1,5347000.0,6.66
4764.0,6.0,5.0,14.0,4.9,10.4,1.0,4.6,0.8,48.9,2.0,5.6,5.84,Independent House,15762000.0,3,17377000.0,10.25
2970.0,6.0,5.0,1.0,3.0,15.5,0.9,5.9,1.7,26.3,2.0,9.23,6.6,Villa,12778000.0,3,15184000.0,18.83
2251.0,4.0,4.0,16.0,5.2,15.9,5.4,5.0,1.7,32.3,1.0,7.64,5.8,Independent House,5791000.0,2,6559000.0,13.26
1174.0,2.0,2.0,43.0,1.0,14.2,3.2,4.5,2.7,43.3,1.0,5.75,-0.02,Independent House,1640000.0,1,1665000.0,1.52
1214.0,2.0,2.0,5.0,1.0,16.8,8.1,1.0,2.8,41.1,0.0,5.98,4.37,Apartment,1530000.0,2,1586000.0,3.66
1199.0,2.0,3.0,7.0,7.5,4.9,3.0,3.5,1.5,28.5,2.0,4.35,4.48,Apartment,4213000.0,3,4763000.0,13.05
980.0,2.0,3.0,9.0,5.5,13.7,6.4,7.3,1.1,,1.0,5.29,-1.15,Independent House,2892000.0,2,3064000.0,5.95
1918.0,3.0,2.0,7.0,3.4,12.3,4.3,3.7,3.4,,1.0,5.62,3.23,Independent House,4001000.0,2,4294000.0,7.32
1088.0,2.0,2.0,22.0,7.6,,4.3,5.9,1.9,18.4,0.0,6.5,3.76,Apartment,4114000.0,5,5004000.0,21.63
1105.0,2.0,2.0,29.0,5.3,9.8,1.8,6.1,1.4,37.8,1.0,5.69,5.15,Apartment,2422000.0,5,3033000.0,25.23
3295.0,6.0,5.0,8.0,2.3,12.5,2.0,2.4,1.9,32.1,4.0,4.82,3.79,Villa,10272000.0,1,10548000.0,2.69
1069.0,2.0,2.0,12.0,9.2,,2.4,7.0,1.7,22.0,2.0,8.39,7.73,Apartment,5928000.0,4,8413000.0,41.92
1892.0,3.0,2.0,23.0,6.2,11.9,3.4,6.2,2.5,25.4,2.0,5.07,4.55,Apartment,6267000.0,5,7746000.0,23.6
1154.0,2.0,2.0,6.0,7.7,3.8,4.4,7.3,0.5,46.6,3.0,6.71,4.53,Independent House,6156000.0,5,7766000.0,26.15
1169.0,4.0,4.0,18.0,8.3,0.5,1.1,4.7,0.7,31.5,0.0,5.33,2.54,Apartment,4544000.0,4,5580000.0,22.8
2547.0,4.0,,16.0,5.1,17.2,5.9,5.3,2.0,33.1,2.0,3.99,3.53,Villa,7129000.0,2,7637000.0,7.13
1127.0,2.0,2.0,33.0,5.4,18.0,13.7,4.0,4.2,47.2,2.0,5.63,1.13,Apartment,1500000.0,5,1692000.0,12.8
1444.0,2.0,2.0,8.0,6.8,2.9,1.3,7.1,1.7,33.3,2.0,5.81,4.17,Apartment,5800000.0,3,7010000.0,20.86
770.0,2.0,2.0,11.0,3.5,20.7,1.7,6.4,3.4,21.0,1.0,5.41,2.75,Apartment,1790000.0,3,1977000.0,10.45
954.0,2.0,2.0,22.0,5.6,6.4,2.2,7.1,0.9,31.8,2.0,4.96,0.94,Apartment,3240000.0,5,3784000.0,16.79
1674.0,4.0,4.0,6.0,5.4,9.4,4.0,3.5,3.2,37.4,1.0,6.18,2.97,Independent House,5951000.0,4,7191000.0,20.84
1009.0,2.0,2.0,13.0,1.6,17.3,3.1,2.8,7.4,39.7,1.0,3.3,1.35,Apartment,1495000.0,5,1635000.0,9.36
941.0,2.0,2.0,,4.0,18.1,5.2,4.6,2.5,40.7,0.0,4.84,2.72,Apartment,1783000.0,1,1838000.0,3.08
1647.0,2.0,2.0,12.0,5.3,9.2,4.5,2.5,2.9,22.3,1.0,5.87,6.13,Apartment,3857000.0,5,4984000.0,29.22
1534.0,3.0,3.0,3.0,5.4,8.2,1.7,5.6,0.8,,1.0,6.48,6.78,Apartment,5839000.0,1,6349000.0,8.73
1708.0,3.0,3.0,4.0,1.7,26.7,3.8,7.3,7.0,38.0,0.0,6.05,5.84,Apartment,3037000.0,5,3465000.0,14.09
911.0,1.0,1.0,12.0,2.0,25.9,1.0,6.4,10.8,38.6,2.0,5.13,0.82,Apartment,1214000.0,4,1374000.0,13.18
1311.0,3.0,3.0,13.0,2.5,22.3,9.8,4.4,4.6,36.6,0.0,6.01,0.87,Apartment,1907000.0,2,1952000.0,2.36
1534.0,3.0,3.0,10.0,8.8,13.3,4.5,5.2,2.2,15.2,2.0,6.07,6.2,Independent House,7774000.0,1,8218000.0,5.71
891.0,1.0,2.0,21.0,6.0,9.6,4.1,4.6,7.3,25.3,2.0,5.29,3.16,Apartment,2414000.0,1,2496000.0,3.4
976.0,,2.0,13.0,5.0,19.9,12.4,,0.4,33.1,2.0,7.05,3.33,Apartment,1990000.0,5,2410000.0,21.11
2128.0,2.0,3.0,13.0,5.9,23.3,6.6,5.8,10.5,27.0,1.0,6.11,3.75,Independent House,4832000.0,5,6193000.0,28.17
1154.0,2.0,1.0,,5.5,17.7,9.5,5.2,4.2,44.3,2.0,5.44,2.58,Apartment,1807000.0,5,2035000.0,12.62
1483.0,2.0,2.0,2.0,5.9,15.0,3.0,5.8,3.2,33.6,2.0,4.17,1.16,Apartment,5887000.0,5,7123000.0,21.0
2030.0,4.0,4.0,7.0,7.0,15.0,1.9,3.8,2.4,15.0,2.0,5.94,5.76,Independent House,8872000.0,5,11319000.0,27.58
3032.0,5.0,4.0,5.0,8.7,2.5,0.7,4.8,,16.8,3.0,5.86,,Independent House,20365000.0,3,24140000.0,18.54
2875.0,5.0,4.0,10.0,3.1,14.8,13.4,6.6,1.4,39.1,2.0,6.77,1.96,Independent House,6927000.0,2,7316000.0,5.62
2632.0,4.0,4.0,21.0,4.5,14.2,4.6,5.2,1.2,44.5,1.0,4.48,2.51,House,6438000.0,5,7494000.0,16.4
846.0,1.0,1.0,2.0,5.1,7.8,7.6,6.3,0.4,42.6,1.0,4.68,0.41,Flat,2234000.0,5,2556000.0,14.41
2254.0,4.0,4.0,20.0,7.5,2.3,2.0,5.6,2.1,35.6,3.0,5.12,9.23,Independent House,10934000.0,2,12489000.0,14.22
808.0,2.0,2.0,3.0,4.8,5.0,2.1,,0.8,18.0,2.0,8.36,3.72,Apartment,2566000.0,4,3281000.0,27.86
4175.0,6.0,5.0,19.0,5.4,18.0,5.1,3.9,1.2,27.2,4.0,6.7,5.19,Villa,17695000.0,3,19780000.0,11.78
1377.0,2.0,2.0,6.0,7.4,10.3,2.7,2.7,0.7,33.9,0.0,7.86,1.63,Apartment,4232000.0,1,4459000.0,5.36
1090.0,1.0,,14.0,2.5,16.4,2.6,4.8,4.3,42.4,3.0,5.4,5.91,Independent House,2037000.0,1,2131000.0,4.61
1580.0,3.0,3.0,3.0,6.8,4.1,4.7,6.5,1.2,26.5,2.0,8.63,9.55,Independent House,8586000.0,1,9278000.0,8.06
1309.0,2.0,2.0,12.0,7.2,6.4,2.2,7.1,2.0,40.9,2.0,2.89,3.96,Apartment,4975000.0,4,5578000.0,12.12
1250.0,3.0,3.0,7.0,5.2,5.2,4.6,4.0,1.9,30.5,3.0,6.06,5.46,Independent House,4596000.0,3,5365000.0,16.73
1244.0,2.0,2.0,3.0,6.2,12.8,5.3,6.5,,14.9,1.0,5.86,5.45,Independent House,4367000.0,2,4983000.0,14.11
2137.0,3.0,2.0,4.0,,12.8,5.4,3.4,0.6,21.5,3.0,5.91,4.49,Independent House,5331000.0,5,6601000.0,23.82
952.0,1.0,2.0,16.0,7.1,13.6,1.5,5.7,4.2,41.8,2.0,6.09,3.12,Apartment,3143000.0,3,3709000.0,18.01
1048.0,1.0,1.0,2.0,6.9,14.4,3.1,7.0,8.2,27.0,2.0,6.38,2.52,Apartment,3640000.0,5,5034000.0,38.3
1936.0,4.0,,4.0,9.1,6.7,5.3,6.4,0.6,27.8,2.0,7.77,4.1,Apartment,10809000.0,5,14226000.0,31.61
3283.0,6.0,5.0,2.0,5.6,11.0,9.0,4.2,5.1,36.8,,6.75,2.79,Villa,12455000.0,1,13031000.0,4.62
1244.0,3.0,3.0,21.0,5.8,5.0,3.9,5.7,1.1,25.2,0.0,5.51,0.89,Apt,3294000.0,2,3578000.0,8.62
1333.0,2.0,2.0,9.0,6.8,3.5,2.4,2.1,1.2,176.4,0.0,4.5,-0.29,Apartment,4100000.0,3,4313000.0,5.2
2539.0,5.0,4.0,19.0,4.3,11.8,3.0,7.7,1.9,22.8,4.0,4.78,1.4,Villa,10238000.0,3,11105000.0,8.47
1522.0,2.0,2.0,18.0,5.4,3.8,1.8,5.7,2.9,22.5,3.0,4.49,1.14,Independent House,5412000.0,5,6317000.0,16.72
1032.0,2.0,2.0,8.0,5.9,14.2,4.0,4.8,2.0,,1.0,4.44,4.5,Apartment,2899000.0,1,3061000.0,5.59
1473.0,3.0,3.0,6.0,8.0,1.4,1.9,7.8,0.8,16.4,2.0,7.57,5.16,Apartment,9391000.0,5,13707000.0,45.96
1244.0,2.0,2.0,10.0,5.3,10.0,4.2,3.6,1.3,23.8,0.0,6.55,5.26,Apartment,3242000.0,4,3927000.0,21.13
827.0,2.0,2.0,15.0,9.3,7.4,1.3,6.1,3.1,,2.0,8.07,7.96,Apartment,4613000.0,1,4973000.0,7.8
1383.0,2.0,2.0,20.0,9.0,11.3,1.0,6.5,2.5,2.0,1.0,8.88,6.06,Independent House,8016000.0,4,11539000.0,43.95
939.0,2.0,3.0,4.0,8.7,18.5,2.9,,5.8,10.3,0.0,6.12,4.92,Apartment,4658000.0,4,6124000.0,31.47
870.0,2.0,2.0,3.0,4.7,16.7,1.5,4.1,2.4,28.6,0.0,4.92,1.1,Apartment,2442000.0,5,2981000.0,22.07
2407.0,5.0,4.0,3.0,4.9,14.2,7.8,3.8,3.6,37.2,0.0,3.82,-0.12,Apartment,5431000.0,2,5696000.0,4.88
1228.0,3.0,3.0,14.0,1.7,15.2,3.0,5.5,5.7,37.4,2.0,5.24,3.96,Apartment,2195000.0,5,2745000.0,25.06
1985.0,4.0,4.0,4.0,4.5,17.4,4.9,4.1,2.0,34.4,3.0,5.99,7.15,Independent House,5439000.0,1,5737000.0,5.48
1086.0,2.0,2.0,13.0,7.7,10.6,1.9,7.3,1.1,23.2,2.0,5.47,2.4,Apartment,5321000.0,4,6395000.0,20.18
1088.0,2.0,3.0,19.0,8.6,0.5,2.5,8.0,0.8,3.4,1.0,5.69,2.24,Apartment,7154000.0,3,8940000.0,24.97
1587.0,2.0,2.0,16.0,6.6,15.6,8.8,3.2,,32.1,2.0,5.43,3.65,Independent House,4480000.0,3,5072000.0,13.21
1220.0,3.0,2.0,8.0,6.3,7.0,0.7,5.8,1.4,26.9,0.0,3.75,3.15,Apartment,4182000.0,5,5236000.0,25.2
740.0,1.0,1.0,7.0,5.9,10.0,2.4,,,39.5,1.0,6.26,6.28,Apartment,2318000.0,4,2762000.0,19.15
2353.0,4.0,3.0,3.0,8.0,6.7,1.5,5.1,3.8,27.4,2.0,6.77,5.42,Independent House,14561000.0,3,17506000.0,20.23
1152.0,3.0,4.0,14.0,3.3,8.5,2.7,5.5,3.5,,0.0,3.71,-0.84,apartment,2668000.0,4,2942000.0,10.27
960.0,2.0,2.0,15.0,2.8,19.5,3.9,8.9,0.8,35.8,1.0,4.2,1.61,Apartment,1693000.0,3,1748000.0,3.25
3648.0,6.0,5.0,8.0,7.0,0.5,0.6,6.4,1.1,31.0,4.0,6.43,2.85,Villa,26509000.0,5,36096000.0,36.17
1420.0,2.0,2.0,11.0,7.4,17.2,8.3,8.0,6.8,20.7,2.0,6.55,3.71,Apartment,4505000.0,1,4654000.0,3.31
1370.0,3.0,,18.0,7.3,6.7,5.1,4.7,5.4,30.0,2.0,7.51,3.61,Independent House,5705000.0,2,6361000.0,11.5
1085.0,2.0,2.0,7.0,4.2,16.1,1.5,6.7,2.8,40.1,2.0,6.9,3.31,Apartment,2780000.0,4,3353000.0,20.61
1298.0,1.0,2.0,4.0,9.7,7.0,9.5,,2.7,17.3,,5.07,5.28,Apartment,6303000.0,1,6585000.0,4.47
1230.0,2.0,3.0,6.0,4.7,14.3,4.6,6.2,4.3,20.8,0.0,4.67,1.28,Apartment,3200000.0,4,3631000.0,13.47
1573.0,3.0,3.0,38.0,8.2,3.3,1.6,7.9,0.5,23.2,1.0,8.67,7.88,Independent House,8137000.0,4,11052000.0,35.82
1046.0,1.0,1.0,24.0,4.7,13.7,3.0,4.9,4.3,42.6,1.0,5.78,3.6,Apartment,1873000.0,2,2009000.0,7.26
1332.0,2.0,2.0,10.0,4.0,16.2,2.5,6.2,3.4,,2.0,7.56,8.02,Apartment,3125000.0,1,3304000.0,5.73
3034.0,5.0,5.0,7.0,6.4,12.7,2.5,6.9,2.8,42.3,1.0,3.91,4.58,Independent House,11589000.0,1,11997000.0,3.52
989.0,2.0,2.0,10.0,3.9,18.5,2.3,3.5,8.7,23.3,2.0,5.09,3.0,Apartment,2298000.0,3,2587000.0,12.58
1400.0,3.0,3.0,22.0,10.0,4.2,2.9,9.2,3.5,25.8,3.0,8.17,6.4,Independent House,10387000.0,2,12217000.0,17.62
1717.0,3.0,3.0,5.0,6.0,7.3,2.5,5.8,1.1,30.1,1.0,5.61,5.41,Apartment,6112000.0,2,6933000.0,13.43
16616.0,6.0,4.0,18.0,6.1,0.8,1.3,5.4,1.1,38.6,4.0,4.35,1.11,Villa,15224000.0,4,17223000.0,13.13
3872.0,6.0,4.0,27.0,7.4,19.1,3.0,5.9,3.3,14.8,4.0,6.69,6.81,Villa,19112000.0,3,22985000.0,20.26
905.0,3.0,3.0,10.0,8.2,9.9,3.9,5.7,2.4,18.1,0.0,7.18,3.37,Apartment,3752000.0,4,4695000.0,25.13
718.0,1.0,1.0,15.0,6.3,18.9,8.4,5.5,3.1,30.7,2.0,6.17,5.24,Apartment,1680000.0,1,1743000.0,3.75
3361.0,6.0,4.0,10.0,7.8,5.9,4.1,6.0,0.9,,2.0,7.25,7.19,Villa,22408000.0,2,25243000.0,12.65
984.0,3.0,4.0,9.0,7.4,6.8,0.6,9.2,1.2,25.1,2.0,4.66,5.77,Apartment,4965000.0,5,6986000.0,40.7
1706.0,3.0,3.0,23.0,3.3,15.3,1.8,4.9,2.0,49.8,3.0,6.3,4.51,Independent House,3460000.0,1,3576000.0,3.35
1459.0,2.0,1.0,7.0,6.3,16.0,9.7,3.4,2.8,49.6,,5.87,9.25,Apartment,3800000.0,2,4127000.0,8.61
1587.0,3.0,2.0,27.0,10.0,14.5,5.0,6.1,,23.7,,6.1,5.14,Apartment,6049000.0,4,7337000.0,21.29
1977.0,4.0,3.0,15.0,2.7,,1.5,5.4,4.0,37.9,2.0,7.16,-0.71,Independent House,4850000.0,4,5517000.0,13.75
2533.0,4.0,4.0,15.0,8.7,5.4,2.4,6.2,2.2,25.1,1.0,7.39,3.3,Independent House,12701000.0,1,13376000.0,5.31
714.0,1.0,1.0,11.0,8.8,10.5,2.2,,8.2,12.4,2.0,7.3,6.54,Apartment,4456000.0,4,5737000.0,28.75
997.0,1.0,1.0,6.0,8.4,15.4,7.4,6.4,5.5,24.4,1.0,6.92,5.15,Apartment,3583000.0,1,3801000.0,6.08
2543.0,5.0,4.0,9.0,5.2,10.1,2.8,3.9,2.7,27.3,1.0,6.52,1.21,Independent House,9579000.0,3,11169000.0,16.6
1166.0,2.0,2.0,11.0,6.9,6.2,2.6,5.0,2.0,41.9,1.0,7.58,4.58,Independent House,4321000.0,4,5573000.0,28.97
866.0,2.0,2.0,5.0,6.4,4.1,0.6,7.3,2.1,22.5,1.0,5.48,5.56,Apartment,3658000.0,4,4516000.0,23.46
771.0,1.0,2.0,30.0,7.2,11.8,3.1,5.9,2.7,24.1,2.0,3.33,5.34,Apartment,2185000.0,4,2522000.0,15.42
1619.0,4.0,3.0,4.0,6.8,11.0,0.2,4.6,2.9,21.5,2.0,6.65,5.0,Apartment,8530000.0,1,9030000.0,5.86
1317.0,1.0,1.0,5.0,4.3,20.9,2.8,5.6,5.4,45.9,0.0,4.97,1.51,Apartment,2852000.0,5,3386000.0,18.72
1566.0,3.0,3.0,,3.3,23.1,2.5,3.0,6.9,42.4,2.0,6.06,2.86,Independent House,2904000.0,2,3014000.0,3.79
950.0,1.0,,3.0,5.1,21.5,0.8,3.1,2.1,16.3,1.0,4.18,,Apartment,2462000.0,3,2743000.0,11.41
591.0,2.0,2.0,25.0,4.7,4.0,0.8,4.4,1.6,37.3,2.0,6.11,6.42,Apartment,1691000.0,1,1771000.0,4.73
1832.0,3.0,2.0,29.0,1.9,20.4,17.1,5.6,1.9,49.6,2.0,,0.46,Independent House,1939000.0,3,1929000.0,-0.52
1285.0,3.0,2.0,3.0,8.7,6.4,2.3,6.6,1.5,26.1,1.0,9.78,7.46,Apartment,7436000.0,5,11587000.0,55.82
962.0,2.0,2.0,30.0,3.1,15.9,6.5,4.7,2.2,20.9,1.0,4.19,0.59,Apartment,1617000.0,2,1688000.0,4.39
2214.0,4.0,4.0,16.0,3.2,23.5,9.9,4.3,0.8,50.9,3.0,6.81,-0.13,Villa,4106000.0,3,4374000.0,6.53
4540.0,6.0,5.0,8.0,9.6,8.4,1.1,5.6,1.1,36.8,3.0,8.31,6.91,Villa,35027000.0,2,41284000.0,17.86
901.0,1.0,1.0,8.0,9.3,5.7,1.5,9.3,1.4,31.9,1.0,6.09,4.88,Apartment,6119000.0,5,8449000.0,38.08
1235.0,2.0,2.0,14.0,5.4,5.7,2.0,4.1,2.0,,0.0,5.0,5.09,Apt,3596000.0,3,4165000.0,15.82
,3.0,,6.0,4.3,15.6,7.4,4.8,4.2,40.2,2.0,6.5,5.39,Apartment,3592000.0,2,3977000.0,10.72
925.0,2.0,2.0,15.0,4.5,20.4,7.4,8.8,2.9,47.5,2.0,5.83,2.01,Apartment,1984000.0,2,2044000.0,3.02
2424.0,4.0,3.0,7.0,6.4,15.9,3.7,6.1,2.6,31.1,,8.08,5.0,Independent House,11002000.0,4,14025000.0,27.48
2415.0,4.0,4.0,9.0,6.7,10.2,1.0,3.8,1.2,32.3,1.0,5.92,2.16,Independent House,8833000.0,5,10736000.0,21.54
1077.0,2.0,1.0,26.0,5.5,9.2,10.0,5.9,4.6,25.9,2.0,4.84,-0.29,Apartment,2235000.0,2,2367000.0,5.91
,2.0,2.0,36.0,3.9,17.5,1.3,,2.2,38.1,0.0,,3.11,Apartment,2005000.0,2,2089000.0,4.19
834.0,2.0,2.0,12.0,5.2,21.0,2.7,5.1,8.9,20.7,2.0,7.07,3.11,Apartment,2287000.0,3,2587000.0,13.12
1333.0,3.0,2.0,15.0,1.9,15.1,9.1,5.1,7.0,34.3,2.0,6.78,2.55,Flat,1962000.0,2,2031000.0,3.52
2025.0,4.0,3.0,25.0,6.9,10.0,5.5,6.2,3.1,29.2,4.0,4.9,1.44,VILLA,8715000.0,5,9882000.0,13.39
1262.0,1.0,2.0,5.0,7.8,4.3,1.1,6.4,1.2,30.3,2.0,6.03,8.74,Independent House,6330000.0,4,8553000.0,35.12
591.0,1.0,1.0,6.0,5.5,15.7,13.5,4.6,2.2,43.5,0.0,5.67,5.75,Apartment,911000.0,5,1118000.0,22.72
1293.0,2.0,2.0,3.0,6.7,10.3,6.2,4.7,0.9,33.3,1.0,6.71,5.9,Independent House,4079000.0,1,4280000.0,4.93
1138.0,1.0,1.0,33.0,6.7,12.3,7.3,6.5,1.0,36.7,,6.2,4.72,Apartment,2553000.0,2,2812000.0,10.14
3286.0,6.0,4.0,14.0,4.2,12.1,8.5,4.6,1.5,43.5,2.0,6.26,3.66,Independent House,6921000.0,1,7152000.0,3.34
3078.0,5.0,4.0,8.0,4.0,18.5,3.6,2.1,2.5,42.0,2.0,7.29,5.55,Independent House,7110000.0,5,8849000.0,24.46
,3.0,3.0,9.0,3.1,12.6,3.7,,2.0,52.7,2.0,5.67,0.12,Apartment,1799000.0,2,1933000.0,7.45
1190.0,2.0,3.0,9.0,6.7,15.4,3.7,6.5,0.4,16.4,1.0,6.18,3.56,Apartment,4827000.0,3,5628000.0,16.59
794.0,2.0,1.0,17.0,7.1,10.0,6.0,4.3,2.0,24.8,0.0,7.19,3.77,Apartment,2486000.0,1,2614000.0,5.15
902.0,3.0,3.0,4.0,4.9,8.6,2.3,2.3,2.4,23.7,0.0,5.54,3.32,Apartment,2441000.0,4,2849000.0,16.71
1064.0,2.0,2.0,7.0,5.3,3.3,2.7,5.2,1.2,28.9,1.0,8.05,3.25,Apartment,3870000.0,2,4283000.0,10.67
587.0,2.0,1.0,12.0,6.5,11.2,2.5,2.4,2.9,29.0,0.0,6.5,3.79,Apartment,1715000.0,4,2078000.0,21.17
2409.0,5.0,4.0,8.0,2.3,12.2,3.0,7.1,10.8,42.2,1.0,3.69,2.81,Independent House,5316000.0,3,5606000.0,5.46
2025.0,3.0,3.0,10.0,4.4,18.4,4.1,4.7,8.3,31.9,1.0,7.27,4.59,Independent House,5501000.0,2,6043000.0,9.85
2470.0,6.0,4.0,10.0,5.9,0.5,0.8,4.8,1.3,25.5,3.0,6.61,4.54,Villa,16195000.0,2,18211000.0,12.45
1476.0,3.0,2.0,16.0,8.8,9.6,4.8,6.4,3.2,20.9,0.0,4.96,5.28,Apartment,5675000.0,4,6700000.0,18.06
3660.0,6.0,5.0,6.0,6.4,11.9,5.1,6.0,4.7,12.3,3.0,5.6,6.01,Villa,22020000.0,5,28479000.0,29.33
1676.0,4.0,,18.0,4.5,23.6,5.0,5.2,1.9,37.3,0.0,6.83,1.71,Apartment,3303000.0,3,3738000.0,13.17
1275.0,2.0,,10.0,1.5,6.7,0.4,5.5,2.6,63.2,1.0,5.11,7.56,Apartment,2341000.0,5,2881000.0,23.07
2017.0,5.0,4.0,9.0,8.7,0.5,2.6,5.9,0.7,23.8,1.0,6.41,7.93,Apartment,10873000.0,5,14840000.0,36.48
1961.0,4.0,3.0,22.0,4.8,16.3,1.4,3.7,6.7,17.3,3.0,6.84,3.05,Independent House,5927000.0,1,6138000.0,3.56
1071.0,3.0,4.0,12.0,6.3,14.7,5.1,5.9,3.5,39.1,2.0,4.24,6.05,Apartment,3190000.0,2,3424000.0,7.34
1557.0,3.0,3.0,15.0,8.5,6.3,4.5,7.9,,17.5,2.0,6.53,3.3,Apartment,7917000.0,3,9422000.0,19.01
912.0,1.0,1.0,18.0,4.7,4.9,1.0,3.7,1.2,24.3,0.0,6.59,0.73,Apartment,3036000.0,5,3755000.0,23.68
925.0,2.0,1.0,9.0,6.0,0.5,0.6,5.3,1.6,28.1,2.0,4.38,2.87,Apartment,3605000.0,4,4115000.0,14.15
1556.0,3.0,3.0,12.0,7.4,11.5,1.2,,4.5,31.7,1.0,7.3,8.68,Independent House,7151000.0,3,9006000.0,25.94
1707.0,3.0,3.0,20.0,6.5,12.5,9.3,6.3,1.1,36.6,0.0,6.44,2.63,Apartment,4315000.0,3,4941000.0,14.51
1031.0,2.0,2.0,5.0,5.2,11.4,3.4,3.3,1.5,25.6,1.0,6.55,3.12,Apartment,3488000.0,4,4420000.0,26.72
4540.0,6.0,5.0,9.0,3.6,9.8,6.8,4.8,2.2,36.5,2.0,8.37,5.8,Villa,14573000.0,1,15479000.0,6.22
871.0,1.0,1.0,7.0,3.1,15.9,2.8,4.2,3.8,37.2,1.0,4.33,2.23,Apartment,1727000.0,5,2002000.0,15.92
738.0,2.0,2.0,4.0,9.3,6.0,2.9,5.0,1.4,11.4,2.0,6.18,6.63,Apartment,4660000.0,2,5288000.0,13.48
803.0,2.0,2.0,39.0,4.1,5.9,7.3,5.4,2.6,39.9,0.0,5.23,4.17,Apartment,1392000.0,2,1442000.0,3.59
1333.0,3.0,3.0,6.0,1.0,14.8,9.7,3.3,1.7,47.2,1.0,4.52,4.64,Apt,1883000.0,4,2089000.0,10.94
1279.0,2.0,2.0,19.0,5.5,7.3,1.1,7.6,2.3,18.0,2.0,7.21,6.03,Apartment,4869000.0,2,5509000.0,13.14
2965.0,6.0,5.0,5.0,9.2,8.4,5.4,7.5,1.3,31.2,3.0,5.86,9.29,Independent House,20181000.0,2,22759000.0,12.77
4329.0,6.0,5.0,9.0,6.8,11.8,1.9,7.8,5.2,12.6,4.0,7.87,4.42,Villa,29230000.0,1,31473000.0,7.67
1798.0,3.0,3.0,4.0,4.6,16.3,6.2,6.1,2.3,45.3,1.0,7.54,0.32,Independent House,4333000.0,5,5140000.0,18.62
1587.0,3.0,4.0,8.0,6.2,24.4,13.5,5.3,5.1,20.5,0.0,6.96,2.75,Apartment,3508000.0,5,4349000.0,23.97
872.0,1.0,2.0,4.0,4.5,17.1,12.4,7.8,5.1,49.4,2.0,6.44,7.3,Apartment,1848000.0,4,2170000.0,17.42
4318.0,6.0,5.0,13.0,8.5,8.6,3.4,5.9,1.0,18.7,4.0,5.35,2.59,Villa,29392000.0,3,34854000.0,18.58
1033.0,2.0,3.0,17.0,7.6,9.5,1.2,7.6,3.8,35.2,2.0,5.53,1.14,Independent House,4582000.0,3,5343000.0,16.61
1599.0,3.0,3.0,12.0,3.4,21.4,1.7,4.4,4.8,44.0,1.0,5.84,2.32,Independent House,3623000.0,2,3828000.0,5.66
935.0,2.0,2.0,15.0,9.4,10.0,4.5,6.9,2.5,23.8,0.0,6.33,5.71,Apartment,4294000.0,4,5336000.0,24.27
1919.0,4.0,3.0,8.0,9.4,10.2,8.9,7.1,2.2,24.1,1.0,5.93,4.77,Independent House,10165000.0,2,11447000.0,12.61
1780.0,3.0,2.0,12.0,9.1,0.5,0.7,4.7,2.7,2.9,1.0,6.51,1.67,Independent House,12260000.0,4,15168000.0,23.72
475.0,1.0,1.0,26.0,3.5,17.2,8.9,2.3,,18.3,2.0,5.74,2.94,,795000.0,1,819000.0,3.02
1653.0,3.0,3.0,25.0,9.9,11.1,11.2,5.3,3.9,17.9,0.0,7.56,3.62,Apartment,5321000.0,1,5606000.0,5.36
975.0,2.0,2.0,7.0,4.1,12.6,5.6,4.2,6.3,35.0,0.0,5.84,,Apartment,2208000.0,4,2530000.0,14.58
2153.0,3.0,4.0,14.0,6.9,8.4,2.5,8.3,2.0,26.5,2.0,7.95,2.65,Independent House,10673000.0,3,13002000.0,21.82
5083.0,6.0,5.0,10.0,8.0,11.9,,5.3,1.1,29.5,3.0,9.1,7.87,Independent House,23863000.0,1,25996000.0,8.94
2299.0,3.0,4.0,7.0,5.7,10.2,6.9,4.7,2.6,38.2,1.0,3.04,1.11,independent house,6788000.0,5,7538000.0,11.05
947.0,2.0,2.0,5.0,7.4,11.4,4.1,2.3,8.3,22.9,1.0,7.16,6.24,Apartment,2555000.0,5,3330000.0,30.33
1463.0,2.0,3.0,15.0,5.8,10.8,6.8,6.7,3.1,18.8,3.0,6.85,,Independent House,5103000.0,1,5407000.0,5.96
1492.0,3.0,3.0,5.0,7.9,8.1,3.9,4.5,1.8,31.9,2.0,5.65,6.39,Independent House,7469000.0,4,9572000.0,28.16
1755.0,3.0,3.0,12.0,3.0,17.7,,3.8,8.8,43.2,2.0,2.8,1.51,Independent House,3727000.0,2,3799000.0,1.93
1013.0,1.0,1.0,15.0,5.7,12.4,5.0,4.8,2.3,,0.0,5.55,4.52,Apartment,2317000.0,2,2572000.0,11.01
855.0,2.0,2.0,13.0,7.7,7.8,0.9,7.7,1.1,25.7,1.0,5.28,1.24,Apartment,4514000.0,5,5319000.0,17.83
1319.0,2.0,2.0,14.0,5.4,17.5,8.2,5.1,1.6,28.5,2.0,4.17,4.66,Independent House,3043000.0,3,3375000.0,10.91
2726.0,5.0,4.0,15.0,4.2,11.2,2.5,3.5,4.0,29.6,3.0,6.5,4.4,Independent House,8109000.0,4,9505000.0,17.22
1088.0,3.0,4.0,18.0,3.6,9.6,1.3,3.1,2.4,42.3,2.0,4.56,1.27,Apartment,2543000.0,2,2674000.0,5.15
,3.0,,8.0,7.3,9.4,1.3,4.7,2.1,37.4,1.0,2.92,-0.18,Independent House,6013000.0,3,6676000.0,11.03
,3.0,4.0,5.0,4.5,10.7,2.7,2.2,6.2,50.5,1.0,5.75,5.66,Independent House,3215000.0,5,3823000.0,18.91
3063.0,6.0,5.0,9.0,3.2,16.6,6.6,5.2,3.5,33.6,3.0,6.02,3.92,Independent House,9630000.0,1,10074000.0,4.61
1451.0,3.0,3.0,31.0,8.4,5.3,2.1,6.4,1.2,30.2,0.0,4.46,6.41,Apartment,5225000.0,2,5560000.0,6.41
1090.0,3.0,3.0,5.0,6.5,14.5,4.6,5.9,1.2,23.9,1.0,5.81,4.28,Apartment,4349000.0,4,5350000.0,23.02
984.0,2.0,3.0,12.0,8.6,4.3,3.1,4.8,2.5,41.7,1.0,6.17,2.42,Apartment,4020000.0,5,4995000.0,24.25
1488.0,2.0,2.0,27.0,3.5,11.2,4.1,5.1,6.4,41.8,3.0,7.08,3.04,Independent House,3085000.0,5,3780000.0,22.53
1494.0,3.0,3.0,,4.1,20.2,10.0,4.4,9.1,15.0,2.0,5.47,1.95,Apartment,2964000.0,2,3080000.0,3.91
474.0,1.0,2.0,5.0,3.9,11.7,3.3,8.4,1.8,36.9,1.0,4.34,,Apt,1306000.0,5,1604000.0,22.82
1460.0,3.0,3.0,25.0,3.2,15.1,4.3,3.9,7.6,32.0,1.0,6.3,0.49,Apartment,2536000.0,4,2871000.0,13.21
3537.0,6.0,5.0,8.0,7.6,10.9,5.4,8.3,3.3,24.2,1.0,6.15,5.67,Independent House,18468000.0,4,22967000.0,24.36
1086.0,1.0,,6.0,7.3,8.0,2.8,5.0,1.9,42.9,0.0,6.63,5.03,Apartment,3655000.0,2,4005000.0,9.58
803.0,2.0,2.0,10.0,9.0,12.7,6.9,6.2,1.0,22.4,1.0,6.21,8.84,Apartment,3187000.0,4,4301000.0,34.95
902.0,2.0,3.0,14.0,7.2,19.2,10.3,7.9,8.5,22.5,2.0,7.73,2.37,Apartment,2626000.0,1,2792000.0,6.32
1140.0,2.0,1.0,9.0,7.1,4.8,2.8,6.0,2.2,11.4,0.0,4.37,1.49,Apartment,4853000.0,2,5204000.0,7.23
,2.0,2.0,9.0,8.4,11.7,4.5,8.2,3.0,18.1,0.0,8.33,7.35,Apartment,5032000.0,5,7209000.0,43.26
1210.0,2.0,,13.0,5.2,16.1,9.3,5.6,3.3,30.5,2.0,6.06,5.19,Independent House,2992000.0,3,3441000.0,15.01
2331.0,5.0,4.0,10.0,10.0,3.5,3.8,8.9,1.4,20.6,4.0,5.92,6.07,Villa,22697000.0,4,30484000.0,34.31
1309.0,2.0,2.0,22.0,6.5,20.1,2.0,6.9,12.2,37.1,3.0,8.06,3.12,Independent House,3986000.0,5,5297000.0,32.89
1453.0,3.0,2.0,2.0,6.3,7.9,7.8,5.6,2.4,25.5,2.0,6.13,2.18,Apartment,5062000.0,4,5773000.0,14.05
1927.0,3.0,3.0,1.0,4.7,17.5,8.2,5.1,1.2,30.2,2.0,5.81,1.98,Independent House,5235000.0,5,6057000.0,15.7
1230.0,2.0,3.0,,7.0,18.6,5.1,6.1,1.4,29.0,0.0,,5.45,Apartment,4164000.0,5,5767000.0,38.5
1281.0,2.0,2.0,6.0,5.1,12.1,0.9,5.6,2.7,,2.0,4.7,2.3,Apartment,4132000.0,1,4333000.0,4.86
1681.0,3.0,2.0,8.0,8.2,12.8,3.4,5.0,3.8,171.9,1.0,6.82,5.88,Independent House,8288000.0,1,8800000.0,6.18
3671.0,2.0,2.0,20.0,6.2,16.4,4.2,7.0,3.9,31.4,2.0,6.34,5.77,APARTMENT,2746000.0,5,3549000.0,29.24
3458.0,6.0,5.0,7.0,6.0,13.8,3.5,5.4,2.1,33.9,2.0,9.18,7.92,Villa,16887000.0,5,23608000.0,39.8
1124.0,3.0,3.0,1.0,7.3,5.1,4.3,5.6,1.0,37.4,2.0,5.52,6.24,Apartment,4566000.0,5,6253000.0,36.95
1286.0,3.0,2.0,6.0,3.7,2.1,2.0,6.6,0.6,42.9,1.0,7.32,5.06,Apartment,3962000.0,5,5510000.0,39.07
1363.0,3.0,3.0,26.0,4.7,14.9,4.9,3.7,1.3,44.7,1.0,5.88,2.71,Independent House,2829000.0,2,3014000.0,6.54
996.0,1.0,1.0,3.0,8.1,8.7,0.4,7.4,4.8,28.4,2.0,7.92,8.23,Independent House,6862000.0,3,8775000.0,27.88
2330.0,4.0,4.0,9.0,8.0,5.0,1.9,6.9,1.3,8.3,3.0,7.06,7.55,Independent House,16935000.0,5,24542000.0,44.92
1486.0,2.0,2.0,35.0,3.1,19.0,5.2,4.6,9.4,19.8,1.0,3.54,1.69,Apartment,2089000.0,3,2181000.0,4.4
1130.0,2.0,2.0,11.0,5.6,14.6,8.2,4.7,4.7,16.9,,5.8,3.75,Apartment,2509000.0,1,2604000.0,3.79
1305.0,3.0,3.0,10.0,3.1,14.6,0.9,3.4,13.5,40.7,0.0,5.02,3.33,Apartment,2279000.0,2,2489000.0,9.21
1434.0,4.0,2.0,14.0,3.9,12.1,,7.1,6.7,34.9,2.0,6.79,0.56,Independent House,3972000.0,3,4249000.0,6.97
1963.0,3.0,2.0,,4.9,3.1,2.0,4.8,1.0,42.0,1.0,6.64,3.62,Independent House,5651000.0,4,6659000.0,17.84
1407.0,3.0,3.0,12.0,7.4,13.6,4.0,9.4,8.6,20.5,3.0,6.28,6.12,Independent House,43852000.0,5,58877000.0,34.26
1357.0,2.0,2.0,5.0,7.5,14.8,6.1,7.8,1.8,27.1,0.0,4.47,5.21,Apartment,4252000.0,2,4622000.0,8.7
1010.0,1.0,1.0,15.0,3.3,4.3,1.2,3.4,1.0,31.0,1.0,8.18,4.32,Apartment,2482000.0,1,2606000.0,5.0
3513.0,6.0,5.0,20.0,7.4,18.8,2.9,6.2,2.8,31.6,4.0,5.85,3.27,Villa ,18649000.0,1,19252000.0,3.23
727.0,3.0,2.0,9.0,8.6,0.5,1.5,7.5,1.9,23.9,1.0,8.3,7.9,Apartment,5024000.0,5,8032000.0,59.87
1192.0,3.0,3.0,15.0,2.5,16.0,5.9,5.4,2.2,40.0,2.0,5.34,1.69,Apartment,1925000.0,1,1969000.0,2.29
19100.0,6.0,5.0,11.0,6.8,5.4,1.2,6.2,1.5,23.0,2.0,5.04,1.92,Villa,19616000.0,4,22426000.0,14.33
1622.0,2.0,2.0,13.0,3.5,11.4,13.0,5.7,2.7,32.2,2.0,6.23,3.18,Independent House,3070000.0,5,3354000.0,9.25
1947.0,4.0,3.0,7.0,6.5,15.6,4.6,,6.1,30.2,2.0,8.14,3.25,Apartment,6619000.0,3,8016000.0,21.11
918.0,1.0,1.0,19.0,7.0,12.9,1.7,4.2,3.8,34.7,1.0,4.98,3.8,Apartment,2737000.0,5,3277000.0,19.73
1514.0,3.0,2.0,6.0,7.3,10.1,1.0,5.4,0.5,196.4,1.0,10.0,7.07,Apartment,7663000.0,3,9659000.0,26.05
1940.0,4.0,4.0,13.0,6.7,11.9,0.8,5.2,3.1,30.6,2.0,5.68,3.4,Independent House,7721000.0,2,8581000.0,11.14
3764.0,6.0,5.0,10.0,7.6,4.6,4.5,2.5,1.2,10.2,2.0,3.74,,Villa,19348000.0,3,21783000.0,12.59
682.0,1.0,1.0,11.0,5.9,11.4,5.1,7.0,2.8,32.7,2.0,6.83,5.43,Apartment,2017000.0,4,2578000.0,27.81
623.0,1.0,2.0,9.0,3.2,14.1,6.0,8.3,0.8,45.8,0.0,5.17,2.98,Apartment,1200000.0,1,1243000.0,3.58
1928.0,4.0,4.0,13.0,5.5,6.5,2.0,5.6,4.5,46.1,2.0,5.31,6.3,Independent House,6712000.0,4,8165000.0,21.65
1069.0,2.0,3.0,14.0,4.1,14.6,2.4,4.9,1.5,29.3,2.0,,4.32,Apartment,2798000.0,3,3020000.0,7.93
1924.0,3.0,3.0,14.0,4.5,19.8,3.8,7.4,7.5,36.5,1.0,6.72,8.3,INDEPENDENT HOUSE,5463000.0,4,6701000.0,22.66
1681.0,3.0,2.0,6.0,8.1,12.2,2.4,9.0,1.9,34.8,0.0,7.27,4.6,Apartment,8582000.0,3,9966000.0,16.13
1086.0,4.0,4.0,21.0,4.7,23.4,4.3,3.5,5.2,29.5,2.0,6.47,1.95,Apartment,2580000.0,3,2981000.0,15.54
13120.0,3.0,3.0,6.0,6.9,8.4,1.0,6.5,1.9,28.8,1.0,5.89,4.79,Independent House,9765000.0,4,13155000.0,34.72
,2.0,2.0,6.0,6.9,15.3,9.8,5.2,2.8,7.5,0.0,6.74,6.02,Apartment,3674000.0,5,4920000.0,33.91
1405.0,2.0,2.0,9.0,5.3,13.7,3.0,5.9,1.0,34.1,3.0,8.41,4.02,Independent House,4576000.0,5,6413000.0,40.14
1024.0,3.0,3.0,4.0,5.3,12.3,3.1,4.6,5.2,37.6,0.0,5.8,6.7,Apartment,3736000.0,3,4430000.0,18.58
936.0,1.0,1.0,11.0,5.5,6.2,8.6,3.4,2.7,45.8,0.0,5.89,,Apartment,1727000.0,5,2126000.0,23.1
4365.0,6.0,5.0,3.0,8.5,4.2,0.5,6.9,2.6,6.6,4.0,6.42,3.74,Villa,40142000.0,5,55342000.0,37.87
1971.0,3.0,3.0,11.0,7.2,4.0,4.0,8.0,2.8,25.8,2.0,8.87,5.42,Apartment,10166000.0,1,10963000.0,7.84
1214.0,3.0,2.0,32.0,3.4,16.8,1.9,4.9,1.5,47.5,2.0,4.9,3.75,Apartment,2120000.0,2,2265000.0,6.84
1041.0,1.0,2.0,10.0,6.5,18.4,2.3,5.3,0.8,35.7,1.0,8.1,5.54,Apartment,3717000.0,4,4798000.0,29.08
1425.0,3.0,2.0,13.0,6.5,16.9,3.6,7.1,2.2,22.4,0.0,3.73,0.6,Apartment,4455000.0,3,4946000.0,11.02
2772.0,4.0,4.0,1.0,9.6,5.5,2.9,8.7,1.0,18.2,2.0,6.3,5.93,Villa,27468000.0,5,39255000.0,42.91
,2.0,2.0,11.0,2.0,28.4,6.8,4.0,6.4,31.1,1.0,4.19,3.15,Apartment,1671000.0,2,1724000.0,3.17
1938.0,3.0,3.0,11.0,5.6,20.6,3.2,5.3,3.9,29.1,2.0,7.15,0.01,Apartment,5314000.0,1,5475000.0,3.03
1021.0,2.0,2.0,10.0,5.4,8.6,2.4,8.7,1.2,33.7,2.0,6.5,1.71,Apartment,3467000.0,5,4425000.0,27.63
2198.0,4.0,4.0,11.0,5.2,6.4,3.5,7.0,4.2,29.6,3.0,2.96,3.51,Independent House,8931000.0,5,10617000.0,18.88
1199.0,2.0,3.0,7.0,5.1,16.8,,7.5,1.6,36.3,0.0,6.58,-0.7,Apartment,3090000.0,1,3180000.0,2.91
2607.0,5.0,4.0,5.0,10.0,6.3,3.6,6.2,1.3,,4.0,9.12,8.54,Villa,20940000.0,4,30539000.0,45.84
880.0,1.0,1.0,2.0,7.0,16.1,11.4,7.4,4.2,29.0,0.0,5.26,2.27,Flat,2865000.0,4,3511000.0,22.55
1204.0,2.0,2.0,13.0,6.1,6.8,0.7,6.8,1.7,20.4,2.0,3.0,4.53,Independent House,5315000.0,1,5567000.0,4.74
1773.0,4.0,4.0,14.0,8.5,4.9,3.0,5.2,2.9,25.0,3.0,6.33,3.21,Independent House,9638000.0,3,11629000.0,20.66
944.0,3.0,2.0,13.0,7.3,11.5,1.6,5.9,2.2,28.6,2.0,3.76,2.3,Apartment,3740000.0,2,3956000.0,5.78
1076.0,2.0,1.0,5.0,7.4,12.0,11.6,7.3,,6.6,0.0,5.03,6.71,Apartment,3727000.0,4,4616000.0,23.85
2683.0,4.0,4.0,10.0,4.3,16.4,4.1,5.2,3.2,40.0,1.0,6.97,3.46,Independent House,6980000.0,5,8992000.0,28.83
2383.0,4.0,4.0,15.0,5.5,3.5,4.4,5.9,1.9,28.4,3.0,6.8,6.78,Independent House,10298000.0,1,10935000.0,6.19
742.0,1.0,1.0,,7.3,11.7,2.2,5.2,1.2,23.3,0.0,4.67,4.02,Apartment,2600000.0,2,2829000.0,8.81
1437.0,3.0,2.0,13.0,5.2,4.8,3.9,4.5,0.5,28.9,1.0,6.16,2.24,Independent House,5562000.0,5,6706000.0,20.57
1446.0,3.0,2.0,11.0,8.3,13.8,9.4,7.0,0.9,30.7,1.0,8.16,6.66,Independent House,5611000.0,4,7140000.0,27.25
2734.0,,4.0,10.0,5.8,5.2,0.9,5.2,3.9,41.0,4.0,5.58,2.55,VILLA,15944000.0,5,19621000.0,23.06
1795.0,4.0,3.0,30.0,4.0,17.5,11.1,5.2,2.1,40.1,2.0,5.77,6.44,Independent House,2520000.0,3,2752000.0,9.21
935.0,1.0,2.0,2.0,6.1,16.3,7.2,4.7,2.6,37.6,2.0,5.41,2.75,Apartment,3207000.0,1,3339000.0,4.12
1297.0,3.0,4.0,24.0,4.2,10.1,3.3,5.4,1.9,,1.0,,3.88,Apartment,3356000.0,3,3702000.0,10.31
1090.0,2.0,2.0,5.0,6.4,7.0,1.8,3.7,0.6,15.0,0.0,4.22,5.61,Apartment,4156000.0,4,4943000.0,18.94
1003.0,2.0,2.0,12.0,5.2,16.3,2.1,6.4,1.3,,2.0,6.07,3.63,Apartment,3452000.0,3,3902000.0,13.04
909.0,2.0,1.0,36.0,6.0,18.3,1.9,6.5,3.7,18.3,1.0,6.13,1.5,Apartment,2336000.0,5,2790000.0,19.43
1927.0,4.0,4.0,3.0,7.4,9.8,3.8,7.5,2.2,25.6,2.0,5.29,4.63,independent house,10042000.0,4,12343000.0,22.91
766.0,1.0,1.0,13.0,6.0,9.1,9.5,5.8,5.6,35.6,0.0,6.78,2.63,Apt,1720000.0,3,1881000.0,9.36
1040.0,1.0,1.0,11.0,2.1,12.6,5.6,3.6,2.0,40.0,2.0,5.37,0.95,Apartment,1488000.0,5,1625000.0,9.21
2708.0,4.0,3.0,14.0,5.4,16.4,3.9,5.9,4.7,28.5,2.0,4.39,4.12,Independent House,8349000.0,3,9288000.0,11.25
763.0,1.0,1.0,23.0,1.0,24.9,1.6,5.7,12.0,33.9,2.0,6.19,1.18,Apartment,1088000.0,5,1219000.0,12.04
1196.0,3.0,3.0,18.0,6.7,8.9,2.1,5.9,2.8,37.1,2.0,4.48,8.08,Independent House,4129000.0,5,5433000.0,31.58
1572.0,3.0,3.0,4.0,3.6,18.6,7.7,5.8,4.0,61.7,1.0,4.52,3.0,APARTMENT,3117000.0,1,3186000.0,2.21
423.0,1.0,2.0,15.0,4.9,15.2,4.6,3.6,4.7,44.7,2.0,6.92,2.47,Apartment,866000.0,5,1059000.0,22.29
1750.0,2.0,2.0,13.0,3.1,25.9,1.2,3.9,5.9,28.2,0.0,6.62,3.18,Apartment,3205000.0,3,3773000.0,17.72
1080.0,1.0,2.0,9.0,5.3,12.8,7.7,6.3,1.1,,0.0,4.5,4.06,apartment,2637000.0,1,2724000.0,3.3
1420.0,2.0,2.0,7.0,9.0,8.5,1.4,7.8,3.1,26.6,2.0,8.4,3.28,Apartment,8706000.0,3,11617000.0,33.44
3182.0,5.0,4.0,8.0,2.1,18.6,1.1,5.2,3.4,37.0,4.0,5.48,1.55,Villa,10263000.0,1,10607000.0,3.35
1525.0,2.0,2.0,4.0,4.5,11.9,5.7,1.9,3.6,30.8,2.0,5.46,2.85,Independent House,3916000.0,4,4405000.0,12.49
2143.0,4.0,3.0,17.0,7.9,0.6,1.2,7.2,0.8,25.9,0.0,9.84,7.62,Flat,13034000.0,5,20991000.0,61.05
2993.0,6.0,5.0,2.0,9.0,4.3,4.8,6.1,0.9,24.9,2.0,7.22,6.74,Villa,22639000.0,2,25995000.0,14.82
752.0,1.0,2.0,18.0,6.8,6.1,0.3,,1.1,18.0,1.0,5.2,2.93,Apartment,2521000.0,1,2631000.0,4.36
1087.0,3.0,3.0,5.0,2.8,19.9,4.6,6.1,1.4,34.3,1.0,6.03,3.05,Apartment,2508000.0,3,2699000.0,7.62
1126.0,2.0,,7.0,8.3,3.9,1.6,4.6,0.5,16.1,0.0,4.82,4.13,Apartment,5531000.0,2,6187000.0,11.86
1662.0,2.0,2.0,4.0,3.1,,5.5,3.3,1.5,30.2,1.0,4.27,0.93,Independent House,3793000.0,4,4035000.0,6.38
1126.0,,1.0,7.0,5.8,14.1,1.6,5.8,0.6,40.7,2.0,7.63,2.69,Apartment,3230000.0,1,3411000.0,5.6
3641.0,6.0,6.0,5.0,7.2,11.7,2.0,5.7,1.4,26.6,2.0,6.27,0.66,Villa,22654000.0,1,23706000.0,4.64
1426.0,3.0,3.0,10.0,5.3,6.4,4.6,5.3,2.6,8.2,2.0,6.8,5.18,Apartment,5513000.0,3,6895000.0,25.07
748.0,2.0,2.0,2.0,5.4,16.1,6.5,5.8,3.7,34.1,,5.62,3.59,Apartment,1867000.0,3,2120000.0,13.55
2548.0,5.0,4.0,17.0,6.7,13.9,2.7,6.9,,16.8,3.0,8.15,5.05,Villa,15537000.0,3,18556000.0,19.43
1158.0,2.0,3.0,29.0,2.1,20.7,4.3,4.4,6.9,38.3,1.0,5.65,2.46,Independent House,1659000.0,4,1887000.0,13.74
1266.0,2.0,2.0,33.0,7.4,9.7,6.8,5.0,0.6,26.2,0.0,4.91,1.25,Apartment,3271000.0,4,3682000.0,12.56
2083.0,4.0,3.0,25.0,7.5,0.5,2.5,5.8,0.5,20.8,2.0,5.76,7.08,Independent House,9459000.0,4,12114000.0,28.07
981.0,1.0,1.0,14.0,5.5,13.7,4.7,4.0,1.9,25.5,0.0,7.35,,Apartment,2409000.0,4,2844000.0,18.06
1027.0,2.0,2.0,-5.0,8.3,18.0,1.0,7.1,1.9,28.2,2.0,6.41,4.24,Apartment,5273000.0,4,6798000.0,28.92
1566.0,3.0,3.0,10.0,8.2,8.5,3.8,7.8,0.6,23.1,1.0,6.08,4.26,Apartment,7380000.0,1,7817000.0,5.92
1103.0,3.0,2.0,21.0,6.5,8.6,1.3,4.1,2.7,27.1,0.0,7.61,5.33,Apartment,3557000.0,3,4277000.0,20.24
,5.0,3.0,13.0,9.1,13.4,2.5,6.2,7.3,2.0,3.0,8.9,5.28,Independent House,16860000.0,2,19914000.0,18.11
1024.0,1.0,1.0,3.0,1.6,20.8,3.2,6.3,2.3,,1.0,5.63,1.19,Apartment,1812000.0,2,1910000.0,5.41
737.0,3.0,3.0,25.0,5.8,6.0,1.5,7.6,2.5,30.8,1.0,6.78,5.95,Apartment,2548000.0,4,3206000.0,25.82
1196.0,3.0,3.0,5.0,5.8,9.6,10.3,7.3,4.9,48.5,3.0,5.51,7.52,Independent House,3443000.0,3,3982000.0,15.65
1657.0,2.0,3.0,12.0,6.6,6.4,0.9,6.0,2.6,42.6,2.0,,4.17,Independent House,6916000.0,3,7720000.0,11.63
2909.0,6.0,5.0,10.0,8.0,10.3,6.7,3.1,,12.3,1.0,4.87,1.23,Independent House,12627000.0,1,13169000.0,4.29
765.0,1.0,1.0,16.0,8.1,9.2,1.1,6.2,1.7,41.8,2.0,8.57,10.28,apartment,3101000.0,5,4828000.0,55.69
782.0,1.0,1.0,5.0,6.2,7.2,3.3,4.2,2.6,34.6,2.0,6.49,7.78,Apartment,2379000.0,3,2832000.0,19.04
2665.0,4.0,4.0,,3.7,15.1,3.2,3.6,10.3,42.0,1.0,6.32,2.47,Independent House,5534000.0,5,6530000.0,18.0
1657.0,3.0,2.0,18.0,5.7,7.2,5.2,,1.7,23.6,3.0,6.92,10.92,Independent House,5127000.0,3,6271000.0,22.31
2128.0,5.0,5.0,3.0,3.3,,1.0,5.4,5.7,47.1,2.0,4.74,4.45,Apartment,5168000.0,2,5618000.0,8.71
962.0,2.0,2.0,12.0,7.0,8.9,3.7,6.9,1.0,13.2,0.0,6.37,5.32,Apartment,3613000.0,5,4979000.0,37.81
1027.0,3.0,3.0,6.0,6.3,13.5,10.2,7.0,2.8,45.5,2.0,4.54,2.79,Apartment,3093000.0,2,3338000.0,7.92
1632.0,3.0,3.0,8.0,2.9,16.5,7.6,5.7,1.3,29.6,2.0,7.43,5.23,Flat,3535000.0,4,4143000.0,17.2
1163.0,2.0,2.0,6.0,6.8,10.7,6.9,3.6,2.9,,2.0,8.15,4.82,Flat,3689000.0,4,4775000.0,29.44
605.0,1.0,2.0,26.0,6.8,10.5,2.1,7.0,2.0,46.8,2.0,4.97,4.66,Apartment,1816000.0,2,1976000.0,8.81
1929.0,4.0,4.0,9.0,4.1,14.0,4.0,5.1,5.2,21.9,1.0,5.82,7.6,Apartment,5039000.0,1,5281000.0,4.8
722.0,1.0,1.0,5.0,6.6,6.1,4.0,6.1,2.8,20.7,0.0,4.17,2.59,Apartment,3022000.0,4,3395000.0,12.34
874.0,2.0,1.0,11.0,6.0,5.7,,6.7,4.5,17.6,1.0,7.12,1.46,,3928000.0,5,5251000.0,33.68
1535.0,3.0,2.0,26.0,5.4,12.3,4.1,3.4,3.5,25.6,1.0,4.46,1.74,Apartment,3040000.0,1,3118000.0,2.57
1784.0,3.0,3.0,10.0,7.1,10.1,7.5,5.9,3.1,43.3,0.0,7.84,6.12,APARTMENT,5307000.0,4,6796000.0,28.06
1378.0,2.0,1.0,15.0,3.6,20.1,1.1,5.4,5.7,42.0,2.0,4.65,2.01,Flat,2650000.0,3,2793000.0,5.4
758.0,1.0,1.0,11.0,3.1,10.6,4.9,6.1,0.8,41.1,1.0,4.02,3.04,Apartment,1292000.0,1,1325000.0,2.55
1636.0,3.0,3.0,9.0,5.0,1.0,0.6,2.5,1.6,32.1,2.0,5.68,3.8,Independent House,5296000.0,4,6281000.0,18.6
2404.0,6.0,4.0,1.0,4.8,19.7,3.4,6.7,6.0,30.6,2.0,5.91,2.58,Independent House,9269000.0,4,11020000.0,18.89
899.0,2.0,2.0,24.0,6.5,15.3,1.2,4.9,3.5,43.2,1.0,7.47,6.99,Apartment,2659000.0,4,3283000.0,23.47
1036.0,1.0,1.0,18.0,3.0,20.5,2.2,4.5,,58.9,0.0,5.08,4.86,Apartment,1370000.0,2,1456000.0,6.28
3829.0,6.0,4.0,15.0,5.2,9.5,1.9,4.6,1.7,34.1,3.0,5.09,3.54,Villa,13830000.0,2,15012000.0,8.55
2480.0,5.0,4.0,29.0,7.0,6.3,2.3,7.1,2.3,26.8,3.0,7.65,7.07,Independent House,11067000.0,1,11896000.0,7.49
835.0,1.0,1.0,18.0,6.1,21.1,,5.1,0.8,24.0,1.0,6.99,6.49,Apartment,2269000.0,2,2491000.0,9.78
1147.0,1.0,1.0,8.0,1.6,20.5,3.6,2.9,6.7,34.2,1.0,4.08,-1.32,Apartment,1907000.0,3,2038000.0,6.87
973.0,2.0,2.0,11.0,3.9,23.6,5.2,7.2,5.6,44.0,1.0,6.94,-1.28,Apartment,1936000.0,2,2052000.0,5.99
1027.0,3.0,4.0,8.0,5.4,8.9,5.1,3.2,2.6,41.8,1.0,3.99,4.69,Apartment,2494000.0,4,2934000.0,17.64
1483.0,2.0,2.0,9.0,2.4,16.1,2.1,3.6,1.9,59.0,1.0,5.72,5.51,Independent House,2643000.0,5,3295000.0,24.67
638.0,2.0,3.0,20.0,8.6,3.8,0.9,5.3,1.0,24.8,2.0,8.27,6.9,Apartment,3090000.0,5,4372000.0,41.49
1428.0,2.0,2.0,12.0,5.9,0.5,1.9,3.6,0.4,18.7,0.0,4.41,-0.48,Apartment,4152000.0,3,4499000.0,8.36
2157.0,4.0,3.0,13.0,9.8,5.7,0.5,5.7,0.8,22.2,1.0,6.42,8.23,Independent House,14599000.0,4,19408000.0,32.94
1214.0,3.0,3.0,15.0,8.5,7.9,2.0,7.8,1.9,12.8,1.0,5.72,3.7,Apartment,7847000.0,5,10122000.0,28.99
1195.0,2.0,2.0,3.0,3.5,11.3,0.2,5.0,1.5,22.4,2.0,4.73,5.39,Apartment,3657000.0,1,3804000.0,4.02
1968.0,5.0,5.0,5.0,7.8,0.5,0.3,4.9,1.3,26.1,0.0,7.01,7.53,Apartment,12270000.0,4,16501000.0,34.48
1524.0,2.0,2.0,4.0,5.6,6.3,0.3,6.8,0.5,42.9,2.0,7.14,,Apartment,6039000.0,3,6991000.0,15.76
1961.0,3.0,3.0,17.0,9.2,0.5,0.2,8.1,2.0,24.0,1.0,7.86,4.13,Apartment,13113000.0,5,19138000.0,45.95
1255.0,2.0,2.0,44.0,5.2,18.0,4.1,,6.8,33.3,1.0,6.29,6.0,Apartment,1983000.0,3,2304000.0,16.19
2027.0,4.0,4.0,20.0,4.2,12.6,6.0,7.0,5.0,20.1,1.0,4.46,-1.05,Independent House,5097000.0,4,5691000.0,11.65
1894.0,3.0,3.0,11.0,5.8,15.5,10.5,,4.7,22.5,1.0,5.07,3.41,Independent House,5383000.0,3,5922000.0,10.01
884.0,1.0,2.0,4.0,7.0,9.7,1.8,7.9,8.1,24.5,1.0,6.28,1.76,,3638000.0,4,4502000.0,23.75
938.0,1.0,2.0,27.0,8.3,16.5,11.8,7.6,1.0,31.0,0.0,8.63,4.9,Apartment,2654000.0,2,2942000.0,10.85
1722.0,2.0,1.0,8.0,6.9,10.5,2.4,8.9,2.3,4.9,2.0,6.67,9.47,Apartment,8583000.0,2,9878000.0,15.09
893.0,2.0,2.0,9.0,7.4,8.1,,3.5,1.1,31.4,,6.77,3.4,Apartment,3648000.0,3,4335000.0,18.83
979.0,3.0,2.0,6.0,5.3,14.4,1.3,5.2,9.2,24.9,0.0,8.54,5.14,Apartment,3147000.0,1,3340000.0,6.13
2230.0,4.0,4.0,12.0,8.3,1.6,4.9,7.1,2.1,21.8,2.0,7.39,7.55,Independent House,14654000.0,4,19823000.0,35.27
1219.0,2.0,2.0,3.0,3.0,7.3,,5.5,1.4,42.3,0.0,8.25,3.92,Apartment,3562000.0,3,4264000.0,19.71
1172.0,2.0,3.0,13.0,6.7,11.7,14.0,5.2,2.9,30.6,1.0,6.47,2.21,Apartment,2841000.0,1,2920000.0,2.78
1830.0,4.0,4.0,7.0,3.0,12.1,15.9,3.7,2.9,54.2,2.0,4.64,2.35,Independent House,2851000.0,4,2985000.0,4.7
2241.0,3.0,4.0,9.0,7.8,9.2,3.7,5.8,2.5,26.5,2.0,3.61,-0.27,Villa,11374000.0,3,12598000.0,10.76
1305.0,3.0,2.0,9.0,7.4,2.3,0.5,7.2,2.0,11.0,0.0,7.0,5.72,Apartment,7976000.0,2,9127000.0,14.43
3088.0,5.0,4.0,12.0,4.4,16.3,7.0,5.8,3.0,42.3,3.0,6.75,3.9,Villa,9712000.0,5,11787000.0,21.37
855.0,2.0,2.0,27.0,2.2,19.6,9.4,4.0,4.6,22.2,2.0,3.74,1.73,Apartment,1161000.0,1,1160000.0,-0.09
3503.0,2.0,2.0,24.0,4.9,9.9,3.1,5.1,6.7,42.4,1.0,6.29,2.6,Apartment,1475000.0,2,1611000.0,9.22
2432.0,4.0,4.0,11.0,7.9,0.5,1.2,6.1,0.8,23.9,3.0,4.92,0.26,Villa,17832000.0,5,21472000.0,20.41
1109.0,2.0,2.0,6.0,5.0,13.8,0.4,3.4,2.5,24.4,2.0,5.03,4.5,apartment,3180000.0,5,3906000.0,22.83
3076.0,6.0,5.0,9.0,2.8,14.9,5.8,,5.5,49.8,3.0,6.08,6.53,Villa,8799000.0,4,10582000.0,20.26
1474.0,3.0,3.0,6.0,8.2,0.5,1.3,6.7,0.5,11.2,2.0,7.58,7.0,Independent House,11714000.0,5,17805000.0,52.0
1889.0,3.0,3.0,3.0,7.7,6.1,2.6,6.2,1.5,31.5,1.0,3.96,5.37,Independent House,8874000.0,1,9352000.0,5.39
1734.0,4.0,4.0,13.0,4.7,12.5,2.9,4.6,2.5,33.3,2.0,6.44,3.43,Independent House,5906000.0,1,6181000.0,4.66
741.0,1.0,1.0,27.0,6.5,15.9,8.1,6.2,3.4,31.4,2.0,8.28,3.86,Apartment,2039000.0,5,2524000.0,23.79
2728.0,4.0,4.0,27.0,6.3,13.0,3.4,7.2,5.8,33.2,4.0,4.9,,Villa,11898000.0,5,14775000.0,24.18
1202.0,2.0,2.0,7.0,3.5,12.5,4.4,4.7,1.2,27.4,0.0,6.89,2.74,Apartment,3244000.0,3,3553000.0,9.53
1845.0,4.0,4.0,14.0,6.9,20.3,7.5,5.3,3.2,34.8,2.0,6.7,8.33,Independent House,5121000.0,5,6175000.0,20.58
762.0,2.0,3.0,25.0,5.5,10.3,8.0,5.1,6.4,37.7,2.0,7.23,5.4,Apartment,1918000.0,4,2349000.0,22.47
1549.0,3.0,3.0,23.0,2.8,19.0,7.9,4.2,6.1,52.7,0.0,7.54,1.07,Apartment,2307000.0,3,2436000.0,5.59
1461.0,3.0,2.0,5.0,3.6,16.9,8.9,3.1,5.9,,1.0,4.25,3.28,Apartment,2631000.0,5,3120000.0,18.59
401.0,1.0,2.0,15.0,1.3,18.5,13.9,2.1,4.7,54.8,2.0,3.44,1.53,Apartment,476000.0,5,478000.0,0.42
745.0,2.0,2.0,16.0,4.2,14.8,5.3,5.3,11.2,34.6,0.0,4.53,1.6,Apartment,1437000.0,5,1574000.0,9.53
1077.0,3.0,3.0,10.0,6.6,5.4,0.8,3.2,5.0,47.9,2.0,4.87,4.12,Apartment,3561000.0,1,3701000.0,3.93
1624.0,3.0,4.0,11.0,6.0,1.6,0.9,5.5,2.4,46.3,3.0,5.14,3.52,Independent House,6081000.0,4,7351000.0,20.88
907.0,1.0,1.0,2.0,8.6,5.1,2.3,8.2,,16.3,0.0,5.77,2.8,Apartment,5166000.0,4,6436000.0,24.58
3634.0,6.0,5.0,21.0,7.8,13.6,1.8,,2.7,16.9,4.0,5.44,5.55,Villa,23639000.0,2,26702000.0,12.96
988.0,2.0,2.0,4.0,4.6,13.9,4.4,5.7,2.0,39.5,0.0,5.69,3.05,Apartment,2654000.0,1,2779000.0,4.71
1129.0,2.0,1.0,2.0,6.1,2.7,3.8,7.3,2.6,23.0,2.0,3.56,2.13,Apartment,4556000.0,5,5560000.0,22.04
1468.0,3.0,2.0,10.0,8.6,4.4,3.8,6.4,,25.0,3.0,5.86,3.81,INDEPENDENT HOUSE,7937000.0,2,8969000.0,13.0
1181.0,3.0,3.0,6.0,6.5,9.9,0.1,5.7,1.2,11.5,2.0,6.92,4.16,Apartment,5767000.0,5,7660000.0,32.82
2084.0,4.0,4.0,23.0,2.8,16.4,1.7,5.9,5.7,50.6,1.0,3.24,1.7,Apartment,4007000.0,2,4108000.0,2.52
3787.0,6.0,4.0,11.0,7.6,11.8,3.3,4.4,3.2,8.5,1.0,4.97,5.13,Independent House,16483000.0,5,20132000.0,22.14
2474.0,3.0,3.0,12.0,2.1,12.7,2.8,4.8,4.0,30.2,1.0,3.69,1.64,House,5397000.0,4,6123000.0,13.45
1333.0,2.0,1.0,,3.7,13.4,1.0,5.2,1.2,46.1,2.0,6.38,4.6,Apartment,3332000.0,4,3865000.0,16.0
1008.0,1.0,1.0,30.0,6.9,3.7,3.3,7.6,2.3,37.7,1.0,5.0,3.55,Apartment,3188000.0,1,3312000.0,3.89
1603.0,3.0,,12.0,6.3,14.7,7.7,3.7,2.1,19.4,3.0,6.28,5.21,Independent House,4434000.0,3,5033000.0,13.51
4428.0,6.0,5.0,6.0,6.4,11.9,0.8,5.3,1.2,30.3,4.0,6.98,7.86,Villa,24607000.0,3,29642000.0,20.46
2297.0,4.0,5.0,2.0,10.0,6.5,1.2,6.0,3.6,24.3,1.0,9.7,6.76,Independent House,15560000.0,2,18758000.0,20.55
2042.0,4.0,3.0,8.0,9.6,0.5,1.3,7.0,1.7,24.0,3.0,7.33,3.65,Independent House,15284000.0,5,20685000.0,35.34
1185.0,2.0,2.0,5.0,5.1,14.5,1.4,6.3,0.8,,2.0,5.19,1.28,Apartment,3688000.0,1,3813000.0,3.39
3868.0,6.0,5.0,12.0,6.9,14.0,7.0,6.6,0.8,28.3,3.0,7.09,6.29,Villa,18060000.0,1,19301000.0,6.87
1668.0,1.0,1.0,2.0,7.3,6.4,1.1,6.7,1.2,29.6,3.0,3.67,2.68,Independent House,7555000.0,5,9060000.0,19.92
1412.0,3.0,3.0,2.0,6.8,6.4,1.9,8.5,2.0,22.7,1.0,8.23,5.16,Independent House,9281000.0,3,11602000.0,25.01
4906.0,6.0,5.0,2.0,7.1,9.8,7.5,,6.2,36.7,4.0,7.24,2.63,Villa,27072000.0,2,30275000.0,11.83
3648.0,6.0,4.0,11.0,9.2,11.1,1.0,7.0,2.1,15.9,2.0,6.76,6.28,Independent House,26216000.0,2,30300000.0,15.58
2150.0,5.0,4.0,13.0,7.6,,,6.0,2.2,31.6,2.0,7.33,3.3,Apartment,7804000.0,3,9135000.0,17.06
4126.0,6.0,5.0,11.0,4.7,22.6,6.1,4.8,5.2,42.7,4.0,5.42,1.83,Villa,13160000.0,2,13896000.0,5.59
927.0,2.0,2.0,42.0,8.2,11.4,2.2,10.0,1.9,15.3,2.0,5.88,3.66,Apartment,4023000.0,1,4193000.0,4.23
2326.0,4.0,3.0,3.0,3.3,15.5,0.8,7.8,2.7,41.6,2.0,6.96,2.31,Independent House,6924000.0,4,8272000.0,19.47
3054.0,6.0,5.0,28.0,5.2,17.6,3.7,8.7,1.8,38.7,2.0,,3.36,Independent House,9553000.0,5,10967000.0,14.8
1013.0,2.0,2.0,20.0,7.5,8.6,0.6,5.8,3.3,37.9,2.0,,3.49,Apartment,4284000.0,5,5069000.0,18.32
4428.0,6.0,4.0,22.0,8.9,10.1,6.1,7.4,1.8,31.4,2.0,7.35,4.08,Villa,31502000.0,3,37494000.0,19.02
955.0,1.0,1.0,4.0,7.8,5.8,4.4,3.6,2.6,30.7,2.0,6.92,5.3,Apartment,3365000.0,1,3605000.0,7.13
1646.0,3.0,2.0,7.0,6.1,19.1,2.5,6.2,4.3,26.9,3.0,6.12,5.33,Independent House,5360000.0,5,6550000.0,22.2
1815.0,3.0,3.0,7.0,8.8,4.6,1.2,5.4,1.4,35.7,1.0,3.86,2.05,Independent House,8491000.0,3,9502000.0,11.91
890.0,1.0,2.0,17.0,7.7,5.1,4.9,9.2,1.5,19.5,2.0,7.53,4.8,Apartment,3866000.0,1,4156000.0,7.5
1290.0,3.0,2.0,14.0,5.6,0.5,0.4,5.7,1.2,35.2,2.0,6.98,4.36,Independent House,5263000.0,1,5625000.0,6.88
4013.0,6.0,5.0,8.0,4.3,19.9,7.1,3.0,1.4,,1.0,6.31,3.69,Independent House,9996000.0,5,11679000.0,16.84
2296.0,4.0,4.0,38.0,7.8,3.4,1.6,5.7,1.5,21.1,3.0,5.93,2.96,Villa,14741000.0,2,15978000.0,8.39
3462.0,6.0,5.0,20.0,4.6,24.4,4.9,,1.6,36.9,1.0,3.75,2.9,Independent House,8496000.0,3,8745000.0,2.93
1475.0,3.0,3.0,8.0,5.9,15.5,14.5,6.4,5.7,38.6,2.0,5.59,3.45,,3172000.0,1,3261000.0,2.81
1118.0,2.0,2.0,,6.0,11.4,5.6,5.1,4.4,37.8,1.0,4.79,4.46,Apartment,3241000.0,5,4050000.0,24.96
795.0,1.0,1.0,12.0,6.9,12.5,3.4,,6.1,48.4,2.0,8.24,3.77,Apartment,3125000.0,2,3475000.0,11.2
1091.0,2.0,2.0,23.0,5.5,11.8,6.2,5.9,3.8,26.4,2.0,7.52,1.73,Apartment,2745000.0,1,2877000.0,4.81
1394.0,4.0,3.0,21.0,8.4,7.8,4.8,7.1,2.3,33.4,2.0,4.55,5.25,Apartment,45271000.0,3,48895000.0,8.01
985.0,4.0,4.0,13.0,3.0,11.3,0.1,2.7,1.8,38.6,2.0,4.09,2.78,Apartment,1916000.0,5,2128000.0,11.06
1060.0,4.0,4.0,2.0,9.5,12.2,12.2,8.0,3.7,15.7,,7.61,7.37,Apartment,5764000.0,3,7368000.0,27.83
1915.0,4.0,4.0,12.0,6.1,13.6,2.4,4.2,0.9,26.0,1.0,4.29,5.39,Independent House,6717000.0,1,6877000.0,2.38
2665.0,4.0,3.0,8.0,5.4,15.8,3.8,2.4,2.4,35.1,2.0,6.51,4.27,Villa,8603000.0,3,10039000.0,16.69
1021.0,2.0,2.0,9.0,9.1,12.1,5.9,6.8,7.6,20.9,0.0,,5.33,Apartment,4923000.0,5,6458000.0,31.18
838.0,1.0,1.0,13.0,1.7,20.8,2.8,6.6,1.6,38.7,0.0,4.06,1.02,Apartment,1381000.0,2,1457000.0,5.5
3439.0,6.0,6.0,12.0,5.4,11.6,3.3,5.3,4.0,28.2,4.0,4.02,4.78,Villa ,17096000.0,4,19673000.0,15.07
1300.0,2.0,2.0,6.0,4.9,5.5,2.2,6.4,2.0,15.9,2.0,4.44,,Apartment,4610000.0,3,5282000.0,14.58
745.0,2.0,2.0,14.0,10.0,3.7,4.5,6.9,1.8,16.5,2.0,7.52,3.97,Apartment,4942000.0,5,6869000.0,38.99
1672.0,2.0,2.0,33.0,3.4,18.0,7.8,2.6,2.7,37.7,,5.67,0.72,Independent House,2700000.0,2,2819000.0,4.41
991.0,2.0,2.0,19.0,6.7,11.9,2.8,5.6,,33.7,1.0,8.18,2.8,Apartment,3058000.0,1,3275000.0,7.1
1576.0,4.0,3.0,7.0,10.0,4.1,2.0,7.6,1.9,17.5,3.0,5.05,4.76,Independent House,13192000.0,4,16661000.0,26.3
1970.0,2.0,1.0,27.0,5.3,15.1,0.3,3.8,2.1,43.1,2.0,4.46,3.49,Independent House,4639000.0,2,4925000.0,6.17
759.0,2.0,2.0,8.0,7.6,4.7,1.1,8.2,1.0,27.1,1.0,6.21,5.56,Apartment,3866000.0,3,4691000.0,21.34
1088.0,2.0,2.0,12.0,7.3,0.5,1.0,6.2,0.6,20.8,1.0,5.36,8.45,Apartment,5308000.0,1,5728000.0,7.91
3213.0,6.0,4.0,11.0,5.8,13.1,4.4,5.1,6.4,33.7,2.0,6.37,3.29,Villa,12074000.0,2,13111000.0,8.59
1649.0,2.0,2.0,1.0,7.8,12.4,6.0,7.9,4.6,14.7,2.0,4.9,1.03,Villa,9752000.0,1,10186000.0,4.45
1729.0,3.0,3.0,7.0,4.5,17.6,4.1,2.1,3.7,40.9,2.0,5.76,3.24,APARTMENT,3621000.0,3,4229000.0,16.79
1651.0,3.0,3.0,7.0,4.7,12.0,1.4,3.4,1.9,49.0,2.0,6.48,3.97,Apartment,3781000.0,2,4195000.0,10.95
1021.0,2.0,2.0,18.0,3.2,17.8,12.3,5.7,4.0,48.6,2.0,7.25,2.17,Apartment,1576000.0,5,1834000.0,16.37
1609.0,3.0,2.0,13.0,4.6,19.7,4.2,4.4,1.3,23.0,1.0,3.66,3.04,Independent House,4675000.0,4,5294000.0,13.24
555.0,1.0,2.0,20.0,5.2,11.0,3.5,6.3,2.0,35.2,2.0,5.74,1.37,Apartment,1515000.0,2,1633000.0,7.79
1723.0,3.0,2.0,12.0,5.2,16.1,1.2,4.1,3.1,20.8,2.0,6.71,4.96,Independent House,5870000.0,4,7245000.0,23.42
2163.0,3.0,3.0,28.0,5.7,11.4,0.6,,1.6,22.7,3.0,6.66,4.35,Independent House,7177000.0,1,7558000.0,5.31
1068.0,3.0,4.0,14.0,8.9,0.5,1.0,8.6,0.7,32.3,2.0,6.72,6.37,Apartment,8212000.0,1,8659000.0,5.44
854.0,1.0,1.0,15.0,9.6,0.5,1.0,8.0,0.6,29.5,2.0,6.92,5.71,Apartment,6000000.0,3,7496000.0,24.93
1183.0,3.0,3.0,3.0,7.8,3.4,0.3,5.5,1.7,11.9,0.0,8.23,5.81,Apartment,7709000.0,3,10017000.0,29.94
3719.0,6.0,6.0,15.0,5.7,15.3,5.7,5.1,8.8,27.3,4.0,6.24,2.97,Villa,16256000.0,4,18773000.0,15.48
1262.0,2.0,3.0,15.0,7.4,13.2,5.8,3.1,1.2,22.4,3.0,7.69,6.71,Independent House,4486000.0,2,4975000.0,10.9
948.0,3.0,3.0,11.0,4.0,17.2,5.7,7.3,,34.8,2.0,4.22,7.3,Apartment,2699000.0,4,3131000.0,16.01
1124.0,1.0,2.0,29.0,5.3,16.9,6.0,5.3,0.9,21.8,,6.98,5.31,Apartment,2434000.0,1,2545000.0,4.56
873.0,1.0,2.0,14.0,7.1,3.6,1.5,7.0,1.1,22.8,1.0,5.68,2.11,Apartment,3978000.0,3,4558000.0,14.58
1930.0,4.0,4.0,13.0,4.1,17.8,5.3,6.2,5.9,,4.0,3.89,4.05,Villa,6079000.0,5,6772000.0,11.4
,1.0,1.0,18.0,5.2,4.4,9.2,5.2,2.8,36.8,2.0,6.55,4.34,Apartment,2442000.0,2,2742000.0,12.29
811.0,2.0,3.0,4.0,7.3,0.5,1.5,5.7,1.4,26.3,1.0,5.93,4.35,Apartment,4029000.0,1,4295000.0,6.6
762.0,1.0,1.0,12.0,5.2,9.7,1.8,5.4,0.7,43.1,0.0,3.06,0.73,Apartment,1805000.0,3,1924000.0,6.59
901.0,2.0,,4.0,6.2,14.1,1.7,6.3,3.8,48.2,0.0,4.22,7.34,Apartment,2934000.0,1,3124000.0,6.48
1378.0,2.0,3.0,,7.6,9.4,1.3,6.0,4.2,17.6,1.0,8.6,5.28,Independent House,4807000.0,3,6001000.0,24.84
1300.0,4.0,3.0,11.0,7.4,16.2,10.6,8.7,3.2,28.7,3.0,5.45,3.54,Independent House,6198000.0,4,7087000.0,14.34
2597.0,4.0,3.0,30.0,6.5,14.7,8.2,4.1,5.1,28.9,0.0,4.91,3.55,Apartment,5650000.0,4,6444000.0,14.05
1483.0,2.0,2.0,20.0,5.3,5.7,4.2,6.9,0.9,26.2,3.0,7.25,3.92,INDEPENDENT HOUSE,4950000.0,4,5971000.0,20.63
745.0,1.0,2.0,1.0,5.1,13.8,3.9,2.8,1.8,46.7,1.0,6.59,4.53,Apartment,2308000.0,2,2497000.0,8.19
1437.0,2.0,1.0,25.0,9.1,0.5,0.7,4.2,0.7,12.1,3.0,6.0,5.27,Independent House,7001000.0,2,7786000.0,11.21
1177.0,3.0,3.0,9.0,8.2,0.5,2.2,7.2,0.3,32.0,1.0,,5.24,Apartment,6756000.0,5,9312000.0,37.83
1854.0,3.0,3.0,18.0,6.4,4.0,2.1,7.1,1.9,17.1,3.0,,7.18,Independent House,9200000.0,3,12048000.0,30.96
1866.0,5.0,3.0,18.0,6.7,0.5,0.9,4.1,1.4,27.0,2.0,5.27,4.97,Independent House,7660000.0,5,9584000.0,25.12
1725.0,2.0,3.0,3.0,7.1,0.5,0.8,7.8,0.6,28.5,3.0,5.16,4.68,Independent House,8947000.0,4,11274000.0,26.01
1129.0,2.0,3.0,8.0,9.7,7.2,0.9,7.0,1.2,15.4,0.0,6.45,2.97,Apartment,7289000.0,3,8569000.0,17.56
1590.0,3.0,3.0,19.0,6.0,14.0,6.4,3.6,3.6,39.2,1.0,5.91,4.73,APARTMENT,3319000.0,4,3838000.0,15.64
1978.0,3.0,3.0,5.0,4.5,13.6,8.0,4.5,4.2,35.1,2.0,5.2,2.96,Villa,5248000.0,1,5434000.0,3.54
1016.0,2.0,2.0,29.0,4.5,13.4,3.5,5.5,3.1,45.2,2.0,5.35,2.36,Flat,2225000.0,2,2413000.0,8.45
868.0,1.0,2.0,4.0,5.8,11.2,4.5,7.9,4.6,24.4,2.0,6.98,4.47,Apartment,3132000.0,5,4177000.0,33.37
1521.0,3.0,3.0,1.0,7.3,0.5,0.5,5.5,,19.7,1.0,4.14,5.32,Apartment,8166000.0,3,9638000.0,18.03
1127.0,2.0,3.0,25.0,4.8,13.2,3.7,4.2,3.9,38.7,1.0,6.37,5.11,Apartment,2598000.0,4,3007000.0,15.74
3941.0,6.0,5.0,16.0,7.1,7.8,2.9,7.1,0.5,20.9,4.0,7.4,6.28,VILLA,29159000.0,1,31186000.0,6.95
